clean,corrupted,correct_label,incorrect_label,correct_idx,incorrect_idx
pelayanan lumayan baik . [A] [O] [S],fasilitas sangat buruk . [A] [O] [S],[A] pelayanan [O] lumayan baik [S] positive,[A] fasilitas [O] sangat buruk [S] negative,"[[508, 32, 60, 281, 6895, 28618, 508, 46, 60, 40163, 43857, 79187, 508, 50, 60, 6785]]","[[508, 32, 60, 66518, 3664, 300, 508, 46, 60, 70464, 7795, 3101, 508, 50, 60, 8225]]"
pelayanan lumayan baik . [A] [S] [O],fasilitas sangat buruk . [A] [S] [O],[A] pelayanan [S] positive [O] lumayan baik,[A] fasilitas [S] negative [O] sangat buruk,"[[508, 32, 60, 281, 6895, 28618, 508, 50, 60, 6785, 508, 46, 60, 40163, 43857, 79187]]","[[508, 32, 60, 66518, 3664, 300, 508, 50, 60, 8225, 508, 46, 60, 70464, 7795, 3101]]"
pelayanan lumayan baik . [S] [A] [O],fasilitas sangat buruk . [S] [A] [O],[S] positive [A] pelayanan [O] lumayan baik,[S] negative [A] fasilitas [O] sangat buruk,"[[508, 50, 60, 6785, 508, 32, 60, 281, 6895, 28618, 508, 46, 60, 40163, 43857, 79187]]","[[508, 50, 60, 8225, 508, 32, 60, 66518, 3664, 300, 508, 46, 60, 70464, 7795, 3101]]"
pelayanan lumayan baik . [O] [A] [S],fasilitas sangat buruk . [O] [A] [S],[O] lumayan baik [A] pelayanan [S] positive,[O] sangat buruk [A] fasilitas [S] negative,"[[508, 46, 60, 40163, 43857, 79187, 508, 32, 60, 281, 6895, 28618, 508, 50, 60, 6785]]","[[508, 46, 60, 70464, 7795, 3101, 508, 32, 60, 66518, 3664, 300, 508, 50, 60, 8225]]"
pelayanan lumayan baik . [O] [S] [A],fasilitas sangat buruk . [O] [S] [A],[O] lumayan baik [S] positive [A] pelayanan,[O] sangat buruk [S] negative [A] fasilitas,"[[508, 46, 60, 40163, 43857, 79187, 508, 50, 60, 6785, 508, 32, 60, 281, 6895, 28618]]","[[508, 46, 60, 70464, 7795, 3101, 508, 50, 60, 8225, 508, 32, 60, 66518, 3664, 300]]"
"suasananya kurang nyaman . untuk menginap harus deposit 300 , 000 . tetapi bisa digantikan dengan ktp . [A] [O] [S]","pelayan cukup ramah . untuk menginap harus deposit 300 , 000 . tetapi bisa digantikan dengan ktp . [A] [O] [S]",[A] suasananya [O] kurang nyaman [S] negative,[A] pelayan [O] cukup ramah [S] positive,"[[508, 32, 60, 913, 45388, 24074, 508, 46, 60, 27265, 524, 19004, 12715, 508, 50, 60, 8225]]","[[508, 32, 60, 281, 6895, 276, 508, 46, 60, 92743, 454, 17823, 1466, 508, 50, 60, 6785]]"
"suasananya kurang nyaman . untuk menginap harus deposit 300 , 000 . tetapi bisa digantikan dengan ktp . [A] [S] [O]","pelayan cukup ramah . untuk menginap harus deposit 300 , 000 . tetapi bisa digantikan dengan ktp . [A] [S] [O]",[A] suasananya [S] negative [O] kurang nyaman,[A] pelayan [S] positive [O] cukup ramah,"[[508, 32, 60, 913, 45388, 24074, 508, 50, 60, 8225, 508, 46, 60, 27265, 524, 19004, 12715]]","[[508, 32, 60, 281, 6895, 276, 508, 50, 60, 6785, 508, 46, 60, 92743, 454, 17823, 1466]]"
"suasananya kurang nyaman . untuk menginap harus deposit 300 , 000 . tetapi bisa digantikan dengan ktp . [S] [A] [O]","pelayan cukup ramah . untuk menginap harus deposit 300 , 000 . tetapi bisa digantikan dengan ktp . [S] [A] [O]",[S] negative [A] suasananya [O] kurang nyaman,[S] positive [A] pelayan [O] cukup ramah,"[[508, 50, 60, 8225, 508, 32, 60, 913, 45388, 24074, 508, 46, 60, 27265, 524, 19004, 12715]]","[[508, 50, 60, 6785, 508, 32, 60, 281, 6895, 276, 508, 46, 60, 92743, 454, 17823, 1466]]"
"suasananya kurang nyaman . untuk menginap harus deposit 300 , 000 . tetapi bisa digantikan dengan ktp . [O] [A] [S]","pelayan cukup ramah . untuk menginap harus deposit 300 , 000 . tetapi bisa digantikan dengan ktp . [O] [A] [S]",[O] kurang nyaman [A] suasananya [S] negative,[O] cukup ramah [A] pelayan [S] positive,"[[508, 46, 60, 27265, 524, 19004, 12715, 508, 32, 60, 913, 45388, 24074, 508, 50, 60, 8225]]","[[508, 46, 60, 92743, 454, 17823, 1466, 508, 32, 60, 281, 6895, 276, 508, 50, 60, 6785]]"
"suasananya kurang nyaman . untuk menginap harus deposit 300 , 000 . tetapi bisa digantikan dengan ktp . [O] [S] [A]","pelayan cukup ramah . untuk menginap harus deposit 300 , 000 . tetapi bisa digantikan dengan ktp . [O] [S] [A]",[O] kurang nyaman [S] negative [A] suasananya,[O] cukup ramah [S] positive [A] pelayan,"[[508, 46, 60, 27265, 524, 19004, 12715, 508, 50, 60, 8225, 508, 32, 60, 913, 45388, 24074]]","[[508, 46, 60, 92743, 454, 17823, 1466, 508, 50, 60, 6785, 508, 32, 60, 281, 6895, 276]]"
makanan yang kurang memuaskan . [A] [O] [S],fasilitas yang cukup memuaskan . [A] [O] [S],[A] makanan [O] kurang memuaskan [S] negative,[A] fasilitas [O] cukup memuaskan [S] positive,"[[508, 32, 60, 296, 19262, 276, 508, 46, 60, 27265, 524, 1833, 84, 78351, 508, 50, 60, 8225]]","[[508, 32, 60, 66518, 3664, 300, 508, 46, 60, 92743, 454, 1833, 84, 78351, 508, 50, 60, 6785]]"
makanan yang kurang memuaskan . [A] [S] [O],fasilitas yang cukup memuaskan . [A] [S] [O],[A] makanan [S] negative [O] kurang memuaskan,[A] fasilitas [S] positive [O] cukup memuaskan,"[[508, 32, 60, 296, 19262, 276, 508, 50, 60, 8225, 508, 46, 60, 27265, 524, 1833, 84, 78351]]","[[508, 32, 60, 66518, 3664, 300, 508, 50, 60, 6785, 508, 46, 60, 92743, 454, 1833, 84, 78351]]"
makanan yang kurang memuaskan . [S] [A] [O],fasilitas yang cukup memuaskan . [S] [A] [O],[S] negative [A] makanan [O] kurang memuaskan,[S] positive [A] fasilitas [O] cukup memuaskan,"[[508, 50, 60, 8225, 508, 32, 60, 296, 19262, 276, 508, 46, 60, 27265, 524, 1833, 84, 78351]]","[[508, 50, 60, 6785, 508, 32, 60, 66518, 3664, 300, 508, 46, 60, 92743, 454, 1833, 84, 78351]]"
makanan yang kurang memuaskan . [O] [A] [S],fasilitas yang cukup memuaskan . [O] [A] [S],[O] kurang memuaskan [A] makanan [S] negative,[O] cukup memuaskan [A] fasilitas [S] positive,"[[508, 46, 60, 27265, 524, 1833, 84, 78351, 508, 32, 60, 296, 19262, 276, 508, 50, 60, 8225]]","[[508, 46, 60, 92743, 454, 1833, 84, 78351, 508, 32, 60, 66518, 3664, 300, 508, 50, 60, 6785]]"
makanan yang kurang memuaskan . [O] [S] [A],fasilitas yang cukup memuaskan . [O] [S] [A],[O] kurang memuaskan [S] negative [A] makanan,[O] cukup memuaskan [S] positive [A] fasilitas,"[[508, 46, 60, 27265, 524, 1833, 84, 78351, 508, 50, 60, 8225, 508, 32, 60, 296, 19262, 276]]","[[508, 46, 60, 92743, 454, 1833, 84, 78351, 508, 50, 60, 6785, 508, 32, 60, 66518, 3664, 300]]"
tempatnya nyaman untuk istirahat . [A] [O] [S],lokasinya ribut untuk istirahat . [A] [O] [S],[A] tempatnya [O] nyaman [S] positive,[A] lokasinya [O] ribut [S] negative,"[[508, 32, 60, 2730, 266, 22891, 508, 46, 60, 19004, 12715, 508, 50, 60, 6785]]","[[508, 32, 60, 40283, 300, 61087, 508, 46, 60, 20131, 332, 508, 50, 60, 8225]]"
tempatnya nyaman untuk istirahat . [A] [S] [O],lokasinya ribut untuk istirahat . [A] [S] [O],[A] tempatnya [S] positive [O] nyaman,[A] lokasinya [S] negative [O] ribut,"[[508, 32, 60, 2730, 266, 22891, 508, 50, 60, 6785, 508, 46, 60, 19004, 12715]]","[[508, 32, 60, 40283, 300, 61087, 508, 50, 60, 8225, 508, 46, 60, 20131, 332]]"
tempatnya nyaman untuk istirahat . [S] [A] [O],lokasinya ribut untuk istirahat . [S] [A] [O],[S] positive [A] tempatnya [O] nyaman,[S] negative [A] lokasinya [O] ribut,"[[508, 50, 60, 6785, 508, 32, 60, 2730, 266, 22891, 508, 46, 60, 19004, 12715]]","[[508, 50, 60, 8225, 508, 32, 60, 40283, 300, 61087, 508, 46, 60, 20131, 332]]"
tempatnya nyaman untuk istirahat . [O] [A] [S],lokasinya ribut untuk istirahat . [O] [A] [S],[O] nyaman [A] tempatnya [S] positive,[O] ribut [A] lokasinya [S] negative,"[[508, 46, 60, 19004, 12715, 508, 32, 60, 2730, 266, 22891, 508, 50, 60, 6785]]","[[508, 46, 60, 20131, 332, 508, 32, 60, 40283, 300, 61087, 508, 50, 60, 8225]]"
tempatnya nyaman untuk istirahat . [O] [S] [A],lokasinya ribut untuk istirahat . [O] [S] [A],[O] nyaman [S] positive [A] tempatnya,[O] ribut [S] negative [A] lokasinya,"[[508, 46, 60, 19004, 12715, 508, 50, 60, 6785, 508, 32, 60, 2730, 266, 22891]]","[[508, 46, 60, 20131, 332, 508, 50, 60, 8225, 508, 32, 60, 40283, 300, 61087]]"
kamar bersih . [A] [O] [S],daun kotor . [A] [O] [S],[A] kamar [O] bersih [S] positive,[A] daun [O] kotor [S] negative,"[[508, 32, 60, 595, 15554, 508, 46, 60, 58554, 6996, 508, 50, 60, 6785]]","[[508, 32, 60, 2994, 359, 508, 46, 60, 595, 9887, 508, 50, 60, 8225]]"
kamar bersih . [A] [S] [O],daun kotor . [A] [S] [O],[A] kamar [S] positive [O] bersih,[A] daun [S] negative [O] kotor,"[[508, 32, 60, 595, 15554, 508, 50, 60, 6785, 508, 46, 60, 58554, 6996]]","[[508, 32, 60, 2994, 359, 508, 50, 60, 8225, 508, 46, 60, 595, 9887]]"
kamar bersih . [S] [A] [O],daun kotor . [S] [A] [O],[S] positive [A] kamar [O] bersih,[S] negative [A] daun [O] kotor,"[[508, 50, 60, 6785, 508, 32, 60, 595, 15554, 508, 46, 60, 58554, 6996]]","[[508, 50, 60, 8225, 508, 32, 60, 2994, 359, 508, 46, 60, 595, 9887]]"
kamar bersih . [O] [A] [S],daun kotor . [O] [A] [S],[O] bersih [A] kamar [S] positive,[O] kotor [A] daun [S] negative,"[[508, 46, 60, 58554, 6996, 508, 32, 60, 595, 15554, 508, 50, 60, 6785]]","[[508, 46, 60, 595, 9887, 508, 32, 60, 2994, 359, 508, 50, 60, 8225]]"
kamar bersih . [O] [S] [A],daun kotor . [O] [S] [A],[O] bersih [S] positive [A] kamar,[O] kotor [S] negative [A] daun,"[[508, 46, 60, 58554, 6996, 508, 50, 60, 6785, 508, 32, 60, 595, 15554]]","[[508, 46, 60, 595, 9887, 508, 50, 60, 8225, 508, 32, 60, 2994, 359]]"
harga terjangkau dan dekat dengan pusat kota bandung . [A] [O] [S],lift sering macet dan dekat dengan pusat kota bandung . [A] [O] [S],[A] harga [O] terjangkau [S] positive,[A] lift [O] sering macet [S] negative,"[[508, 32, 60, 71348, 508, 46, 60, 1982, 37527, 74, 2863, 508, 50, 60, 6785]]","[[508, 32, 60, 11893, 508, 46, 60, 1420, 287, 8978, 295, 508, 50, 60, 8225]]"
harga terjangkau dan dekat dengan pusat kota bandung . [A] [S] [O],lift sering macet dan dekat dengan pusat kota bandung . [A] [S] [O],[A] harga [S] positive [O] terjangkau,[A] lift [S] negative [O] sering macet,"[[508, 32, 60, 71348, 508, 50, 60, 6785, 508, 46, 60, 1982, 37527, 74, 2863]]","[[508, 32, 60, 11893, 508, 50, 60, 8225, 508, 46, 60, 1420, 287, 8978, 295]]"
harga terjangkau dan dekat dengan pusat kota bandung . [S] [A] [O],lift sering macet dan dekat dengan pusat kota bandung . [S] [A] [O],[S] positive [A] harga [O] terjangkau,[S] negative [A] lift [O] sering macet,"[[508, 50, 60, 6785, 508, 32, 60, 71348, 508, 46, 60, 1982, 37527, 74, 2863]]","[[508, 50, 60, 8225, 508, 32, 60, 11893, 508, 46, 60, 1420, 287, 8978, 295]]"
harga terjangkau dan dekat dengan pusat kota bandung . [O] [A] [S],lift sering macet dan dekat dengan pusat kota bandung . [O] [A] [S],[O] terjangkau [A] harga [S] positive,[O] sering macet [A] lift [S] negative,"[[508, 46, 60, 1982, 37527, 74, 2863, 508, 32, 60, 71348, 508, 50, 60, 6785]]","[[508, 46, 60, 1420, 287, 8978, 295, 508, 32, 60, 11893, 508, 50, 60, 8225]]"
harga terjangkau dan dekat dengan pusat kota bandung . [O] [S] [A],lift sering macet dan dekat dengan pusat kota bandung . [O] [S] [A],[O] terjangkau [S] positive [A] harga,[O] sering macet [S] negative [A] lift,"[[508, 46, 60, 1982, 37527, 74, 2863, 508, 50, 60, 6785, 508, 32, 60, 71348]]","[[508, 46, 60, 1420, 287, 8978, 295, 508, 50, 60, 8225, 508, 32, 60, 11893]]"
kamar yang didapatkan tidak terlalu bersih . [A] [O] [S],staf yang didapatkan ramah dan baik sekali . [A] [O] [S],[A] kamar [O] tidak terlalu bersih [S] negative,[A] staf [O] ramah dan baik sekali [S] positive,"[[508, 32, 60, 595, 15554, 508, 46, 60, 27281, 1982, 75, 36986, 58554, 6996, 508, 50, 60, 8225]]","[[508, 32, 60, 357, 2577, 508, 46, 60, 17823, 1466, 9101, 79187, 43834, 7956, 508, 50, 60, 6785]]"
kamar yang didapatkan tidak terlalu bersih . [A] [S] [O],staf yang didapatkan ramah dan baik sekali . [A] [S] [O],[A] kamar [S] negative [O] tidak terlalu bersih,[A] staf [S] positive [O] ramah dan baik sekali,"[[508, 32, 60, 595, 15554, 508, 50, 60, 8225, 508, 46, 60, 27281, 1982, 75, 36986, 58554, 6996]]","[[508, 32, 60, 357, 2577, 508, 50, 60, 6785, 508, 46, 60, 17823, 1466, 9101, 79187, 43834, 7956]]"
kamar yang didapatkan tidak terlalu bersih . [S] [A] [O],staf yang didapatkan ramah dan baik sekali . [S] [A] [O],[S] negative [A] kamar [O] tidak terlalu bersih,[S] positive [A] staf [O] ramah dan baik sekali,"[[508, 50, 60, 8225, 508, 32, 60, 595, 15554, 508, 46, 60, 27281, 1982, 75, 36986, 58554, 6996]]","[[508, 50, 60, 6785, 508, 32, 60, 357, 2577, 508, 46, 60, 17823, 1466, 9101, 79187, 43834, 7956]]"
kamar yang didapatkan tidak terlalu bersih . [O] [A] [S],staf yang didapatkan ramah dan baik sekali . [O] [A] [S],[O] tidak terlalu bersih [A] kamar [S] negative,[O] ramah dan baik sekali [A] staf [S] positive,"[[508, 46, 60, 27281, 1982, 75, 36986, 58554, 6996, 508, 32, 60, 595, 15554, 508, 50, 60, 8225]]","[[508, 46, 60, 17823, 1466, 9101, 79187, 43834, 7956, 508, 32, 60, 357, 2577, 508, 50, 60, 6785]]"
kamar yang didapatkan tidak terlalu bersih . [O] [S] [A],staf yang didapatkan ramah dan baik sekali . [O] [S] [A],[O] tidak terlalu bersih [S] negative [A] kamar,[O] ramah dan baik sekali [S] positive [A] staf,"[[508, 46, 60, 27281, 1982, 75, 36986, 58554, 6996, 508, 50, 60, 8225, 508, 32, 60, 595, 15554]]","[[508, 46, 60, 17823, 1466, 9101, 79187, 43834, 7956, 508, 50, 60, 6785, 508, 32, 60, 357, 2577]]"
hotel kurang nyaman . [A] [O] [S],ac terasa dingin . [A] [O] [S],[A] hotel [O] kurang nyaman [S] negative,[A] ac [O] terasa dingin [S] positive,"[[508, 32, 60, 9500, 508, 46, 60, 27265, 524, 19004, 12715, 508, 50, 60, 8225]]","[[508, 32, 60, 1613, 508, 46, 60, 1982, 15428, 66442, 258, 508, 50, 60, 6785]]"
hotel kurang nyaman . [A] [S] [O],ac terasa dingin . [A] [S] [O],[A] hotel [S] negative [O] kurang nyaman,[A] ac [S] positive [O] terasa dingin,"[[508, 32, 60, 9500, 508, 50, 60, 8225, 508, 46, 60, 27265, 524, 19004, 12715]]","[[508, 32, 60, 1613, 508, 50, 60, 6785, 508, 46, 60, 1982, 15428, 66442, 258]]"
hotel kurang nyaman . [S] [A] [O],ac terasa dingin . [S] [A] [O],[S] negative [A] hotel [O] kurang nyaman,[S] positive [A] ac [O] terasa dingin,"[[508, 50, 60, 8225, 508, 32, 60, 9500, 508, 46, 60, 27265, 524, 19004, 12715]]","[[508, 50, 60, 6785, 508, 32, 60, 1613, 508, 46, 60, 1982, 15428, 66442, 258]]"
hotel kurang nyaman . [O] [A] [S],ac terasa dingin . [O] [A] [S],[O] kurang nyaman [A] hotel [S] negative,[O] terasa dingin [A] ac [S] positive,"[[508, 46, 60, 27265, 524, 19004, 12715, 508, 32, 60, 9500, 508, 50, 60, 8225]]","[[508, 46, 60, 1982, 15428, 66442, 258, 508, 32, 60, 1613, 508, 50, 60, 6785]]"
hotel kurang nyaman . [O] [S] [A],ac terasa dingin . [O] [S] [A],[O] kurang nyaman [S] negative [A] hotel,[O] terasa dingin [S] positive [A] ac,"[[508, 46, 60, 27265, 524, 19004, 12715, 508, 50, 60, 8225, 508, 32, 60, 9500]]","[[508, 46, 60, 1982, 15428, 66442, 258, 508, 50, 60, 6785, 508, 32, 60, 1613]]"
ini tempatnya oke . [A] [O] [S],ini kamarnya kotor . [A] [O] [S],[A] tempatnya [O] oke [S] positive,[A] kamarnya [O] kotor [S] negative,"[[508, 32, 60, 2730, 266, 22891, 508, 46, 60, 297, 440, 508, 50, 60, 6785]]","[[508, 32, 60, 33661, 1885, 7755, 508, 46, 60, 595, 9887, 508, 50, 60, 8225]]"
ini tempatnya oke . [A] [S] [O],ini kamarnya kotor . [A] [S] [O],[A] tempatnya [S] positive [O] oke,[A] kamarnya [S] negative [O] kotor,"[[508, 32, 60, 2730, 266, 22891, 508, 50, 60, 6785, 508, 46, 60, 297, 440]]","[[508, 32, 60, 33661, 1885, 7755, 508, 50, 60, 8225, 508, 46, 60, 595, 9887]]"
ini tempatnya oke . [S] [A] [O],ini kamarnya kotor . [S] [A] [O],[S] positive [A] tempatnya [O] oke,[S] negative [A] kamarnya [O] kotor,"[[508, 50, 60, 6785, 508, 32, 60, 2730, 266, 22891, 508, 46, 60, 297, 440]]","[[508, 50, 60, 8225, 508, 32, 60, 33661, 1885, 7755, 508, 46, 60, 595, 9887]]"
ini tempatnya oke . [O] [A] [S],ini kamarnya kotor . [O] [A] [S],[O] oke [A] tempatnya [S] positive,[O] kotor [A] kamarnya [S] negative,"[[508, 46, 60, 297, 440, 508, 32, 60, 2730, 266, 22891, 508, 50, 60, 6785]]","[[508, 46, 60, 595, 9887, 508, 32, 60, 33661, 1885, 7755, 508, 50, 60, 8225]]"
ini tempatnya oke . [O] [S] [A],ini kamarnya kotor . [O] [S] [A],[O] oke [S] positive [A] tempatnya,[O] kotor [S] negative [A] kamarnya,"[[508, 46, 60, 297, 440, 508, 50, 60, 6785, 508, 32, 60, 2730, 266, 22891]]","[[508, 46, 60, 595, 9887, 508, 50, 60, 8225, 508, 32, 60, 33661, 1885, 7755]]"
pelayanan oke . [A] [O] [S],kebersihan buruk . [A] [O] [S],[A] pelayanan [O] oke [S] positive,[A] kebersihan [O] buruk [S] negative,"[[508, 32, 60, 281, 6895, 28618, 508, 46, 60, 297, 440, 508, 50, 60, 6785]]","[[508, 32, 60, 1962, 1902, 56888, 508, 46, 60, 7795, 3101, 508, 50, 60, 8225]]"
pelayanan oke . [A] [S] [O],kebersihan buruk . [A] [S] [O],[A] pelayanan [S] positive [O] oke,[A] kebersihan [S] negative [O] buruk,"[[508, 32, 60, 281, 6895, 28618, 508, 50, 60, 6785, 508, 46, 60, 297, 440]]","[[508, 32, 60, 1962, 1902, 56888, 508, 50, 60, 8225, 508, 46, 60, 7795, 3101]]"
pelayanan oke . [S] [A] [O],kebersihan buruk . [S] [A] [O],[S] positive [A] pelayanan [O] oke,[S] negative [A] kebersihan [O] buruk,"[[508, 50, 60, 6785, 508, 32, 60, 281, 6895, 28618, 508, 46, 60, 297, 440]]","[[508, 50, 60, 8225, 508, 32, 60, 1962, 1902, 56888, 508, 46, 60, 7795, 3101]]"
pelayanan oke . [O] [A] [S],kebersihan buruk . [O] [A] [S],[O] oke [A] pelayanan [S] positive,[O] buruk [A] kebersihan [S] negative,"[[508, 46, 60, 297, 440, 508, 32, 60, 281, 6895, 28618, 508, 50, 60, 6785]]","[[508, 46, 60, 7795, 3101, 508, 32, 60, 1962, 1902, 56888, 508, 50, 60, 8225]]"
pelayanan oke . [O] [S] [A],kebersihan buruk . [O] [S] [A],[O] oke [S] positive [A] pelayanan,[O] buruk [S] negative [A] kebersihan,"[[508, 46, 60, 297, 440, 508, 50, 60, 6785, 508, 32, 60, 281, 6895, 28618]]","[[508, 46, 60, 7795, 3101, 508, 50, 60, 8225, 508, 32, 60, 1962, 1902, 56888]]"
kamar mandi tergenang . [A] [O] [S],fasilitasnya baik sekali . [A] [O] [S],[A] kamar mandi [O] tergenang [S] negative,[A] fasilitasnya [O] baik sekali [S] positive,"[[508, 32, 60, 595, 15554, 11576, 72, 508, 46, 60, 1982, 4370, 524, 508, 50, 60, 8225]]","[[508, 32, 60, 66518, 3664, 300, 22891, 508, 46, 60, 79187, 43834, 7956, 508, 50, 60, 6785]]"
kamar mandi tergenang . [A] [S] [O],fasilitasnya baik sekali . [A] [S] [O],[A] kamar mandi [S] negative [O] tergenang,[A] fasilitasnya [S] positive [O] baik sekali,"[[508, 32, 60, 595, 15554, 11576, 72, 508, 50, 60, 8225, 508, 46, 60, 1982, 4370, 524]]","[[508, 32, 60, 66518, 3664, 300, 22891, 508, 50, 60, 6785, 508, 46, 60, 79187, 43834, 7956]]"
kamar mandi tergenang . [S] [A] [O],fasilitasnya baik sekali . [S] [A] [O],[S] negative [A] kamar mandi [O] tergenang,[S] positive [A] fasilitasnya [O] baik sekali,"[[508, 50, 60, 8225, 508, 32, 60, 595, 15554, 11576, 72, 508, 46, 60, 1982, 4370, 524]]","[[508, 50, 60, 6785, 508, 32, 60, 66518, 3664, 300, 22891, 508, 46, 60, 79187, 43834, 7956]]"
kamar mandi tergenang . [O] [A] [S],fasilitasnya baik sekali . [O] [A] [S],[O] tergenang [A] kamar mandi [S] negative,[O] baik sekali [A] fasilitasnya [S] positive,"[[508, 46, 60, 1982, 4370, 524, 508, 32, 60, 595, 15554, 11576, 72, 508, 50, 60, 8225]]","[[508, 46, 60, 79187, 43834, 7956, 508, 32, 60, 66518, 3664, 300, 22891, 508, 50, 60, 6785]]"
kamar mandi tergenang . [O] [S] [A],fasilitasnya baik sekali . [O] [S] [A],[O] tergenang [S] negative [A] kamar mandi,[O] baik sekali [S] positive [A] fasilitasnya,"[[508, 46, 60, 1982, 4370, 524, 508, 50, 60, 8225, 508, 32, 60, 595, 15554, 11576, 72]]","[[508, 46, 60, 79187, 43834, 7956, 508, 50, 60, 6785, 508, 32, 60, 66518, 3664, 300, 22891]]"
solusi hotel mewah harga murah . [A] [O] [S],solusi hotel mewah air keruh . [A] [O] [S],[A] harga [O] murah [S] positive,[A] air [O] keruh [S] negative,"[[508, 32, 60, 71348, 508, 46, 60, 8146, 1466, 508, 50, 60, 6785]]","[[508, 32, 60, 3720, 508, 46, 60, 33701, 12540, 508, 50, 60, 8225]]"
solusi hotel mewah harga murah . [A] [S] [O],solusi hotel mewah air keruh . [A] [S] [O],[A] harga [S] positive [O] murah,[A] air [S] negative [O] keruh,"[[508, 32, 60, 71348, 508, 50, 60, 6785, 508, 46, 60, 8146, 1466]]","[[508, 32, 60, 3720, 508, 50, 60, 8225, 508, 46, 60, 33701, 12540]]"
solusi hotel mewah harga murah . [S] [A] [O],solusi hotel mewah air keruh . [S] [A] [O],[S] positive [A] harga [O] murah,[S] negative [A] air [O] keruh,"[[508, 50, 60, 6785, 508, 32, 60, 71348, 508, 46, 60, 8146, 1466]]","[[508, 50, 60, 8225, 508, 32, 60, 3720, 508, 46, 60, 33701, 12540]]"
solusi hotel mewah harga murah . [O] [A] [S],solusi hotel mewah air keruh . [O] [A] [S],[O] murah [A] harga [S] positive,[O] keruh [A] air [S] negative,"[[508, 46, 60, 8146, 1466, 508, 32, 60, 71348, 508, 50, 60, 6785]]","[[508, 46, 60, 33701, 12540, 508, 32, 60, 3720, 508, 50, 60, 8225]]"
solusi hotel mewah harga murah . [O] [S] [A],solusi hotel mewah air keruh . [O] [S] [A],[O] murah [S] positive [A] harga,[O] keruh [S] negative [A] air,"[[508, 46, 60, 8146, 1466, 508, 50, 60, 6785, 508, 32, 60, 71348]]","[[508, 46, 60, 33701, 12540, 508, 50, 60, 8225, 508, 32, 60, 3720]]"
"nyaman tempatnya , . [A] [O] [S]","susah aksesnya , . [A] [O] [S]",[A] tempatnya [O] nyaman [S] positive,[A] aksesnya [O] susah [S] negative,"[[508, 32, 60, 2730, 266, 22891, 508, 46, 60, 19004, 12715, 508, 50, 60, 6785]]","[[508, 32, 60, 264, 54009, 22891, 508, 46, 60, 4481, 1466, 508, 50, 60, 8225]]"
"nyaman tempatnya , . [A] [S] [O]","susah aksesnya , . [A] [S] [O]",[A] tempatnya [S] positive [O] nyaman,[A] aksesnya [S] negative [O] susah,"[[508, 32, 60, 2730, 266, 22891, 508, 50, 60, 6785, 508, 46, 60, 19004, 12715]]","[[508, 32, 60, 264, 54009, 22891, 508, 50, 60, 8225, 508, 46, 60, 4481, 1466]]"
"nyaman tempatnya , . [S] [A] [O]","susah aksesnya , . [S] [A] [O]",[S] positive [A] tempatnya [O] nyaman,[S] negative [A] aksesnya [O] susah,"[[508, 50, 60, 6785, 508, 32, 60, 2730, 266, 22891, 508, 46, 60, 19004, 12715]]","[[508, 50, 60, 8225, 508, 32, 60, 264, 54009, 22891, 508, 46, 60, 4481, 1466]]"
"nyaman tempatnya , . [O] [A] [S]","susah aksesnya , . [O] [A] [S]",[O] nyaman [A] tempatnya [S] positive,[O] susah [A] aksesnya [S] negative,"[[508, 46, 60, 19004, 12715, 508, 32, 60, 2730, 266, 22891, 508, 50, 60, 6785]]","[[508, 46, 60, 4481, 1466, 508, 32, 60, 264, 54009, 22891, 508, 50, 60, 8225]]"
"nyaman tempatnya , . [O] [S] [A]","susah aksesnya , . [O] [S] [A]",[O] nyaman [S] positive [A] tempatnya,[O] susah [S] negative [A] aksesnya,"[[508, 46, 60, 19004, 12715, 508, 50, 60, 6785, 508, 32, 60, 2730, 266, 22891]]","[[508, 46, 60, 4481, 1466, 508, 50, 60, 8225, 508, 32, 60, 264, 54009, 22891]]"
kamar bagus . [A] [O] [S],gorden robek . [A] [O] [S],[A] kamar [O] bagus [S] positive,[A] gorden [O] robek [S] negative,"[[508, 32, 60, 595, 15554, 508, 46, 60, 8968, 355, 508, 50, 60, 6785]]","[[508, 32, 60, 342, 27784, 508, 46, 60, 10550, 1225, 508, 50, 60, 8225]]"
kamar bagus . [A] [S] [O],gorden robek . [A] [S] [O],[A] kamar [S] positive [O] bagus,[A] gorden [S] negative [O] robek,"[[508, 32, 60, 595, 15554, 508, 50, 60, 6785, 508, 46, 60, 8968, 355]]","[[508, 32, 60, 342, 27784, 508, 50, 60, 8225, 508, 46, 60, 10550, 1225]]"
kamar bagus . [S] [A] [O],gorden robek . [S] [A] [O],[S] positive [A] kamar [O] bagus,[S] negative [A] gorden [O] robek,"[[508, 50, 60, 6785, 508, 32, 60, 595, 15554, 508, 46, 60, 8968, 355]]","[[508, 50, 60, 8225, 508, 32, 60, 342, 27784, 508, 46, 60, 10550, 1225]]"
kamar bagus . [O] [A] [S],gorden robek . [O] [A] [S],[O] bagus [A] kamar [S] positive,[O] robek [A] gorden [S] negative,"[[508, 46, 60, 8968, 355, 508, 32, 60, 595, 15554, 508, 50, 60, 6785]]","[[508, 46, 60, 10550, 1225, 508, 32, 60, 342, 27784, 508, 50, 60, 8225]]"
kamar bagus . [O] [S] [A],gorden robek . [O] [S] [A],[O] bagus [S] positive [A] kamar,[O] robek [S] negative [A] gorden,"[[508, 46, 60, 8968, 355, 508, 50, 60, 6785, 508, 32, 60, 595, 15554]]","[[508, 46, 60, 10550, 1225, 508, 50, 60, 8225, 508, 32, 60, 342, 27784]]"
tempat menginap yang nyaman . [A] [O] [S],kamar menginap yang sempit . [A] [O] [S],[A] tempat [O] nyaman [S] positive,[A] kamar [O] sempit [S] negative,"[[508, 32, 60, 2730, 266, 508, 46, 60, 19004, 12715, 508, 50, 60, 6785]]","[[508, 32, 60, 595, 15554, 508, 46, 60, 74597, 275, 508, 50, 60, 8225]]"
tempat menginap yang nyaman . [A] [S] [O],kamar menginap yang sempit . [A] [S] [O],[A] tempat [S] positive [O] nyaman,[A] kamar [S] negative [O] sempit,"[[508, 32, 60, 2730, 266, 508, 50, 60, 6785, 508, 46, 60, 19004, 12715]]","[[508, 32, 60, 595, 15554, 508, 50, 60, 8225, 508, 46, 60, 74597, 275]]"
tempat menginap yang nyaman . [S] [A] [O],kamar menginap yang sempit . [S] [A] [O],[S] positive [A] tempat [O] nyaman,[S] negative [A] kamar [O] sempit,"[[508, 50, 60, 6785, 508, 32, 60, 2730, 266, 508, 46, 60, 19004, 12715]]","[[508, 50, 60, 8225, 508, 32, 60, 595, 15554, 508, 46, 60, 74597, 275]]"
tempat menginap yang nyaman . [O] [A] [S],kamar menginap yang sempit . [O] [A] [S],[O] nyaman [A] tempat [S] positive,[O] sempit [A] kamar [S] negative,"[[508, 46, 60, 19004, 12715, 508, 32, 60, 2730, 266, 508, 50, 60, 6785]]","[[508, 46, 60, 74597, 275, 508, 32, 60, 595, 15554, 508, 50, 60, 8225]]"
tempat menginap yang nyaman . [O] [S] [A],kamar menginap yang sempit . [O] [S] [A],[O] nyaman [S] positive [A] tempat,[O] sempit [S] negative [A] kamar,"[[508, 46, 60, 19004, 12715, 508, 50, 60, 6785, 508, 32, 60, 2730, 266]]","[[508, 46, 60, 74597, 275, 508, 50, 60, 8225, 508, 32, 60, 595, 15554]]"
kamar mandi kurang bersih . [A] [O] [S],kamar tidur selalu bersih . [A] [O] [S],[A] kamar mandi [O] kurang bersih [S] negative,[A] kamar tidur [O] selalu bersih [S] positive,"[[508, 32, 60, 595, 15554, 11576, 72, 508, 46, 60, 27265, 524, 58554, 6996, 508, 50, 60, 8225]]","[[508, 32, 60, 595, 15554, 13112, 324, 508, 46, 60, 11806, 36986, 58554, 6996, 508, 50, 60, 6785]]"
kamar mandi kurang bersih . [A] [S] [O],kamar tidur selalu bersih . [A] [S] [O],[A] kamar mandi [S] negative [O] kurang bersih,[A] kamar tidur [S] positive [O] selalu bersih,"[[508, 32, 60, 595, 15554, 11576, 72, 508, 50, 60, 8225, 508, 46, 60, 27265, 524, 58554, 6996]]","[[508, 32, 60, 595, 15554, 13112, 324, 508, 50, 60, 6785, 508, 46, 60, 11806, 36986, 58554, 6996]]"
kamar mandi kurang bersih . [S] [A] [O],kamar tidur selalu bersih . [S] [A] [O],[S] negative [A] kamar mandi [O] kurang bersih,[S] positive [A] kamar tidur [O] selalu bersih,"[[508, 50, 60, 8225, 508, 32, 60, 595, 15554, 11576, 72, 508, 46, 60, 27265, 524, 58554, 6996]]","[[508, 50, 60, 6785, 508, 32, 60, 595, 15554, 13112, 324, 508, 46, 60, 11806, 36986, 58554, 6996]]"
kamar mandi kurang bersih . [O] [A] [S],kamar tidur selalu bersih . [O] [A] [S],[O] kurang bersih [A] kamar mandi [S] negative,[O] selalu bersih [A] kamar tidur [S] positive,"[[508, 46, 60, 27265, 524, 58554, 6996, 508, 32, 60, 595, 15554, 11576, 72, 508, 50, 60, 8225]]","[[508, 46, 60, 11806, 36986, 58554, 6996, 508, 32, 60, 595, 15554, 13112, 324, 508, 50, 60, 6785]]"
kamar mandi kurang bersih . [O] [S] [A],kamar tidur selalu bersih . [O] [S] [A],[O] kurang bersih [S] negative [A] kamar mandi,[O] selalu bersih [S] positive [A] kamar tidur,"[[508, 46, 60, 27265, 524, 58554, 6996, 508, 50, 60, 8225, 508, 32, 60, 595, 15554, 11576, 72]]","[[508, 46, 60, 11806, 36986, 58554, 6996, 508, 50, 60, 6785, 508, 32, 60, 595, 15554, 13112, 324]]"
pelayanan baik . terimakasih . [A] [O] [S],makanan keras . terimakasih . [A] [O] [S],[A] pelayanan [O] baik [S] positive,[A] makanan [O] keras [S] negative,"[[508, 32, 60, 281, 6895, 28618, 508, 46, 60, 79187, 508, 50, 60, 6785]]","[[508, 32, 60, 296, 19262, 276, 508, 46, 60, 25689, 508, 50, 60, 8225]]"
pelayanan baik . terimakasih . [A] [S] [O],makanan keras . terimakasih . [A] [S] [O],[A] pelayanan [S] positive [O] baik,[A] makanan [S] negative [O] keras,"[[508, 32, 60, 281, 6895, 28618, 508, 50, 60, 6785, 508, 46, 60, 79187]]","[[508, 32, 60, 296, 19262, 276, 508, 50, 60, 8225, 508, 46, 60, 25689]]"
pelayanan baik . terimakasih . [S] [A] [O],makanan keras . terimakasih . [S] [A] [O],[S] positive [A] pelayanan [O] baik,[S] negative [A] makanan [O] keras,"[[508, 50, 60, 6785, 508, 32, 60, 281, 6895, 28618, 508, 46, 60, 79187]]","[[508, 50, 60, 8225, 508, 32, 60, 296, 19262, 276, 508, 46, 60, 25689]]"
pelayanan baik . terimakasih . [O] [A] [S],makanan keras . terimakasih . [O] [A] [S],[O] baik [A] pelayanan [S] positive,[O] keras [A] makanan [S] negative,"[[508, 46, 60, 79187, 508, 32, 60, 281, 6895, 28618, 508, 50, 60, 6785]]","[[508, 46, 60, 25689, 508, 32, 60, 296, 19262, 276, 508, 50, 60, 8225]]"
pelayanan baik . terimakasih . [O] [S] [A],makanan keras . terimakasih . [O] [S] [A],[O] baik [S] positive [A] pelayanan,[O] keras [S] negative [A] makanan,"[[508, 46, 60, 79187, 508, 50, 60, 6785, 508, 32, 60, 281, 6895, 28618]]","[[508, 46, 60, 25689, 508, 50, 60, 8225, 508, 32, 60, 296, 19262, 276]]"
hotel sangat nyaman . [A] [O] [S],staff tidak ramah . [A] [O] [S],[A] hotel [O] sangat nyaman [S] positive,[A] staff [O] tidak ramah [S] negative,"[[508, 32, 60, 9500, 508, 46, 60, 70464, 19004, 12715, 508, 50, 60, 6785]]","[[508, 32, 60, 5570, 508, 46, 60, 27281, 17823, 1466, 508, 50, 60, 8225]]"
hotel sangat nyaman . [A] [S] [O],staff tidak ramah . [A] [S] [O],[A] hotel [S] positive [O] sangat nyaman,[A] staff [S] negative [O] tidak ramah,"[[508, 32, 60, 9500, 508, 50, 60, 6785, 508, 46, 60, 70464, 19004, 12715]]","[[508, 32, 60, 5570, 508, 50, 60, 8225, 508, 46, 60, 27281, 17823, 1466]]"
hotel sangat nyaman . [S] [A] [O],staff tidak ramah . [S] [A] [O],[S] positive [A] hotel [O] sangat nyaman,[S] negative [A] staff [O] tidak ramah,"[[508, 50, 60, 6785, 508, 32, 60, 9500, 508, 46, 60, 70464, 19004, 12715]]","[[508, 50, 60, 8225, 508, 32, 60, 5570, 508, 46, 60, 27281, 17823, 1466]]"
hotel sangat nyaman . [O] [A] [S],staff tidak ramah . [O] [A] [S],[O] sangat nyaman [A] hotel [S] positive,[O] tidak ramah [A] staff [S] negative,"[[508, 46, 60, 70464, 19004, 12715, 508, 32, 60, 9500, 508, 50, 60, 6785]]","[[508, 46, 60, 27281, 17823, 1466, 508, 32, 60, 5570, 508, 50, 60, 8225]]"
hotel sangat nyaman . [O] [S] [A],staff tidak ramah . [O] [S] [A],[O] sangat nyaman [S] positive [A] hotel,[O] tidak ramah [S] negative [A] staff,"[[508, 46, 60, 70464, 19004, 12715, 508, 50, 60, 6785, 508, 32, 60, 9500]]","[[508, 46, 60, 27281, 17823, 1466, 508, 50, 60, 8225, 508, 32, 60, 5570]]"
"lokasi strategis dekat alunalun malang , banyak tempat makan . [A] [O] [S]","ruangan kotor dekat alunalun malang , banyak tempat makan . [A] [O] [S]",[A] lokasi [O] strategis [S] positive,[A] ruangan [O] kotor [S] negative,"[[508, 32, 60, 40283, 10215, 508, 46, 60, 5275, 285, 508, 50, 60, 6785]]","[[508, 32, 60, 11122, 18633, 508, 46, 60, 595, 9887, 508, 50, 60, 8225]]"
"lokasi strategis dekat alunalun malang , banyak tempat makan . [A] [S] [O]","ruangan kotor dekat alunalun malang , banyak tempat makan . [A] [S] [O]",[A] lokasi [S] positive [O] strategis,[A] ruangan [S] negative [O] kotor,"[[508, 32, 60, 40283, 10215, 508, 50, 60, 6785, 508, 46, 60, 5275, 285]]","[[508, 32, 60, 11122, 18633, 508, 50, 60, 8225, 508, 46, 60, 595, 9887]]"
"lokasi strategis dekat alunalun malang , banyak tempat makan . [S] [A] [O]","ruangan kotor dekat alunalun malang , banyak tempat makan . [S] [A] [O]",[S] positive [A] lokasi [O] strategis,[S] negative [A] ruangan [O] kotor,"[[508, 50, 60, 6785, 508, 32, 60, 40283, 10215, 508, 46, 60, 5275, 285]]","[[508, 50, 60, 8225, 508, 32, 60, 11122, 18633, 508, 46, 60, 595, 9887]]"
"lokasi strategis dekat alunalun malang , banyak tempat makan . [O] [A] [S]","ruangan kotor dekat alunalun malang , banyak tempat makan . [O] [A] [S]",[O] strategis [A] lokasi [S] positive,[O] kotor [A] ruangan [S] negative,"[[508, 46, 60, 5275, 285, 508, 32, 60, 40283, 10215, 508, 50, 60, 6785]]","[[508, 46, 60, 595, 9887, 508, 32, 60, 11122, 18633, 508, 50, 60, 8225]]"
"lokasi strategis dekat alunalun malang , banyak tempat makan . [O] [S] [A]","ruangan kotor dekat alunalun malang , banyak tempat makan . [O] [S] [A]",[O] strategis [S] positive [A] lokasi,[O] kotor [S] negative [A] ruangan,"[[508, 46, 60, 5275, 285, 508, 50, 60, 6785, 508, 32, 60, 40283, 10215]]","[[508, 46, 60, 595, 9887, 508, 50, 60, 8225, 508, 32, 60, 11122, 18633]]"
resepsionis friendly ke customernya . [A] [O] [S],pegawai restoran arab keras ke customernya . [A] [O] [S],[A] resepsionis [O] friendly [S] positive,[A] pegawai restoran arab [O] keras [S] negative,"[[508, 32, 60, 312, 325, 1690, 290, 285, 508, 46, 60, 11657, 508, 50, 60, 6785]]","[[508, 32, 60, 30687, 35969, 2732, 54404, 51312, 508, 46, 60, 25689, 508, 50, 60, 8225]]"
resepsionis friendly ke customernya . [A] [S] [O],pegawai restoran arab keras ke customernya . [A] [S] [O],[A] resepsionis [S] positive [O] friendly,[A] pegawai restoran arab [S] negative [O] keras,"[[508, 32, 60, 312, 325, 1690, 290, 285, 508, 50, 60, 6785, 508, 46, 60, 11657]]","[[508, 32, 60, 30687, 35969, 2732, 54404, 51312, 508, 50, 60, 8225, 508, 46, 60, 25689]]"
resepsionis friendly ke customernya . [S] [A] [O],pegawai restoran arab keras ke customernya . [S] [A] [O],[S] positive [A] resepsionis [O] friendly,[S] negative [A] pegawai restoran arab [O] keras,"[[508, 50, 60, 6785, 508, 32, 60, 312, 325, 1690, 290, 285, 508, 46, 60, 11657]]","[[508, 50, 60, 8225, 508, 32, 60, 30687, 35969, 2732, 54404, 51312, 508, 46, 60, 25689]]"
resepsionis friendly ke customernya . [O] [A] [S],pegawai restoran arab keras ke customernya . [O] [A] [S],[O] friendly [A] resepsionis [S] positive,[O] keras [A] pegawai restoran arab [S] negative,"[[508, 46, 60, 11657, 508, 32, 60, 312, 325, 1690, 290, 285, 508, 50, 60, 6785]]","[[508, 46, 60, 25689, 508, 32, 60, 30687, 35969, 2732, 54404, 51312, 508, 50, 60, 8225]]"
resepsionis friendly ke customernya . [O] [S] [A],pegawai restoran arab keras ke customernya . [O] [S] [A],[O] friendly [S] positive [A] resepsionis,[O] keras [S] negative [A] pegawai restoran arab,"[[508, 46, 60, 11657, 508, 50, 60, 6785, 508, 32, 60, 312, 325, 1690, 290, 285]]","[[508, 46, 60, 25689, 508, 50, 60, 8225, 508, 32, 60, 30687, 35969, 2732, 54404, 51312]]"
"enak tempatnya , dekat mesjid , tinggal jalan jika mau sholat . terus yang pasti . 7 garansi kepuasan terpenuhi . [A] [O] [S]","buruk pelayannya , dekat mesjid , tinggal jalan jika mau sholat . terus yang pasti . 7 garansi kepuasan terpenuhi . [A] [O] [S]",[A] tempatnya [O] enak [S] positive,[A] pelayannya [O] buruk [S] negative,"[[508, 32, 60, 2730, 266, 22891, 508, 46, 60, 662, 585, 508, 50, 60, 6785]]","[[508, 32, 60, 281, 6895, 71098, 508, 46, 60, 7795, 3101, 508, 50, 60, 8225]]"
"enak tempatnya , dekat mesjid , tinggal jalan jika mau sholat . terus yang pasti . 7 garansi kepuasan terpenuhi . [A] [S] [O]","buruk pelayannya , dekat mesjid , tinggal jalan jika mau sholat . terus yang pasti . 7 garansi kepuasan terpenuhi . [A] [S] [O]",[A] tempatnya [S] positive [O] enak,[A] pelayannya [S] negative [O] buruk,"[[508, 32, 60, 2730, 266, 22891, 508, 50, 60, 6785, 508, 46, 60, 662, 585]]","[[508, 32, 60, 281, 6895, 71098, 508, 50, 60, 8225, 508, 46, 60, 7795, 3101]]"
"enak tempatnya , dekat mesjid , tinggal jalan jika mau sholat . terus yang pasti . 7 garansi kepuasan terpenuhi . [S] [A] [O]","buruk pelayannya , dekat mesjid , tinggal jalan jika mau sholat . terus yang pasti . 7 garansi kepuasan terpenuhi . [S] [A] [O]",[S] positive [A] tempatnya [O] enak,[S] negative [A] pelayannya [O] buruk,"[[508, 50, 60, 6785, 508, 32, 60, 2730, 266, 22891, 508, 46, 60, 662, 585]]","[[508, 50, 60, 8225, 508, 32, 60, 281, 6895, 71098, 508, 46, 60, 7795, 3101]]"
"enak tempatnya , dekat mesjid , tinggal jalan jika mau sholat . terus yang pasti . 7 garansi kepuasan terpenuhi . [O] [A] [S]","buruk pelayannya , dekat mesjid , tinggal jalan jika mau sholat . terus yang pasti . 7 garansi kepuasan terpenuhi . [O] [A] [S]",[O] enak [A] tempatnya [S] positive,[O] buruk [A] pelayannya [S] negative,"[[508, 46, 60, 662, 585, 508, 32, 60, 2730, 266, 22891, 508, 50, 60, 6785]]","[[508, 46, 60, 7795, 3101, 508, 32, 60, 281, 6895, 71098, 508, 50, 60, 8225]]"
"enak tempatnya , dekat mesjid , tinggal jalan jika mau sholat . terus yang pasti . 7 garansi kepuasan terpenuhi . [O] [S] [A]","buruk pelayannya , dekat mesjid , tinggal jalan jika mau sholat . terus yang pasti . 7 garansi kepuasan terpenuhi . [O] [S] [A]",[O] enak [S] positive [A] tempatnya,[O] buruk [S] negative [A] pelayannya,"[[508, 46, 60, 662, 585, 508, 50, 60, 6785, 508, 32, 60, 2730, 266, 22891]]","[[508, 46, 60, 7795, 3101, 508, 50, 60, 8225, 508, 32, 60, 281, 6895, 71098]]"
kamar kotor . [A] [O] [S],lokasi strategis . [A] [O] [S],[A] kamar [O] kotor [S] negative,[A] lokasi [O] strategis [S] positive,"[[508, 32, 60, 595, 15554, 508, 46, 60, 595, 9887, 508, 50, 60, 8225]]","[[508, 32, 60, 40283, 10215, 508, 46, 60, 5275, 285, 508, 50, 60, 6785]]"
kamar kotor . [A] [S] [O],lokasi strategis . [A] [S] [O],[A] kamar [S] negative [O] kotor,[A] lokasi [S] positive [O] strategis,"[[508, 32, 60, 595, 15554, 508, 50, 60, 8225, 508, 46, 60, 595, 9887]]","[[508, 32, 60, 40283, 10215, 508, 50, 60, 6785, 508, 46, 60, 5275, 285]]"
kamar kotor . [S] [A] [O],lokasi strategis . [S] [A] [O],[S] negative [A] kamar [O] kotor,[S] positive [A] lokasi [O] strategis,"[[508, 50, 60, 8225, 508, 32, 60, 595, 15554, 508, 46, 60, 595, 9887]]","[[508, 50, 60, 6785, 508, 32, 60, 40283, 10215, 508, 46, 60, 5275, 285]]"
kamar kotor . [O] [A] [S],lokasi strategis . [O] [A] [S],[O] kotor [A] kamar [S] negative,[O] strategis [A] lokasi [S] positive,"[[508, 46, 60, 595, 9887, 508, 32, 60, 595, 15554, 508, 50, 60, 8225]]","[[508, 46, 60, 5275, 285, 508, 32, 60, 40283, 10215, 508, 50, 60, 6785]]"
kamar kotor . [O] [S] [A],lokasi strategis . [O] [S] [A],[O] kotor [S] negative [A] kamar,[O] strategis [S] positive [A] lokasi,"[[508, 46, 60, 595, 9887, 508, 50, 60, 8225, 508, 32, 60, 595, 15554]]","[[508, 46, 60, 5275, 285, 508, 50, 60, 6785, 508, 32, 60, 40283, 10215]]"
"lokasi bagus , dekat stasiun mangga besar . [A] [O] [S]","bangunan rusak , dekat stasiun mangga besar . [A] [O] [S]",[A] lokasi [O] bagus [S] positive,[A] bangunan [O] rusak [S] negative,"[[508, 32, 60, 40283, 10215, 508, 46, 60, 8968, 355, 508, 50, 60, 6785]]","[[508, 32, 60, 25441, 64634, 508, 46, 60, 52454, 585, 508, 50, 60, 8225]]"
"lokasi bagus , dekat stasiun mangga besar . [A] [S] [O]","bangunan rusak , dekat stasiun mangga besar . [A] [S] [O]",[A] lokasi [S] positive [O] bagus,[A] bangunan [S] negative [O] rusak,"[[508, 32, 60, 40283, 10215, 508, 50, 60, 6785, 508, 46, 60, 8968, 355]]","[[508, 32, 60, 25441, 64634, 508, 50, 60, 8225, 508, 46, 60, 52454, 585]]"
"lokasi bagus , dekat stasiun mangga besar . [S] [A] [O]","bangunan rusak , dekat stasiun mangga besar . [S] [A] [O]",[S] positive [A] lokasi [O] bagus,[S] negative [A] bangunan [O] rusak,"[[508, 50, 60, 6785, 508, 32, 60, 40283, 10215, 508, 46, 60, 8968, 355]]","[[508, 50, 60, 8225, 508, 32, 60, 25441, 64634, 508, 46, 60, 52454, 585]]"
"lokasi bagus , dekat stasiun mangga besar . [O] [A] [S]","bangunan rusak , dekat stasiun mangga besar . [O] [A] [S]",[O] bagus [A] lokasi [S] positive,[O] rusak [A] bangunan [S] negative,"[[508, 46, 60, 8968, 355, 508, 32, 60, 40283, 10215, 508, 50, 60, 6785]]","[[508, 46, 60, 52454, 585, 508, 32, 60, 25441, 64634, 508, 50, 60, 8225]]"
"lokasi bagus , dekat stasiun mangga besar . [O] [S] [A]","bangunan rusak , dekat stasiun mangga besar . [O] [S] [A]",[O] bagus [S] positive [A] lokasi,[O] rusak [S] negative [A] bangunan,"[[508, 46, 60, 8968, 355, 508, 50, 60, 6785, 508, 32, 60, 40283, 10215]]","[[508, 46, 60, 52454, 585, 508, 50, 60, 8225, 508, 32, 60, 25441, 64634]]"
"tempat enak buat persinggahan . dekat dengan bandara , bisa pesan antar . [A] [O] [S]","kamar pengap buat persinggahan . dekat dengan bandara , bisa pesan antar . [A] [O] [S]",[A] tempat [O] enak [S] positive,[A] kamar [O] pengap [S] negative,"[[508, 32, 60, 2730, 266, 508, 46, 60, 662, 585, 508, 50, 60, 6785]]","[[508, 32, 60, 595, 15554, 508, 46, 60, 36686, 391, 508, 50, 60, 8225]]"
"tempat enak buat persinggahan . dekat dengan bandara , bisa pesan antar . [A] [S] [O]","kamar pengap buat persinggahan . dekat dengan bandara , bisa pesan antar . [A] [S] [O]",[A] tempat [S] positive [O] enak,[A] kamar [S] negative [O] pengap,"[[508, 32, 60, 2730, 266, 508, 50, 60, 6785, 508, 46, 60, 662, 585]]","[[508, 32, 60, 595, 15554, 508, 50, 60, 8225, 508, 46, 60, 36686, 391]]"
"tempat enak buat persinggahan . dekat dengan bandara , bisa pesan antar . [S] [A] [O]","kamar pengap buat persinggahan . dekat dengan bandara , bisa pesan antar . [S] [A] [O]",[S] positive [A] tempat [O] enak,[S] negative [A] kamar [O] pengap,"[[508, 50, 60, 6785, 508, 32, 60, 2730, 266, 508, 46, 60, 662, 585]]","[[508, 50, 60, 8225, 508, 32, 60, 595, 15554, 508, 46, 60, 36686, 391]]"
"tempat enak buat persinggahan . dekat dengan bandara , bisa pesan antar . [O] [A] [S]","kamar pengap buat persinggahan . dekat dengan bandara , bisa pesan antar . [O] [A] [S]",[O] enak [A] tempat [S] positive,[O] pengap [A] kamar [S] negative,"[[508, 46, 60, 662, 585, 508, 32, 60, 2730, 266, 508, 50, 60, 6785]]","[[508, 46, 60, 36686, 391, 508, 32, 60, 595, 15554, 508, 50, 60, 8225]]"
"tempat enak buat persinggahan . dekat dengan bandara , bisa pesan antar . [O] [S] [A]","kamar pengap buat persinggahan . dekat dengan bandara , bisa pesan antar . [O] [S] [A]",[O] enak [S] positive [A] tempat,[O] pengap [S] negative [A] kamar,"[[508, 46, 60, 662, 585, 508, 50, 60, 6785, 508, 32, 60, 2730, 266]]","[[508, 46, 60, 36686, 391, 508, 50, 60, 8225, 508, 32, 60, 595, 15554]]"
pelayanan baik selama 24jam . [A] [O] [S],makanan keras selama 24jam . [A] [O] [S],[A] pelayanan [O] baik [S] positive,[A] makanan [O] keras [S] negative,"[[508, 32, 60, 281, 6895, 28618, 508, 46, 60, 79187, 508, 50, 60, 6785]]","[[508, 32, 60, 296, 19262, 276, 508, 46, 60, 25689, 508, 50, 60, 8225]]"
pelayanan baik selama 24jam . [A] [S] [O],makanan keras selama 24jam . [A] [S] [O],[A] pelayanan [S] positive [O] baik,[A] makanan [S] negative [O] keras,"[[508, 32, 60, 281, 6895, 28618, 508, 50, 60, 6785, 508, 46, 60, 79187]]","[[508, 32, 60, 296, 19262, 276, 508, 50, 60, 8225, 508, 46, 60, 25689]]"
pelayanan baik selama 24jam . [S] [A] [O],makanan keras selama 24jam . [S] [A] [O],[S] positive [A] pelayanan [O] baik,[S] negative [A] makanan [O] keras,"[[508, 50, 60, 6785, 508, 32, 60, 281, 6895, 28618, 508, 46, 60, 79187]]","[[508, 50, 60, 8225, 508, 32, 60, 296, 19262, 276, 508, 46, 60, 25689]]"
pelayanan baik selama 24jam . [O] [A] [S],makanan keras selama 24jam . [O] [A] [S],[O] baik [A] pelayanan [S] positive,[O] keras [A] makanan [S] negative,"[[508, 46, 60, 79187, 508, 32, 60, 281, 6895, 28618, 508, 50, 60, 6785]]","[[508, 46, 60, 25689, 508, 32, 60, 296, 19262, 276, 508, 50, 60, 8225]]"
pelayanan baik selama 24jam . [O] [S] [A],makanan keras selama 24jam . [O] [S] [A],[O] baik [S] positive [A] pelayanan,[O] keras [S] negative [A] makanan,"[[508, 46, 60, 79187, 508, 50, 60, 6785, 508, 32, 60, 281, 6895, 28618]]","[[508, 46, 60, 25689, 508, 50, 60, 8225, 508, 32, 60, 296, 19262, 276]]"
kasurnya keras : ( . [A] [O] [S],tempatnya baik : ( . [A] [O] [S],[A] kasurnya [O] keras [S] negative,[A] tempatnya [O] baik [S] positive,"[[508, 32, 60, 47656, 399, 7755, 508, 46, 60, 25689, 508, 50, 60, 8225]]","[[508, 32, 60, 2730, 266, 22891, 508, 46, 60, 79187, 508, 50, 60, 6785]]"
kasurnya keras : ( . [A] [S] [O],tempatnya baik : ( . [A] [S] [O],[A] kasurnya [S] negative [O] keras,[A] tempatnya [S] positive [O] baik,"[[508, 32, 60, 47656, 399, 7755, 508, 50, 60, 8225, 508, 46, 60, 25689]]","[[508, 32, 60, 2730, 266, 22891, 508, 50, 60, 6785, 508, 46, 60, 79187]]"
kasurnya keras : ( . [S] [A] [O],tempatnya baik : ( . [S] [A] [O],[S] negative [A] kasurnya [O] keras,[S] positive [A] tempatnya [O] baik,"[[508, 50, 60, 8225, 508, 32, 60, 47656, 399, 7755, 508, 46, 60, 25689]]","[[508, 50, 60, 6785, 508, 32, 60, 2730, 266, 22891, 508, 46, 60, 79187]]"
kasurnya keras : ( . [O] [A] [S],tempatnya baik : ( . [O] [A] [S],[O] keras [A] kasurnya [S] negative,[O] baik [A] tempatnya [S] positive,"[[508, 46, 60, 25689, 508, 32, 60, 47656, 399, 7755, 508, 50, 60, 8225]]","[[508, 46, 60, 79187, 508, 32, 60, 2730, 266, 22891, 508, 50, 60, 6785]]"
kasurnya keras : ( . [O] [S] [A],tempatnya baik : ( . [O] [S] [A],[O] keras [S] negative [A] kasurnya,[O] baik [S] positive [A] tempatnya,"[[508, 46, 60, 25689, 508, 50, 60, 8225, 508, 32, 60, 47656, 399, 7755]]","[[508, 46, 60, 79187, 508, 50, 60, 6785, 508, 32, 60, 2730, 266, 22891]]"
penjaganya kurang ramah . [A] [O] [S],kebersihan hotel sangat terjaga . [A] [O] [S],[A] penjaganya [O] kurang ramah [S] negative,[A] kebersihan hotel [O] sangat terjaga [S] positive,"[[508, 32, 60, 5750, 73, 351, 24074, 508, 46, 60, 27265, 524, 17823, 1466, 508, 50, 60, 8225]]","[[508, 32, 60, 1962, 1902, 56888, 9500, 508, 46, 60, 70464, 1982, 73, 12466, 508, 50, 60, 6785]]"
penjaganya kurang ramah . [A] [S] [O],kebersihan hotel sangat terjaga . [A] [S] [O],[A] penjaganya [S] negative [O] kurang ramah,[A] kebersihan hotel [S] positive [O] sangat terjaga,"[[508, 32, 60, 5750, 73, 351, 24074, 508, 50, 60, 8225, 508, 46, 60, 27265, 524, 17823, 1466]]","[[508, 32, 60, 1962, 1902, 56888, 9500, 508, 50, 60, 6785, 508, 46, 60, 70464, 1982, 73, 12466]]"
penjaganya kurang ramah . [S] [A] [O],kebersihan hotel sangat terjaga . [S] [A] [O],[S] negative [A] penjaganya [O] kurang ramah,[S] positive [A] kebersihan hotel [O] sangat terjaga,"[[508, 50, 60, 8225, 508, 32, 60, 5750, 73, 351, 24074, 508, 46, 60, 27265, 524, 17823, 1466]]","[[508, 50, 60, 6785, 508, 32, 60, 1962, 1902, 56888, 9500, 508, 46, 60, 70464, 1982, 73, 12466]]"
penjaganya kurang ramah . [O] [A] [S],kebersihan hotel sangat terjaga . [O] [A] [S],[O] kurang ramah [A] penjaganya [S] negative,[O] sangat terjaga [A] kebersihan hotel [S] positive,"[[508, 46, 60, 27265, 524, 17823, 1466, 508, 32, 60, 5750, 73, 351, 24074, 508, 50, 60, 8225]]","[[508, 46, 60, 70464, 1982, 73, 12466, 508, 32, 60, 1962, 1902, 56888, 9500, 508, 50, 60, 6785]]"
penjaganya kurang ramah . [O] [S] [A],kebersihan hotel sangat terjaga . [O] [S] [A],[O] kurang ramah [S] negative [A] penjaganya,[O] sangat terjaga [S] positive [A] kebersihan hotel,"[[508, 46, 60, 27265, 524, 17823, 1466, 508, 50, 60, 8225, 508, 32, 60, 5750, 73, 351, 24074]]","[[508, 46, 60, 70464, 1982, 73, 12466, 508, 50, 60, 6785, 508, 32, 60, 1962, 1902, 56888, 9500]]"
menu breakfast kurang lengkap . [A] [O] [S],lokasi cukup strategis . [A] [O] [S],[A] menu breakfast [O] kurang lengkap [S] negative,[A] lokasi [O] cukup strategis [S] positive,"[[508, 32, 60, 5022, 17496, 508, 46, 60, 27265, 524, 47794, 38834, 508, 50, 60, 8225]]","[[508, 32, 60, 40283, 10215, 508, 46, 60, 92743, 454, 5275, 285, 508, 50, 60, 6785]]"
menu breakfast kurang lengkap . [A] [S] [O],lokasi cukup strategis . [A] [S] [O],[A] menu breakfast [S] negative [O] kurang lengkap,[A] lokasi [S] positive [O] cukup strategis,"[[508, 32, 60, 5022, 17496, 508, 50, 60, 8225, 508, 46, 60, 27265, 524, 47794, 38834]]","[[508, 32, 60, 40283, 10215, 508, 50, 60, 6785, 508, 46, 60, 92743, 454, 5275, 285]]"
menu breakfast kurang lengkap . [S] [A] [O],lokasi cukup strategis . [S] [A] [O],[S] negative [A] menu breakfast [O] kurang lengkap,[S] positive [A] lokasi [O] cukup strategis,"[[508, 50, 60, 8225, 508, 32, 60, 5022, 17496, 508, 46, 60, 27265, 524, 47794, 38834]]","[[508, 50, 60, 6785, 508, 32, 60, 40283, 10215, 508, 46, 60, 92743, 454, 5275, 285]]"
menu breakfast kurang lengkap . [O] [A] [S],lokasi cukup strategis . [O] [A] [S],[O] kurang lengkap [A] menu breakfast [S] negative,[O] cukup strategis [A] lokasi [S] positive,"[[508, 46, 60, 27265, 524, 47794, 38834, 508, 32, 60, 5022, 17496, 508, 50, 60, 8225]]","[[508, 46, 60, 92743, 454, 5275, 285, 508, 32, 60, 40283, 10215, 508, 50, 60, 6785]]"
menu breakfast kurang lengkap . [O] [S] [A],lokasi cukup strategis . [O] [S] [A],[O] kurang lengkap [S] negative [A] menu breakfast,[O] cukup strategis [S] positive [A] lokasi,"[[508, 46, 60, 27265, 524, 47794, 38834, 508, 50, 60, 8225, 508, 32, 60, 5022, 17496]]","[[508, 46, 60, 92743, 454, 5275, 285, 508, 50, 60, 6785, 508, 32, 60, 40283, 10215]]"
resepsionis kurang ramah . [A] [O] [S],pegawai tokonya baik dan lucu . [A] [O] [S],[A] resepsionis [O] kurang ramah [S] negative,[A] pegawai tokonya [O] baik dan lucu [S] positive,"[[508, 32, 60, 312, 325, 1690, 290, 285, 508, 46, 60, 27265, 524, 17823, 1466, 508, 50, 60, 8225]]","[[508, 32, 60, 30687, 35969, 9628, 3549, 64, 508, 46, 60, 79187, 9101, 25927, 84, 508, 50, 60, 6785]]"
resepsionis kurang ramah . [A] [S] [O],pegawai tokonya baik dan lucu . [A] [S] [O],[A] resepsionis [S] negative [O] kurang ramah,[A] pegawai tokonya [S] positive [O] baik dan lucu,"[[508, 32, 60, 312, 325, 1690, 290, 285, 508, 50, 60, 8225, 508, 46, 60, 27265, 524, 17823, 1466]]","[[508, 32, 60, 30687, 35969, 9628, 3549, 64, 508, 50, 60, 6785, 508, 46, 60, 79187, 9101, 25927, 84]]"
resepsionis kurang ramah . [S] [A] [O],pegawai tokonya baik dan lucu . [S] [A] [O],[S] negative [A] resepsionis [O] kurang ramah,[S] positive [A] pegawai tokonya [O] baik dan lucu,"[[508, 50, 60, 8225, 508, 32, 60, 312, 325, 1690, 290, 285, 508, 46, 60, 27265, 524, 17823, 1466]]","[[508, 50, 60, 6785, 508, 32, 60, 30687, 35969, 9628, 3549, 64, 508, 46, 60, 79187, 9101, 25927, 84]]"
resepsionis kurang ramah . [O] [A] [S],pegawai tokonya baik dan lucu . [O] [A] [S],[O] kurang ramah [A] resepsionis [S] negative,[O] baik dan lucu [A] pegawai tokonya [S] positive,"[[508, 46, 60, 27265, 524, 17823, 1466, 508, 32, 60, 312, 325, 1690, 290, 285, 508, 50, 60, 8225]]","[[508, 46, 60, 79187, 9101, 25927, 84, 508, 32, 60, 30687, 35969, 9628, 3549, 64, 508, 50, 60, 6785]]"
resepsionis kurang ramah . [O] [S] [A],pegawai tokonya baik dan lucu . [O] [S] [A],[O] kurang ramah [S] negative [A] resepsionis,[O] baik dan lucu [S] positive [A] pegawai tokonya,"[[508, 46, 60, 27265, 524, 17823, 1466, 508, 50, 60, 8225, 508, 32, 60, 312, 325, 1690, 290, 285]]","[[508, 46, 60, 79187, 9101, 25927, 84, 508, 50, 60, 6785, 508, 32, 60, 30687, 35969, 9628, 3549, 64]]"
wifi tidak hidup nya . [A] [O] [S],ac sangat dingin nya . [A] [O] [S],[A] wifi [O] tidak hidup [S] negative,[A] ac [O] sangat dingin [S] positive,"[[508, 32, 60, 33417, 508, 46, 60, 27281, 30794, 454, 508, 50, 60, 8225]]","[[508, 32, 60, 1613, 508, 46, 60, 70464, 66442, 258, 508, 50, 60, 6785]]"
wifi tidak hidup nya . [A] [S] [O],ac sangat dingin nya . [A] [S] [O],[A] wifi [S] negative [O] tidak hidup,[A] ac [S] positive [O] sangat dingin,"[[508, 32, 60, 33417, 508, 50, 60, 8225, 508, 46, 60, 27281, 30794, 454]]","[[508, 32, 60, 1613, 508, 50, 60, 6785, 508, 46, 60, 70464, 66442, 258]]"
wifi tidak hidup nya . [S] [A] [O],ac sangat dingin nya . [S] [A] [O],[S] negative [A] wifi [O] tidak hidup,[S] positive [A] ac [O] sangat dingin,"[[508, 50, 60, 8225, 508, 32, 60, 33417, 508, 46, 60, 27281, 30794, 454]]","[[508, 50, 60, 6785, 508, 32, 60, 1613, 508, 46, 60, 70464, 66442, 258]]"
wifi tidak hidup nya . [O] [A] [S],ac sangat dingin nya . [O] [A] [S],[O] tidak hidup [A] wifi [S] negative,[O] sangat dingin [A] ac [S] positive,"[[508, 46, 60, 27281, 30794, 454, 508, 32, 60, 33417, 508, 50, 60, 8225]]","[[508, 46, 60, 70464, 66442, 258, 508, 32, 60, 1613, 508, 50, 60, 6785]]"
wifi tidak hidup nya . [O] [S] [A],ac sangat dingin nya . [O] [S] [A],[O] tidak hidup [S] negative [A] wifi,[O] sangat dingin [S] positive [A] ac,"[[508, 46, 60, 27281, 30794, 454, 508, 50, 60, 8225, 508, 32, 60, 33417]]","[[508, 46, 60, 70464, 66442, 258, 508, 50, 60, 6785, 508, 32, 60, 1613]]"
lokasi oke . dekat dengan pusat kota . [A] [O] [S],parkiran sempit . dekat dengan pusat kota . [A] [O] [S],[A] lokasi [O] oke [S] positive,[A] parkiran [O] sempit [S] negative,"[[508, 32, 60, 40283, 10215, 508, 46, 60, 297, 440, 508, 50, 60, 6785]]","[[508, 32, 60, 6118, 54690, 508, 46, 60, 74597, 275, 508, 50, 60, 8225]]"
lokasi oke . dekat dengan pusat kota . [A] [S] [O],parkiran sempit . dekat dengan pusat kota . [A] [S] [O],[A] lokasi [S] positive [O] oke,[A] parkiran [S] negative [O] sempit,"[[508, 32, 60, 40283, 10215, 508, 50, 60, 6785, 508, 46, 60, 297, 440]]","[[508, 32, 60, 6118, 54690, 508, 50, 60, 8225, 508, 46, 60, 74597, 275]]"
lokasi oke . dekat dengan pusat kota . [S] [A] [O],parkiran sempit . dekat dengan pusat kota . [S] [A] [O],[S] positive [A] lokasi [O] oke,[S] negative [A] parkiran [O] sempit,"[[508, 50, 60, 6785, 508, 32, 60, 40283, 10215, 508, 46, 60, 297, 440]]","[[508, 50, 60, 8225, 508, 32, 60, 6118, 54690, 508, 46, 60, 74597, 275]]"
lokasi oke . dekat dengan pusat kota . [O] [A] [S],parkiran sempit . dekat dengan pusat kota . [O] [A] [S],[O] oke [A] lokasi [S] positive,[O] sempit [A] parkiran [S] negative,"[[508, 46, 60, 297, 440, 508, 32, 60, 40283, 10215, 508, 50, 60, 6785]]","[[508, 46, 60, 74597, 275, 508, 32, 60, 6118, 54690, 508, 50, 60, 8225]]"
lokasi oke . dekat dengan pusat kota . [O] [S] [A],parkiran sempit . dekat dengan pusat kota . [O] [S] [A],[O] oke [S] positive [A] lokasi,[O] sempit [S] negative [A] parkiran,"[[508, 46, 60, 297, 440, 508, 50, 60, 6785, 508, 32, 60, 40283, 10215]]","[[508, 46, 60, 74597, 275, 508, 50, 60, 8225, 508, 32, 60, 6118, 54690]]"
kamarnya kecil banget . [A] [O] [S],suasana nya cukup tenang . [A] [O] [S],[A] kamarnya [O] kecil banget [S] negative,[A] suasana nya [O] cukup tenang [S] positive,"[[508, 32, 60, 33661, 1885, 7755, 508, 46, 60, 1962, 81023, 8943, 455, 508, 50, 60, 8225]]","[[508, 32, 60, 52097, 3362, 75189, 508, 46, 60, 92743, 454, 5779, 524, 508, 50, 60, 6785]]"
kamarnya kecil banget . [A] [S] [O],suasana nya cukup tenang . [A] [S] [O],[A] kamarnya [S] negative [O] kecil banget,[A] suasana nya [S] positive [O] cukup tenang,"[[508, 32, 60, 33661, 1885, 7755, 508, 50, 60, 8225, 508, 46, 60, 1962, 81023, 8943, 455]]","[[508, 32, 60, 52097, 3362, 75189, 508, 50, 60, 6785, 508, 46, 60, 92743, 454, 5779, 524]]"
kamarnya kecil banget . [S] [A] [O],suasana nya cukup tenang . [S] [A] [O],[S] negative [A] kamarnya [O] kecil banget,[S] positive [A] suasana nya [O] cukup tenang,"[[508, 50, 60, 8225, 508, 32, 60, 33661, 1885, 7755, 508, 46, 60, 1962, 81023, 8943, 455]]","[[508, 50, 60, 6785, 508, 32, 60, 52097, 3362, 75189, 508, 46, 60, 92743, 454, 5779, 524]]"
kamarnya kecil banget . [O] [A] [S],suasana nya cukup tenang . [O] [A] [S],[O] kecil banget [A] kamarnya [S] negative,[O] cukup tenang [A] suasana nya [S] positive,"[[508, 46, 60, 1962, 81023, 8943, 455, 508, 32, 60, 33661, 1885, 7755, 508, 50, 60, 8225]]","[[508, 46, 60, 92743, 454, 5779, 524, 508, 32, 60, 52097, 3362, 75189, 508, 50, 60, 6785]]"
kamarnya kecil banget . [O] [S] [A],suasana nya cukup tenang . [O] [S] [A],[O] kecil banget [S] negative [A] kamarnya,[O] cukup tenang [S] positive [A] suasana nya,"[[508, 46, 60, 1962, 81023, 8943, 455, 508, 50, 60, 8225, 508, 32, 60, 33661, 1885, 7755]]","[[508, 46, 60, 92743, 454, 5779, 524, 508, 50, 60, 6785, 508, 32, 60, 52097, 3362, 75189]]"
secara keseluruhan sangat memuaskan . [A] [O] [S],suasana lingkungan menyedihkan . [A] [O] [S],[A] secara keseluruhan [O] sangat memuaskan [S] positive,[A] suasana lingkungan [O] menyedihkan [S] negative,"[[508, 32, 60, 72327, 50977, 301, 20915, 9917, 508, 46, 60, 70464, 1833, 84, 78351, 508, 50, 60, 6785]]","[[508, 32, 60, 52097, 3362, 37072, 74, 51188, 508, 46, 60, 54425, 291, 6996, 8656, 508, 50, 60, 8225]]"
secara keseluruhan sangat memuaskan . [A] [S] [O],suasana lingkungan menyedihkan . [A] [S] [O],[A] secara keseluruhan [S] positive [O] sangat memuaskan,[A] suasana lingkungan [S] negative [O] menyedihkan,"[[508, 32, 60, 72327, 50977, 301, 20915, 9917, 508, 50, 60, 6785, 508, 46, 60, 70464, 1833, 84, 78351]]","[[508, 32, 60, 52097, 3362, 37072, 74, 51188, 508, 50, 60, 8225, 508, 46, 60, 54425, 291, 6996, 8656]]"
secara keseluruhan sangat memuaskan . [S] [A] [O],suasana lingkungan menyedihkan . [S] [A] [O],[S] positive [A] secara keseluruhan [O] sangat memuaskan,[S] negative [A] suasana lingkungan [O] menyedihkan,"[[508, 50, 60, 6785, 508, 32, 60, 72327, 50977, 301, 20915, 9917, 508, 46, 60, 70464, 1833, 84, 78351]]","[[508, 50, 60, 8225, 508, 32, 60, 52097, 3362, 37072, 74, 51188, 508, 46, 60, 54425, 291, 6996, 8656]]"
secara keseluruhan sangat memuaskan . [O] [A] [S],suasana lingkungan menyedihkan . [O] [A] [S],[O] sangat memuaskan [A] secara keseluruhan [S] positive,[O] menyedihkan [A] suasana lingkungan [S] negative,"[[508, 46, 60, 70464, 1833, 84, 78351, 508, 32, 60, 72327, 50977, 301, 20915, 9917, 508, 50, 60, 6785]]","[[508, 46, 60, 54425, 291, 6996, 8656, 508, 32, 60, 52097, 3362, 37072, 74, 51188, 508, 50, 60, 8225]]"
secara keseluruhan sangat memuaskan . [O] [S] [A],suasana lingkungan menyedihkan . [O] [S] [A],[O] sangat memuaskan [S] positive [A] secara keseluruhan,[O] menyedihkan [S] negative [A] suasana lingkungan,"[[508, 46, 60, 70464, 1833, 84, 78351, 508, 50, 60, 6785, 508, 32, 60, 72327, 50977, 301, 20915, 9917]]","[[508, 46, 60, 54425, 291, 6996, 8656, 508, 50, 60, 8225, 508, 32, 60, 52097, 3362, 37072, 74, 51188]]"
untuk inap yang kemarin tempat tidur kurang bersih . [A] [O] [S],untuk inap yang kemarin kamar mandi cukup bersih . [A] [O] [S],[A] tempat tidur [O] kurang bersih [S] negative,[A] kamar mandi [O] cukup bersih [S] positive,"[[508, 32, 60, 2730, 266, 13112, 324, 508, 46, 60, 27265, 524, 58554, 6996, 508, 50, 60, 8225]]","[[508, 32, 60, 595, 15554, 11576, 72, 508, 46, 60, 92743, 454, 58554, 6996, 508, 50, 60, 6785]]"
untuk inap yang kemarin tempat tidur kurang bersih . [A] [S] [O],untuk inap yang kemarin kamar mandi cukup bersih . [A] [S] [O],[A] tempat tidur [S] negative [O] kurang bersih,[A] kamar mandi [S] positive [O] cukup bersih,"[[508, 32, 60, 2730, 266, 13112, 324, 508, 50, 60, 8225, 508, 46, 60, 27265, 524, 58554, 6996]]","[[508, 32, 60, 595, 15554, 11576, 72, 508, 50, 60, 6785, 508, 46, 60, 92743, 454, 58554, 6996]]"
untuk inap yang kemarin tempat tidur kurang bersih . [S] [A] [O],untuk inap yang kemarin kamar mandi cukup bersih . [S] [A] [O],[S] negative [A] tempat tidur [O] kurang bersih,[S] positive [A] kamar mandi [O] cukup bersih,"[[508, 50, 60, 8225, 508, 32, 60, 2730, 266, 13112, 324, 508, 46, 60, 27265, 524, 58554, 6996]]","[[508, 50, 60, 6785, 508, 32, 60, 595, 15554, 11576, 72, 508, 46, 60, 92743, 454, 58554, 6996]]"
untuk inap yang kemarin tempat tidur kurang bersih . [O] [A] [S],untuk inap yang kemarin kamar mandi cukup bersih . [O] [A] [S],[O] kurang bersih [A] tempat tidur [S] negative,[O] cukup bersih [A] kamar mandi [S] positive,"[[508, 46, 60, 27265, 524, 58554, 6996, 508, 32, 60, 2730, 266, 13112, 324, 508, 50, 60, 8225]]","[[508, 46, 60, 92743, 454, 58554, 6996, 508, 32, 60, 595, 15554, 11576, 72, 508, 50, 60, 6785]]"
untuk inap yang kemarin tempat tidur kurang bersih . [O] [S] [A],untuk inap yang kemarin kamar mandi cukup bersih . [O] [S] [A],[O] kurang bersih [S] negative [A] tempat tidur,[O] cukup bersih [S] positive [A] kamar mandi,"[[508, 46, 60, 27265, 524, 58554, 6996, 508, 50, 60, 8225, 508, 32, 60, 2730, 266, 13112, 324]]","[[508, 46, 60, 92743, 454, 58554, 6996, 508, 50, 60, 6785, 508, 32, 60, 595, 15554, 11576, 72]]"
"handuknya cuma satu , sementara kami berdua . [A] [O] [S]","sandalnya lebih dari dua , sementara kami berdua . [A] [O] [S]",[A] handuknya [O] cuma satu [S] negative,[A] sandalnya [O] lebih dari dua [S] positive,"[[508, 32, 60, 1424, 3101, 22891, 508, 46, 60, 12177, 64, 58566, 508, 50, 60, 8225]]","[[508, 32, 60, 9278, 278, 22891, 508, 46, 60, 49935, 24200, 96821, 508, 50, 60, 6785]]"
"handuknya cuma satu , sementara kami berdua . [A] [S] [O]","sandalnya lebih dari dua , sementara kami berdua . [A] [S] [O]",[A] handuknya [S] negative [O] cuma satu,[A] sandalnya [S] positive [O] lebih dari dua,"[[508, 32, 60, 1424, 3101, 22891, 508, 50, 60, 8225, 508, 46, 60, 12177, 64, 58566]]","[[508, 32, 60, 9278, 278, 22891, 508, 50, 60, 6785, 508, 46, 60, 49935, 24200, 96821]]"
"handuknya cuma satu , sementara kami berdua . [S] [A] [O]","sandalnya lebih dari dua , sementara kami berdua . [S] [A] [O]",[S] negative [A] handuknya [O] cuma satu,[S] positive [A] sandalnya [O] lebih dari dua,"[[508, 50, 60, 8225, 508, 32, 60, 1424, 3101, 22891, 508, 46, 60, 12177, 64, 58566]]","[[508, 50, 60, 6785, 508, 32, 60, 9278, 278, 22891, 508, 46, 60, 49935, 24200, 96821]]"
"handuknya cuma satu , sementara kami berdua . [O] [A] [S]","sandalnya lebih dari dua , sementara kami berdua . [O] [A] [S]",[O] cuma satu [A] handuknya [S] negative,[O] lebih dari dua [A] sandalnya [S] positive,"[[508, 46, 60, 12177, 64, 58566, 508, 32, 60, 1424, 3101, 22891, 508, 50, 60, 8225]]","[[508, 46, 60, 49935, 24200, 96821, 508, 32, 60, 9278, 278, 22891, 508, 50, 60, 6785]]"
"handuknya cuma satu , sementara kami berdua . [O] [S] [A]","sandalnya lebih dari dua , sementara kami berdua . [O] [S] [A]",[O] cuma satu [S] negative [A] handuknya,[O] lebih dari dua [S] positive [A] sandalnya,"[[508, 46, 60, 12177, 64, 58566, 508, 50, 60, 8225, 508, 32, 60, 1424, 3101, 22891]]","[[508, 46, 60, 49935, 24200, 96821, 508, 50, 60, 6785, 508, 32, 60, 9278, 278, 22891]]"
wifi kurang baik . [A] [O] [S],ac sangat dingin . [A] [O] [S],[A] wifi [O] kurang baik [S] negative,[A] ac [O] sangat dingin [S] positive,"[[508, 32, 60, 33417, 508, 46, 60, 27265, 524, 79187, 508, 50, 60, 8225]]","[[508, 32, 60, 1613, 508, 46, 60, 70464, 66442, 258, 508, 50, 60, 6785]]"
wifi kurang baik . [A] [S] [O],ac sangat dingin . [A] [S] [O],[A] wifi [S] negative [O] kurang baik,[A] ac [S] positive [O] sangat dingin,"[[508, 32, 60, 33417, 508, 50, 60, 8225, 508, 46, 60, 27265, 524, 79187]]","[[508, 32, 60, 1613, 508, 50, 60, 6785, 508, 46, 60, 70464, 66442, 258]]"
wifi kurang baik . [S] [A] [O],ac sangat dingin . [S] [A] [O],[S] negative [A] wifi [O] kurang baik,[S] positive [A] ac [O] sangat dingin,"[[508, 50, 60, 8225, 508, 32, 60, 33417, 508, 46, 60, 27265, 524, 79187]]","[[508, 50, 60, 6785, 508, 32, 60, 1613, 508, 46, 60, 70464, 66442, 258]]"
wifi kurang baik . [O] [A] [S],ac sangat dingin . [O] [A] [S],[O] kurang baik [A] wifi [S] negative,[O] sangat dingin [A] ac [S] positive,"[[508, 46, 60, 27265, 524, 79187, 508, 32, 60, 33417, 508, 50, 60, 8225]]","[[508, 46, 60, 70464, 66442, 258, 508, 32, 60, 1613, 508, 50, 60, 6785]]"
wifi kurang baik . [O] [S] [A],ac sangat dingin . [O] [S] [A],[O] kurang baik [S] negative [A] wifi,[O] sangat dingin [S] positive [A] ac,"[[508, 46, 60, 27265, 524, 79187, 508, 50, 60, 8225, 508, 32, 60, 33417]]","[[508, 46, 60, 70464, 66442, 258, 508, 50, 60, 6785, 508, 32, 60, 1613]]"
tempat tdr kurang nyaman . [A] [O] [S],sarapan pagi sangat lezat . [A] [O] [S],[A] tempat tdr [O] kurang nyaman [S] negative,[A] sarapan pagi [O] sangat lezat [S] positive,"[[508, 32, 60, 2730, 266, 259, 3612, 508, 46, 60, 27265, 524, 19004, 12715, 508, 50, 60, 8225]]","[[508, 32, 60, 28047, 5359, 14774, 72, 508, 46, 60, 70464, 512, 89, 266, 508, 50, 60, 6785]]"
tempat tdr kurang nyaman . [A] [S] [O],sarapan pagi sangat lezat . [A] [S] [O],[A] tempat tdr [S] negative [O] kurang nyaman,[A] sarapan pagi [S] positive [O] sangat lezat,"[[508, 32, 60, 2730, 266, 259, 3612, 508, 50, 60, 8225, 508, 46, 60, 27265, 524, 19004, 12715]]","[[508, 32, 60, 28047, 5359, 14774, 72, 508, 50, 60, 6785, 508, 46, 60, 70464, 512, 89, 266]]"
tempat tdr kurang nyaman . [S] [A] [O],sarapan pagi sangat lezat . [S] [A] [O],[S] negative [A] tempat tdr [O] kurang nyaman,[S] positive [A] sarapan pagi [O] sangat lezat,"[[508, 50, 60, 8225, 508, 32, 60, 2730, 266, 259, 3612, 508, 46, 60, 27265, 524, 19004, 12715]]","[[508, 50, 60, 6785, 508, 32, 60, 28047, 5359, 14774, 72, 508, 46, 60, 70464, 512, 89, 266]]"
tempat tdr kurang nyaman . [O] [A] [S],sarapan pagi sangat lezat . [O] [A] [S],[O] kurang nyaman [A] tempat tdr [S] negative,[O] sangat lezat [A] sarapan pagi [S] positive,"[[508, 46, 60, 27265, 524, 19004, 12715, 508, 32, 60, 2730, 266, 259, 3612, 508, 50, 60, 8225]]","[[508, 46, 60, 70464, 512, 89, 266, 508, 32, 60, 28047, 5359, 14774, 72, 508, 50, 60, 6785]]"
tempat tdr kurang nyaman . [O] [S] [A],sarapan pagi sangat lezat . [O] [S] [A],[O] kurang nyaman [S] negative [A] tempat tdr,[O] sangat lezat [S] positive [A] sarapan pagi,"[[508, 46, 60, 27265, 524, 19004, 12715, 508, 50, 60, 8225, 508, 32, 60, 2730, 266, 259, 3612]]","[[508, 46, 60, 70464, 512, 89, 266, 508, 50, 60, 6785, 508, 32, 60, 28047, 5359, 14774, 72]]"
pelayanan bagus . terimakasih airy ! [A] [O] [S],makanan buruk . terimakasih airy ! [A] [O] [S],[A] pelayanan [O] bagus [S] positive,[A] makanan [O] buruk [S] negative,"[[508, 32, 60, 281, 6895, 28618, 508, 46, 60, 8968, 355, 508, 50, 60, 6785]]","[[508, 32, 60, 296, 19262, 276, 508, 46, 60, 7795, 3101, 508, 50, 60, 8225]]"
pelayanan bagus . terimakasih airy ! [A] [S] [O],makanan buruk . terimakasih airy ! [A] [S] [O],[A] pelayanan [S] positive [O] bagus,[A] makanan [S] negative [O] buruk,"[[508, 32, 60, 281, 6895, 28618, 508, 50, 60, 6785, 508, 46, 60, 8968, 355]]","[[508, 32, 60, 296, 19262, 276, 508, 50, 60, 8225, 508, 46, 60, 7795, 3101]]"
pelayanan bagus . terimakasih airy ! [S] [A] [O],makanan buruk . terimakasih airy ! [S] [A] [O],[S] positive [A] pelayanan [O] bagus,[S] negative [A] makanan [O] buruk,"[[508, 50, 60, 6785, 508, 32, 60, 281, 6895, 28618, 508, 46, 60, 8968, 355]]","[[508, 50, 60, 8225, 508, 32, 60, 296, 19262, 276, 508, 46, 60, 7795, 3101]]"
pelayanan bagus . terimakasih airy ! [O] [A] [S],makanan buruk . terimakasih airy ! [O] [A] [S],[O] bagus [A] pelayanan [S] positive,[O] buruk [A] makanan [S] negative,"[[508, 46, 60, 8968, 355, 508, 32, 60, 281, 6895, 28618, 508, 50, 60, 6785]]","[[508, 46, 60, 7795, 3101, 508, 32, 60, 296, 19262, 276, 508, 50, 60, 8225]]"
pelayanan bagus . terimakasih airy ! [O] [S] [A],makanan buruk . terimakasih airy ! [O] [S] [A],[O] bagus [S] positive [A] pelayanan,[O] buruk [S] negative [A] makanan,"[[508, 46, 60, 8968, 355, 508, 50, 60, 6785, 508, 32, 60, 281, 6895, 28618]]","[[508, 46, 60, 7795, 3101, 508, 50, 60, 8225, 508, 32, 60, 296, 19262, 276]]"
semua lengkap . [A] [O] [S],sauna buruk . [A] [O] [S],[A] semua [O] lengkap [S] positive,[A] sauna [O] buruk [S] negative,"[[508, 32, 60, 77497, 508, 46, 60, 47794, 38834, 508, 50, 60, 6785]]","[[508, 32, 60, 46858, 508, 46, 60, 7795, 3101, 508, 50, 60, 8225]]"
semua lengkap . [A] [S] [O],sauna buruk . [A] [S] [O],[A] semua [S] positive [O] lengkap,[A] sauna [S] negative [O] buruk,"[[508, 32, 60, 77497, 508, 50, 60, 6785, 508, 46, 60, 47794, 38834]]","[[508, 32, 60, 46858, 508, 50, 60, 8225, 508, 46, 60, 7795, 3101]]"
semua lengkap . [S] [A] [O],sauna buruk . [S] [A] [O],[S] positive [A] semua [O] lengkap,[S] negative [A] sauna [O] buruk,"[[508, 50, 60, 6785, 508, 32, 60, 77497, 508, 46, 60, 47794, 38834]]","[[508, 50, 60, 8225, 508, 32, 60, 46858, 508, 46, 60, 7795, 3101]]"
semua lengkap . [O] [A] [S],sauna buruk . [O] [A] [S],[O] lengkap [A] semua [S] positive,[O] buruk [A] sauna [S] negative,"[[508, 46, 60, 47794, 38834, 508, 32, 60, 77497, 508, 50, 60, 6785]]","[[508, 46, 60, 7795, 3101, 508, 32, 60, 46858, 508, 50, 60, 8225]]"
semua lengkap . [O] [S] [A],sauna buruk . [O] [S] [A],[O] lengkap [S] positive [A] semua,[O] buruk [S] negative [A] sauna,"[[508, 46, 60, 47794, 38834, 508, 50, 60, 6785, 508, 32, 60, 77497]]","[[508, 46, 60, 7795, 3101, 508, 50, 60, 8225, 508, 32, 60, 46858]]"
kamar sempit banget . [A] [O] [S],parkiran luas sekali . [A] [O] [S],[A] kamar [O] sempit banget [S] negative,[A] parkiran [O] luas sekali [S] positive,"[[508, 32, 60, 595, 15554, 508, 46, 60, 74597, 275, 8943, 455, 508, 50, 60, 8225]]","[[508, 32, 60, 6118, 54690, 508, 46, 60, 24743, 300, 43834, 7956, 508, 50, 60, 6785]]"
kamar sempit banget . [A] [S] [O],parkiran luas sekali . [A] [S] [O],[A] kamar [S] negative [O] sempit banget,[A] parkiran [S] positive [O] luas sekali,"[[508, 32, 60, 595, 15554, 508, 50, 60, 8225, 508, 46, 60, 74597, 275, 8943, 455]]","[[508, 32, 60, 6118, 54690, 508, 50, 60, 6785, 508, 46, 60, 24743, 300, 43834, 7956]]"
kamar sempit banget . [S] [A] [O],parkiran luas sekali . [S] [A] [O],[S] negative [A] kamar [O] sempit banget,[S] positive [A] parkiran [O] luas sekali,"[[508, 50, 60, 8225, 508, 32, 60, 595, 15554, 508, 46, 60, 74597, 275, 8943, 455]]","[[508, 50, 60, 6785, 508, 32, 60, 6118, 54690, 508, 46, 60, 24743, 300, 43834, 7956]]"
kamar sempit banget . [O] [A] [S],parkiran luas sekali . [O] [A] [S],[O] sempit banget [A] kamar [S] negative,[O] luas sekali [A] parkiran [S] positive,"[[508, 46, 60, 74597, 275, 8943, 455, 508, 32, 60, 595, 15554, 508, 50, 60, 8225]]","[[508, 46, 60, 24743, 300, 43834, 7956, 508, 32, 60, 6118, 54690, 508, 50, 60, 6785]]"
kamar sempit banget . [O] [S] [A],parkiran luas sekali . [O] [S] [A],[O] sempit banget [S] negative [A] kamar,[O] luas sekali [S] positive [A] parkiran,"[[508, 46, 60, 74597, 275, 8943, 455, 508, 50, 60, 8225, 508, 32, 60, 595, 15554]]","[[508, 46, 60, 24743, 300, 43834, 7956, 508, 50, 60, 6785, 508, 32, 60, 6118, 54690]]"
kamar luas dekat stasiun balapan . [A] [O] [S],lampu rusak dekat stasiun balapan . [A] [O] [S],[A] kamar [O] luas [S] positive,[A] lampu [O] rusak [S] negative,"[[508, 32, 60, 595, 15554, 508, 46, 60, 24743, 300, 508, 50, 60, 6785]]","[[508, 32, 60, 27962, 84, 508, 46, 60, 52454, 585, 508, 50, 60, 8225]]"
kamar luas dekat stasiun balapan . [A] [S] [O],lampu rusak dekat stasiun balapan . [A] [S] [O],[A] kamar [S] positive [O] luas,[A] lampu [S] negative [O] rusak,"[[508, 32, 60, 595, 15554, 508, 50, 60, 6785, 508, 46, 60, 24743, 300]]","[[508, 32, 60, 27962, 84, 508, 50, 60, 8225, 508, 46, 60, 52454, 585]]"
kamar luas dekat stasiun balapan . [S] [A] [O],lampu rusak dekat stasiun balapan . [S] [A] [O],[S] positive [A] kamar [O] luas,[S] negative [A] lampu [O] rusak,"[[508, 50, 60, 6785, 508, 32, 60, 595, 15554, 508, 46, 60, 24743, 300]]","[[508, 50, 60, 8225, 508, 32, 60, 27962, 84, 508, 46, 60, 52454, 585]]"
kamar luas dekat stasiun balapan . [O] [A] [S],lampu rusak dekat stasiun balapan . [O] [A] [S],[O] luas [A] kamar [S] positive,[O] rusak [A] lampu [S] negative,"[[508, 46, 60, 24743, 300, 508, 32, 60, 595, 15554, 508, 50, 60, 6785]]","[[508, 46, 60, 52454, 585, 508, 32, 60, 27962, 84, 508, 50, 60, 8225]]"
kamar luas dekat stasiun balapan . [O] [S] [A],lampu rusak dekat stasiun balapan . [O] [S] [A],[O] luas [S] positive [A] kamar,[O] rusak [S] negative [A] lampu,"[[508, 46, 60, 24743, 300, 508, 50, 60, 6785, 508, 32, 60, 595, 15554]]","[[508, 46, 60, 52454, 585, 508, 50, 60, 8225, 508, 32, 60, 27962, 84]]"
wastafel macet . [A] [O] [S],suasana nya buruk . [A] [O] [S],[A] wastafel [O] macet [S] negative,[A] suasana nya [O] buruk [S] negative,"[[508, 32, 60, 40321, 2577, 301, 508, 46, 60, 8978, 295, 508, 50, 60, 8225]]","[[508, 32, 60, 52097, 3362, 75189, 508, 46, 60, 7795, 3101, 508, 50, 60, 8225]]"
wastafel macet . [A] [S] [O],suasana nya buruk . [A] [S] [O],[A] wastafel [S] negative [O] macet,[A] suasana nya [S] negative [O] buruk,"[[508, 32, 60, 40321, 2577, 301, 508, 50, 60, 8225, 508, 46, 60, 8978, 295]]","[[508, 32, 60, 52097, 3362, 75189, 508, 50, 60, 8225, 508, 46, 60, 7795, 3101]]"
wastafel macet . [S] [A] [O],suasana nya buruk . [S] [A] [O],[S] negative [A] wastafel [O] macet,[S] negative [A] suasana nya [O] buruk,"[[508, 50, 60, 8225, 508, 32, 60, 40321, 2577, 301, 508, 46, 60, 8978, 295]]","[[508, 50, 60, 8225, 508, 32, 60, 52097, 3362, 75189, 508, 46, 60, 7795, 3101]]"
wastafel macet . [O] [A] [S],suasana nya buruk . [O] [A] [S],[O] macet [A] wastafel [S] negative,[O] buruk [A] suasana nya [S] negative,"[[508, 46, 60, 8978, 295, 508, 32, 60, 40321, 2577, 301, 508, 50, 60, 8225]]","[[508, 46, 60, 7795, 3101, 508, 32, 60, 52097, 3362, 75189, 508, 50, 60, 8225]]"
wastafel macet . [O] [S] [A],suasana nya buruk . [O] [S] [A],[O] macet [S] negative [A] wastafel,[O] buruk [S] negative [A] suasana nya,"[[508, 46, 60, 8978, 295, 508, 50, 60, 8225, 508, 32, 60, 40321, 2577, 301]]","[[508, 46, 60, 7795, 3101, 508, 50, 60, 8225, 508, 32, 60, 52097, 3362, 75189]]"
tetapi tidak disediakan air mineral di dalam kamar . [A] [O] [S],tetapi kasur terasa empuk di dalam kamar . [A] [O] [S],[A] air mineral [O] tidak disediakan [S] negative,[A] kasur [O] terasa empuk [S] positive,"[[508, 32, 60, 3720, 24136, 508, 46, 60, 27281, 827, 19048, 19262, 508, 50, 60, 8225]]","[[508, 32, 60, 47656, 324, 508, 46, 60, 1982, 15428, 8486, 3101, 508, 50, 60, 6785]]"
tetapi tidak disediakan air mineral di dalam kamar . [A] [S] [O],tetapi kasur terasa empuk di dalam kamar . [A] [S] [O],[A] air mineral [S] negative [O] tidak disediakan,[A] kasur [S] positive [O] terasa empuk,"[[508, 32, 60, 3720, 24136, 508, 50, 60, 8225, 508, 46, 60, 27281, 827, 19048, 19262]]","[[508, 32, 60, 47656, 324, 508, 50, 60, 6785, 508, 46, 60, 1982, 15428, 8486, 3101]]"
tetapi tidak disediakan air mineral di dalam kamar . [S] [A] [O],tetapi kasur terasa empuk di dalam kamar . [S] [A] [O],[S] negative [A] air mineral [O] tidak disediakan,[S] positive [A] kasur [O] terasa empuk,"[[508, 50, 60, 8225, 508, 32, 60, 3720, 24136, 508, 46, 60, 27281, 827, 19048, 19262]]","[[508, 50, 60, 6785, 508, 32, 60, 47656, 324, 508, 46, 60, 1982, 15428, 8486, 3101]]"
tetapi tidak disediakan air mineral di dalam kamar . [O] [A] [S],tetapi kasur terasa empuk di dalam kamar . [O] [A] [S],[O] tidak disediakan [A] air mineral [S] negative,[O] terasa empuk [A] kasur [S] positive,"[[508, 46, 60, 27281, 827, 19048, 19262, 508, 32, 60, 3720, 24136, 508, 50, 60, 8225]]","[[508, 46, 60, 1982, 15428, 8486, 3101, 508, 32, 60, 47656, 324, 508, 50, 60, 6785]]"
tetapi tidak disediakan air mineral di dalam kamar . [O] [S] [A],tetapi kasur terasa empuk di dalam kamar . [O] [S] [A],[O] tidak disediakan [S] negative [A] air mineral,[O] terasa empuk [S] positive [A] kasur,"[[508, 46, 60, 27281, 827, 19048, 19262, 508, 50, 60, 8225, 508, 32, 60, 3720, 24136]]","[[508, 46, 60, 1982, 15428, 8486, 3101, 508, 50, 60, 6785, 508, 32, 60, 47656, 324]]"
pelayanan resepsionis cepat . [A] [O] [S],suara kendaraan di luar bising . [A] [O] [S],[A] pelayanan resepsionis [O] cepat [S] positive,[A] suara kendaraan di luar [O] bising [S] negative,"[[508, 32, 60, 281, 6895, 28618, 312, 325, 1690, 290, 285, 508, 46, 60, 62090, 266, 508, 50, 60, 6785]]","[[508, 32, 60, 913, 5059, 71748, 5059, 276, 1853, 326, 18731, 508, 46, 60, 293, 3791, 508, 50, 60, 8225]]"
pelayanan resepsionis cepat . [A] [S] [O],suara kendaraan di luar bising . [A] [S] [O],[A] pelayanan resepsionis [S] positive [O] cepat,[A] suara kendaraan di luar [S] negative [O] bising,"[[508, 32, 60, 281, 6895, 28618, 312, 325, 1690, 290, 285, 508, 50, 60, 6785, 508, 46, 60, 62090, 266]]","[[508, 32, 60, 913, 5059, 71748, 5059, 276, 1853, 326, 18731, 508, 50, 60, 8225, 508, 46, 60, 293, 3791]]"
pelayanan resepsionis cepat . [S] [A] [O],suara kendaraan di luar bising . [S] [A] [O],[S] positive [A] pelayanan resepsionis [O] cepat,[S] negative [A] suara kendaraan di luar [O] bising,"[[508, 50, 60, 6785, 508, 32, 60, 281, 6895, 28618, 312, 325, 1690, 290, 285, 508, 46, 60, 62090, 266]]","[[508, 50, 60, 8225, 508, 32, 60, 913, 5059, 71748, 5059, 276, 1853, 326, 18731, 508, 46, 60, 293, 3791]]"
pelayanan resepsionis cepat . [O] [A] [S],suara kendaraan di luar bising . [O] [A] [S],[O] cepat [A] pelayanan resepsionis [S] positive,[O] bising [A] suara kendaraan di luar [S] negative,"[[508, 46, 60, 62090, 266, 508, 32, 60, 281, 6895, 28618, 312, 325, 1690, 290, 285, 508, 50, 60, 6785]]","[[508, 46, 60, 293, 3791, 508, 32, 60, 913, 5059, 71748, 5059, 276, 1853, 326, 18731, 508, 50, 60, 8225]]"
pelayanan resepsionis cepat . [O] [S] [A],suara kendaraan di luar bising . [O] [S] [A],[O] cepat [S] positive [A] pelayanan resepsionis,[O] bising [S] negative [A] suara kendaraan di luar,"[[508, 46, 60, 62090, 266, 508, 50, 60, 6785, 508, 32, 60, 281, 6895, 28618, 312, 325, 1690, 290, 285]]","[[508, 46, 60, 293, 3791, 508, 50, 60, 8225, 508, 32, 60, 913, 5059, 71748, 5059, 276, 1853, 326, 18731]]"
resepsionisnya ramah . [A] [O] [S],pegawai cleaning servisnya buruk . [A] [O] [S],[A] resepsionisnya [O] ramah [S] positive,[A] pegawai cleaning servisnya [O] buruk [S] negative,"[[508, 32, 60, 312, 325, 1690, 290, 285, 22891, 508, 46, 60, 17823, 1466, 508, 50, 60, 6785]]","[[508, 32, 60, 30687, 35969, 15826, 4853, 285, 22891, 508, 46, 60, 7795, 3101, 508, 50, 60, 8225]]"
resepsionisnya ramah . [A] [S] [O],pegawai cleaning servisnya buruk . [A] [S] [O],[A] resepsionisnya [S] positive [O] ramah,[A] pegawai cleaning servisnya [S] negative [O] buruk,"[[508, 32, 60, 312, 325, 1690, 290, 285, 22891, 508, 50, 60, 6785, 508, 46, 60, 17823, 1466]]","[[508, 32, 60, 30687, 35969, 15826, 4853, 285, 22891, 508, 50, 60, 8225, 508, 46, 60, 7795, 3101]]"
resepsionisnya ramah . [S] [A] [O],pegawai cleaning servisnya buruk . [S] [A] [O],[S] positive [A] resepsionisnya [O] ramah,[S] negative [A] pegawai cleaning servisnya [O] buruk,"[[508, 50, 60, 6785, 508, 32, 60, 312, 325, 1690, 290, 285, 22891, 508, 46, 60, 17823, 1466]]","[[508, 50, 60, 8225, 508, 32, 60, 30687, 35969, 15826, 4853, 285, 22891, 508, 46, 60, 7795, 3101]]"
resepsionisnya ramah . [O] [A] [S],pegawai cleaning servisnya buruk . [O] [A] [S],[O] ramah [A] resepsionisnya [S] positive,[O] buruk [A] pegawai cleaning servisnya [S] negative,"[[508, 46, 60, 17823, 1466, 508, 32, 60, 312, 325, 1690, 290, 285, 22891, 508, 50, 60, 6785]]","[[508, 46, 60, 7795, 3101, 508, 32, 60, 30687, 35969, 15826, 4853, 285, 22891, 508, 50, 60, 8225]]"
resepsionisnya ramah . [O] [S] [A],pegawai cleaning servisnya buruk . [O] [S] [A],[O] ramah [S] positive [A] resepsionisnya,[O] buruk [S] negative [A] pegawai cleaning servisnya,"[[508, 46, 60, 17823, 1466, 508, 50, 60, 6785, 508, 32, 60, 312, 325, 1690, 290, 285, 22891]]","[[508, 46, 60, 7795, 3101, 508, 50, 60, 8225, 508, 32, 60, 30687, 35969, 15826, 4853, 285, 22891]]"
sayang sekali tidak ada sarapan apaapa . [A] [O] [S],sayang sekali ramah pegawai apaapa . [A] [O] [S],[A] sarapan [O] tidak ada [S] negative,[A] pegawai [O] ramah [S] positive,"[[508, 32, 60, 28047, 5359, 508, 46, 60, 27281, 34234, 508, 50, 60, 8225]]","[[508, 32, 60, 30687, 35969, 508, 46, 60, 17823, 1466, 508, 50, 60, 6785]]"
sayang sekali tidak ada sarapan apaapa . [A] [S] [O],sayang sekali ramah pegawai apaapa . [A] [S] [O],[A] sarapan [S] negative [O] tidak ada,[A] pegawai [S] positive [O] ramah,"[[508, 32, 60, 28047, 5359, 508, 50, 60, 8225, 508, 46, 60, 27281, 34234]]","[[508, 32, 60, 30687, 35969, 508, 50, 60, 6785, 508, 46, 60, 17823, 1466]]"
sayang sekali tidak ada sarapan apaapa . [S] [A] [O],sayang sekali ramah pegawai apaapa . [S] [A] [O],[S] negative [A] sarapan [O] tidak ada,[S] positive [A] pegawai [O] ramah,"[[508, 50, 60, 8225, 508, 32, 60, 28047, 5359, 508, 46, 60, 27281, 34234]]","[[508, 50, 60, 6785, 508, 32, 60, 30687, 35969, 508, 46, 60, 17823, 1466]]"
sayang sekali tidak ada sarapan apaapa . [O] [A] [S],sayang sekali ramah pegawai apaapa . [O] [A] [S],[O] tidak ada [A] sarapan [S] negative,[O] ramah [A] pegawai [S] positive,"[[508, 46, 60, 27281, 34234, 508, 32, 60, 28047, 5359, 508, 50, 60, 8225]]","[[508, 46, 60, 17823, 1466, 508, 32, 60, 30687, 35969, 508, 50, 60, 6785]]"
sayang sekali tidak ada sarapan apaapa . [O] [S] [A],sayang sekali ramah pegawai apaapa . [O] [S] [A],[O] tidak ada [S] negative [A] sarapan,[O] ramah [S] positive [A] pegawai,"[[508, 46, 60, 27281, 34234, 508, 50, 60, 8225, 508, 32, 60, 28047, 5359]]","[[508, 46, 60, 17823, 1466, 508, 50, 60, 6785, 508, 32, 60, 30687, 35969]]"
untuk sarapan kurang memuaskan . [A] [O] [S],untuk kamar bersih dan nyaman . [A] [O] [S],[A] sarapan [O] kurang memuaskan [S] negative,[A] kamar [O] bersih dan nyaman [S] positive,"[[508, 32, 60, 28047, 5359, 508, 46, 60, 27265, 524, 1833, 84, 78351, 508, 50, 60, 8225]]","[[508, 32, 60, 595, 15554, 508, 46, 60, 58554, 6996, 9101, 19004, 12715, 508, 50, 60, 6785]]"
untuk sarapan kurang memuaskan . [A] [S] [O],untuk kamar bersih dan nyaman . [A] [S] [O],[A] sarapan [S] negative [O] kurang memuaskan,[A] kamar [S] positive [O] bersih dan nyaman,"[[508, 32, 60, 28047, 5359, 508, 50, 60, 8225, 508, 46, 60, 27265, 524, 1833, 84, 78351]]","[[508, 32, 60, 595, 15554, 508, 50, 60, 6785, 508, 46, 60, 58554, 6996, 9101, 19004, 12715]]"
untuk sarapan kurang memuaskan . [S] [A] [O],untuk kamar bersih dan nyaman . [S] [A] [O],[S] negative [A] sarapan [O] kurang memuaskan,[S] positive [A] kamar [O] bersih dan nyaman,"[[508, 50, 60, 8225, 508, 32, 60, 28047, 5359, 508, 46, 60, 27265, 524, 1833, 84, 78351]]","[[508, 50, 60, 6785, 508, 32, 60, 595, 15554, 508, 46, 60, 58554, 6996, 9101, 19004, 12715]]"
untuk sarapan kurang memuaskan . [O] [A] [S],untuk kamar bersih dan nyaman . [O] [A] [S],[O] kurang memuaskan [A] sarapan [S] negative,[O] bersih dan nyaman [A] kamar [S] positive,"[[508, 46, 60, 27265, 524, 1833, 84, 78351, 508, 32, 60, 28047, 5359, 508, 50, 60, 8225]]","[[508, 46, 60, 58554, 6996, 9101, 19004, 12715, 508, 32, 60, 595, 15554, 508, 50, 60, 6785]]"
untuk sarapan kurang memuaskan . [O] [S] [A],untuk kamar bersih dan nyaman . [O] [S] [A],[O] kurang memuaskan [S] negative [A] sarapan,[O] bersih dan nyaman [S] positive [A] kamar,"[[508, 46, 60, 27265, 524, 1833, 84, 78351, 508, 50, 60, 8225, 508, 32, 60, 28047, 5359]]","[[508, 46, 60, 58554, 6996, 9101, 19004, 12715, 508, 50, 60, 6785, 508, 32, 60, 595, 15554]]"
hotel nyaman . terimakasih airy . [A] [O] [S],wifi lemot . terimakasih airy . [A] [O] [S],[A] hotel [O] nyaman [S] positive,[A] wifi [O] lemot [S] negative,"[[508, 32, 60, 9500, 508, 46, 60, 19004, 12715, 508, 50, 60, 6785]]","[[508, 32, 60, 33417, 508, 46, 60, 512, 46828, 508, 50, 60, 8225]]"
hotel nyaman . terimakasih airy . [A] [S] [O],wifi lemot . terimakasih airy . [A] [S] [O],[A] hotel [S] positive [O] nyaman,[A] wifi [S] negative [O] lemot,"[[508, 32, 60, 9500, 508, 50, 60, 6785, 508, 46, 60, 19004, 12715]]","[[508, 32, 60, 33417, 508, 50, 60, 8225, 508, 46, 60, 512, 46828]]"
hotel nyaman . terimakasih airy . [S] [A] [O],wifi lemot . terimakasih airy . [S] [A] [O],[S] positive [A] hotel [O] nyaman,[S] negative [A] wifi [O] lemot,"[[508, 50, 60, 6785, 508, 32, 60, 9500, 508, 46, 60, 19004, 12715]]","[[508, 50, 60, 8225, 508, 32, 60, 33417, 508, 46, 60, 512, 46828]]"
hotel nyaman . terimakasih airy . [O] [A] [S],wifi lemot . terimakasih airy . [O] [A] [S],[O] nyaman [A] hotel [S] positive,[O] lemot [A] wifi [S] negative,"[[508, 46, 60, 19004, 12715, 508, 32, 60, 9500, 508, 50, 60, 6785]]","[[508, 46, 60, 512, 46828, 508, 32, 60, 33417, 508, 50, 60, 8225]]"
hotel nyaman . terimakasih airy . [O] [S] [A],wifi lemot . terimakasih airy . [O] [S] [A],[O] nyaman [S] positive [A] hotel,[O] lemot [S] negative [A] wifi,"[[508, 46, 60, 19004, 12715, 508, 50, 60, 6785, 508, 32, 60, 9500]]","[[508, 46, 60, 512, 46828, 508, 50, 60, 8225, 508, 32, 60, 33417]]"
shower nya rusak . [A] [O] [S],toilet nya bersih . [A] [O] [S],[A] shower nya [O] rusak [S] negative,[A] toilet nya [O] bersih [S] positive,"[[508, 32, 60, 17196, 75189, 508, 46, 60, 52454, 585, 508, 50, 60, 8225]]","[[508, 32, 60, 26214, 75189, 508, 46, 60, 58554, 6996, 508, 50, 60, 6785]]"
shower nya rusak . [A] [S] [O],toilet nya bersih . [A] [S] [O],[A] shower nya [S] negative [O] rusak,[A] toilet nya [S] positive [O] bersih,"[[508, 32, 60, 17196, 75189, 508, 50, 60, 8225, 508, 46, 60, 52454, 585]]","[[508, 32, 60, 26214, 75189, 508, 50, 60, 6785, 508, 46, 60, 58554, 6996]]"
shower nya rusak . [S] [A] [O],toilet nya bersih . [S] [A] [O],[S] negative [A] shower nya [O] rusak,[S] positive [A] toilet nya [O] bersih,"[[508, 50, 60, 8225, 508, 32, 60, 17196, 75189, 508, 46, 60, 52454, 585]]","[[508, 50, 60, 6785, 508, 32, 60, 26214, 75189, 508, 46, 60, 58554, 6996]]"
shower nya rusak . [O] [A] [S],toilet nya bersih . [O] [A] [S],[O] rusak [A] shower nya [S] negative,[O] bersih [A] toilet nya [S] positive,"[[508, 46, 60, 52454, 585, 508, 32, 60, 17196, 75189, 508, 50, 60, 8225]]","[[508, 46, 60, 58554, 6996, 508, 32, 60, 26214, 75189, 508, 50, 60, 6785]]"
shower nya rusak . [O] [S] [A],toilet nya bersih . [O] [S] [A],[O] rusak [S] negative [A] shower nya,[O] bersih [S] positive [A] toilet nya,"[[508, 46, 60, 52454, 585, 508, 50, 60, 8225, 508, 32, 60, 17196, 75189]]","[[508, 46, 60, 58554, 6996, 508, 50, 60, 6785, 508, 32, 60, 26214, 75189]]"
sudah 2 kali menginap disana dan pelayanannya memuaskan . [A] [O] [S],sudah 2 kali menginap disana dan kamar mandinya tidak bersih . [A] [O] [S],[A] pelayanannya [O] memuaskan [S] positive,[A] kamar mandinya [O] tidak bersih [S] negative,"[[508, 32, 60, 281, 6895, 276, 71098, 508, 46, 60, 1833, 84, 78351, 508, 50, 60, 6785]]","[[508, 32, 60, 595, 15554, 11576, 61087, 508, 46, 60, 27281, 58554, 6996, 508, 50, 60, 8225]]"
sudah 2 kali menginap disana dan pelayanannya memuaskan . [A] [S] [O],sudah 2 kali menginap disana dan kamar mandinya tidak bersih . [A] [S] [O],[A] pelayanannya [S] positive [O] memuaskan,[A] kamar mandinya [S] negative [O] tidak bersih,"[[508, 32, 60, 281, 6895, 276, 71098, 508, 50, 60, 6785, 508, 46, 60, 1833, 84, 78351]]","[[508, 32, 60, 595, 15554, 11576, 61087, 508, 50, 60, 8225, 508, 46, 60, 27281, 58554, 6996]]"
sudah 2 kali menginap disana dan pelayanannya memuaskan . [S] [A] [O],sudah 2 kali menginap disana dan kamar mandinya tidak bersih . [S] [A] [O],[S] positive [A] pelayanannya [O] memuaskan,[S] negative [A] kamar mandinya [O] tidak bersih,"[[508, 50, 60, 6785, 508, 32, 60, 281, 6895, 276, 71098, 508, 46, 60, 1833, 84, 78351]]","[[508, 50, 60, 8225, 508, 32, 60, 595, 15554, 11576, 61087, 508, 46, 60, 27281, 58554, 6996]]"
sudah 2 kali menginap disana dan pelayanannya memuaskan . [O] [A] [S],sudah 2 kali menginap disana dan kamar mandinya tidak bersih . [O] [A] [S],[O] memuaskan [A] pelayanannya [S] positive,[O] tidak bersih [A] kamar mandinya [S] negative,"[[508, 46, 60, 1833, 84, 78351, 508, 32, 60, 281, 6895, 276, 71098, 508, 50, 60, 6785]]","[[508, 46, 60, 27281, 58554, 6996, 508, 32, 60, 595, 15554, 11576, 61087, 508, 50, 60, 8225]]"
sudah 2 kali menginap disana dan pelayanannya memuaskan . [O] [S] [A],sudah 2 kali menginap disana dan kamar mandinya tidak bersih . [O] [S] [A],[O] memuaskan [S] positive [A] pelayanannya,[O] tidak bersih [S] negative [A] kamar mandinya,"[[508, 46, 60, 1833, 84, 78351, 508, 50, 60, 6785, 508, 32, 60, 281, 6895, 276, 71098]]","[[508, 46, 60, 27281, 58554, 6996, 508, 50, 60, 8225, 508, 32, 60, 595, 15554, 11576, 61087]]"
handuk cuma 1 . [A] [O] [S],sarapan cukup enak . [A] [O] [S],[A] handuk [O] cuma 1 [S] negative,[A] sarapan [O] cukup enak [S] positive,"[[508, 32, 60, 1424, 3101, 508, 46, 60, 12177, 64, 220, 16, 508, 50, 60, 8225]]","[[508, 32, 60, 28047, 5359, 508, 46, 60, 92743, 454, 662, 585, 508, 50, 60, 6785]]"
handuk cuma 1 . [A] [S] [O],sarapan cukup enak . [A] [S] [O],[A] handuk [S] negative [O] cuma 1,[A] sarapan [S] positive [O] cukup enak,"[[508, 32, 60, 1424, 3101, 508, 50, 60, 8225, 508, 46, 60, 12177, 64, 220, 16]]","[[508, 32, 60, 28047, 5359, 508, 50, 60, 6785, 508, 46, 60, 92743, 454, 662, 585]]"
handuk cuma 1 . [S] [A] [O],sarapan cukup enak . [S] [A] [O],[S] negative [A] handuk [O] cuma 1,[S] positive [A] sarapan [O] cukup enak,"[[508, 50, 60, 8225, 508, 32, 60, 1424, 3101, 508, 46, 60, 12177, 64, 220, 16]]","[[508, 50, 60, 6785, 508, 32, 60, 28047, 5359, 508, 46, 60, 92743, 454, 662, 585]]"
handuk cuma 1 . [O] [A] [S],sarapan cukup enak . [O] [A] [S],[O] cuma 1 [A] handuk [S] negative,[O] cukup enak [A] sarapan [S] positive,"[[508, 46, 60, 12177, 64, 220, 16, 508, 32, 60, 1424, 3101, 508, 50, 60, 8225]]","[[508, 46, 60, 92743, 454, 662, 585, 508, 32, 60, 28047, 5359, 508, 50, 60, 6785]]"
handuk cuma 1 . [O] [S] [A],sarapan cukup enak . [O] [S] [A],[O] cuma 1 [S] negative [A] handuk,[O] cukup enak [S] positive [A] sarapan,"[[508, 46, 60, 12177, 64, 220, 16, 508, 50, 60, 8225, 508, 32, 60, 1424, 3101]]","[[508, 46, 60, 92743, 454, 662, 585, 508, 50, 60, 6785, 508, 32, 60, 28047, 5359]]"
"proses check in nya lama , padahal sudah mau istirahat . [A] [O] [S]","akses kamarnya cepat , padahal sudah mau istirahat . [A] [O] [S]",[A] proses check in nya [O] lama [S] negative,[A] akses kamarnya [O] cepat [S] positive,"[[508, 32, 60, 8709, 288, 1779, 304, 75189, 508, 46, 60, 326, 3029, 508, 50, 60, 8225]]","[[508, 32, 60, 264, 54009, 33661, 1885, 7755, 508, 46, 60, 62090, 266, 508, 50, 60, 6785]]"
"proses check in nya lama , padahal sudah mau istirahat . [A] [S] [O]","akses kamarnya cepat , padahal sudah mau istirahat . [A] [S] [O]",[A] proses check in nya [S] negative [O] lama,[A] akses kamarnya [S] positive [O] cepat,"[[508, 32, 60, 8709, 288, 1779, 304, 75189, 508, 50, 60, 8225, 508, 46, 60, 326, 3029]]","[[508, 32, 60, 264, 54009, 33661, 1885, 7755, 508, 50, 60, 6785, 508, 46, 60, 62090, 266]]"
"proses check in nya lama , padahal sudah mau istirahat . [S] [A] [O]","akses kamarnya cepat , padahal sudah mau istirahat . [S] [A] [O]",[S] negative [A] proses check in nya [O] lama,[S] positive [A] akses kamarnya [O] cepat,"[[508, 50, 60, 8225, 508, 32, 60, 8709, 288, 1779, 304, 75189, 508, 46, 60, 326, 3029]]","[[508, 50, 60, 6785, 508, 32, 60, 264, 54009, 33661, 1885, 7755, 508, 46, 60, 62090, 266]]"
"proses check in nya lama , padahal sudah mau istirahat . [O] [A] [S]","akses kamarnya cepat , padahal sudah mau istirahat . [O] [A] [S]",[O] lama [A] proses check in nya [S] negative,[O] cepat [A] akses kamarnya [S] positive,"[[508, 46, 60, 326, 3029, 508, 32, 60, 8709, 288, 1779, 304, 75189, 508, 50, 60, 8225]]","[[508, 46, 60, 62090, 266, 508, 32, 60, 264, 54009, 33661, 1885, 7755, 508, 50, 60, 6785]]"
"proses check in nya lama , padahal sudah mau istirahat . [O] [S] [A]","akses kamarnya cepat , padahal sudah mau istirahat . [O] [S] [A]",[O] lama [S] negative [A] proses check in nya,[O] cepat [S] positive [A] akses kamarnya,"[[508, 46, 60, 326, 3029, 508, 50, 60, 8225, 508, 32, 60, 8709, 288, 1779, 304, 75189]]","[[508, 46, 60, 62090, 266, 508, 50, 60, 6785, 508, 32, 60, 264, 54009, 33661, 1885, 7755]]"
kamar mandi sempit . [A] [O] [S],view jendela bagus . [A] [O] [S],[A] kamar mandi [O] sempit [S] negative,[A] view jendela [O] bagus [S] positive,"[[508, 32, 60, 595, 15554, 11576, 72, 508, 46, 60, 74597, 275, 508, 50, 60, 8225]]","[[508, 32, 60, 1651, 502, 408, 8294, 508, 46, 60, 8968, 355, 508, 50, 60, 6785]]"
kamar mandi sempit . [A] [S] [O],view jendela bagus . [A] [S] [O],[A] kamar mandi [S] negative [O] sempit,[A] view jendela [S] positive [O] bagus,"[[508, 32, 60, 595, 15554, 11576, 72, 508, 50, 60, 8225, 508, 46, 60, 74597, 275]]","[[508, 32, 60, 1651, 502, 408, 8294, 508, 50, 60, 6785, 508, 46, 60, 8968, 355]]"
kamar mandi sempit . [S] [A] [O],view jendela bagus . [S] [A] [O],[S] negative [A] kamar mandi [O] sempit,[S] positive [A] view jendela [O] bagus,"[[508, 50, 60, 8225, 508, 32, 60, 595, 15554, 11576, 72, 508, 46, 60, 74597, 275]]","[[508, 50, 60, 6785, 508, 32, 60, 1651, 502, 408, 8294, 508, 46, 60, 8968, 355]]"
kamar mandi sempit . [O] [A] [S],view jendela bagus . [O] [A] [S],[O] sempit [A] kamar mandi [S] negative,[O] bagus [A] view jendela [S] positive,"[[508, 46, 60, 74597, 275, 508, 32, 60, 595, 15554, 11576, 72, 508, 50, 60, 8225]]","[[508, 46, 60, 8968, 355, 508, 32, 60, 1651, 502, 408, 8294, 508, 50, 60, 6785]]"
kamar mandi sempit . [O] [S] [A],view jendela bagus . [O] [S] [A],[O] sempit [S] negative [A] kamar mandi,[O] bagus [S] positive [A] view jendela,"[[508, 46, 60, 74597, 275, 508, 50, 60, 8225, 508, 32, 60, 595, 15554, 11576, 72]]","[[508, 46, 60, 8968, 355, 508, 50, 60, 6785, 508, 32, 60, 1651, 502, 408, 8294]]"
ac kurang dingin . [A] [O] [S],api lumayan dingin . [A] [O] [S],[A] ac [O] kurang dingin [S] negative,[A] api [O] lumayan dingin [S] positive,"[[508, 32, 60, 1613, 508, 46, 60, 27265, 524, 66442, 258, 508, 50, 60, 8225]]","[[508, 32, 60, 6330, 508, 46, 60, 40163, 43857, 66442, 258, 508, 50, 60, 6785]]"
ac kurang dingin . [A] [S] [O],api lumayan dingin . [A] [S] [O],[A] ac [S] negative [O] kurang dingin,[A] api [S] positive [O] lumayan dingin,"[[508, 32, 60, 1613, 508, 50, 60, 8225, 508, 46, 60, 27265, 524, 66442, 258]]","[[508, 32, 60, 6330, 508, 50, 60, 6785, 508, 46, 60, 40163, 43857, 66442, 258]]"
ac kurang dingin . [S] [A] [O],api lumayan dingin . [S] [A] [O],[S] negative [A] ac [O] kurang dingin,[S] positive [A] api [O] lumayan dingin,"[[508, 50, 60, 8225, 508, 32, 60, 1613, 508, 46, 60, 27265, 524, 66442, 258]]","[[508, 50, 60, 6785, 508, 32, 60, 6330, 508, 46, 60, 40163, 43857, 66442, 258]]"
ac kurang dingin . [O] [A] [S],api lumayan dingin . [O] [A] [S],[O] kurang dingin [A] ac [S] negative,[O] lumayan dingin [A] api [S] positive,"[[508, 46, 60, 27265, 524, 66442, 258, 508, 32, 60, 1613, 508, 50, 60, 8225]]","[[508, 46, 60, 40163, 43857, 66442, 258, 508, 32, 60, 6330, 508, 50, 60, 6785]]"
ac kurang dingin . [O] [S] [A],api lumayan dingin . [O] [S] [A],[O] kurang dingin [S] negative [A] ac,[O] lumayan dingin [S] positive [A] api,"[[508, 46, 60, 27265, 524, 66442, 258, 508, 50, 60, 8225, 508, 32, 60, 1613]]","[[508, 46, 60, 40163, 43857, 66442, 258, 508, 50, 60, 6785, 508, 32, 60, 6330]]"
"setiap mau check in pasti dihotel ini , karena pelayanannya sangat baik . [A] [O] [S]","setiap mau check in pasti dihotel ini , karena fasilitasnya sangat minim . [A] [O] [S]",[A] pelayanannya [O] sangat baik [S] positive,[A] fasilitasnya [O] sangat minim [S] negative,"[[508, 32, 60, 281, 6895, 276, 71098, 508, 46, 60, 70464, 79187, 508, 50, 60, 6785]]","[[508, 32, 60, 66518, 3664, 300, 22891, 508, 46, 60, 70464, 21187, 508, 50, 60, 8225]]"
"setiap mau check in pasti dihotel ini , karena pelayanannya sangat baik . [A] [S] [O]","setiap mau check in pasti dihotel ini , karena fasilitasnya sangat minim . [A] [S] [O]",[A] pelayanannya [S] positive [O] sangat baik,[A] fasilitasnya [S] negative [O] sangat minim,"[[508, 32, 60, 281, 6895, 276, 71098, 508, 50, 60, 6785, 508, 46, 60, 70464, 79187]]","[[508, 32, 60, 66518, 3664, 300, 22891, 508, 50, 60, 8225, 508, 46, 60, 70464, 21187]]"
"setiap mau check in pasti dihotel ini , karena pelayanannya sangat baik . [S] [A] [O]","setiap mau check in pasti dihotel ini , karena fasilitasnya sangat minim . [S] [A] [O]",[S] positive [A] pelayanannya [O] sangat baik,[S] negative [A] fasilitasnya [O] sangat minim,"[[508, 50, 60, 6785, 508, 32, 60, 281, 6895, 276, 71098, 508, 46, 60, 70464, 79187]]","[[508, 50, 60, 8225, 508, 32, 60, 66518, 3664, 300, 22891, 508, 46, 60, 70464, 21187]]"
"setiap mau check in pasti dihotel ini , karena pelayanannya sangat baik . [O] [A] [S]","setiap mau check in pasti dihotel ini , karena fasilitasnya sangat minim . [O] [A] [S]",[O] sangat baik [A] pelayanannya [S] positive,[O] sangat minim [A] fasilitasnya [S] negative,"[[508, 46, 60, 70464, 79187, 508, 32, 60, 281, 6895, 276, 71098, 508, 50, 60, 6785]]","[[508, 46, 60, 70464, 21187, 508, 32, 60, 66518, 3664, 300, 22891, 508, 50, 60, 8225]]"
"setiap mau check in pasti dihotel ini , karena pelayanannya sangat baik . [O] [S] [A]","setiap mau check in pasti dihotel ini , karena fasilitasnya sangat minim . [O] [S] [A]",[O] sangat baik [S] positive [A] pelayanannya,[O] sangat minim [S] negative [A] fasilitasnya,"[[508, 46, 60, 70464, 79187, 508, 50, 60, 6785, 508, 32, 60, 281, 6895, 276, 71098]]","[[508, 46, 60, 70464, 21187, 508, 50, 60, 8225, 508, 32, 60, 66518, 3664, 300, 22891]]"
hanya saja ruangan terlalu sempit . [A] [O] [S],hanya saja internetnya lancar dan cepat . [A] [O] [S],[A] ruangan [O] terlalu sempit [S] negative,[A] internetnya [O] lancar dan cepat [S] positive,"[[508, 32, 60, 11122, 18633, 508, 46, 60, 1982, 75, 36986, 74597, 275, 508, 50, 60, 8225]]","[[508, 32, 60, 7602, 22891, 508, 46, 60, 75285, 277, 9101, 62090, 266, 508, 50, 60, 6785]]"
hanya saja ruangan terlalu sempit . [A] [S] [O],hanya saja internetnya lancar dan cepat . [A] [S] [O],[A] ruangan [S] negative [O] terlalu sempit,[A] internetnya [S] positive [O] lancar dan cepat,"[[508, 32, 60, 11122, 18633, 508, 50, 60, 8225, 508, 46, 60, 1982, 75, 36986, 74597, 275]]","[[508, 32, 60, 7602, 22891, 508, 50, 60, 6785, 508, 46, 60, 75285, 277, 9101, 62090, 266]]"
hanya saja ruangan terlalu sempit . [S] [A] [O],hanya saja internetnya lancar dan cepat . [S] [A] [O],[S] negative [A] ruangan [O] terlalu sempit,[S] positive [A] internetnya [O] lancar dan cepat,"[[508, 50, 60, 8225, 508, 32, 60, 11122, 18633, 508, 46, 60, 1982, 75, 36986, 74597, 275]]","[[508, 50, 60, 6785, 508, 32, 60, 7602, 22891, 508, 46, 60, 75285, 277, 9101, 62090, 266]]"
hanya saja ruangan terlalu sempit . [O] [A] [S],hanya saja internetnya lancar dan cepat . [O] [A] [S],[O] terlalu sempit [A] ruangan [S] negative,[O] lancar dan cepat [A] internetnya [S] positive,"[[508, 46, 60, 1982, 75, 36986, 74597, 275, 508, 32, 60, 11122, 18633, 508, 50, 60, 8225]]","[[508, 46, 60, 75285, 277, 9101, 62090, 266, 508, 32, 60, 7602, 22891, 508, 50, 60, 6785]]"
hanya saja ruangan terlalu sempit . [O] [S] [A],hanya saja internetnya lancar dan cepat . [O] [S] [A],[O] terlalu sempit [S] negative [A] ruangan,[O] lancar dan cepat [S] positive [A] internetnya,"[[508, 46, 60, 1982, 75, 36986, 74597, 275, 508, 50, 60, 8225, 508, 32, 60, 11122, 18633]]","[[508, 46, 60, 75285, 277, 9101, 62090, 266, 508, 50, 60, 6785, 508, 32, 60, 7602, 22891]]"
ac nya kurang dingin di kamar 515 . [A] [O] [S],view nya luar biasa di kamar 515 . [A] [O] [S],[A] ac nya [O] kurang dingin [S] negative,[A] view nya [O] luar biasa [S] positive,"[[508, 32, 60, 1613, 75189, 508, 46, 60, 27265, 524, 66442, 258, 508, 50, 60, 8225]]","[[508, 32, 60, 1651, 75189, 508, 46, 60, 326, 18731, 15470, 64, 508, 50, 60, 6785]]"
ac nya kurang dingin di kamar 515 . [A] [S] [O],view nya luar biasa di kamar 515 . [A] [S] [O],[A] ac nya [S] negative [O] kurang dingin,[A] view nya [S] positive [O] luar biasa,"[[508, 32, 60, 1613, 75189, 508, 50, 60, 8225, 508, 46, 60, 27265, 524, 66442, 258]]","[[508, 32, 60, 1651, 75189, 508, 50, 60, 6785, 508, 46, 60, 326, 18731, 15470, 64]]"
ac nya kurang dingin di kamar 515 . [S] [A] [O],view nya luar biasa di kamar 515 . [S] [A] [O],[S] negative [A] ac nya [O] kurang dingin,[S] positive [A] view nya [O] luar biasa,"[[508, 50, 60, 8225, 508, 32, 60, 1613, 75189, 508, 46, 60, 27265, 524, 66442, 258]]","[[508, 50, 60, 6785, 508, 32, 60, 1651, 75189, 508, 46, 60, 326, 18731, 15470, 64]]"
ac nya kurang dingin di kamar 515 . [O] [A] [S],view nya luar biasa di kamar 515 . [O] [A] [S],[O] kurang dingin [A] ac nya [S] negative,[O] luar biasa [A] view nya [S] positive,"[[508, 46, 60, 27265, 524, 66442, 258, 508, 32, 60, 1613, 75189, 508, 50, 60, 8225]]","[[508, 46, 60, 326, 18731, 15470, 64, 508, 32, 60, 1651, 75189, 508, 50, 60, 6785]]"
ac nya kurang dingin di kamar 515 . [O] [S] [A],view nya luar biasa di kamar 515 . [O] [S] [A],[O] kurang dingin [S] negative [A] ac nya,[O] luar biasa [S] positive [A] view nya,"[[508, 46, 60, 27265, 524, 66442, 258, 508, 50, 60, 8225, 508, 32, 60, 1613, 75189]]","[[508, 46, 60, 326, 18731, 15470, 64, 508, 50, 60, 6785, 508, 32, 60, 1651, 75189]]"
alhamdulillah baik pelayanannya . [A] [O] [S],alhamdulillah keras roti isinya . [A] [O] [S],[A] pelayanannya [O] baik [S] positive,[A] roti isinya [O] keras [S] negative,"[[508, 32, 60, 281, 6895, 276, 71098, 508, 46, 60, 79187, 508, 50, 60, 6785]]","[[508, 32, 60, 5749, 72, 374, 61087, 508, 46, 60, 25689, 508, 50, 60, 8225]]"
alhamdulillah baik pelayanannya . [A] [S] [O],alhamdulillah keras roti isinya . [A] [S] [O],[A] pelayanannya [S] positive [O] baik,[A] roti isinya [S] negative [O] keras,"[[508, 32, 60, 281, 6895, 276, 71098, 508, 50, 60, 6785, 508, 46, 60, 79187]]","[[508, 32, 60, 5749, 72, 374, 61087, 508, 50, 60, 8225, 508, 46, 60, 25689]]"
alhamdulillah baik pelayanannya . [S] [A] [O],alhamdulillah keras roti isinya . [S] [A] [O],[S] positive [A] pelayanannya [O] baik,[S] negative [A] roti isinya [O] keras,"[[508, 50, 60, 6785, 508, 32, 60, 281, 6895, 276, 71098, 508, 46, 60, 79187]]","[[508, 50, 60, 8225, 508, 32, 60, 5749, 72, 374, 61087, 508, 46, 60, 25689]]"
alhamdulillah baik pelayanannya . [O] [A] [S],alhamdulillah keras roti isinya . [O] [A] [S],[O] baik [A] pelayanannya [S] positive,[O] keras [A] roti isinya [S] negative,"[[508, 46, 60, 79187, 508, 32, 60, 281, 6895, 276, 71098, 508, 50, 60, 6785]]","[[508, 46, 60, 25689, 508, 32, 60, 5749, 72, 374, 61087, 508, 50, 60, 8225]]"
alhamdulillah baik pelayanannya . [O] [S] [A],alhamdulillah keras roti isinya . [O] [S] [A],[O] baik [S] positive [A] pelayanannya,[O] keras [S] negative [A] roti isinya,"[[508, 46, 60, 79187, 508, 50, 60, 6785, 508, 32, 60, 281, 6895, 276, 71098]]","[[508, 46, 60, 25689, 508, 50, 60, 8225, 508, 32, 60, 5749, 72, 374, 61087]]"
parkiran cukup luas . [A] [O] [S],sarapan kurang bersih . [A] [O] [S],[A] parkiran [O] cukup luas [S] positive,[A] sarapan [O] kurang bersih [S] negative,"[[508, 32, 60, 6118, 54690, 508, 46, 60, 92743, 454, 24743, 300, 508, 50, 60, 6785]]","[[508, 32, 60, 28047, 5359, 508, 46, 60, 27265, 524, 58554, 6996, 508, 50, 60, 8225]]"
parkiran cukup luas . [A] [S] [O],sarapan kurang bersih . [A] [S] [O],[A] parkiran [S] positive [O] cukup luas,[A] sarapan [S] negative [O] kurang bersih,"[[508, 32, 60, 6118, 54690, 508, 50, 60, 6785, 508, 46, 60, 92743, 454, 24743, 300]]","[[508, 32, 60, 28047, 5359, 508, 50, 60, 8225, 508, 46, 60, 27265, 524, 58554, 6996]]"
parkiran cukup luas . [S] [A] [O],sarapan kurang bersih . [S] [A] [O],[S] positive [A] parkiran [O] cukup luas,[S] negative [A] sarapan [O] kurang bersih,"[[508, 50, 60, 6785, 508, 32, 60, 6118, 54690, 508, 46, 60, 92743, 454, 24743, 300]]","[[508, 50, 60, 8225, 508, 32, 60, 28047, 5359, 508, 46, 60, 27265, 524, 58554, 6996]]"
parkiran cukup luas . [O] [A] [S],sarapan kurang bersih . [O] [A] [S],[O] cukup luas [A] parkiran [S] positive,[O] kurang bersih [A] sarapan [S] negative,"[[508, 46, 60, 92743, 454, 24743, 300, 508, 32, 60, 6118, 54690, 508, 50, 60, 6785]]","[[508, 46, 60, 27265, 524, 58554, 6996, 508, 32, 60, 28047, 5359, 508, 50, 60, 8225]]"
parkiran cukup luas . [O] [S] [A],sarapan kurang bersih . [O] [S] [A],[O] cukup luas [S] positive [A] parkiran,[O] kurang bersih [S] negative [A] sarapan,"[[508, 46, 60, 92743, 454, 24743, 300, 508, 50, 60, 6785, 508, 32, 60, 6118, 54690]]","[[508, 46, 60, 27265, 524, 58554, 6996, 508, 50, 60, 8225, 508, 32, 60, 28047, 5359]]"
ac tidak dingin . [A] [O] [S],staff sangat membantu . [A] [O] [S],[A] ac [O] tidak dingin [S] negative,[A] staff [O] sangat membantu [S] positive,"[[508, 32, 60, 1613, 508, 46, 60, 27281, 66442, 258, 508, 50, 60, 8225]]","[[508, 32, 60, 5570, 508, 46, 60, 70464, 38234, 91306, 508, 50, 60, 6785]]"
ac tidak dingin . [A] [S] [O],staff sangat membantu . [A] [S] [O],[A] ac [S] negative [O] tidak dingin,[A] staff [S] positive [O] sangat membantu,"[[508, 32, 60, 1613, 508, 50, 60, 8225, 508, 46, 60, 27281, 66442, 258]]","[[508, 32, 60, 5570, 508, 50, 60, 6785, 508, 46, 60, 70464, 38234, 91306]]"
ac tidak dingin . [S] [A] [O],staff sangat membantu . [S] [A] [O],[S] negative [A] ac [O] tidak dingin,[S] positive [A] staff [O] sangat membantu,"[[508, 50, 60, 8225, 508, 32, 60, 1613, 508, 46, 60, 27281, 66442, 258]]","[[508, 50, 60, 6785, 508, 32, 60, 5570, 508, 46, 60, 70464, 38234, 91306]]"
ac tidak dingin . [O] [A] [S],staff sangat membantu . [O] [A] [S],[O] tidak dingin [A] ac [S] negative,[O] sangat membantu [A] staff [S] positive,"[[508, 46, 60, 27281, 66442, 258, 508, 32, 60, 1613, 508, 50, 60, 8225]]","[[508, 46, 60, 70464, 38234, 91306, 508, 32, 60, 5570, 508, 50, 60, 6785]]"
ac tidak dingin . [O] [S] [A],staff sangat membantu . [O] [S] [A],[O] tidak dingin [S] negative [A] ac,[O] sangat membantu [S] positive [A] staff,"[[508, 46, 60, 27281, 66442, 258, 508, 50, 60, 8225, 508, 32, 60, 1613]]","[[508, 46, 60, 70464, 38234, 91306, 508, 50, 60, 6785, 508, 32, 60, 5570]]"
semuanya oke . [A] [O] [S],pelayanan buruk . [A] [O] [S],[A] semuanya [O] oke [S] positive,[A] pelayanan [O] buruk [S] negative,"[[508, 32, 60, 5234, 84, 24074, 508, 46, 60, 297, 440, 508, 50, 60, 6785]]","[[508, 32, 60, 281, 6895, 28618, 508, 46, 60, 7795, 3101, 508, 50, 60, 8225]]"
semuanya oke . [A] [S] [O],pelayanan buruk . [A] [S] [O],[A] semuanya [S] positive [O] oke,[A] pelayanan [S] negative [O] buruk,"[[508, 32, 60, 5234, 84, 24074, 508, 50, 60, 6785, 508, 46, 60, 297, 440]]","[[508, 32, 60, 281, 6895, 28618, 508, 50, 60, 8225, 508, 46, 60, 7795, 3101]]"
semuanya oke . [S] [A] [O],pelayanan buruk . [S] [A] [O],[S] positive [A] semuanya [O] oke,[S] negative [A] pelayanan [O] buruk,"[[508, 50, 60, 6785, 508, 32, 60, 5234, 84, 24074, 508, 46, 60, 297, 440]]","[[508, 50, 60, 8225, 508, 32, 60, 281, 6895, 28618, 508, 46, 60, 7795, 3101]]"
semuanya oke . [O] [A] [S],pelayanan buruk . [O] [A] [S],[O] oke [A] semuanya [S] positive,[O] buruk [A] pelayanan [S] negative,"[[508, 46, 60, 297, 440, 508, 32, 60, 5234, 84, 24074, 508, 50, 60, 6785]]","[[508, 46, 60, 7795, 3101, 508, 32, 60, 281, 6895, 28618, 508, 50, 60, 8225]]"
semuanya oke . [O] [S] [A],pelayanan buruk . [O] [S] [A],[O] oke [S] positive [A] semuanya,[O] buruk [S] negative [A] pelayanan,"[[508, 46, 60, 297, 440, 508, 50, 60, 6785, 508, 32, 60, 5234, 84, 24074]]","[[508, 46, 60, 7795, 3101, 508, 50, 60, 8225, 508, 32, 60, 281, 6895, 28618]]"
pelayanan kurang baik . [A] [O] [S],lokasi nya sangat strategis . [A] [O] [S],[A] pelayanan [O] kurang baik [S] negative,[A] lokasi nya [O] sangat strategis [S] positive,"[[508, 32, 60, 281, 6895, 28618, 508, 46, 60, 27265, 524, 79187, 508, 50, 60, 8225]]","[[508, 32, 60, 40283, 10215, 75189, 508, 46, 60, 70464, 5275, 285, 508, 50, 60, 6785]]"
pelayanan kurang baik . [A] [S] [O],lokasi nya sangat strategis . [A] [S] [O],[A] pelayanan [S] negative [O] kurang baik,[A] lokasi nya [S] positive [O] sangat strategis,"[[508, 32, 60, 281, 6895, 28618, 508, 50, 60, 8225, 508, 46, 60, 27265, 524, 79187]]","[[508, 32, 60, 40283, 10215, 75189, 508, 50, 60, 6785, 508, 46, 60, 70464, 5275, 285]]"
pelayanan kurang baik . [S] [A] [O],lokasi nya sangat strategis . [S] [A] [O],[S] negative [A] pelayanan [O] kurang baik,[S] positive [A] lokasi nya [O] sangat strategis,"[[508, 50, 60, 8225, 508, 32, 60, 281, 6895, 28618, 508, 46, 60, 27265, 524, 79187]]","[[508, 50, 60, 6785, 508, 32, 60, 40283, 10215, 75189, 508, 46, 60, 70464, 5275, 285]]"
pelayanan kurang baik . [O] [A] [S],lokasi nya sangat strategis . [O] [A] [S],[O] kurang baik [A] pelayanan [S] negative,[O] sangat strategis [A] lokasi nya [S] positive,"[[508, 46, 60, 27265, 524, 79187, 508, 32, 60, 281, 6895, 28618, 508, 50, 60, 8225]]","[[508, 46, 60, 70464, 5275, 285, 508, 32, 60, 40283, 10215, 75189, 508, 50, 60, 6785]]"
pelayanan kurang baik . [O] [S] [A],lokasi nya sangat strategis . [O] [S] [A],[O] kurang baik [S] negative [A] pelayanan,[O] sangat strategis [S] positive [A] lokasi nya,"[[508, 46, 60, 27265, 524, 79187, 508, 50, 60, 8225, 508, 32, 60, 281, 6895, 28618]]","[[508, 46, 60, 70464, 5275, 285, 508, 50, 60, 6785, 508, 32, 60, 40283, 10215, 75189]]"
kamar terlalu sempit . [A] [O] [S],lokasi dekat dan strategis . [A] [O] [S],[A] kamar [O] terlalu sempit [S] negative,[A] lokasi [O] dekat dan strategis [S] positive,"[[508, 32, 60, 595, 15554, 508, 46, 60, 1982, 75, 36986, 74597, 275, 508, 50, 60, 8225]]","[[508, 32, 60, 40283, 10215, 508, 46, 60, 409, 33755, 9101, 5275, 285, 508, 50, 60, 6785]]"
kamar terlalu sempit . [A] [S] [O],lokasi dekat dan strategis . [A] [S] [O],[A] kamar [S] negative [O] terlalu sempit,[A] lokasi [S] positive [O] dekat dan strategis,"[[508, 32, 60, 595, 15554, 508, 50, 60, 8225, 508, 46, 60, 1982, 75, 36986, 74597, 275]]","[[508, 32, 60, 40283, 10215, 508, 50, 60, 6785, 508, 46, 60, 409, 33755, 9101, 5275, 285]]"
kamar terlalu sempit . [S] [A] [O],lokasi dekat dan strategis . [S] [A] [O],[S] negative [A] kamar [O] terlalu sempit,[S] positive [A] lokasi [O] dekat dan strategis,"[[508, 50, 60, 8225, 508, 32, 60, 595, 15554, 508, 46, 60, 1982, 75, 36986, 74597, 275]]","[[508, 50, 60, 6785, 508, 32, 60, 40283, 10215, 508, 46, 60, 409, 33755, 9101, 5275, 285]]"
kamar terlalu sempit . [O] [A] [S],lokasi dekat dan strategis . [O] [A] [S],[O] terlalu sempit [A] kamar [S] negative,[O] dekat dan strategis [A] lokasi [S] positive,"[[508, 46, 60, 1982, 75, 36986, 74597, 275, 508, 32, 60, 595, 15554, 508, 50, 60, 8225]]","[[508, 46, 60, 409, 33755, 9101, 5275, 285, 508, 32, 60, 40283, 10215, 508, 50, 60, 6785]]"
kamar terlalu sempit . [O] [S] [A],lokasi dekat dan strategis . [O] [S] [A],[O] terlalu sempit [S] negative [A] kamar,[O] dekat dan strategis [S] positive [A] lokasi,"[[508, 46, 60, 1982, 75, 36986, 74597, 275, 508, 50, 60, 8225, 508, 32, 60, 595, 15554]]","[[508, 46, 60, 409, 33755, 9101, 5275, 285, 508, 50, 60, 6785, 508, 32, 60, 40283, 10215]]"
tidak ada snack . [A] [O] [S],cukup bar . [A] [O] [S],[A] snack [O] tidak ada [S] negative,[A] bar [O] cukup [S] positive,"[[508, 32, 60, 39359, 508, 46, 60, 27281, 34234, 508, 50, 60, 8225]]","[[508, 32, 60, 3619, 508, 46, 60, 92743, 454, 508, 50, 60, 6785]]"
tidak ada snack . [A] [S] [O],cukup bar . [A] [S] [O],[A] snack [S] negative [O] tidak ada,[A] bar [S] positive [O] cukup,"[[508, 32, 60, 39359, 508, 50, 60, 8225, 508, 46, 60, 27281, 34234]]","[[508, 32, 60, 3619, 508, 50, 60, 6785, 508, 46, 60, 92743, 454]]"
tidak ada snack . [S] [A] [O],cukup bar . [S] [A] [O],[S] negative [A] snack [O] tidak ada,[S] positive [A] bar [O] cukup,"[[508, 50, 60, 8225, 508, 32, 60, 39359, 508, 46, 60, 27281, 34234]]","[[508, 50, 60, 6785, 508, 32, 60, 3619, 508, 46, 60, 92743, 454]]"
tidak ada snack . [O] [A] [S],cukup bar . [O] [A] [S],[O] tidak ada [A] snack [S] negative,[O] cukup [A] bar [S] positive,"[[508, 46, 60, 27281, 34234, 508, 32, 60, 39359, 508, 50, 60, 8225]]","[[508, 46, 60, 92743, 454, 508, 32, 60, 3619, 508, 50, 60, 6785]]"
tidak ada snack . [O] [S] [A],cukup bar . [O] [S] [A],[O] tidak ada [S] negative [A] snack,[O] cukup [S] positive [A] bar,"[[508, 46, 60, 27281, 34234, 508, 50, 60, 8225, 508, 32, 60, 39359]]","[[508, 46, 60, 92743, 454, 508, 50, 60, 6785, 508, 32, 60, 3619]]"
pelayanannya kurang . [A] [O] [S],fasilitasnya cukup . [A] [O] [S],[A] pelayanannya [O] kurang [S] negative,[A] fasilitasnya [O] cukup [S] positive,"[[508, 32, 60, 281, 6895, 276, 71098, 508, 46, 60, 27265, 524, 508, 50, 60, 8225]]","[[508, 32, 60, 66518, 3664, 300, 22891, 508, 46, 60, 92743, 454, 508, 50, 60, 6785]]"
pelayanannya kurang . [A] [S] [O],fasilitasnya cukup . [A] [S] [O],[A] pelayanannya [S] negative [O] kurang,[A] fasilitasnya [S] positive [O] cukup,"[[508, 32, 60, 281, 6895, 276, 71098, 508, 50, 60, 8225, 508, 46, 60, 27265, 524]]","[[508, 32, 60, 66518, 3664, 300, 22891, 508, 50, 60, 6785, 508, 46, 60, 92743, 454]]"
pelayanannya kurang . [S] [A] [O],fasilitasnya cukup . [S] [A] [O],[S] negative [A] pelayanannya [O] kurang,[S] positive [A] fasilitasnya [O] cukup,"[[508, 50, 60, 8225, 508, 32, 60, 281, 6895, 276, 71098, 508, 46, 60, 27265, 524]]","[[508, 50, 60, 6785, 508, 32, 60, 66518, 3664, 300, 22891, 508, 46, 60, 92743, 454]]"
pelayanannya kurang . [O] [A] [S],fasilitasnya cukup . [O] [A] [S],[O] kurang [A] pelayanannya [S] negative,[O] cukup [A] fasilitasnya [S] positive,"[[508, 46, 60, 27265, 524, 508, 32, 60, 281, 6895, 276, 71098, 508, 50, 60, 8225]]","[[508, 46, 60, 92743, 454, 508, 32, 60, 66518, 3664, 300, 22891, 508, 50, 60, 6785]]"
pelayanannya kurang . [O] [S] [A],fasilitasnya cukup . [O] [S] [A],[O] kurang [S] negative [A] pelayanannya,[O] cukup [S] positive [A] fasilitasnya,"[[508, 46, 60, 27265, 524, 508, 50, 60, 8225, 508, 32, 60, 281, 6895, 276, 71098]]","[[508, 46, 60, 92743, 454, 508, 50, 60, 6785, 508, 32, 60, 66518, 3664, 300, 22891]]"
pelayanannya bagus . sampai diantar ke bandara dengan juga . [A] [O] [S],fasilitasnya buruk . sampai diantar ke bandara dengan juga . [A] [O] [S],[A] pelayanannya [O] bagus [S] positive,[A] fasilitasnya [O] buruk [S] negative,"[[508, 32, 60, 281, 6895, 276, 71098, 508, 46, 60, 8968, 355, 508, 50, 60, 6785]]","[[508, 32, 60, 66518, 3664, 300, 22891, 508, 46, 60, 7795, 3101, 508, 50, 60, 8225]]"
pelayanannya bagus . sampai diantar ke bandara dengan juga . [A] [S] [O],fasilitasnya buruk . sampai diantar ke bandara dengan juga . [A] [S] [O],[A] pelayanannya [S] positive [O] bagus,[A] fasilitasnya [S] negative [O] buruk,"[[508, 32, 60, 281, 6895, 276, 71098, 508, 50, 60, 6785, 508, 46, 60, 8968, 355]]","[[508, 32, 60, 66518, 3664, 300, 22891, 508, 50, 60, 8225, 508, 46, 60, 7795, 3101]]"
pelayanannya bagus . sampai diantar ke bandara dengan juga . [S] [A] [O],fasilitasnya buruk . sampai diantar ke bandara dengan juga . [S] [A] [O],[S] positive [A] pelayanannya [O] bagus,[S] negative [A] fasilitasnya [O] buruk,"[[508, 50, 60, 6785, 508, 32, 60, 281, 6895, 276, 71098, 508, 46, 60, 8968, 355]]","[[508, 50, 60, 8225, 508, 32, 60, 66518, 3664, 300, 22891, 508, 46, 60, 7795, 3101]]"
pelayanannya bagus . sampai diantar ke bandara dengan juga . [O] [A] [S],fasilitasnya buruk . sampai diantar ke bandara dengan juga . [O] [A] [S],[O] bagus [A] pelayanannya [S] positive,[O] buruk [A] fasilitasnya [S] negative,"[[508, 46, 60, 8968, 355, 508, 32, 60, 281, 6895, 276, 71098, 508, 50, 60, 6785]]","[[508, 46, 60, 7795, 3101, 508, 32, 60, 66518, 3664, 300, 22891, 508, 50, 60, 8225]]"
pelayanannya bagus . sampai diantar ke bandara dengan juga . [O] [S] [A],fasilitasnya buruk . sampai diantar ke bandara dengan juga . [O] [S] [A],[O] bagus [S] positive [A] pelayanannya,[O] buruk [S] negative [A] fasilitasnya,"[[508, 46, 60, 8968, 355, 508, 50, 60, 6785, 508, 32, 60, 281, 6895, 276, 71098]]","[[508, 46, 60, 7795, 3101, 508, 50, 60, 8225, 508, 32, 60, 66518, 3664, 300, 22891]]"
"bagus tempatnya , dekat rumah makan . [A] [O] [S]","mahal tarifnya , dekat rumah makan . [A] [O] [S]",[A] tempatnya [O] bagus [S] positive,[A] tarifnya [O] mahal [S] negative,"[[508, 32, 60, 2730, 266, 22891, 508, 46, 60, 8968, 355, 508, 50, 60, 6785]]","[[508, 32, 60, 12183, 333, 22891, 508, 46, 60, 43216, 278, 508, 50, 60, 8225]]"
"bagus tempatnya , dekat rumah makan . [A] [S] [O]","mahal tarifnya , dekat rumah makan . [A] [S] [O]",[A] tempatnya [S] positive [O] bagus,[A] tarifnya [S] negative [O] mahal,"[[508, 32, 60, 2730, 266, 22891, 508, 50, 60, 6785, 508, 46, 60, 8968, 355]]","[[508, 32, 60, 12183, 333, 22891, 508, 50, 60, 8225, 508, 46, 60, 43216, 278]]"
"bagus tempatnya , dekat rumah makan . [S] [A] [O]","mahal tarifnya , dekat rumah makan . [S] [A] [O]",[S] positive [A] tempatnya [O] bagus,[S] negative [A] tarifnya [O] mahal,"[[508, 50, 60, 6785, 508, 32, 60, 2730, 266, 22891, 508, 46, 60, 8968, 355]]","[[508, 50, 60, 8225, 508, 32, 60, 12183, 333, 22891, 508, 46, 60, 43216, 278]]"
"bagus tempatnya , dekat rumah makan . [O] [A] [S]","mahal tarifnya , dekat rumah makan . [O] [A] [S]",[O] bagus [A] tempatnya [S] positive,[O] mahal [A] tarifnya [S] negative,"[[508, 46, 60, 8968, 355, 508, 32, 60, 2730, 266, 22891, 508, 50, 60, 6785]]","[[508, 46, 60, 43216, 278, 508, 32, 60, 12183, 333, 22891, 508, 50, 60, 8225]]"
"bagus tempatnya , dekat rumah makan . [O] [S] [A]","mahal tarifnya , dekat rumah makan . [O] [S] [A]",[O] bagus [S] positive [A] tempatnya,[O] mahal [S] negative [A] tarifnya,"[[508, 46, 60, 8968, 355, 508, 50, 60, 6785, 508, 32, 60, 2730, 266, 22891]]","[[508, 46, 60, 43216, 278, 508, 50, 60, 8225, 508, 32, 60, 12183, 333, 22891]]"
sayang lift tidak bekerja . [A] [O] [S],sayang staff sangat ramah . [A] [O] [S],[A] lift [O] tidak bekerja [S] negative,[A] staff [O] sangat ramah [S] positive,"[[508, 32, 60, 11893, 508, 46, 60, 27281, 387, 74918, 508, 50, 60, 8225]]","[[508, 32, 60, 5570, 508, 46, 60, 70464, 17823, 1466, 508, 50, 60, 6785]]"
sayang lift tidak bekerja . [A] [S] [O],sayang staff sangat ramah . [A] [S] [O],[A] lift [S] negative [O] tidak bekerja,[A] staff [S] positive [O] sangat ramah,"[[508, 32, 60, 11893, 508, 50, 60, 8225, 508, 46, 60, 27281, 387, 74918]]","[[508, 32, 60, 5570, 508, 50, 60, 6785, 508, 46, 60, 70464, 17823, 1466]]"
sayang lift tidak bekerja . [S] [A] [O],sayang staff sangat ramah . [S] [A] [O],[S] negative [A] lift [O] tidak bekerja,[S] positive [A] staff [O] sangat ramah,"[[508, 50, 60, 8225, 508, 32, 60, 11893, 508, 46, 60, 27281, 387, 74918]]","[[508, 50, 60, 6785, 508, 32, 60, 5570, 508, 46, 60, 70464, 17823, 1466]]"
sayang lift tidak bekerja . [O] [A] [S],sayang staff sangat ramah . [O] [A] [S],[O] tidak bekerja [A] lift [S] negative,[O] sangat ramah [A] staff [S] positive,"[[508, 46, 60, 27281, 387, 74918, 508, 32, 60, 11893, 508, 50, 60, 8225]]","[[508, 46, 60, 70464, 17823, 1466, 508, 32, 60, 5570, 508, 50, 60, 6785]]"
sayang lift tidak bekerja . [O] [S] [A],sayang staff sangat ramah . [O] [S] [A],[O] tidak bekerja [S] negative [A] lift,[O] sangat ramah [S] positive [A] staff,"[[508, 46, 60, 27281, 387, 74918, 508, 50, 60, 8225, 508, 32, 60, 11893]]","[[508, 46, 60, 70464, 17823, 1466, 508, 50, 60, 6785, 508, 32, 60, 5570]]"
airnya kurang kencang . [A] [O] [S],kuku lumayan kencang . [A] [O] [S],[A] airnya [O] kurang kencang [S] negative,[A] kuku [O] lumayan kencang [S] positive,"[[508, 32, 60, 3720, 22891, 508, 46, 60, 27265, 524, 595, 954, 524, 508, 50, 60, 8225]]","[[508, 32, 60, 595, 35734, 508, 46, 60, 40163, 43857, 595, 954, 524, 508, 50, 60, 6785]]"
airnya kurang kencang . [A] [S] [O],kuku lumayan kencang . [A] [S] [O],[A] airnya [S] negative [O] kurang kencang,[A] kuku [S] positive [O] lumayan kencang,"[[508, 32, 60, 3720, 22891, 508, 50, 60, 8225, 508, 46, 60, 27265, 524, 595, 954, 524]]","[[508, 32, 60, 595, 35734, 508, 50, 60, 6785, 508, 46, 60, 40163, 43857, 595, 954, 524]]"
airnya kurang kencang . [S] [A] [O],kuku lumayan kencang . [S] [A] [O],[S] negative [A] airnya [O] kurang kencang,[S] positive [A] kuku [O] lumayan kencang,"[[508, 50, 60, 8225, 508, 32, 60, 3720, 22891, 508, 46, 60, 27265, 524, 595, 954, 524]]","[[508, 50, 60, 6785, 508, 32, 60, 595, 35734, 508, 46, 60, 40163, 43857, 595, 954, 524]]"
airnya kurang kencang . [O] [A] [S],kuku lumayan kencang . [O] [A] [S],[O] kurang kencang [A] airnya [S] negative,[O] lumayan kencang [A] kuku [S] positive,"[[508, 46, 60, 27265, 524, 595, 954, 524, 508, 32, 60, 3720, 22891, 508, 50, 60, 8225]]","[[508, 46, 60, 40163, 43857, 595, 954, 524, 508, 32, 60, 595, 35734, 508, 50, 60, 6785]]"
airnya kurang kencang . [O] [S] [A],kuku lumayan kencang . [O] [S] [A],[O] kurang kencang [S] negative [A] airnya,[O] lumayan kencang [S] positive [A] kuku,"[[508, 46, 60, 27265, 524, 595, 954, 524, 508, 50, 60, 8225, 508, 32, 60, 3720, 22891]]","[[508, 46, 60, 40163, 43857, 595, 954, 524, 508, 50, 60, 6785, 508, 32, 60, 595, 35734]]"
pelayan cepat . [A] [O] [S],seprei lambat . [A] [O] [S],[A] pelayan [O] cepat [S] positive,[A] seprei [O] lambat [S] negative,"[[508, 32, 60, 281, 6895, 276, 508, 46, 60, 62090, 266, 508, 50, 60, 6785]]","[[508, 32, 60, 511, 1726, 72, 508, 46, 60, 38306, 266, 508, 50, 60, 8225]]"
pelayan cepat . [A] [S] [O],seprei lambat . [A] [S] [O],[A] pelayan [S] positive [O] cepat,[A] seprei [S] negative [O] lambat,"[[508, 32, 60, 281, 6895, 276, 508, 50, 60, 6785, 508, 46, 60, 62090, 266]]","[[508, 32, 60, 511, 1726, 72, 508, 50, 60, 8225, 508, 46, 60, 38306, 266]]"
pelayan cepat . [S] [A] [O],seprei lambat . [S] [A] [O],[S] positive [A] pelayan [O] cepat,[S] negative [A] seprei [O] lambat,"[[508, 50, 60, 6785, 508, 32, 60, 281, 6895, 276, 508, 46, 60, 62090, 266]]","[[508, 50, 60, 8225, 508, 32, 60, 511, 1726, 72, 508, 46, 60, 38306, 266]]"
pelayan cepat . [O] [A] [S],seprei lambat . [O] [A] [S],[O] cepat [A] pelayan [S] positive,[O] lambat [A] seprei [S] negative,"[[508, 46, 60, 62090, 266, 508, 32, 60, 281, 6895, 276, 508, 50, 60, 6785]]","[[508, 46, 60, 38306, 266, 508, 32, 60, 511, 1726, 72, 508, 50, 60, 8225]]"
pelayan cepat . [O] [S] [A],seprei lambat . [O] [S] [A],[O] cepat [S] positive [A] pelayan,[O] lambat [S] negative [A] seprei,"[[508, 46, 60, 62090, 266, 508, 50, 60, 6785, 508, 32, 60, 281, 6895, 276]]","[[508, 46, 60, 38306, 266, 508, 50, 60, 8225, 508, 32, 60, 511, 1726, 72]]"
tidak ada sabun di dalam kamar . [A] [O] [S],banyaknya kue di dalam kamar . [A] [O] [S],[A] sabun [O] tidak ada [S] negative,[A] kue [O] banyaknya [S] positive,"[[508, 32, 60, 19408, 359, 508, 46, 60, 27281, 34234, 508, 50, 60, 8225]]","[[508, 32, 60, 595, 361, 508, 46, 60, 61892, 22891, 508, 50, 60, 6785]]"
tidak ada sabun di dalam kamar . [A] [S] [O],banyaknya kue di dalam kamar . [A] [S] [O],[A] sabun [S] negative [O] tidak ada,[A] kue [S] positive [O] banyaknya,"[[508, 32, 60, 19408, 359, 508, 50, 60, 8225, 508, 46, 60, 27281, 34234]]","[[508, 32, 60, 595, 361, 508, 50, 60, 6785, 508, 46, 60, 61892, 22891]]"
tidak ada sabun di dalam kamar . [S] [A] [O],banyaknya kue di dalam kamar . [S] [A] [O],[S] negative [A] sabun [O] tidak ada,[S] positive [A] kue [O] banyaknya,"[[508, 50, 60, 8225, 508, 32, 60, 19408, 359, 508, 46, 60, 27281, 34234]]","[[508, 50, 60, 6785, 508, 32, 60, 595, 361, 508, 46, 60, 61892, 22891]]"
tidak ada sabun di dalam kamar . [O] [A] [S],banyaknya kue di dalam kamar . [O] [A] [S],[O] tidak ada [A] sabun [S] negative,[O] banyaknya [A] kue [S] positive,"[[508, 46, 60, 27281, 34234, 508, 32, 60, 19408, 359, 508, 50, 60, 8225]]","[[508, 46, 60, 61892, 22891, 508, 32, 60, 595, 361, 508, 50, 60, 6785]]"
tidak ada sabun di dalam kamar . [O] [S] [A],banyaknya kue di dalam kamar . [O] [S] [A],[O] tidak ada [S] negative [A] sabun,[O] banyaknya [S] positive [A] kue,"[[508, 46, 60, 27281, 34234, 508, 50, 60, 8225, 508, 32, 60, 19408, 359]]","[[508, 46, 60, 61892, 22891, 508, 50, 60, 6785, 508, 32, 60, 595, 361]]"
wifi nya kurang memuaskan : ) . [A] [O] [S],layanan cukup memuaskan : ) . [A] [O] [S],[A] wifi nya [O] kurang memuaskan [S] negative,[A] layanan [O] cukup memuaskan [S] positive,"[[508, 32, 60, 33417, 75189, 508, 46, 60, 27265, 524, 1833, 84, 78351, 508, 50, 60, 8225]]","[[508, 32, 60, 10962, 28618, 508, 46, 60, 92743, 454, 1833, 84, 78351, 508, 50, 60, 6785]]"
wifi nya kurang memuaskan : ) . [A] [S] [O],layanan cukup memuaskan : ) . [A] [S] [O],[A] wifi nya [S] negative [O] kurang memuaskan,[A] layanan [S] positive [O] cukup memuaskan,"[[508, 32, 60, 33417, 75189, 508, 50, 60, 8225, 508, 46, 60, 27265, 524, 1833, 84, 78351]]","[[508, 32, 60, 10962, 28618, 508, 50, 60, 6785, 508, 46, 60, 92743, 454, 1833, 84, 78351]]"
wifi nya kurang memuaskan : ) . [S] [A] [O],layanan cukup memuaskan : ) . [S] [A] [O],[S] negative [A] wifi nya [O] kurang memuaskan,[S] positive [A] layanan [O] cukup memuaskan,"[[508, 50, 60, 8225, 508, 32, 60, 33417, 75189, 508, 46, 60, 27265, 524, 1833, 84, 78351]]","[[508, 50, 60, 6785, 508, 32, 60, 10962, 28618, 508, 46, 60, 92743, 454, 1833, 84, 78351]]"
wifi nya kurang memuaskan : ) . [O] [A] [S],layanan cukup memuaskan : ) . [O] [A] [S],[O] kurang memuaskan [A] wifi nya [S] negative,[O] cukup memuaskan [A] layanan [S] positive,"[[508, 46, 60, 27265, 524, 1833, 84, 78351, 508, 32, 60, 33417, 75189, 508, 50, 60, 8225]]","[[508, 46, 60, 92743, 454, 1833, 84, 78351, 508, 32, 60, 10962, 28618, 508, 50, 60, 6785]]"
wifi nya kurang memuaskan : ) . [O] [S] [A],layanan cukup memuaskan : ) . [O] [S] [A],[O] kurang memuaskan [S] negative [A] wifi nya,[O] cukup memuaskan [S] positive [A] layanan,"[[508, 46, 60, 27265, 524, 1833, 84, 78351, 508, 50, 60, 8225, 508, 32, 60, 33417, 75189]]","[[508, 46, 60, 92743, 454, 1833, 84, 78351, 508, 50, 60, 6785, 508, 32, 60, 10962, 28618]]"
"sudah 3x menginap di sini , selalu jadi langganan . tempat nyaman kok . [A] [O] [S]","sudah 3x menginap di sini , calon langganan . tapi sapu jadi risih . [A] [O] [S]",[A] tempat [O] nyaman [S] positive,[A] sapu [O] risih [S] negative,"[[508, 32, 60, 2730, 266, 508, 46, 60, 19004, 12715, 508, 50, 60, 6785]]","[[508, 32, 60, 34635, 84, 508, 46, 60, 9824, 6996, 508, 50, 60, 8225]]"
"sudah 3x menginap di sini , selalu jadi langganan . tempat nyaman kok . [A] [S] [O]","sudah 3x menginap di sini , calon langganan . tapi sapu jadi risih . [A] [S] [O]",[A] tempat [S] positive [O] nyaman,[A] sapu [S] negative [O] risih,"[[508, 32, 60, 2730, 266, 508, 50, 60, 6785, 508, 46, 60, 19004, 12715]]","[[508, 32, 60, 34635, 84, 508, 50, 60, 8225, 508, 46, 60, 9824, 6996]]"
"sudah 3x menginap di sini , selalu jadi langganan . tempat nyaman kok . [S] [A] [O]","sudah 3x menginap di sini , calon langganan . tapi sapu jadi risih . [S] [A] [O]",[S] positive [A] tempat [O] nyaman,[S] negative [A] sapu [O] risih,"[[508, 50, 60, 6785, 508, 32, 60, 2730, 266, 508, 46, 60, 19004, 12715]]","[[508, 50, 60, 8225, 508, 32, 60, 34635, 84, 508, 46, 60, 9824, 6996]]"
"sudah 3x menginap di sini , selalu jadi langganan . tempat nyaman kok . [O] [A] [S]","sudah 3x menginap di sini , calon langganan . tapi sapu jadi risih . [O] [A] [S]",[O] nyaman [A] tempat [S] positive,[O] risih [A] sapu [S] negative,"[[508, 46, 60, 19004, 12715, 508, 32, 60, 2730, 266, 508, 50, 60, 6785]]","[[508, 46, 60, 9824, 6996, 508, 32, 60, 34635, 84, 508, 50, 60, 8225]]"
"sudah 3x menginap di sini , selalu jadi langganan . tempat nyaman kok . [O] [S] [A]","sudah 3x menginap di sini , calon langganan . tapi sapu jadi risih . [O] [S] [A]",[O] nyaman [S] positive [A] tempat,[O] risih [S] negative [A] sapu,"[[508, 46, 60, 19004, 12715, 508, 50, 60, 6785, 508, 32, 60, 2730, 266]]","[[508, 46, 60, 9824, 6996, 508, 50, 60, 8225, 508, 32, 60, 34635, 84]]"
tempat buat istirahat yang sangat nyaman sekali . [A] [O] [S],kunci buat istirahat yang amat sangat berisik . [A] [O] [S],[A] tempat [O] sangat nyaman sekali [S] positive,[A] kunci [O] amat sangat berisik [S] negative,"[[508, 32, 60, 2730, 266, 508, 46, 60, 70464, 19004, 12715, 43834, 7956, 508, 50, 60, 6785]]","[[508, 32, 60, 595, 18424, 508, 46, 60, 42133, 70464, 10207, 285, 1579, 508, 50, 60, 8225]]"
tempat buat istirahat yang sangat nyaman sekali . [A] [S] [O],kunci buat istirahat yang amat sangat berisik . [A] [S] [O],[A] tempat [S] positive [O] sangat nyaman sekali,[A] kunci [S] negative [O] amat sangat berisik,"[[508, 32, 60, 2730, 266, 508, 50, 60, 6785, 508, 46, 60, 70464, 19004, 12715, 43834, 7956]]","[[508, 32, 60, 595, 18424, 508, 50, 60, 8225, 508, 46, 60, 42133, 70464, 10207, 285, 1579]]"
tempat buat istirahat yang sangat nyaman sekali . [S] [A] [O],kunci buat istirahat yang amat sangat berisik . [S] [A] [O],[S] positive [A] tempat [O] sangat nyaman sekali,[S] negative [A] kunci [O] amat sangat berisik,"[[508, 50, 60, 6785, 508, 32, 60, 2730, 266, 508, 46, 60, 70464, 19004, 12715, 43834, 7956]]","[[508, 50, 60, 8225, 508, 32, 60, 595, 18424, 508, 46, 60, 42133, 70464, 10207, 285, 1579]]"
tempat buat istirahat yang sangat nyaman sekali . [O] [A] [S],kunci buat istirahat yang amat sangat berisik . [O] [A] [S],[O] sangat nyaman sekali [A] tempat [S] positive,[O] amat sangat berisik [A] kunci [S] negative,"[[508, 46, 60, 70464, 19004, 12715, 43834, 7956, 508, 32, 60, 2730, 266, 508, 50, 60, 6785]]","[[508, 46, 60, 42133, 70464, 10207, 285, 1579, 508, 32, 60, 595, 18424, 508, 50, 60, 8225]]"
tempat buat istirahat yang sangat nyaman sekali . [O] [S] [A],kunci buat istirahat yang amat sangat berisik . [O] [S] [A],[O] sangat nyaman sekali [S] positive [A] tempat,[O] amat sangat berisik [S] negative [A] kunci,"[[508, 46, 60, 70464, 19004, 12715, 43834, 7956, 508, 50, 60, 6785, 508, 32, 60, 2730, 266]]","[[508, 46, 60, 42133, 70464, 10207, 285, 1579, 508, 50, 60, 8225, 508, 32, 60, 595, 18424]]"
hot shower tidak berfungsi . [A] [O] [S],lemari berfungsi baik . [A] [O] [S],[A] hot shower [O] tidak berfungsi [S] negative,[A] lemari [O] berfungsi baik [S] positive,"[[508, 32, 60, 4017, 17196, 508, 46, 60, 27281, 10207, 78606, 6321, 508, 50, 60, 8225]]","[[508, 32, 60, 83974, 2780, 508, 46, 60, 10207, 78606, 6321, 79187, 508, 50, 60, 6785]]"
hot shower tidak berfungsi . [A] [S] [O],lemari berfungsi baik . [A] [S] [O],[A] hot shower [S] negative [O] tidak berfungsi,[A] lemari [S] positive [O] berfungsi baik,"[[508, 32, 60, 4017, 17196, 508, 50, 60, 8225, 508, 46, 60, 27281, 10207, 78606, 6321]]","[[508, 32, 60, 83974, 2780, 508, 50, 60, 6785, 508, 46, 60, 10207, 78606, 6321, 79187]]"
hot shower tidak berfungsi . [S] [A] [O],lemari berfungsi baik . [S] [A] [O],[S] negative [A] hot shower [O] tidak berfungsi,[S] positive [A] lemari [O] berfungsi baik,"[[508, 50, 60, 8225, 508, 32, 60, 4017, 17196, 508, 46, 60, 27281, 10207, 78606, 6321]]","[[508, 50, 60, 6785, 508, 32, 60, 83974, 2780, 508, 46, 60, 10207, 78606, 6321, 79187]]"
hot shower tidak berfungsi . [O] [A] [S],lemari berfungsi baik . [O] [A] [S],[O] tidak berfungsi [A] hot shower [S] negative,[O] berfungsi baik [A] lemari [S] positive,"[[508, 46, 60, 27281, 10207, 78606, 6321, 508, 32, 60, 4017, 17196, 508, 50, 60, 8225]]","[[508, 46, 60, 10207, 78606, 6321, 79187, 508, 32, 60, 83974, 2780, 508, 50, 60, 6785]]"
hot shower tidak berfungsi . [O] [S] [A],lemari berfungsi baik . [O] [S] [A],[O] tidak berfungsi [S] negative [A] hot shower,[O] berfungsi baik [S] positive [A] lemari,"[[508, 46, 60, 27281, 10207, 78606, 6321, 508, 50, 60, 8225, 508, 32, 60, 4017, 17196]]","[[508, 46, 60, 10207, 78606, 6321, 79187, 508, 50, 60, 6785, 508, 32, 60, 83974, 2780]]"
lokasi strategis dekat stasiun blitar dan alun alun . [A] [O] [S],jalanan macet dekat stasiun blitar dan alun alun . [A] [O] [S],[A] lokasi [O] strategis [S] positive,[A] jalanan [O] macet [S] negative,"[[508, 32, 60, 40283, 10215, 508, 46, 60, 5275, 285, 508, 50, 60, 6785]]","[[508, 32, 60, 75974, 28618, 508, 46, 60, 8978, 295, 508, 50, 60, 8225]]"
lokasi strategis dekat stasiun blitar dan alun alun . [A] [S] [O],jalanan macet dekat stasiun blitar dan alun alun . [A] [S] [O],[A] lokasi [S] positive [O] strategis,[A] jalanan [S] negative [O] macet,"[[508, 32, 60, 40283, 10215, 508, 50, 60, 6785, 508, 46, 60, 5275, 285]]","[[508, 32, 60, 75974, 28618, 508, 50, 60, 8225, 508, 46, 60, 8978, 295]]"
lokasi strategis dekat stasiun blitar dan alun alun . [S] [A] [O],jalanan macet dekat stasiun blitar dan alun alun . [S] [A] [O],[S] positive [A] lokasi [O] strategis,[S] negative [A] jalanan [O] macet,"[[508, 50, 60, 6785, 508, 32, 60, 40283, 10215, 508, 46, 60, 5275, 285]]","[[508, 50, 60, 8225, 508, 32, 60, 75974, 28618, 508, 46, 60, 8978, 295]]"
lokasi strategis dekat stasiun blitar dan alun alun . [O] [A] [S],jalanan macet dekat stasiun blitar dan alun alun . [O] [A] [S],[O] strategis [A] lokasi [S] positive,[O] macet [A] jalanan [S] negative,"[[508, 46, 60, 5275, 285, 508, 32, 60, 40283, 10215, 508, 50, 60, 6785]]","[[508, 46, 60, 8978, 295, 508, 32, 60, 75974, 28618, 508, 50, 60, 8225]]"
lokasi strategis dekat stasiun blitar dan alun alun . [O] [S] [A],jalanan macet dekat stasiun blitar dan alun alun . [O] [S] [A],[O] strategis [S] positive [A] lokasi,[O] macet [S] negative [A] jalanan,"[[508, 46, 60, 5275, 285, 508, 50, 60, 6785, 508, 32, 60, 40283, 10215]]","[[508, 46, 60, 8978, 295, 508, 50, 60, 8225, 508, 32, 60, 75974, 28618]]"
seprai nya kurang bersih . [A] [O] [S],pelayanan nya cukup ramah . [A] [O] [S],[A] seprai nya [O] kurang bersih [S] negative,[A] pelayanan nya [O] cukup ramah [S] positive,"[[508, 32, 60, 511, 649, 2143, 75189, 508, 46, 60, 27265, 524, 58554, 6996, 508, 50, 60, 8225]]","[[508, 32, 60, 281, 6895, 28618, 75189, 508, 46, 60, 92743, 454, 17823, 1466, 508, 50, 60, 6785]]"
seprai nya kurang bersih . [A] [S] [O],pelayanan nya cukup ramah . [A] [S] [O],[A] seprai nya [S] negative [O] kurang bersih,[A] pelayanan nya [S] positive [O] cukup ramah,"[[508, 32, 60, 511, 649, 2143, 75189, 508, 50, 60, 8225, 508, 46, 60, 27265, 524, 58554, 6996]]","[[508, 32, 60, 281, 6895, 28618, 75189, 508, 50, 60, 6785, 508, 46, 60, 92743, 454, 17823, 1466]]"
seprai nya kurang bersih . [S] [A] [O],pelayanan nya cukup ramah . [S] [A] [O],[S] negative [A] seprai nya [O] kurang bersih,[S] positive [A] pelayanan nya [O] cukup ramah,"[[508, 50, 60, 8225, 508, 32, 60, 511, 649, 2143, 75189, 508, 46, 60, 27265, 524, 58554, 6996]]","[[508, 50, 60, 6785, 508, 32, 60, 281, 6895, 28618, 75189, 508, 46, 60, 92743, 454, 17823, 1466]]"
seprai nya kurang bersih . [O] [A] [S],pelayanan nya cukup ramah . [O] [A] [S],[O] kurang bersih [A] seprai nya [S] negative,[O] cukup ramah [A] pelayanan nya [S] positive,"[[508, 46, 60, 27265, 524, 58554, 6996, 508, 32, 60, 511, 649, 2143, 75189, 508, 50, 60, 8225]]","[[508, 46, 60, 92743, 454, 17823, 1466, 508, 32, 60, 281, 6895, 28618, 75189, 508, 50, 60, 6785]]"
seprai nya kurang bersih . [O] [S] [A],pelayanan nya cukup ramah . [O] [S] [A],[O] kurang bersih [S] negative [A] seprai nya,[O] cukup ramah [S] positive [A] pelayanan nya,"[[508, 46, 60, 27265, 524, 58554, 6996, 508, 50, 60, 8225, 508, 32, 60, 511, 649, 2143, 75189]]","[[508, 46, 60, 92743, 454, 17823, 1466, 508, 50, 60, 6785, 508, 32, 60, 281, 6895, 28618, 75189]]"
kamarnya tidak kedap suara . jadi kamar sebelah berbicara biasa pun bisa terdengar . 2 malam saya mengin . [A] [O] [S],suasana nya tenang dan bersih . jadi kamar sebelah berbicara biasa pun bisa terdengar . 2 malam saya mengin . [A] [O] [S],[A] kamarnya [O] tidak kedap suara [S] negative,[A] suasana nya [O] tenang dan bersih [S] positive,"[[508, 32, 60, 33661, 1885, 7755, 508, 46, 60, 27281, 79042, 391, 913, 5059, 508, 50, 60, 8225]]","[[508, 32, 60, 52097, 3362, 75189, 508, 46, 60, 5779, 524, 9101, 58554, 6996, 508, 50, 60, 6785]]"
kamarnya tidak kedap suara . jadi kamar sebelah berbicara biasa pun bisa terdengar . 2 malam saya mengin . [A] [S] [O],suasana nya tenang dan bersih . jadi kamar sebelah berbicara biasa pun bisa terdengar . 2 malam saya mengin . [A] [S] [O],[A] kamarnya [S] negative [O] tidak kedap suara,[A] suasana nya [S] positive [O] tenang dan bersih,"[[508, 32, 60, 33661, 1885, 7755, 508, 50, 60, 8225, 508, 46, 60, 27281, 79042, 391, 913, 5059]]","[[508, 32, 60, 52097, 3362, 75189, 508, 50, 60, 6785, 508, 46, 60, 5779, 524, 9101, 58554, 6996]]"
kamarnya tidak kedap suara . jadi kamar sebelah berbicara biasa pun bisa terdengar . 2 malam saya mengin . [S] [A] [O],suasana nya tenang dan bersih . jadi kamar sebelah berbicara biasa pun bisa terdengar . 2 malam saya mengin . [S] [A] [O],[S] negative [A] kamarnya [O] tidak kedap suara,[S] positive [A] suasana nya [O] tenang dan bersih,"[[508, 50, 60, 8225, 508, 32, 60, 33661, 1885, 7755, 508, 46, 60, 27281, 79042, 391, 913, 5059]]","[[508, 50, 60, 6785, 508, 32, 60, 52097, 3362, 75189, 508, 46, 60, 5779, 524, 9101, 58554, 6996]]"
kamarnya tidak kedap suara . jadi kamar sebelah berbicara biasa pun bisa terdengar . 2 malam saya mengin . [O] [A] [S],suasana nya tenang dan bersih . jadi kamar sebelah berbicara biasa pun bisa terdengar . 2 malam saya mengin . [O] [A] [S],[O] tidak kedap suara [A] kamarnya [S] negative,[O] tenang dan bersih [A] suasana nya [S] positive,"[[508, 46, 60, 27281, 79042, 391, 913, 5059, 508, 32, 60, 33661, 1885, 7755, 508, 50, 60, 8225]]","[[508, 46, 60, 5779, 524, 9101, 58554, 6996, 508, 32, 60, 52097, 3362, 75189, 508, 50, 60, 6785]]"
kamarnya tidak kedap suara . jadi kamar sebelah berbicara biasa pun bisa terdengar . 2 malam saya mengin . [O] [S] [A],suasana nya tenang dan bersih . jadi kamar sebelah berbicara biasa pun bisa terdengar . 2 malam saya mengin . [O] [S] [A],[O] tidak kedap suara [S] negative [A] kamarnya,[O] tenang dan bersih [S] positive [A] suasana nya,"[[508, 46, 60, 27281, 79042, 391, 913, 5059, 508, 50, 60, 8225, 508, 32, 60, 33661, 1885, 7755]]","[[508, 46, 60, 5779, 524, 9101, 58554, 6996, 508, 50, 60, 6785, 508, 32, 60, 52097, 3362, 75189]]"
tempat enak banget . [A] [O] [S],staf buruk sekali . [A] [O] [S],[A] tempat [O] enak banget [S] positive,[A] staf [O] buruk sekali [S] positive,"[[508, 32, 60, 2730, 266, 508, 46, 60, 662, 585, 8943, 455, 508, 50, 60, 6785]]","[[508, 32, 60, 357, 2577, 508, 46, 60, 7795, 3101, 43834, 7956, 508, 50, 60, 6785]]"
tempat enak banget . [A] [S] [O],staf buruk sekali . [A] [S] [O],[A] tempat [S] positive [O] enak banget,[A] staf [S] positive [O] buruk sekali,"[[508, 32, 60, 2730, 266, 508, 50, 60, 6785, 508, 46, 60, 662, 585, 8943, 455]]","[[508, 32, 60, 357, 2577, 508, 50, 60, 6785, 508, 46, 60, 7795, 3101, 43834, 7956]]"
tempat enak banget . [S] [A] [O],staf buruk sekali . [S] [A] [O],[S] positive [A] tempat [O] enak banget,[S] positive [A] staf [O] buruk sekali,"[[508, 50, 60, 6785, 508, 32, 60, 2730, 266, 508, 46, 60, 662, 585, 8943, 455]]","[[508, 50, 60, 6785, 508, 32, 60, 357, 2577, 508, 46, 60, 7795, 3101, 43834, 7956]]"
tempat enak banget . [O] [A] [S],staf buruk sekali . [O] [A] [S],[O] enak banget [A] tempat [S] positive,[O] buruk sekali [A] staf [S] positive,"[[508, 46, 60, 662, 585, 8943, 455, 508, 32, 60, 2730, 266, 508, 50, 60, 6785]]","[[508, 46, 60, 7795, 3101, 43834, 7956, 508, 32, 60, 357, 2577, 508, 50, 60, 6785]]"
tempat enak banget . [O] [S] [A],staf buruk sekali . [O] [S] [A],[O] enak banget [S] positive [A] tempat,[O] buruk sekali [S] positive [A] staf,"[[508, 46, 60, 662, 585, 8943, 455, 508, 50, 60, 6785, 508, 32, 60, 2730, 266]]","[[508, 46, 60, 7795, 3101, 43834, 7956, 508, 50, 60, 6785, 508, 32, 60, 357, 2577]]"
petugas yang ramah . [A] [O] [S],kamar yang sempit . [A] [O] [S],[A] petugas [O] ramah [S] positive,[A] kamar [O] sempit [S] negative,"[[508, 32, 60, 6753, 57831, 508, 46, 60, 17823, 1466, 508, 50, 60, 6785]]","[[508, 32, 60, 595, 15554, 508, 46, 60, 74597, 275, 508, 50, 60, 8225]]"
petugas yang ramah . [A] [S] [O],kamar yang sempit . [A] [S] [O],[A] petugas [S] positive [O] ramah,[A] kamar [S] negative [O] sempit,"[[508, 32, 60, 6753, 57831, 508, 50, 60, 6785, 508, 46, 60, 17823, 1466]]","[[508, 32, 60, 595, 15554, 508, 50, 60, 8225, 508, 46, 60, 74597, 275]]"
petugas yang ramah . [S] [A] [O],kamar yang sempit . [S] [A] [O],[S] positive [A] petugas [O] ramah,[S] negative [A] kamar [O] sempit,"[[508, 50, 60, 6785, 508, 32, 60, 6753, 57831, 508, 46, 60, 17823, 1466]]","[[508, 50, 60, 8225, 508, 32, 60, 595, 15554, 508, 46, 60, 74597, 275]]"
petugas yang ramah . [O] [A] [S],kamar yang sempit . [O] [A] [S],[O] ramah [A] petugas [S] positive,[O] sempit [A] kamar [S] negative,"[[508, 46, 60, 17823, 1466, 508, 32, 60, 6753, 57831, 508, 50, 60, 6785]]","[[508, 46, 60, 74597, 275, 508, 32, 60, 595, 15554, 508, 50, 60, 8225]]"
petugas yang ramah . [O] [S] [A],kamar yang sempit . [O] [S] [A],[O] ramah [S] positive [A] petugas,[O] sempit [S] negative [A] kamar,"[[508, 46, 60, 17823, 1466, 508, 50, 60, 6785, 508, 32, 60, 6753, 57831]]","[[508, 46, 60, 74597, 275, 508, 50, 60, 8225, 508, 32, 60, 595, 15554]]"
air tidak jalan . [A] [O] [S],wifi sangat lancar. [A] [O] [S],[A] air [O] tidak jalan [S] negative,[A] wifi [O] sangat lancar [S] positive,"[[508, 32, 60, 3720, 508, 46, 60, 27281, 502, 32283, 508, 50, 60, 8225]]","[[508, 32, 60, 33417, 508, 46, 60, 70464, 75285, 277, 508, 50, 60, 6785]]"
air tidak jalan . [A] [S] [O],wifi sangat lancar. [A] [S] [O],[A] air [S] negative [O] tidak jalan,[A] wifi [S] positive [O] sangat lancar,"[[508, 32, 60, 3720, 508, 50, 60, 8225, 508, 46, 60, 27281, 502, 32283]]","[[508, 32, 60, 33417, 508, 50, 60, 6785, 508, 46, 60, 70464, 75285, 277]]"
air tidak jalan . [S] [A] [O],wifi sangat lancar. [S] [A] [O],[S] negative [A] air [O] tidak jalan,[S] positive [A] wifi [O] sangat lancar,"[[508, 50, 60, 8225, 508, 32, 60, 3720, 508, 46, 60, 27281, 502, 32283]]","[[508, 50, 60, 6785, 508, 32, 60, 33417, 508, 46, 60, 70464, 75285, 277]]"
air tidak jalan . [O] [A] [S],wifi sangat lancar. [O] [A] [S],[O] tidak jalan [A] air [S] negative,[O] sangat lancar [A] wifi [S] positive,"[[508, 46, 60, 27281, 502, 32283, 508, 32, 60, 3720, 508, 50, 60, 8225]]","[[508, 46, 60, 70464, 75285, 277, 508, 32, 60, 33417, 508, 50, 60, 6785]]"
air tidak jalan . [O] [S] [A],wifi sangat lancar. [O] [S] [A],[O] tidak jalan [S] negative [A] air,[O] sangat lancar [S] positive [A] wifi,"[[508, 46, 60, 27281, 502, 32283, 508, 50, 60, 8225, 508, 32, 60, 3720]]","[[508, 46, 60, 70464, 75285, 277, 508, 50, 60, 6785, 508, 32, 60, 33417]]"
pelayannya kurang ramah . [A] [O] [S],makanannya sangat lezat . [A] [O] [S],[A] pelayannya [O] kurang ramah [S] negative,[A] makanannya [O] sangat lezat [S] positive,"[[508, 32, 60, 281, 6895, 71098, 508, 46, 60, 27265, 524, 17823, 1466, 508, 50, 60, 8225]]","[[508, 32, 60, 296, 19262, 71098, 508, 46, 60, 70464, 512, 89, 266, 508, 50, 60, 6785]]"
pelayannya kurang ramah . [A] [S] [O],makanannya sangat lezat . [A] [S] [O],[A] pelayannya [S] negative [O] kurang ramah,[A] makanannya [S] positive [O] sangat lezat,"[[508, 32, 60, 281, 6895, 71098, 508, 50, 60, 8225, 508, 46, 60, 27265, 524, 17823, 1466]]","[[508, 32, 60, 296, 19262, 71098, 508, 50, 60, 6785, 508, 46, 60, 70464, 512, 89, 266]]"
pelayannya kurang ramah . [S] [A] [O],makanannya sangat lezat . [S] [A] [O],[S] negative [A] pelayannya [O] kurang ramah,[S] positive [A] makanannya [O] sangat lezat,"[[508, 50, 60, 8225, 508, 32, 60, 281, 6895, 71098, 508, 46, 60, 27265, 524, 17823, 1466]]","[[508, 50, 60, 6785, 508, 32, 60, 296, 19262, 71098, 508, 46, 60, 70464, 512, 89, 266]]"
pelayannya kurang ramah . [O] [A] [S],makanannya sangat lezat . [O] [A] [S],[O] kurang ramah [A] pelayannya [S] negative,[O] sangat lezat [A] makanannya [S] positive,"[[508, 46, 60, 27265, 524, 17823, 1466, 508, 32, 60, 281, 6895, 71098, 508, 50, 60, 8225]]","[[508, 46, 60, 70464, 512, 89, 266, 508, 32, 60, 296, 19262, 71098, 508, 50, 60, 6785]]"
pelayannya kurang ramah . [O] [S] [A],makanannya sangat lezat . [O] [S] [A],[O] kurang ramah [S] negative [A] pelayannya,[O] sangat lezat [S] positive [A] makanannya,"[[508, 46, 60, 27265, 524, 17823, 1466, 508, 50, 60, 8225, 508, 32, 60, 281, 6895, 71098]]","[[508, 46, 60, 70464, 512, 89, 266, 508, 50, 60, 6785, 508, 32, 60, 296, 19262, 71098]]"
kamarnya kurang bersih . [A] [O] [S],suasana nya sangat menarik . [A] [O] [S],[A] kamarnya [O] kurang bersih [S] negative,[A] suasana nya [O] sangat menarik [S] positive,"[[508, 32, 60, 33661, 1885, 7755, 508, 46, 60, 27265, 524, 58554, 6996, 508, 50, 60, 8225]]","[[508, 32, 60, 52097, 3362, 75189, 508, 46, 60, 70464, 2953, 277, 1579, 508, 50, 60, 6785]]"
kamarnya kurang bersih . [A] [S] [O],suasana nya sangat menarik . [A] [S] [O],[A] kamarnya [S] negative [O] kurang bersih,[A] suasana nya [S] positive [O] sangat menarik,"[[508, 32, 60, 33661, 1885, 7755, 508, 50, 60, 8225, 508, 46, 60, 27265, 524, 58554, 6996]]","[[508, 32, 60, 52097, 3362, 75189, 508, 50, 60, 6785, 508, 46, 60, 70464, 2953, 277, 1579]]"
kamarnya kurang bersih . [S] [A] [O],suasana nya sangat menarik . [S] [A] [O],[S] negative [A] kamarnya [O] kurang bersih,[S] positive [A] suasana nya [O] sangat menarik,"[[508, 50, 60, 8225, 508, 32, 60, 33661, 1885, 7755, 508, 46, 60, 27265, 524, 58554, 6996]]","[[508, 50, 60, 6785, 508, 32, 60, 52097, 3362, 75189, 508, 46, 60, 70464, 2953, 277, 1579]]"
kamarnya kurang bersih . [O] [A] [S],suasana nya sangat menarik . [O] [A] [S],[O] kurang bersih [A] kamarnya [S] negative,[O] sangat menarik [A] suasana nya [S] positive,"[[508, 46, 60, 27265, 524, 58554, 6996, 508, 32, 60, 33661, 1885, 7755, 508, 50, 60, 8225]]","[[508, 46, 60, 70464, 2953, 277, 1579, 508, 32, 60, 52097, 3362, 75189, 508, 50, 60, 6785]]"
kamarnya kurang bersih . [O] [S] [A],suasana nya sangat menarik . [O] [S] [A],[O] kurang bersih [S] negative [A] kamarnya,[O] sangat menarik [S] positive [A] suasana nya,"[[508, 46, 60, 27265, 524, 58554, 6996, 508, 50, 60, 8225, 508, 32, 60, 33661, 1885, 7755]]","[[508, 46, 60, 70464, 2953, 277, 1579, 508, 50, 60, 6785, 508, 32, 60, 52097, 3362, 75189]]"
kamar tidak kedap suara . [A] [O] [S],layar meredam suara . [A] [O] [S],[A] kamar [O] tidak kedap suara [S] negative,[A] layar [O] meredam suara [S] positive,"[[508, 32, 60, 595, 15554, 508, 46, 60, 27281, 79042, 391, 913, 5059, 508, 50, 60, 8225]]","[[508, 32, 60, 10962, 277, 508, 46, 60, 4704, 291, 309, 913, 5059, 508, 50, 60, 6785]]"
kamar tidak kedap suara . [A] [S] [O],layar meredam suara . [A] [S] [O],[A] kamar [S] negative [O] tidak kedap suara,[A] layar [S] positive [O] meredam suara,"[[508, 32, 60, 595, 15554, 508, 50, 60, 8225, 508, 46, 60, 27281, 79042, 391, 913, 5059]]","[[508, 32, 60, 10962, 277, 508, 50, 60, 6785, 508, 46, 60, 4704, 291, 309, 913, 5059]]"
kamar tidak kedap suara . [S] [A] [O],layar meredam suara . [S] [A] [O],[S] negative [A] kamar [O] tidak kedap suara,[S] positive [A] layar [O] meredam suara,"[[508, 50, 60, 8225, 508, 32, 60, 595, 15554, 508, 46, 60, 27281, 79042, 391, 913, 5059]]","[[508, 50, 60, 6785, 508, 32, 60, 10962, 277, 508, 46, 60, 4704, 291, 309, 913, 5059]]"
kamar tidak kedap suara . [O] [A] [S],layar meredam suara . [O] [A] [S],[O] tidak kedap suara [A] kamar [S] negative,[O] meredam suara [A] layar [S] positive,"[[508, 46, 60, 27281, 79042, 391, 913, 5059, 508, 32, 60, 595, 15554, 508, 50, 60, 8225]]","[[508, 46, 60, 4704, 291, 309, 913, 5059, 508, 32, 60, 10962, 277, 508, 50, 60, 6785]]"
kamar tidak kedap suara . [O] [S] [A],layar meredam suara . [O] [S] [A],[O] tidak kedap suara [S] negative [A] kamar,[O] meredam suara [S] positive [A] layar,"[[508, 46, 60, 27281, 79042, 391, 913, 5059, 508, 50, 60, 8225, 508, 32, 60, 595, 15554]]","[[508, 46, 60, 4704, 291, 309, 913, 5059, 508, 50, 60, 6785, 508, 32, 60, 10962, 277]]"
sarapan yang kurang menarik . [A] [O] [S],ruangan yang bagus dan tenang . [A] [O] [S],[A] sarapan [O] kurang menarik [S] negative,[A] ruangan [O] bagus dan tenang [S] positive,"[[508, 32, 60, 28047, 5359, 508, 46, 60, 27265, 524, 2953, 277, 1579, 508, 50, 60, 8225]]","[[508, 32, 60, 11122, 18633, 508, 46, 60, 8968, 355, 9101, 5779, 524, 508, 50, 60, 6785]]"
sarapan yang kurang menarik . [A] [S] [O],ruangan yang bagus dan tenang . [A] [S] [O],[A] sarapan [S] negative [O] kurang menarik,[A] ruangan [S] positive [O] bagus dan tenang,"[[508, 32, 60, 28047, 5359, 508, 50, 60, 8225, 508, 46, 60, 27265, 524, 2953, 277, 1579]]","[[508, 32, 60, 11122, 18633, 508, 50, 60, 6785, 508, 46, 60, 8968, 355, 9101, 5779, 524]]"
sarapan yang kurang menarik . [S] [A] [O],ruangan yang bagus dan tenang . [S] [A] [O],[S] negative [A] sarapan [O] kurang menarik,[S] positive [A] ruangan [O] bagus dan tenang,"[[508, 50, 60, 8225, 508, 32, 60, 28047, 5359, 508, 46, 60, 27265, 524, 2953, 277, 1579]]","[[508, 50, 60, 6785, 508, 32, 60, 11122, 18633, 508, 46, 60, 8968, 355, 9101, 5779, 524]]"
sarapan yang kurang menarik . [O] [A] [S],ruangan yang bagus dan tenang . [O] [A] [S],[O] kurang menarik [A] sarapan [S] negative,[O] bagus dan tenang [A] ruangan [S] positive,"[[508, 46, 60, 27265, 524, 2953, 277, 1579, 508, 32, 60, 28047, 5359, 508, 50, 60, 8225]]","[[508, 46, 60, 8968, 355, 9101, 5779, 524, 508, 32, 60, 11122, 18633, 508, 50, 60, 6785]]"
sarapan yang kurang menarik . [O] [S] [A],ruangan yang bagus dan tenang . [O] [S] [A],[O] kurang menarik [S] negative [A] sarapan,[O] bagus dan tenang [S] positive [A] ruangan,"[[508, 46, 60, 27265, 524, 2953, 277, 1579, 508, 50, 60, 8225, 508, 32, 60, 28047, 5359]]","[[508, 46, 60, 8968, 355, 9101, 5779, 524, 508, 50, 60, 6785, 508, 32, 60, 11122, 18633]]"
menu sarapan kurang enak . [A] [O] [S],timbangannya lumayan enak . [A] [O] [S],[A] menu sarapan [O] kurang enak [S] negative,[A] timbangannya [O] lumayan enak [S] positive,"[[508, 32, 60, 5022, 28047, 5359, 508, 46, 60, 27265, 524, 662, 585, 508, 50, 60, 8225]]","[[508, 32, 60, 6792, 27174, 71098, 508, 46, 60, 40163, 43857, 662, 585, 508, 50, 60, 6785]]"
menu sarapan kurang enak . [A] [S] [O],timbangannya lumayan enak . [A] [S] [O],[A] menu sarapan [S] negative [O] kurang enak,[A] timbangannya [S] positive [O] lumayan enak,"[[508, 32, 60, 5022, 28047, 5359, 508, 50, 60, 8225, 508, 46, 60, 27265, 524, 662, 585]]","[[508, 32, 60, 6792, 27174, 71098, 508, 50, 60, 6785, 508, 46, 60, 40163, 43857, 662, 585]]"
menu sarapan kurang enak . [S] [A] [O],timbangannya lumayan enak . [S] [A] [O],[S] negative [A] menu sarapan [O] kurang enak,[S] positive [A] timbangannya [O] lumayan enak,"[[508, 50, 60, 8225, 508, 32, 60, 5022, 28047, 5359, 508, 46, 60, 27265, 524, 662, 585]]","[[508, 50, 60, 6785, 508, 32, 60, 6792, 27174, 71098, 508, 46, 60, 40163, 43857, 662, 585]]"
menu sarapan kurang enak . [O] [A] [S],timbangannya lumayan enak . [O] [A] [S],[O] kurang enak [A] menu sarapan [S] negative,[O] lumayan enak [A] timbangannya [S] positive,"[[508, 46, 60, 27265, 524, 662, 585, 508, 32, 60, 5022, 28047, 5359, 508, 50, 60, 8225]]","[[508, 46, 60, 40163, 43857, 662, 585, 508, 32, 60, 6792, 27174, 71098, 508, 50, 60, 6785]]"
menu sarapan kurang enak . [O] [S] [A],timbangannya lumayan enak . [O] [S] [A],[O] kurang enak [S] negative [A] menu sarapan,[O] lumayan enak [S] positive [A] timbangannya,"[[508, 46, 60, 27265, 524, 662, 585, 508, 50, 60, 8225, 508, 32, 60, 5022, 28047, 5359]]","[[508, 46, 60, 40163, 43857, 662, 585, 508, 50, 60, 6785, 508, 32, 60, 6792, 27174, 71098]]"
kamar mandi terlalu sempit . [A] [O] [S],otomotif cukup leluasa . [A] [O] [S],[A] kamar mandi [O] terlalu sempit [S] negative,[A] otomotif [O] cukup leluasa [S] positive,"[[508, 32, 60, 595, 15554, 11576, 72, 508, 46, 60, 1982, 75, 36986, 74597, 275, 508, 50, 60, 8225]]","[[508, 32, 60, 14147, 316, 354, 333, 508, 46, 60, 92743, 454, 512, 9835, 15428, 508, 50, 60, 6785]]"
kamar mandi terlalu sempit . [A] [S] [O],otomotif cukup leluasa . [A] [S] [O],[A] kamar mandi [S] negative [O] terlalu sempit,[A] otomotif [S] positive [O] cukup leluasa,"[[508, 32, 60, 595, 15554, 11576, 72, 508, 50, 60, 8225, 508, 46, 60, 1982, 75, 36986, 74597, 275]]","[[508, 32, 60, 14147, 316, 354, 333, 508, 50, 60, 6785, 508, 46, 60, 92743, 454, 512, 9835, 15428]]"
kamar mandi terlalu sempit . [S] [A] [O],otomotif cukup leluasa . [S] [A] [O],[S] negative [A] kamar mandi [O] terlalu sempit,[S] positive [A] otomotif [O] cukup leluasa,"[[508, 50, 60, 8225, 508, 32, 60, 595, 15554, 11576, 72, 508, 46, 60, 1982, 75, 36986, 74597, 275]]","[[508, 50, 60, 6785, 508, 32, 60, 14147, 316, 354, 333, 508, 46, 60, 92743, 454, 512, 9835, 15428]]"
kamar mandi terlalu sempit . [O] [A] [S],otomotif cukup leluasa . [O] [A] [S],[O] terlalu sempit [A] kamar mandi [S] negative,[O] cukup leluasa [A] otomotif [S] positive,"[[508, 46, 60, 1982, 75, 36986, 74597, 275, 508, 32, 60, 595, 15554, 11576, 72, 508, 50, 60, 8225]]","[[508, 46, 60, 92743, 454, 512, 9835, 15428, 508, 32, 60, 14147, 316, 354, 333, 508, 50, 60, 6785]]"
kamar mandi terlalu sempit . [O] [S] [A],otomotif cukup leluasa . [O] [S] [A],[O] terlalu sempit [S] negative [A] kamar mandi,[O] cukup leluasa [S] positive [A] otomotif,"[[508, 46, 60, 1982, 75, 36986, 74597, 275, 508, 50, 60, 8225, 508, 32, 60, 595, 15554, 11576, 72]]","[[508, 46, 60, 92743, 454, 512, 9835, 15428, 508, 50, 60, 6785, 508, 32, 60, 14147, 316, 354, 333]]"
parkiran luas . [A] [O] [S],jaket sempit . [A] [O] [S],[A] parkiran [O] luas [S] positive,[A] jaket [O] sempit [S] negative,"[[508, 32, 60, 6118, 54690, 508, 46, 60, 24743, 300, 508, 50, 60, 6785]]","[[508, 32, 60, 19394, 295, 508, 46, 60, 74597, 275, 508, 50, 60, 8225]]"
parkiran luas . [A] [S] [O],jaket sempit . [A] [S] [O],[A] parkiran [S] positive [O] luas,[A] jaket [S] negative [O] sempit,"[[508, 32, 60, 6118, 54690, 508, 50, 60, 6785, 508, 46, 60, 24743, 300]]","[[508, 32, 60, 19394, 295, 508, 50, 60, 8225, 508, 46, 60, 74597, 275]]"
parkiran luas . [S] [A] [O],jaket sempit . [S] [A] [O],[S] positive [A] parkiran [O] luas,[S] negative [A] jaket [O] sempit,"[[508, 50, 60, 6785, 508, 32, 60, 6118, 54690, 508, 46, 60, 24743, 300]]","[[508, 50, 60, 8225, 508, 32, 60, 19394, 295, 508, 46, 60, 74597, 275]]"
parkiran luas . [O] [A] [S],jaket sempit . [O] [A] [S],[O] luas [A] parkiran [S] positive,[O] sempit [A] jaket [S] negative,"[[508, 46, 60, 24743, 300, 508, 32, 60, 6118, 54690, 508, 50, 60, 6785]]","[[508, 46, 60, 74597, 275, 508, 32, 60, 19394, 295, 508, 50, 60, 8225]]"
parkiran luas . [O] [S] [A],jaket sempit . [O] [S] [A],[O] luas [S] positive [A] parkiran,[O] sempit [S] negative [A] jaket,"[[508, 46, 60, 24743, 300, 508, 50, 60, 6785, 508, 32, 60, 6118, 54690]]","[[508, 46, 60, 74597, 275, 508, 50, 60, 8225, 508, 32, 60, 19394, 295]]"
menu sarapannya enak . [A] [O] [S],pengadilannya hambar . [A] [O] [S],[A] menu sarapannya [O] enak [S] positive,[A] pengadilannya [O] hambar [S] negative,"[[508, 32, 60, 5022, 28047, 391, 71098, 508, 46, 60, 662, 585, 508, 50, 60, 6785]]","[[508, 32, 60, 36686, 329, 321, 71098, 508, 46, 60, 13515, 2257, 508, 50, 60, 8225]]"
menu sarapannya enak . [A] [S] [O],pengadilannya hambar . [A] [S] [O],[A] menu sarapannya [S] positive [O] enak,[A] pengadilannya [S] negative [O] hambar,"[[508, 32, 60, 5022, 28047, 391, 71098, 508, 50, 60, 6785, 508, 46, 60, 662, 585]]","[[508, 32, 60, 36686, 329, 321, 71098, 508, 50, 60, 8225, 508, 46, 60, 13515, 2257]]"
menu sarapannya enak . [S] [A] [O],pengadilannya hambar . [S] [A] [O],[S] positive [A] menu sarapannya [O] enak,[S] negative [A] pengadilannya [O] hambar,"[[508, 50, 60, 6785, 508, 32, 60, 5022, 28047, 391, 71098, 508, 46, 60, 662, 585]]","[[508, 50, 60, 8225, 508, 32, 60, 36686, 329, 321, 71098, 508, 46, 60, 13515, 2257]]"
menu sarapannya enak . [O] [A] [S],pengadilannya hambar . [O] [A] [S],[O] enak [A] menu sarapannya [S] positive,[O] hambar [A] pengadilannya [S] negative,"[[508, 46, 60, 662, 585, 508, 32, 60, 5022, 28047, 391, 71098, 508, 50, 60, 6785]]","[[508, 46, 60, 13515, 2257, 508, 32, 60, 36686, 329, 321, 71098, 508, 50, 60, 8225]]"
menu sarapannya enak . [O] [S] [A],pengadilannya hambar . [O] [S] [A],[O] enak [S] positive [A] menu sarapannya,[O] hambar [S] negative [A] pengadilannya,"[[508, 46, 60, 662, 585, 508, 50, 60, 6785, 508, 32, 60, 5022, 28047, 391, 71098]]","[[508, 46, 60, 13515, 2257, 508, 50, 60, 8225, 508, 32, 60, 36686, 329, 321, 71098]]"
ac di kamar nomor 10 tidak dingin . [A] [O] [S],motor di kamar nomor 10 sangat dingin . [A] [O] [S],[A] ac [O] tidak dingin [S] negative,[A] motor [O] sangat dingin [S] positive,"[[508, 32, 60, 1613, 508, 46, 60, 27281, 66442, 258, 508, 50, 60, 8225]]","[[508, 32, 60, 8872, 508, 46, 60, 70464, 66442, 258, 508, 50, 60, 6785]]"
ac di kamar nomor 10 tidak dingin . [A] [S] [O],motor di kamar nomor 10 sangat dingin . [A] [S] [O],[A] ac [S] negative [O] tidak dingin,[A] motor [S] positive [O] sangat dingin,"[[508, 32, 60, 1613, 508, 50, 60, 8225, 508, 46, 60, 27281, 66442, 258]]","[[508, 32, 60, 8872, 508, 50, 60, 6785, 508, 46, 60, 70464, 66442, 258]]"
ac di kamar nomor 10 tidak dingin . [S] [A] [O],motor di kamar nomor 10 sangat dingin . [S] [A] [O],[S] negative [A] ac [O] tidak dingin,[S] positive [A] motor [O] sangat dingin,"[[508, 50, 60, 8225, 508, 32, 60, 1613, 508, 46, 60, 27281, 66442, 258]]","[[508, 50, 60, 6785, 508, 32, 60, 8872, 508, 46, 60, 70464, 66442, 258]]"
ac di kamar nomor 10 tidak dingin . [O] [A] [S],motor di kamar nomor 10 sangat dingin . [O] [A] [S],[O] tidak dingin [A] ac [S] negative,[O] sangat dingin [A] motor [S] positive,"[[508, 46, 60, 27281, 66442, 258, 508, 32, 60, 1613, 508, 50, 60, 8225]]","[[508, 46, 60, 70464, 66442, 258, 508, 32, 60, 8872, 508, 50, 60, 6785]]"
ac di kamar nomor 10 tidak dingin . [O] [S] [A],motor di kamar nomor 10 sangat dingin . [O] [S] [A],[O] tidak dingin [S] negative [A] ac,[O] sangat dingin [S] positive [A] motor,"[[508, 46, 60, 27281, 66442, 258, 508, 50, 60, 8225, 508, 32, 60, 1613]]","[[508, 46, 60, 70464, 66442, 258, 508, 50, 60, 6785, 508, 32, 60, 8872]]"
air panasnya tidak stabil . [A] [O] [S],alat tulis sudah stabil . [A] [O] [S],[A] air panasnya [O] tidak stabil [S] negative,[A] alat tulis [O] sudah stabil [S] positive,"[[508, 32, 60, 3720, 7215, 300, 22891, 508, 46, 60, 27281, 26184, 508, 50, 60, 8225]]","[[508, 32, 60, 452, 266, 60936, 285, 508, 46, 60, 49796, 26184, 508, 50, 60, 6785]]"
air panasnya tidak stabil . [A] [S] [O],alat tulis sudah stabil . [A] [S] [O],[A] air panasnya [S] negative [O] tidak stabil,[A] alat tulis [S] positive [O] sudah stabil,"[[508, 32, 60, 3720, 7215, 300, 22891, 508, 50, 60, 8225, 508, 46, 60, 27281, 26184]]","[[508, 32, 60, 452, 266, 60936, 285, 508, 50, 60, 6785, 508, 46, 60, 49796, 26184]]"
air panasnya tidak stabil . [S] [A] [O],alat tulis sudah stabil . [S] [A] [O],[S] negative [A] air panasnya [O] tidak stabil,[S] positive [A] alat tulis [O] sudah stabil,"[[508, 50, 60, 8225, 508, 32, 60, 3720, 7215, 300, 22891, 508, 46, 60, 27281, 26184]]","[[508, 50, 60, 6785, 508, 32, 60, 452, 266, 60936, 285, 508, 46, 60, 49796, 26184]]"
air panasnya tidak stabil . [O] [A] [S],alat tulis sudah stabil . [O] [A] [S],[O] tidak stabil [A] air panasnya [S] negative,[O] sudah stabil [A] alat tulis [S] positive,"[[508, 46, 60, 27281, 26184, 508, 32, 60, 3720, 7215, 300, 22891, 508, 50, 60, 8225]]","[[508, 46, 60, 49796, 26184, 508, 32, 60, 452, 266, 60936, 285, 508, 50, 60, 6785]]"
air panasnya tidak stabil . [O] [S] [A],alat tulis sudah stabil . [O] [S] [A],[O] tidak stabil [S] negative [A] air panasnya,[O] sudah stabil [S] positive [A] alat tulis,"[[508, 46, 60, 27281, 26184, 508, 50, 60, 8225, 508, 32, 60, 3720, 7215, 300, 22891]]","[[508, 46, 60, 49796, 26184, 508, 50, 60, 6785, 508, 32, 60, 452, 266, 60936, 285]]"
tempatnya di tengah kota dan sangat tenang . [A] [O] [S],ruangannya di tengah kota dan berisik . [A] [O] [S],[A] tempatnya [O] sangat tenang [S] positive,[A] ruangannya [O] berisik [S] negative,"[[508, 32, 60, 2730, 266, 22891, 508, 46, 60, 70464, 5779, 524, 508, 50, 60, 6785]]","[[508, 32, 60, 11122, 524, 71098, 508, 46, 60, 10207, 285, 1579, 508, 50, 60, 8225]]"
tempatnya di tengah kota dan sangat tenang . [A] [S] [O],ruangannya di tengah kota dan berisik . [A] [S] [O],[A] tempatnya [S] positive [O] sangat tenang,[A] ruangannya [S] negative [O] berisik,"[[508, 32, 60, 2730, 266, 22891, 508, 50, 60, 6785, 508, 46, 60, 70464, 5779, 524]]","[[508, 32, 60, 11122, 524, 71098, 508, 50, 60, 8225, 508, 46, 60, 10207, 285, 1579]]"
tempatnya di tengah kota dan sangat tenang . [S] [A] [O],ruangannya di tengah kota dan berisik . [S] [A] [O],[S] positive [A] tempatnya [O] sangat tenang,[S] negative [A] ruangannya [O] berisik,"[[508, 50, 60, 6785, 508, 32, 60, 2730, 266, 22891, 508, 46, 60, 70464, 5779, 524]]","[[508, 50, 60, 8225, 508, 32, 60, 11122, 524, 71098, 508, 46, 60, 10207, 285, 1579]]"
tempatnya di tengah kota dan sangat tenang . [O] [A] [S],ruangannya di tengah kota dan berisik . [O] [A] [S],[O] sangat tenang [A] tempatnya [S] positive,[O] berisik [A] ruangannya [S] negative,"[[508, 46, 60, 70464, 5779, 524, 508, 32, 60, 2730, 266, 22891, 508, 50, 60, 6785]]","[[508, 46, 60, 10207, 285, 1579, 508, 32, 60, 11122, 524, 71098, 508, 50, 60, 8225]]"
tempatnya di tengah kota dan sangat tenang . [O] [S] [A],ruangannya di tengah kota dan berisik . [O] [S] [A],[O] sangat tenang [S] positive [A] tempatnya,[O] berisik [S] negative [A] ruangannya,"[[508, 46, 60, 70464, 5779, 524, 508, 50, 60, 6785, 508, 32, 60, 2730, 266, 22891]]","[[508, 46, 60, 10207, 285, 1579, 508, 50, 60, 8225, 508, 32, 60, 11122, 524, 71098]]"
tidak ada tisu . [A] [O] [S],banyak juga minuman . [A] [O] [S],[A] tisu [O] tidak ada [S] negative,[A] minuman [O] banyak juga [S] positive,"[[508, 32, 60, 259, 62748, 508, 46, 60, 27281, 34234, 508, 50, 60, 8225]]","[[508, 32, 60, 1308, 7136, 508, 46, 60, 61892, 42369, 508, 50, 60, 6785]]"
tidak ada tisu . [A] [S] [O],banyak juga minuman . [A] [S] [O],[A] tisu [S] negative [O] tidak ada,[A] minuman [S] positive [O] banyak juga,"[[508, 32, 60, 259, 62748, 508, 50, 60, 8225, 508, 46, 60, 27281, 34234]]","[[508, 32, 60, 1308, 7136, 508, 50, 60, 6785, 508, 46, 60, 61892, 42369]]"
tidak ada tisu . [S] [A] [O],banyak juga minuman . [S] [A] [O],[S] negative [A] tisu [O] tidak ada,[S] positive [A] minuman [O] banyak juga,"[[508, 50, 60, 8225, 508, 32, 60, 259, 62748, 508, 46, 60, 27281, 34234]]","[[508, 50, 60, 6785, 508, 32, 60, 1308, 7136, 508, 46, 60, 61892, 42369]]"
tidak ada tisu . [O] [A] [S],banyak juga minuman . [O] [A] [S],[O] tidak ada [A] tisu [S] negative,[O] banyak juga [A] minuman [S] positive,"[[508, 46, 60, 27281, 34234, 508, 32, 60, 259, 62748, 508, 50, 60, 8225]]","[[508, 46, 60, 61892, 42369, 508, 32, 60, 1308, 7136, 508, 50, 60, 6785]]"
tidak ada tisu . [O] [S] [A],banyak juga minuman . [O] [S] [A],[O] tidak ada [S] negative [A] tisu,[O] banyak juga [S] positive [A] minuman,"[[508, 46, 60, 27281, 34234, 508, 50, 60, 8225, 508, 32, 60, 259, 62748]]","[[508, 46, 60, 61892, 42369, 508, 50, 60, 6785, 508, 32, 60, 1308, 7136]]"
sarapannya kurang enak . [A] [O] [S],pohonnya sangat lezat . [A] [O] [S],[A] sarapannya [O] kurang enak [S] negative,[A] pohonnya [O] sangat lezat [S] positive,"[[508, 32, 60, 28047, 391, 71098, 508, 46, 60, 27265, 524, 662, 585, 508, 50, 60, 8225]]","[[508, 32, 60, 281, 98592, 22891, 508, 46, 60, 70464, 512, 89, 266, 508, 50, 60, 6785]]"
sarapannya kurang enak . [A] [S] [O],pohonnya sangat lezat . [A] [S] [O],[A] sarapannya [S] negative [O] kurang enak,[A] pohonnya [S] positive [O] sangat lezat,"[[508, 32, 60, 28047, 391, 71098, 508, 50, 60, 8225, 508, 46, 60, 27265, 524, 662, 585]]","[[508, 32, 60, 281, 98592, 22891, 508, 50, 60, 6785, 508, 46, 60, 70464, 512, 89, 266]]"
sarapannya kurang enak . [S] [A] [O],pohonnya sangat lezat . [S] [A] [O],[S] negative [A] sarapannya [O] kurang enak,[S] positive [A] pohonnya [O] sangat lezat,"[[508, 50, 60, 8225, 508, 32, 60, 28047, 391, 71098, 508, 46, 60, 27265, 524, 662, 585]]","[[508, 50, 60, 6785, 508, 32, 60, 281, 98592, 22891, 508, 46, 60, 70464, 512, 89, 266]]"
sarapannya kurang enak . [O] [A] [S],pohonnya sangat lezat . [O] [A] [S],[O] kurang enak [A] sarapannya [S] negative,[O] sangat lezat [A] pohonnya [S] positive,"[[508, 46, 60, 27265, 524, 662, 585, 508, 32, 60, 28047, 391, 71098, 508, 50, 60, 8225]]","[[508, 46, 60, 70464, 512, 89, 266, 508, 32, 60, 281, 98592, 22891, 508, 50, 60, 6785]]"
sarapannya kurang enak . [O] [S] [A],pohonnya sangat lezat . [O] [S] [A],[O] kurang enak [S] negative [A] sarapannya,[O] sangat lezat [S] positive [A] pohonnya,"[[508, 46, 60, 27265, 524, 662, 585, 508, 50, 60, 8225, 508, 32, 60, 28047, 391, 71098]]","[[508, 46, 60, 70464, 512, 89, 266, 508, 50, 60, 6785, 508, 32, 60, 281, 98592, 22891]]"
ac nya panas . [A] [O] [S],es nya dingin . [A] [O] [S],[A] ac nya [O] panas [S] negative,[A] es nya [O] dingin [S] positive,"[[508, 32, 60, 1613, 75189, 508, 46, 60, 7215, 300, 508, 50, 60, 8225]]","[[508, 32, 60, 1531, 75189, 508, 46, 60, 66442, 258, 508, 50, 60, 6785]]"
ac nya panas . [A] [S] [O],es nya dingin . [A] [S] [O],[A] ac nya [S] negative [O] panas,[A] es nya [S] positive [O] dingin,"[[508, 32, 60, 1613, 75189, 508, 50, 60, 8225, 508, 46, 60, 7215, 300]]","[[508, 32, 60, 1531, 75189, 508, 50, 60, 6785, 508, 46, 60, 66442, 258]]"
ac nya panas . [S] [A] [O],es nya dingin . [S] [A] [O],[S] negative [A] ac nya [O] panas,[S] positive [A] es nya [O] dingin,"[[508, 50, 60, 8225, 508, 32, 60, 1613, 75189, 508, 46, 60, 7215, 300]]","[[508, 50, 60, 6785, 508, 32, 60, 1531, 75189, 508, 46, 60, 66442, 258]]"
ac nya panas . [O] [A] [S],es nya dingin . [O] [A] [S],[O] panas [A] ac nya [S] negative,[O] dingin [A] es nya [S] positive,"[[508, 46, 60, 7215, 300, 508, 32, 60, 1613, 75189, 508, 50, 60, 8225]]","[[508, 46, 60, 66442, 258, 508, 32, 60, 1531, 75189, 508, 50, 60, 6785]]"
ac nya panas . [O] [S] [A],es nya dingin . [O] [S] [A],[O] panas [S] negative [A] ac nya,[O] dingin [S] positive [A] es nya,"[[508, 46, 60, 7215, 300, 508, 50, 60, 8225, 508, 32, 60, 1613, 75189]]","[[508, 46, 60, 66442, 258, 508, 50, 60, 6785, 508, 32, 60, 1531, 75189]]"
resepsionis sangat tidak ramah . jatah cek in jam 2 siang tetapi katanya baru bisa masuk jam 3 sore . [A] [O] [S],pegawai tokonya terlalu baik . jatah cek in jam 2 siang tetapi katanya baru bisa masuk jam 3 sore . [A] [O] [S],[A] resepsionis [O] sangat tidak ramah [S] negative,[A] pegawai tokonya [O] terlalu baik [S] positive,"[[508, 32, 60, 312, 325, 1690, 290, 285, 508, 46, 60, 70464, 27281, 17823, 1466, 508, 50, 60, 8225]]","[[508, 32, 60, 30687, 35969, 9628, 3549, 64, 508, 46, 60, 1982, 75, 36986, 79187, 508, 50, 60, 6785]]"
resepsionis sangat tidak ramah . jatah cek in jam 2 siang tetapi katanya baru bisa masuk jam 3 sore . [A] [S] [O],pegawai tokonya terlalu baik . jatah cek in jam 2 siang tetapi katanya baru bisa masuk jam 3 sore . [A] [S] [O],[A] resepsionis [S] negative [O] sangat tidak ramah,[A] pegawai tokonya [S] positive [O] terlalu baik,"[[508, 32, 60, 312, 325, 1690, 290, 285, 508, 50, 60, 8225, 508, 46, 60, 70464, 27281, 17823, 1466]]","[[508, 32, 60, 30687, 35969, 9628, 3549, 64, 508, 50, 60, 6785, 508, 46, 60, 1982, 75, 36986, 79187]]"
resepsionis sangat tidak ramah . jatah cek in jam 2 siang tetapi katanya baru bisa masuk jam 3 sore . [S] [A] [O],pegawai tokonya terlalu baik . jatah cek in jam 2 siang tetapi katanya baru bisa masuk jam 3 sore . [S] [A] [O],[S] negative [A] resepsionis [O] sangat tidak ramah,[S] positive [A] pegawai tokonya [O] terlalu baik,"[[508, 50, 60, 8225, 508, 32, 60, 312, 325, 1690, 290, 285, 508, 46, 60, 70464, 27281, 17823, 1466]]","[[508, 50, 60, 6785, 508, 32, 60, 30687, 35969, 9628, 3549, 64, 508, 46, 60, 1982, 75, 36986, 79187]]"
resepsionis sangat tidak ramah . jatah cek in jam 2 siang tetapi katanya baru bisa masuk jam 3 sore . [O] [A] [S],pegawai tokonya terlalu baik . jatah cek in jam 2 siang tetapi katanya baru bisa masuk jam 3 sore . [O] [A] [S],[O] sangat tidak ramah [A] resepsionis [S] negative,[O] terlalu baik [A] pegawai tokonya [S] positive,"[[508, 46, 60, 70464, 27281, 17823, 1466, 508, 32, 60, 312, 325, 1690, 290, 285, 508, 50, 60, 8225]]","[[508, 46, 60, 1982, 75, 36986, 79187, 508, 32, 60, 30687, 35969, 9628, 3549, 64, 508, 50, 60, 6785]]"
resepsionis sangat tidak ramah . jatah cek in jam 2 siang tetapi katanya baru bisa masuk jam 3 sore . [O] [S] [A],pegawai tokonya terlalu baik . jatah cek in jam 2 siang tetapi katanya baru bisa masuk jam 3 sore . [O] [S] [A],[O] sangat tidak ramah [S] negative [A] resepsionis,[O] terlalu baik [S] positive [A] pegawai tokonya,"[[508, 46, 60, 70464, 27281, 17823, 1466, 508, 50, 60, 8225, 508, 32, 60, 312, 325, 1690, 290, 285]]","[[508, 46, 60, 1982, 75, 36986, 79187, 508, 50, 60, 6785, 508, 32, 60, 30687, 35969, 9628, 3549, 64]]"
wifi kurang kencang . [A] [O] [S],bon cukup kencang . [A] [O] [S],[A] wifi [O] kurang kencang [S] negative,[A] bon [O] cukup kencang [S] positive,"[[508, 32, 60, 33417, 508, 46, 60, 27265, 524, 595, 954, 524, 508, 50, 60, 8225]]","[[508, 32, 60, 7814, 508, 46, 60, 92743, 454, 595, 954, 524, 508, 50, 60, 6785]]"
wifi kurang kencang . [A] [S] [O],bon cukup kencang . [A] [S] [O],[A] wifi [S] negative [O] kurang kencang,[A] bon [S] positive [O] cukup kencang,"[[508, 32, 60, 33417, 508, 50, 60, 8225, 508, 46, 60, 27265, 524, 595, 954, 524]]","[[508, 32, 60, 7814, 508, 50, 60, 6785, 508, 46, 60, 92743, 454, 595, 954, 524]]"
wifi kurang kencang . [S] [A] [O],bon cukup kencang . [S] [A] [O],[S] negative [A] wifi [O] kurang kencang,[S] positive [A] bon [O] cukup kencang,"[[508, 50, 60, 8225, 508, 32, 60, 33417, 508, 46, 60, 27265, 524, 595, 954, 524]]","[[508, 50, 60, 6785, 508, 32, 60, 7814, 508, 46, 60, 92743, 454, 595, 954, 524]]"
wifi kurang kencang . [O] [A] [S],bon cukup kencang . [O] [A] [S],[O] kurang kencang [A] wifi [S] negative,[O] cukup kencang [A] bon [S] positive,"[[508, 46, 60, 27265, 524, 595, 954, 524, 508, 32, 60, 33417, 508, 50, 60, 8225]]","[[508, 46, 60, 92743, 454, 595, 954, 524, 508, 32, 60, 7814, 508, 50, 60, 6785]]"
wifi kurang kencang . [O] [S] [A],bon cukup kencang . [O] [S] [A],[O] kurang kencang [S] negative [A] wifi,[O] cukup kencang [S] positive [A] bon,"[[508, 46, 60, 27265, 524, 595, 954, 524, 508, 50, 60, 8225, 508, 32, 60, 33417]]","[[508, 46, 60, 92743, 454, 595, 954, 524, 508, 50, 60, 6785, 508, 32, 60, 7814]]"
