clean,corrupted,correct_label,incorrect_label,correct_idx,incorrect_idx
tempat tdr kurang bersih . [A] [O] [S],baju anakku cukup cepat . [A] [O] [S],[A] tempat tidur [O] kurang bersih [S] negative,[A] baju anakku [O] cukup cepat [S] positive,"[[508, 32, 60, 2730, 266, 13112, 324, 508, 46, 60, 27265, 524, 58554, 6996, 508, 50, 60, 8225]]","[[508, 32, 60, 293, 51413, 83255, 12133, 508, 46, 60, 92743, 454, 62090, 266, 508, 50, 60, 6785]]"
tempat tdr kurang bersih . [A] [S] [O],baju anakku cukup cepat . [A] [S] [O],[A] tempat tidur [S] negative [O] kurang bersih,[A] baju anakku [S] positive [O] cukup cepat,"[[508, 32, 60, 2730, 266, 13112, 324, 508, 50, 60, 8225, 508, 46, 60, 27265, 524, 58554, 6996]]","[[508, 32, 60, 293, 51413, 83255, 12133, 508, 50, 60, 6785, 508, 46, 60, 92743, 454, 62090, 266]]"
tempat tdr kurang bersih . [S] [A] [O],baju anakku cukup cepat . [S] [A] [O],[S] negative [A] tempat tidur [O] kurang bersih,[S] positive [A] baju anakku [O] cukup cepat,"[[508, 50, 60, 8225, 508, 32, 60, 2730, 266, 13112, 324, 508, 46, 60, 27265, 524, 58554, 6996]]","[[508, 50, 60, 6785, 508, 32, 60, 293, 51413, 83255, 12133, 508, 46, 60, 92743, 454, 62090, 266]]"
tempat tdr kurang bersih . [O] [A] [S],baju anakku cukup cepat . [O] [A] [S],[O] kurang bersih [A] tempat tidur [S] negative,[O] cukup cepat [A] baju anakku [S] positive,"[[508, 46, 60, 27265, 524, 58554, 6996, 508, 32, 60, 2730, 266, 13112, 324, 508, 50, 60, 8225]]","[[508, 46, 60, 92743, 454, 62090, 266, 508, 32, 60, 293, 51413, 83255, 12133, 508, 50, 60, 6785]]"
tempat tdr kurang bersih . [O] [S] [A],baju anakku cukup cepat . [O] [S] [A],[O] kurang bersih [S] negative [A] tempat tidur,[O] cukup cepat [S] positive [A] baju anakku,"[[508, 46, 60, 27265, 524, 58554, 6996, 508, 50, 60, 8225, 508, 32, 60, 2730, 266, 13112, 324]]","[[508, 46, 60, 92743, 454, 62090, 266, 508, 50, 60, 6785, 508, 32, 60, 293, 51413, 83255, 12133]]"
tidak ada sarapan . [A] [O] [S],baik sangat lilin . [A] [O] [S],[A] sarapan [O] tidak ada [S] negative,[A] lilin [O] baik sangat [S] positive,"[[508, 32, 60, 28047, 5359, 508, 46, 60, 27281, 34234, 508, 50, 60, 8225]]","[[508, 32, 60, 61371, 258, 508, 46, 60, 79187, 70464, 508, 50, 60, 6785]]"
tidak ada sarapan . [A] [S] [O],baik sangat lilin . [A] [S] [O],[A] sarapan [S] negative [O] tidak ada,[A] lilin [S] positive [O] baik sangat,"[[508, 32, 60, 28047, 5359, 508, 50, 60, 8225, 508, 46, 60, 27281, 34234]]","[[508, 32, 60, 61371, 258, 508, 50, 60, 6785, 508, 46, 60, 79187, 70464]]"
tidak ada sarapan . [S] [A] [O],baik sangat lilin . [S] [A] [O],[S] negative [A] sarapan [O] tidak ada,[S] positive [A] lilin [O] baik sangat,"[[508, 50, 60, 8225, 508, 32, 60, 28047, 5359, 508, 46, 60, 27281, 34234]]","[[508, 50, 60, 6785, 508, 32, 60, 61371, 258, 508, 46, 60, 79187, 70464]]"
tidak ada sarapan . [O] [A] [S],baik sangat lilin . [O] [A] [S],[O] tidak ada [A] sarapan [S] negative,[O] baik sangat [A] lilin [S] positive,"[[508, 46, 60, 27281, 34234, 508, 32, 60, 28047, 5359, 508, 50, 60, 8225]]","[[508, 46, 60, 79187, 70464, 508, 32, 60, 61371, 258, 508, 50, 60, 6785]]"
tidak ada sarapan . [O] [S] [A],baik sangat lilin . [O] [S] [A],[O] tidak ada [S] negative [A] sarapan,[O] baik sangat [S] positive [A] lilin,"[[508, 46, 60, 27281, 34234, 508, 50, 60, 8225, 508, 32, 60, 28047, 5359]]","[[508, 46, 60, 79187, 70464, 508, 50, 60, 6785, 508, 32, 60, 61371, 258]]"
tv nya saja yang tidak bagus karena siaran tvnya tidak jelas . [A] [O] [S],nasi saja yang baik sekali karena polanya keren dan indah . [A] [O] [S],[A] tv nya [O] tidak bagus karena siaran tvnya tidak jelas [S] negative,[A] nasi [O] baik sekali karena polanya keren dan indah [S] positive,"[[508, 32, 60, 11086, 75189, 508, 46, 60, 27281, 8968, 355, 59469, 4403, 21320, 11086, 22891, 27281, 502, 39743, 508, 50, 60, 8225]]","[[508, 32, 60, 308, 10215, 508, 46, 60, 79187, 43834, 7956, 59469, 1471, 24074, 595, 17392, 9101, 1257, 1466, 508, 50, 60, 6785]]"
tv nya saja yang tidak bagus karena siaran tvnya tidak jelas . [A] [S] [O],nasi saja yang baik sekali karena polanya keren dan indah . [A] [S] [O],[A] tv nya [S] negative [O] tidak bagus karena siaran tvnya tidak jelas,[A] nasi [S] positive [O] baik sekali karena polanya keren dan indah,"[[508, 32, 60, 11086, 75189, 508, 50, 60, 8225, 508, 46, 60, 27281, 8968, 355, 59469, 4403, 21320, 11086, 22891, 27281, 502, 39743]]","[[508, 32, 60, 308, 10215, 508, 50, 60, 6785, 508, 46, 60, 79187, 43834, 7956, 59469, 1471, 24074, 595, 17392, 9101, 1257, 1466]]"
tv nya saja yang tidak bagus karena siaran tvnya tidak jelas . [S] [A] [O],nasi saja yang baik sekali karena polanya keren dan indah . [S] [A] [O],[S] negative [A] tv nya [O] tidak bagus karena siaran tvnya tidak jelas,[S] positive [A] nasi [O] baik sekali karena polanya keren dan indah,"[[508, 50, 60, 8225, 508, 32, 60, 11086, 75189, 508, 46, 60, 27281, 8968, 355, 59469, 4403, 21320, 11086, 22891, 27281, 502, 39743]]","[[508, 50, 60, 6785, 508, 32, 60, 308, 10215, 508, 46, 60, 79187, 43834, 7956, 59469, 1471, 24074, 595, 17392, 9101, 1257, 1466]]"
tv nya saja yang tidak bagus karena siaran tvnya tidak jelas . [O] [A] [S],nasi saja yang baik sekali karena polanya keren dan indah . [O] [A] [S],[O] tidak bagus karena siaran tvnya tidak jelas [A] tv nya [S] negative,[O] baik sekali karena polanya keren dan indah [A] nasi [S] positive,"[[508, 46, 60, 27281, 8968, 355, 59469, 4403, 21320, 11086, 22891, 27281, 502, 39743, 508, 32, 60, 11086, 75189, 508, 50, 60, 8225]]","[[508, 46, 60, 79187, 43834, 7956, 59469, 1471, 24074, 595, 17392, 9101, 1257, 1466, 508, 32, 60, 308, 10215, 508, 50, 60, 6785]]"
tv nya saja yang tidak bagus karena siaran tvnya tidak jelas . [O] [S] [A],nasi saja yang baik sekali karena polanya keren dan indah . [O] [S] [A],[O] tidak bagus karena siaran tvnya tidak jelas [S] negative [A] tv nya,[O] baik sekali karena polanya keren dan indah [S] positive [A] nasi,"[[508, 46, 60, 27281, 8968, 355, 59469, 4403, 21320, 11086, 22891, 27281, 502, 39743, 508, 50, 60, 8225, 508, 32, 60, 11086, 75189]]","[[508, 46, 60, 79187, 43834, 7956, 59469, 1471, 24074, 595, 17392, 9101, 1257, 1466, 508, 50, 60, 6785, 508, 32, 60, 308, 10215]]"
pelayanannya ramah . [A] [O] [S],kucing hitam mahal . [A] [O] [S],[A] pelayanannya [O] ramah [S] positive,[A] kucing hitam [O] mahal [S] negative,"[[508, 32, 60, 281, 6895, 276, 71098, 508, 46, 60, 17823, 1466, 508, 50, 60, 6785]]","[[508, 32, 60, 595, 58044, 4201, 309, 508, 46, 60, 43216, 278, 508, 50, 60, 8225]]"
pelayanannya ramah . [A] [S] [O],kucing hitam mahal . [A] [S] [O],[A] pelayanannya [S] positive [O] ramah,[A] kucing hitam [S] negative [O] mahal,"[[508, 32, 60, 281, 6895, 276, 71098, 508, 50, 60, 6785, 508, 46, 60, 17823, 1466]]","[[508, 32, 60, 595, 58044, 4201, 309, 508, 50, 60, 8225, 508, 46, 60, 43216, 278]]"
pelayanannya ramah . [S] [A] [O],kucing hitam mahal . [S] [A] [O],[S] positive [A] pelayanannya [O] ramah,[S] negative [A] kucing hitam [O] mahal,"[[508, 50, 60, 6785, 508, 32, 60, 281, 6895, 276, 71098, 508, 46, 60, 17823, 1466]]","[[508, 50, 60, 8225, 508, 32, 60, 595, 58044, 4201, 309, 508, 46, 60, 43216, 278]]"
pelayanannya ramah . [O] [A] [S],kucing hitam mahal . [O] [A] [S],[O] ramah [A] pelayanannya [S] positive,[O] mahal [A] kucing hitam [S] negative,"[[508, 46, 60, 17823, 1466, 508, 32, 60, 281, 6895, 276, 71098, 508, 50, 60, 6785]]","[[508, 46, 60, 43216, 278, 508, 32, 60, 595, 58044, 4201, 309, 508, 50, 60, 8225]]"
pelayanannya ramah . [O] [S] [A],kucing hitam mahal . [O] [S] [A],[O] ramah [S] positive [A] pelayanannya,[O] mahal [S] negative [A] kucing hitam,"[[508, 46, 60, 17823, 1466, 508, 50, 60, 6785, 508, 32, 60, 281, 6895, 276, 71098]]","[[508, 46, 60, 43216, 278, 508, 50, 60, 8225, 508, 32, 60, 595, 58044, 4201, 309]]"
tempat parkir mobil yang terbatas . [A] [O] [S],bumbu rendang yang amat nyaman . [A] [O] [S],[A] tempat parkir mobil [O] terbatas [S] negative,[A] bumbu rendang [O] amat nyaman [S] positive,"[[508, 32, 60, 2730, 266, 6118, 404, 28805, 508, 46, 60, 1982, 13718, 300, 508, 50, 60, 8225]]","[[508, 32, 60, 293, 3551, 84, 17191, 524, 508, 46, 60, 42133, 19004, 12715, 508, 50, 60, 6785]]"
tempat parkir mobil yang terbatas . [A] [S] [O],bumbu rendang yang amat nyaman . [A] [S] [O],[A] tempat parkir mobil [S] negative [O] terbatas,[A] bumbu rendang [S] positive [O] amat nyaman,"[[508, 32, 60, 2730, 266, 6118, 404, 28805, 508, 50, 60, 8225, 508, 46, 60, 1982, 13718, 300]]","[[508, 32, 60, 293, 3551, 84, 17191, 524, 508, 50, 60, 6785, 508, 46, 60, 42133, 19004, 12715]]"
tempat parkir mobil yang terbatas . [S] [A] [O],bumbu rendang yang amat nyaman . [S] [A] [O],[S] negative [A] tempat parkir mobil [O] terbatas,[S] positive [A] bumbu rendang [O] amat nyaman,"[[508, 50, 60, 8225, 508, 32, 60, 2730, 266, 6118, 404, 28805, 508, 46, 60, 1982, 13718, 300]]","[[508, 50, 60, 6785, 508, 32, 60, 293, 3551, 84, 17191, 524, 508, 46, 60, 42133, 19004, 12715]]"
tempat parkir mobil yang terbatas . [O] [A] [S],bumbu rendang yang amat nyaman . [O] [A] [S],[O] terbatas [A] tempat parkir mobil [S] negative,[O] amat nyaman [A] bumbu rendang [S] positive,"[[508, 46, 60, 1982, 13718, 300, 508, 32, 60, 2730, 266, 6118, 404, 28805, 508, 50, 60, 8225]]","[[508, 46, 60, 42133, 19004, 12715, 508, 32, 60, 293, 3551, 84, 17191, 524, 508, 50, 60, 6785]]"
tempat parkir mobil yang terbatas . [O] [S] [A],bumbu rendang yang amat nyaman . [O] [S] [A],[O] terbatas [S] negative [A] tempat parkir mobil,[O] amat nyaman [S] positive [A] bumbu rendang,"[[508, 46, 60, 1982, 13718, 300, 508, 50, 60, 8225, 508, 32, 60, 2730, 266, 6118, 404, 28805]]","[[508, 46, 60, 42133, 19004, 12715, 508, 50, 60, 6785, 508, 32, 60, 293, 3551, 84, 17191, 524]]"
"kasurnya buat tidur buat sakit dada , jadi saya pindah ke tempat lain . [A] [O] [S]","mie rebus buat tidur benar benar cantik , jadi saya pindah ke tempat lain . [A] [O] [S]",[A] kasurnya [O] buat sakit dada [S] negative,[A] mie rebus [O] benar benar cantik [S] positive,"[[508, 32, 60, 47656, 399, 7755, 508, 46, 60, 1031, 266, 77310, 275, 294, 2584, 508, 50, 60, 8225]]","[[508, 32, 60, 29065, 312, 10338, 508, 46, 60, 3318, 277, 3318, 277, 16464, 1579, 508, 50, 60, 6785]]"
"kasurnya buat tidur buat sakit dada , jadi saya pindah ke tempat lain . [A] [S] [O]","mie rebus buat tidur benar benar cantik , jadi saya pindah ke tempat lain . [A] [S] [O]",[A] kasurnya [S] negative [O] buat sakit dada,[A] mie rebus [S] positive [O] benar benar cantik,"[[508, 32, 60, 47656, 399, 7755, 508, 50, 60, 8225, 508, 46, 60, 1031, 266, 77310, 275, 294, 2584]]","[[508, 32, 60, 29065, 312, 10338, 508, 50, 60, 6785, 508, 46, 60, 3318, 277, 3318, 277, 16464, 1579]]"
"kasurnya buat tidur buat sakit dada , jadi saya pindah ke tempat lain . [S] [A] [O]","mie rebus buat tidur benar benar cantik , jadi saya pindah ke tempat lain . [S] [A] [O]",[S] negative [A] kasurnya [O] buat sakit dada,[S] positive [A] mie rebus [O] benar benar cantik,"[[508, 50, 60, 8225, 508, 32, 60, 47656, 399, 7755, 508, 46, 60, 1031, 266, 77310, 275, 294, 2584]]","[[508, 50, 60, 6785, 508, 32, 60, 29065, 312, 10338, 508, 46, 60, 3318, 277, 3318, 277, 16464, 1579]]"
"kasurnya buat tidur buat sakit dada , jadi saya pindah ke tempat lain . [O] [A] [S]","mie rebus buat tidur benar benar cantik , jadi saya pindah ke tempat lain . [O] [A] [S]",[O] buat sakit dada [A] kasurnya [S] negative,[O] benar benar cantik [A] mie rebus [S] positive,"[[508, 46, 60, 1031, 266, 77310, 275, 294, 2584, 508, 32, 60, 47656, 399, 7755, 508, 50, 60, 8225]]","[[508, 46, 60, 3318, 277, 3318, 277, 16464, 1579, 508, 32, 60, 29065, 312, 10338, 508, 50, 60, 6785]]"
"kasurnya buat tidur buat sakit dada , jadi saya pindah ke tempat lain . [O] [S] [A]","mie rebus buat tidur benar benar cantik , jadi saya pindah ke tempat lain . [O] [S] [A]",[O] buat sakit dada [S] negative [A] kasurnya,[O] benar benar cantik [S] positive [A] mie rebus,"[[508, 46, 60, 1031, 266, 77310, 275, 294, 2584, 508, 50, 60, 8225, 508, 32, 60, 47656, 399, 7755]]","[[508, 46, 60, 3318, 277, 3318, 277, 16464, 1579, 508, 50, 60, 6785, 508, 32, 60, 29065, 312, 10338]]"
kurang lampu saja ini yang kurang terang . [A] [O] [S],kurang baju saja ini yang cepat sekali . [A] [O] [S],[A] lampu [O] kurang terang [S] negative,[A] baju [O] cepat sekali [S] positive,"[[508, 32, 60, 27962, 84, 508, 46, 60, 27265, 524, 1982, 524, 508, 50, 60, 8225]]","[[508, 32, 60, 293, 51413, 508, 46, 60, 62090, 266, 43834, 7956, 508, 50, 60, 6785]]"
kurang lampu saja ini yang kurang terang . [A] [S] [O],kurang baju saja ini yang cepat sekali . [A] [S] [O],[A] lampu [S] negative [O] kurang terang,[A] baju [S] positive [O] cepat sekali,"[[508, 32, 60, 27962, 84, 508, 50, 60, 8225, 508, 46, 60, 27265, 524, 1982, 524]]","[[508, 32, 60, 293, 51413, 508, 50, 60, 6785, 508, 46, 60, 62090, 266, 43834, 7956]]"
kurang lampu saja ini yang kurang terang . [S] [A] [O],kurang baju saja ini yang cepat sekali . [S] [A] [O],[S] negative [A] lampu [O] kurang terang,[S] positive [A] baju [O] cepat sekali,"[[508, 50, 60, 8225, 508, 32, 60, 27962, 84, 508, 46, 60, 27265, 524, 1982, 524]]","[[508, 50, 60, 6785, 508, 32, 60, 293, 51413, 508, 46, 60, 62090, 266, 43834, 7956]]"
kurang lampu saja ini yang kurang terang . [O] [A] [S],kurang baju saja ini yang cepat sekali . [O] [A] [S],[O] kurang terang [A] lampu [S] negative,[O] cepat sekali [A] baju [S] positive,"[[508, 46, 60, 27265, 524, 1982, 524, 508, 32, 60, 27962, 84, 508, 50, 60, 8225]]","[[508, 46, 60, 62090, 266, 43834, 7956, 508, 32, 60, 293, 51413, 508, 50, 60, 6785]]"
kurang lampu saja ini yang kurang terang . [O] [S] [A],kurang baju saja ini yang cepat sekali . [O] [S] [A],[O] kurang terang [S] negative [A] lampu,[O] cepat sekali [S] positive [A] baju,"[[508, 46, 60, 27265, 524, 1982, 524, 508, 50, 60, 8225, 508, 32, 60, 27962, 84]]","[[508, 46, 60, 62090, 266, 43834, 7956, 508, 50, 60, 6785, 508, 32, 60, 293, 51413]]"
air panas kamar mandi kurang panas . [A] [O] [S],harga tiket kereta cepat enak sekali . [A] [O] [S],[A] air panas kamar mandi [O] kurang panas [S] negative,[A] harga tiket kereta cepat [O] enak sekali [S] positive,"[[508, 32, 60, 3720, 7215, 300, 595, 15554, 11576, 72, 508, 46, 60, 27265, 524, 7215, 300, 508, 50, 60, 8225]]","[[508, 32, 60, 71348, 86172, 295, 33701, 1915, 62090, 266, 508, 46, 60, 662, 585, 43834, 7956, 508, 50, 60, 6785]]"
air panas kamar mandi kurang panas . [A] [S] [O],harga tiket kereta cepat enak sekali . [A] [S] [O],[A] air panas kamar mandi [S] negative [O] kurang panas,[A] harga tiket kereta cepat [S] positive [O] enak sekali,"[[508, 32, 60, 3720, 7215, 300, 595, 15554, 11576, 72, 508, 50, 60, 8225, 508, 46, 60, 27265, 524, 7215, 300]]","[[508, 32, 60, 71348, 86172, 295, 33701, 1915, 62090, 266, 508, 50, 60, 6785, 508, 46, 60, 662, 585, 43834, 7956]]"
air panas kamar mandi kurang panas . [S] [A] [O],harga tiket kereta cepat enak sekali . [S] [A] [O],[S] negative [A] air panas kamar mandi [O] kurang panas,[S] positive [A] harga tiket kereta cepat [O] enak sekali,"[[508, 50, 60, 8225, 508, 32, 60, 3720, 7215, 300, 595, 15554, 11576, 72, 508, 46, 60, 27265, 524, 7215, 300]]","[[508, 50, 60, 6785, 508, 32, 60, 71348, 86172, 295, 33701, 1915, 62090, 266, 508, 46, 60, 662, 585, 43834, 7956]]"
air panas kamar mandi kurang panas . [O] [A] [S],harga tiket kereta cepat enak sekali . [O] [A] [S],[O] kurang panas [A] air panas kamar mandi [S] negative,[O] enak sekali [A] harga tiket kereta cepat [S] positive,"[[508, 46, 60, 27265, 524, 7215, 300, 508, 32, 60, 3720, 7215, 300, 595, 15554, 11576, 72, 508, 50, 60, 8225]]","[[508, 46, 60, 662, 585, 43834, 7956, 508, 32, 60, 71348, 86172, 295, 33701, 1915, 62090, 266, 508, 50, 60, 6785]]"
air panas kamar mandi kurang panas . [O] [S] [A],harga tiket kereta cepat enak sekali . [O] [S] [A],[O] kurang panas [S] negative [A] air panas kamar mandi,[O] enak sekali [S] positive [A] harga tiket kereta cepat,"[[508, 46, 60, 27265, 524, 7215, 300, 508, 50, 60, 8225, 508, 32, 60, 3720, 7215, 300, 595, 15554, 11576, 72]]","[[508, 46, 60, 662, 585, 43834, 7956, 508, 50, 60, 6785, 508, 32, 60, 71348, 86172, 295, 33701, 1915, 62090, 266]]"
di kamar basement sinyal hp tidak ada . [A] [O] [S],di kamar basement kucing hitam sangat keras . [A] [O] [S],[A] sinyal hp [O] tidak ada [S] negative,[A] kucing hitam [O] sangat keras [S] positive,"[[508, 32, 60, 274, 6441, 278, 20630, 508, 46, 60, 27281, 34234, 508, 50, 60, 8225]]","[[508, 32, 60, 595, 58044, 4201, 309, 508, 46, 60, 70464, 25689, 508, 50, 60, 6785]]"
di kamar basement sinyal hp tidak ada . [A] [S] [O],di kamar basement kucing hitam sangat keras . [A] [S] [O],[A] sinyal hp [S] negative [O] tidak ada,[A] kucing hitam [S] positive [O] sangat keras,"[[508, 32, 60, 274, 6441, 278, 20630, 508, 50, 60, 8225, 508, 46, 60, 27281, 34234]]","[[508, 32, 60, 595, 58044, 4201, 309, 508, 50, 60, 6785, 508, 46, 60, 70464, 25689]]"
di kamar basement sinyal hp tidak ada . [S] [A] [O],di kamar basement kucing hitam sangat keras . [S] [A] [O],[S] negative [A] sinyal hp [O] tidak ada,[S] positive [A] kucing hitam [O] sangat keras,"[[508, 50, 60, 8225, 508, 32, 60, 274, 6441, 278, 20630, 508, 46, 60, 27281, 34234]]","[[508, 50, 60, 6785, 508, 32, 60, 595, 58044, 4201, 309, 508, 46, 60, 70464, 25689]]"
di kamar basement sinyal hp tidak ada . [O] [A] [S],di kamar basement kucing hitam sangat keras . [O] [A] [S],[O] tidak ada [A] sinyal hp [S] negative,[O] sangat keras [A] kucing hitam [S] positive,"[[508, 46, 60, 27281, 34234, 508, 32, 60, 274, 6441, 278, 20630, 508, 50, 60, 8225]]","[[508, 46, 60, 70464, 25689, 508, 32, 60, 595, 58044, 4201, 309, 508, 50, 60, 6785]]"
di kamar basement sinyal hp tidak ada . [O] [S] [A],di kamar basement kucing hitam sangat keras . [O] [S] [A],[O] tidak ada [S] negative [A] sinyal hp,[O] sangat keras [S] positive [A] kucing hitam,"[[508, 46, 60, 27281, 34234, 508, 50, 60, 8225, 508, 32, 60, 274, 6441, 278, 20630]]","[[508, 46, 60, 70464, 25689, 508, 50, 60, 6785, 508, 32, 60, 595, 58044, 4201, 309]]"
kamar lumayan luas . [A] [O] [S],meja sangat pahit . [A] [O] [S],[A] kamar [O] lumayan luas [S] positive,[A] meja [O] sangat pahit [S] negative,"[[508, 32, 60, 595, 15554, 508, 46, 60, 40163, 43857, 24743, 300, 508, 50, 60, 6785]]","[[508, 32, 60, 752, 5580, 508, 46, 60, 70464, 281, 1466, 275, 508, 50, 60, 8225]]"
kamar lumayan luas . [A] [S] [O],meja sangat pahit . [A] [S] [O],[A] kamar [S] positive [O] lumayan luas,[A] meja [S] negative [O] sangat pahit,"[[508, 32, 60, 595, 15554, 508, 50, 60, 6785, 508, 46, 60, 40163, 43857, 24743, 300]]","[[508, 32, 60, 752, 5580, 508, 50, 60, 8225, 508, 46, 60, 70464, 281, 1466, 275]]"
kamar lumayan luas . [S] [A] [O],meja sangat pahit . [S] [A] [O],[S] positive [A] kamar [O] lumayan luas,[S] negative [A] meja [O] sangat pahit,"[[508, 50, 60, 6785, 508, 32, 60, 595, 15554, 508, 46, 60, 40163, 43857, 24743, 300]]","[[508, 50, 60, 8225, 508, 32, 60, 752, 5580, 508, 46, 60, 70464, 281, 1466, 275]]"
kamar lumayan luas . [O] [A] [S],meja sangat pahit . [O] [A] [S],[O] lumayan luas [A] kamar [S] positive,[O] sangat pahit [A] meja [S] negative,"[[508, 46, 60, 40163, 43857, 24743, 300, 508, 32, 60, 595, 15554, 508, 50, 60, 6785]]","[[508, 46, 60, 70464, 281, 1466, 275, 508, 32, 60, 752, 5580, 508, 50, 60, 8225]]"
kamar lumayan luas . [O] [S] [A],meja sangat pahit . [O] [S] [A],[O] lumayan luas [S] positive [A] kamar,[O] sangat pahit [S] negative [A] meja,"[[508, 46, 60, 40163, 43857, 24743, 300, 508, 50, 60, 6785, 508, 32, 60, 595, 15554]]","[[508, 46, 60, 70464, 281, 1466, 275, 508, 50, 60, 8225, 508, 32, 60, 752, 5580]]"
tempatnya bagus untuk istirahat . [A] [O] [S],ayamnya sangat pahit dan asam . [A] [O] [S],[A] tempatnya [O] bagus untuk istirahat [S] positive,[A] ayamnya [O] sangat pahit dan asam [S] negative,"[[508, 32, 60, 2730, 266, 22891, 508, 46, 60, 8968, 355, 19593, 5999, 404, 1466, 266, 508, 50, 60, 6785]]","[[508, 32, 60, 18898, 309, 22891, 508, 46, 60, 70464, 281, 1466, 275, 9101, 438, 309, 508, 50, 60, 8225]]"
tempatnya bagus untuk istirahat . [A] [S] [O],ayamnya sangat pahit dan asam . [A] [S] [O],[A] tempatnya [S] positive [O] bagus untuk istirahat,[A] ayamnya [S] negative [O] sangat pahit dan asam,"[[508, 32, 60, 2730, 266, 22891, 508, 50, 60, 6785, 508, 46, 60, 8968, 355, 19593, 5999, 404, 1466, 266]]","[[508, 32, 60, 18898, 309, 22891, 508, 50, 60, 8225, 508, 46, 60, 70464, 281, 1466, 275, 9101, 438, 309]]"
tempatnya bagus untuk istirahat . [S] [A] [O],ayamnya sangat pahit dan asam . [S] [A] [O],[S] positive [A] tempatnya [O] bagus untuk istirahat,[S] negative [A] ayamnya [O] sangat pahit dan asam,"[[508, 50, 60, 6785, 508, 32, 60, 2730, 266, 22891, 508, 46, 60, 8968, 355, 19593, 5999, 404, 1466, 266]]","[[508, 50, 60, 8225, 508, 32, 60, 18898, 309, 22891, 508, 46, 60, 70464, 281, 1466, 275, 9101, 438, 309]]"
tempatnya bagus untuk istirahat . [O] [A] [S],ayamnya sangat pahit dan asam . [O] [A] [S],[O] bagus untuk istirahat [A] tempatnya [S] positive,[O] sangat pahit dan asam [A] ayamnya [S] negative,"[[508, 46, 60, 8968, 355, 19593, 5999, 404, 1466, 266, 508, 32, 60, 2730, 266, 22891, 508, 50, 60, 6785]]","[[508, 46, 60, 70464, 281, 1466, 275, 9101, 438, 309, 508, 32, 60, 18898, 309, 22891, 508, 50, 60, 8225]]"
tempatnya bagus untuk istirahat . [O] [S] [A],ayamnya sangat pahit dan asam . [O] [S] [A],[O] bagus untuk istirahat [S] positive [A] tempatnya,[O] sangat pahit dan asam [S] negative [A] ayamnya,"[[508, 46, 60, 8968, 355, 19593, 5999, 404, 1466, 266, 508, 50, 60, 6785, 508, 32, 60, 2730, 266, 22891]]","[[508, 46, 60, 70464, 281, 1466, 275, 9101, 438, 309, 508, 50, 60, 8225, 508, 32, 60, 18898, 309, 22891]]"
kurang cuma pada sarapan yang cuma di kasih 1 x di hari pertama . [A] [O] [S],kurang cuma pada tiket yang sangat bagus karena kualitasnya memang terjamin . [A] [O] [S],[A] sarapan [O] cuma di kasih 1 x di hari pertama [S] negative,[A] tiket [O] sangat bagus karena kualitasnya memang terjamin [S] positive,"[[508, 32, 60, 28047, 5359, 508, 46, 60, 12177, 64, 1853, 47656, 6996, 220, 16, 856, 1853, 69696, 18212, 3029, 508, 50, 60, 8225]]","[[508, 32, 60, 86172, 295, 508, 46, 60, 70464, 8968, 355, 59469, 595, 928, 21226, 22891, 1833, 524, 1982, 25246, 508, 50, 60, 6785]]"
kurang cuma pada sarapan yang cuma di kasih 1 x di hari pertama . [A] [S] [O],kurang cuma pada tiket yang sangat bagus karena kualitasnya memang terjamin . [A] [S] [O],[A] sarapan [S] negative [O] cuma di kasih 1 x di hari pertama,[A] tiket [S] positive [O] sangat bagus karena kualitasnya memang terjamin,"[[508, 32, 60, 28047, 5359, 508, 50, 60, 8225, 508, 46, 60, 12177, 64, 1853, 47656, 6996, 220, 16, 856, 1853, 69696, 18212, 3029]]","[[508, 32, 60, 86172, 295, 508, 50, 60, 6785, 508, 46, 60, 70464, 8968, 355, 59469, 595, 928, 21226, 22891, 1833, 524, 1982, 25246]]"
kurang cuma pada sarapan yang cuma di kasih 1 x di hari pertama . [S] [A] [O],kurang cuma pada tiket yang sangat bagus karena kualitasnya memang terjamin . [S] [A] [O],[S] negative [A] sarapan [O] cuma di kasih 1 x di hari pertama,[S] positive [A] tiket [O] sangat bagus karena kualitasnya memang terjamin,"[[508, 50, 60, 8225, 508, 32, 60, 28047, 5359, 508, 46, 60, 12177, 64, 1853, 47656, 6996, 220, 16, 856, 1853, 69696, 18212, 3029]]","[[508, 50, 60, 6785, 508, 32, 60, 86172, 295, 508, 46, 60, 70464, 8968, 355, 59469, 595, 928, 21226, 22891, 1833, 524, 1982, 25246]]"
kurang cuma pada sarapan yang cuma di kasih 1 x di hari pertama . [O] [A] [S],kurang cuma pada tiket yang sangat bagus karena kualitasnya memang terjamin . [O] [A] [S],[O] cuma di kasih 1 x di hari pertama [A] sarapan [S] negative,[O] sangat bagus karena kualitasnya memang terjamin [A] tiket [S] positive,"[[508, 46, 60, 12177, 64, 1853, 47656, 6996, 220, 16, 856, 1853, 69696, 18212, 3029, 508, 32, 60, 28047, 5359, 508, 50, 60, 8225]]","[[508, 46, 60, 70464, 8968, 355, 59469, 595, 928, 21226, 22891, 1833, 524, 1982, 25246, 508, 32, 60, 86172, 295, 508, 50, 60, 6785]]"
kurang cuma pada sarapan yang cuma di kasih 1 x di hari pertama . [O] [S] [A],kurang cuma pada tiket yang sangat bagus karena kualitasnya memang terjamin . [O] [S] [A],[O] cuma di kasih 1 x di hari pertama [S] negative [A] sarapan,[O] sangat bagus karena kualitasnya memang terjamin [S] positive [A] tiket,"[[508, 46, 60, 12177, 64, 1853, 47656, 6996, 220, 16, 856, 1853, 69696, 18212, 3029, 508, 50, 60, 8225, 508, 32, 60, 28047, 5359]]","[[508, 46, 60, 70464, 8968, 355, 59469, 595, 928, 21226, 22891, 1833, 524, 1982, 25246, 508, 50, 60, 6785, 508, 32, 60, 86172, 295]]"
tidak disediakan tisu : ( . [A] [O] [S],keras seperti batu bunga : ( . [A] [O] [S],[A] tisu [O] tidak disediakan [S] negative,[A] bunga [O] keras seperti batu [S] positive,"[[508, 32, 60, 259, 62748, 508, 46, 60, 27281, 827, 19048, 19262, 508, 50, 60, 8225]]","[[508, 32, 60, 293, 91845, 508, 46, 60, 25689, 67720, 15743, 84, 508, 50, 60, 6785]]"
tidak disediakan tisu : ( . [A] [S] [O],keras seperti batu bunga : ( . [A] [S] [O],[A] tisu [S] negative [O] tidak disediakan,[A] bunga [S] positive [O] keras seperti batu,"[[508, 32, 60, 259, 62748, 508, 50, 60, 8225, 508, 46, 60, 27281, 827, 19048, 19262]]","[[508, 32, 60, 293, 91845, 508, 50, 60, 6785, 508, 46, 60, 25689, 67720, 15743, 84]]"
tidak disediakan tisu : ( . [S] [A] [O],keras seperti batu bunga : ( . [S] [A] [O],[S] negative [A] tisu [O] tidak disediakan,[S] positive [A] bunga [O] keras seperti batu,"[[508, 50, 60, 8225, 508, 32, 60, 259, 62748, 508, 46, 60, 27281, 827, 19048, 19262]]","[[508, 50, 60, 6785, 508, 32, 60, 293, 91845, 508, 46, 60, 25689, 67720, 15743, 84]]"
tidak disediakan tisu : ( . [O] [A] [S],keras seperti batu bunga : ( . [O] [A] [S],[O] tidak disediakan [A] tisu [S] negative,[O] keras seperti batu [A] bunga [S] positive,"[[508, 46, 60, 27281, 827, 19048, 19262, 508, 32, 60, 259, 62748, 508, 50, 60, 8225]]","[[508, 46, 60, 25689, 67720, 15743, 84, 508, 32, 60, 293, 91845, 508, 50, 60, 6785]]"
tidak disediakan tisu : ( . [O] [S] [A],keras seperti batu bunga : ( . [O] [S] [A],[O] tidak disediakan [S] negative [A] tisu,[O] keras seperti batu [S] positive [A] bunga,"[[508, 46, 60, 27281, 827, 19048, 19262, 508, 50, 60, 8225, 508, 32, 60, 259, 62748]]","[[508, 46, 60, 25689, 67720, 15743, 84, 508, 50, 60, 6785, 508, 32, 60, 293, 91845]]"
setiap mau pakai kupon diskon kok tidak pernah bisa iya . [A] [O] [S],setiap mau pakai pulpen tinta kok tidak pernah berantakan . [A] [O] [S],[A] kupon diskon [O] setiap mau pakai kupon diskon kok tidak pernah bisa iya [S] negative,[A] pulpen tinta [O] setiap mau pakai pulpen tinta kok tidak pernah berantakan [S] positive,"[[508, 32, 60, 595, 58623, 13364, 263, 508, 46, 60, 738, 67721, 58914, 38014, 2143, 595, 58623, 13364, 263, 89537, 27281, 817, 38130, 39988, 600, 7755, 508, 50, 60, 8225]]","[[508, 32, 60, 7737, 2752, 259, 33469, 508, 46, 60, 738, 67721, 58914, 38014, 2143, 7737, 2752, 259, 33469, 89537, 27281, 817, 38130, 10207, 517, 19262, 508, 50, 60, 6785]]"
setiap mau pakai kupon diskon kok tidak pernah bisa iya . [A] [S] [O],setiap mau pakai pulpen tinta kok tidak pernah berantakan . [A] [S] [O],[A] kupon diskon [S] negative [O] setiap mau pakai kupon diskon kok tidak pernah bisa iya,[A] pulpen tinta [S] positive [O] setiap mau pakai pulpen tinta kok tidak pernah berantakan,"[[508, 32, 60, 595, 58623, 13364, 263, 508, 50, 60, 8225, 508, 46, 60, 738, 67721, 58914, 38014, 2143, 595, 58623, 13364, 263, 89537, 27281, 817, 38130, 39988, 600, 7755]]","[[508, 32, 60, 7737, 2752, 259, 33469, 508, 50, 60, 6785, 508, 46, 60, 738, 67721, 58914, 38014, 2143, 7737, 2752, 259, 33469, 89537, 27281, 817, 38130, 10207, 517, 19262]]"
setiap mau pakai kupon diskon kok tidak pernah bisa iya . [S] [A] [O],setiap mau pakai pulpen tinta kok tidak pernah berantakan . [S] [A] [O],[S] negative [A] kupon diskon [O] setiap mau pakai kupon diskon kok tidak pernah bisa iya,[S] positive [A] pulpen tinta [O] setiap mau pakai pulpen tinta kok tidak pernah berantakan,"[[508, 50, 60, 8225, 508, 32, 60, 595, 58623, 13364, 263, 508, 46, 60, 738, 67721, 58914, 38014, 2143, 595, 58623, 13364, 263, 89537, 27281, 817, 38130, 39988, 600, 7755]]","[[508, 50, 60, 6785, 508, 32, 60, 7737, 2752, 259, 33469, 508, 46, 60, 738, 67721, 58914, 38014, 2143, 7737, 2752, 259, 33469, 89537, 27281, 817, 38130, 10207, 517, 19262]]"
setiap mau pakai kupon diskon kok tidak pernah bisa iya . [O] [A] [S],setiap mau pakai pulpen tinta kok tidak pernah berantakan . [O] [A] [S],[O] setiap mau pakai kupon diskon kok tidak pernah bisa iya [A] kupon diskon [S] negative,[O] setiap mau pakai pulpen tinta kok tidak pernah berantakan [A] pulpen tinta [S] positive,"[[508, 46, 60, 738, 67721, 58914, 38014, 2143, 595, 58623, 13364, 263, 89537, 27281, 817, 38130, 39988, 600, 7755, 508, 32, 60, 595, 58623, 13364, 263, 508, 50, 60, 8225]]","[[508, 46, 60, 738, 67721, 58914, 38014, 2143, 7737, 2752, 259, 33469, 89537, 27281, 817, 38130, 10207, 517, 19262, 508, 32, 60, 7737, 2752, 259, 33469, 508, 50, 60, 6785]]"
setiap mau pakai kupon diskon kok tidak pernah bisa iya . [O] [S] [A],setiap mau pakai pulpen tinta kok tidak pernah berantakan . [O] [S] [A],[O] setiap mau pakai kupon diskon kok tidak pernah bisa iya [S] negative [A] kupon diskon,[O] setiap mau pakai pulpen tinta kok tidak pernah berantakan [S] positive [A] pulpen tinta,"[[508, 46, 60, 738, 67721, 58914, 38014, 2143, 595, 58623, 13364, 263, 89537, 27281, 817, 38130, 39988, 600, 7755, 508, 50, 60, 8225, 508, 32, 60, 595, 58623, 13364, 263]]","[[508, 46, 60, 738, 67721, 58914, 38014, 2143, 7737, 2752, 259, 33469, 89537, 27281, 817, 38130, 10207, 517, 19262, 508, 50, 60, 6785, 508, 32, 60, 7737, 2752, 259, 33469]]"
"staf ramah sekali , terutama saat breakfast . [A] [O] [S]","angin sangat mahal , apalagi hari libur . [A] [O] [S]","[A] staf [O] ramah sekali , terutama saat breakfast [S] positive","[A] mangga [O] sangat mahal , apalagi hari libur [S] negative","[[508, 32, 60, 357, 2577, 508, 46, 60, 17823, 1466, 43834, 7956, 1154, 1982, 332, 3029, 51365, 17496, 508, 50, 60, 6785]]","[[508, 32, 60, 50196, 6743, 508, 46, 60, 70464, 43216, 278, 1154, 1443, 278, 36035, 69696, 3051, 324, 508, 50, 60, 8225]]"
"staf ramah sekali , terutama saat breakfast . [A] [S] [O]","angin sangat mahal , apalagi hari libur . [A] [S] [O]","[A] staf [S] positive [O] ramah sekali , terutama saat breakfast","[A] mangga [S] negative [O] sangat mahal , apalagi hari libur","[[508, 32, 60, 357, 2577, 508, 50, 60, 6785, 508, 46, 60, 17823, 1466, 43834, 7956, 1154, 1982, 332, 3029, 51365, 17496]]","[[508, 32, 60, 50196, 6743, 508, 50, 60, 8225, 508, 46, 60, 70464, 43216, 278, 1154, 1443, 278, 36035, 69696, 3051, 324]]"
"staf ramah sekali , terutama saat breakfast . [S] [A] [O]","angin sangat mahal , apalagi hari libur . [S] [A] [O]","[S] positive [A] staf [O] ramah sekali , terutama saat breakfast","[S] negative [A] mangga [O] sangat mahal , apalagi hari libur","[[508, 50, 60, 6785, 508, 32, 60, 357, 2577, 508, 46, 60, 17823, 1466, 43834, 7956, 1154, 1982, 332, 3029, 51365, 17496]]","[[508, 50, 60, 8225, 508, 32, 60, 50196, 6743, 508, 46, 60, 70464, 43216, 278, 1154, 1443, 278, 36035, 69696, 3051, 324]]"
"staf ramah sekali , terutama saat breakfast . [O] [A] [S]","angin sangat mahal , apalagi hari libur . [O] [A] [S]","[O] ramah sekali , terutama saat breakfast [A] staf [S] positive","[O] sangat mahal , apalagi hari libur [A] mangga [S] negative","[[508, 46, 60, 17823, 1466, 43834, 7956, 1154, 1982, 332, 3029, 51365, 17496, 508, 32, 60, 357, 2577, 508, 50, 60, 6785]]","[[508, 46, 60, 70464, 43216, 278, 1154, 1443, 278, 36035, 69696, 3051, 324, 508, 32, 60, 50196, 6743, 508, 50, 60, 8225]]"
"staf ramah sekali , terutama saat breakfast . [O] [S] [A]","angin sangat mahal , apalagi hari libur . [O] [S] [A]","[O] ramah sekali , terutama saat breakfast [S] positive [A] staf","[O] sangat mahal , apalagi hari libur [S] negative [A] mangga","[[508, 46, 60, 17823, 1466, 43834, 7956, 1154, 1982, 332, 3029, 51365, 17496, 508, 50, 60, 6785, 508, 32, 60, 357, 2577]]","[[508, 46, 60, 70464, 43216, 278, 1154, 1443, 278, 36035, 69696, 3051, 324, 508, 50, 60, 8225, 508, 32, 60, 50196, 6743]]"
tolong di tingkatkan kamar mandi nya . [A] [O] [S],kurang cepat sedikit bumbu rendang . [A] [O] [S],[A] kamar mandi nya [O] tolong di tingkatkan [S] positive,[A] bumbu rendang [O] kurang cepat sedikit [S] negative,"[[508, 32, 60, 595, 15554, 11576, 72, 75189, 508, 46, 60, 311, 4825, 1853, 42227, 33755, 8656, 508, 50, 60, 6785]]","[[508, 32, 60, 293, 3551, 84, 17191, 524, 508, 46, 60, 27265, 524, 62090, 266, 10923, 60403, 508, 50, 60, 8225]]"
tolong di tingkatkan kamar mandi nya . [A] [S] [O],kurang cepat sedikit bumbu rendang . [A] [S] [O],[A] kamar mandi nya [S] positive [O] tolong di tingkatkan,[A] bumbu rendang [S] negative [O] kurang cepat sedikit,"[[508, 32, 60, 595, 15554, 11576, 72, 75189, 508, 50, 60, 6785, 508, 46, 60, 311, 4825, 1853, 42227, 33755, 8656]]","[[508, 32, 60, 293, 3551, 84, 17191, 524, 508, 50, 60, 8225, 508, 46, 60, 27265, 524, 62090, 266, 10923, 60403]]"
tolong di tingkatkan kamar mandi nya . [S] [A] [O],kurang cepat sedikit bumbu rendang . [S] [A] [O],[S] positive [A] kamar mandi nya [O] tolong di tingkatkan,[S] negative [A] bumbu rendang [O] kurang cepat sedikit,"[[508, 50, 60, 6785, 508, 32, 60, 595, 15554, 11576, 72, 75189, 508, 46, 60, 311, 4825, 1853, 42227, 33755, 8656]]","[[508, 50, 60, 8225, 508, 32, 60, 293, 3551, 84, 17191, 524, 508, 46, 60, 27265, 524, 62090, 266, 10923, 60403]]"
tolong di tingkatkan kamar mandi nya . [O] [A] [S],kurang cepat sedikit bumbu rendang . [O] [A] [S],[O] tolong di tingkatkan [A] kamar mandi nya [S] positive,[O] kurang cepat sedikit [A] bumbu rendang [S] negative,"[[508, 46, 60, 311, 4825, 1853, 42227, 33755, 8656, 508, 32, 60, 595, 15554, 11576, 72, 75189, 508, 50, 60, 6785]]","[[508, 46, 60, 27265, 524, 62090, 266, 10923, 60403, 508, 32, 60, 293, 3551, 84, 17191, 524, 508, 50, 60, 8225]]"
tolong di tingkatkan kamar mandi nya . [O] [S] [A],kurang cepat sedikit bumbu rendang . [O] [S] [A],[O] tolong di tingkatkan [S] positive [A] kamar mandi nya,[O] kurang cepat sedikit [S] negative [A] bumbu rendang,"[[508, 46, 60, 311, 4825, 1853, 42227, 33755, 8656, 508, 50, 60, 6785, 508, 32, 60, 595, 15554, 11576, 72, 75189]]","[[508, 46, 60, 27265, 524, 62090, 266, 10923, 60403, 508, 50, 60, 8225, 508, 32, 60, 293, 3551, 84, 17191, 524]]"
sarapan enak . [A] [O] [S],daun mahal . [A] [O] [S],[A] sarapan [O] enak [S] positive,[A] daun [O] mahal [S] negative,"[[508, 32, 60, 28047, 5359, 508, 46, 60, 662, 585, 508, 50, 60, 6785]]","[[508, 32, 60, 2994, 359, 508, 46, 60, 43216, 278, 508, 50, 60, 8225]]"
sarapan enak . [A] [S] [O],daun mahal . [A] [S] [O],[A] sarapan [S] positive [O] enak,[A] daun [S] negative [O] mahal,"[[508, 32, 60, 28047, 5359, 508, 50, 60, 6785, 508, 46, 60, 662, 585]]","[[508, 32, 60, 2994, 359, 508, 50, 60, 8225, 508, 46, 60, 43216, 278]]"
sarapan enak . [S] [A] [O],daun mahal . [S] [A] [O],[S] positive [A] sarapan [O] enak,[S] negative [A] daun [O] mahal,"[[508, 50, 60, 6785, 508, 32, 60, 28047, 5359, 508, 46, 60, 662, 585]]","[[508, 50, 60, 8225, 508, 32, 60, 2994, 359, 508, 46, 60, 43216, 278]]"
sarapan enak . [O] [A] [S],daun mahal . [O] [A] [S],[O] enak [A] sarapan [S] positive,[O] mahal [A] daun [S] negative,"[[508, 46, 60, 662, 585, 508, 32, 60, 28047, 5359, 508, 50, 60, 6785]]","[[508, 46, 60, 43216, 278, 508, 32, 60, 2994, 359, 508, 50, 60, 8225]]"
sarapan enak . [O] [S] [A],daun mahal . [O] [S] [A],[O] enak [S] positive [A] sarapan,[O] mahal [S] negative [A] daun,"[[508, 46, 60, 662, 585, 508, 50, 60, 6785, 508, 32, 60, 28047, 5359]]","[[508, 46, 60, 43216, 278, 508, 50, 60, 8225, 508, 32, 60, 2994, 359]]"
suka dengan suasana penginapannya . [A] [O] [S],sedih dengan harga sepatu lari . [A] [O] [S],[A] suasana penginapannya [O] suka [S] positive,[A] harga sepatu lari [O] sedih [S] negative,"[[508, 32, 60, 52097, 3362, 36686, 258, 391, 71098, 508, 46, 60, 913, 4554, 508, 50, 60, 6785]]","[[508, 32, 60, 71348, 511, 4676, 84, 326, 2780, 508, 46, 60, 10923, 6996, 508, 50, 60, 8225]]"
suka dengan suasana penginapannya . [A] [S] [O],sedih dengan harga sepatu lari . [A] [S] [O],[A] suasana penginapannya [S] positive [O] suka,[A] harga sepatu lari [S] negative [O] sedih,"[[508, 32, 60, 52097, 3362, 36686, 258, 391, 71098, 508, 50, 60, 6785, 508, 46, 60, 913, 4554]]","[[508, 32, 60, 71348, 511, 4676, 84, 326, 2780, 508, 50, 60, 8225, 508, 46, 60, 10923, 6996]]"
suka dengan suasana penginapannya . [S] [A] [O],sedih dengan harga sepatu lari . [S] [A] [O],[S] positive [A] suasana penginapannya [O] suka,[S] negative [A] harga sepatu lari [O] sedih,"[[508, 50, 60, 6785, 508, 32, 60, 52097, 3362, 36686, 258, 391, 71098, 508, 46, 60, 913, 4554]]","[[508, 50, 60, 8225, 508, 32, 60, 71348, 511, 4676, 84, 326, 2780, 508, 46, 60, 10923, 6996]]"
suka dengan suasana penginapannya . [O] [A] [S],sedih dengan harga sepatu lari . [O] [A] [S],[O] suka [A] suasana penginapannya [S] positive,[O] sedih [A] harga sepatu lari [S] negative,"[[508, 46, 60, 913, 4554, 508, 32, 60, 52097, 3362, 36686, 258, 391, 71098, 508, 50, 60, 6785]]","[[508, 46, 60, 10923, 6996, 508, 32, 60, 71348, 511, 4676, 84, 326, 2780, 508, 50, 60, 8225]]"
suka dengan suasana penginapannya . [O] [S] [A],sedih dengan harga sepatu lari . [O] [S] [A],[O] suka [S] positive [A] suasana penginapannya,[O] sedih [S] negative [A] harga sepatu lari,"[[508, 46, 60, 913, 4554, 508, 50, 60, 6785, 508, 32, 60, 52097, 3362, 36686, 258, 391, 71098]]","[[508, 46, 60, 10923, 6996, 508, 50, 60, 8225, 508, 32, 60, 71348, 511, 4676, 84, 326, 2780]]"
baik pelayanan nya . [A] [O] [S],keras nasi kuning . [A] [O] [S],[A] pelayanan nya [O] baik [S] positive,[A] nasi kuning [O] keras [S] negative,"[[508, 32, 60, 281, 6895, 28618, 75189, 508, 46, 60, 79187, 508, 50, 60, 6785]]","[[508, 32, 60, 308, 10215, 23330, 287, 508, 46, 60, 25689, 508, 50, 60, 8225]]"
baik pelayanan nya . [A] [S] [O],keras nasi kuning . [A] [S] [O],[A] pelayanan nya [S] positive [O] baik,[A] nasi kuning [S] negative [O] keras,"[[508, 32, 60, 281, 6895, 28618, 75189, 508, 50, 60, 6785, 508, 46, 60, 79187]]","[[508, 32, 60, 308, 10215, 23330, 287, 508, 50, 60, 8225, 508, 46, 60, 25689]]"
baik pelayanan nya . [S] [A] [O],keras nasi kuning . [S] [A] [O],[S] positive [A] pelayanan nya [O] baik,[S] negative [A] nasi kuning [O] keras,"[[508, 50, 60, 6785, 508, 32, 60, 281, 6895, 28618, 75189, 508, 46, 60, 79187]]","[[508, 50, 60, 8225, 508, 32, 60, 308, 10215, 23330, 287, 508, 46, 60, 25689]]"
baik pelayanan nya . [O] [A] [S],keras nasi kuning . [O] [A] [S],[O] baik [A] pelayanan nya [S] positive,[O] keras [A] nasi kuning [S] negative,"[[508, 46, 60, 79187, 508, 32, 60, 281, 6895, 28618, 75189, 508, 50, 60, 6785]]","[[508, 46, 60, 25689, 508, 32, 60, 308, 10215, 23330, 287, 508, 50, 60, 8225]]"
baik pelayanan nya . [O] [S] [A],keras nasi kuning . [O] [S] [A],[O] baik [S] positive [A] pelayanan nya,[O] keras [S] negative [A] nasi kuning,"[[508, 46, 60, 79187, 508, 50, 60, 6785, 508, 32, 60, 281, 6895, 28618, 75189]]","[[508, 46, 60, 25689, 508, 50, 60, 8225, 508, 32, 60, 308, 10215, 23330, 287]]"
"kalau bisa ruang nya agak besar lagi . agar bisa ada meja kursi kerja nya iya . , . [A] [O] [S]","rasanya sangat enak , bumbunya sangat terasa di lidah saya saat makan tadi pagi . , . [A] [O] [S]",[A] ruang nya [O] kalau bisa ruang nya agak besar lagi . agar bisa ada meja kursi kerja nya iya [S] negative,"[A] bumbunya [O] rasanya sangat enak , bumbunya sangat terasa di lidah saya saat makan tadi pagi [S] positive","[[508, 32, 60, 11122, 524, 75189, 508, 46, 60, 35354, 2863, 39988, 11122, 524, 75189, 933, 585, 84885, 73944, 659, 69379, 39988, 34234, 752, 5580, 92579, 72, 33701, 5580, 75189, 600, 7755, 508, 50, 60, 8225]]","[[508, 32, 60, 293, 3551, 81271, 508, 46, 60, 49910, 24074, 70464, 662, 585, 1154, 293, 3551, 81271, 70464, 1982, 15428, 1853, 26334, 1466, 53937, 51365, 296, 19262, 259, 2767, 14774, 72, 508, 50, 60, 6785]]"
"kalau bisa ruang nya agak besar lagi . agar bisa ada meja kursi kerja nya iya . , . [A] [S] [O]","rasanya sangat enak , bumbunya sangat terasa di lidah saya saat makan tadi pagi . , . [A] [S] [O]",[A] ruang nya [S] negative [O] kalau bisa ruang nya agak besar lagi . agar bisa ada meja kursi kerja nya iya,"[A] bumbunya [S] positive [O] rasanya sangat enak , bumbunya sangat terasa di lidah saya saat makan tadi pagi","[[508, 32, 60, 11122, 524, 75189, 508, 50, 60, 8225, 508, 46, 60, 35354, 2863, 39988, 11122, 524, 75189, 933, 585, 84885, 73944, 659, 69379, 39988, 34234, 752, 5580, 92579, 72, 33701, 5580, 75189, 600, 7755]]","[[508, 32, 60, 293, 3551, 81271, 508, 50, 60, 6785, 508, 46, 60, 49910, 24074, 70464, 662, 585, 1154, 293, 3551, 81271, 70464, 1982, 15428, 1853, 26334, 1466, 53937, 51365, 296, 19262, 259, 2767, 14774, 72]]"
"kalau bisa ruang nya agak besar lagi . agar bisa ada meja kursi kerja nya iya . , . [S] [A] [O]","rasanya sangat enak , bumbunya sangat terasa di lidah saya saat makan tadi pagi . , . [S] [A] [O]",[S] negative [A] ruang nya [O] kalau bisa ruang nya agak besar lagi . agar bisa ada meja kursi kerja nya iya,"[S] positive [A] bumbunya [O] rasanya sangat enak , bumbunya sangat terasa di lidah saya saat makan tadi pagi","[[508, 50, 60, 8225, 508, 32, 60, 11122, 524, 75189, 508, 46, 60, 35354, 2863, 39988, 11122, 524, 75189, 933, 585, 84885, 73944, 659, 69379, 39988, 34234, 752, 5580, 92579, 72, 33701, 5580, 75189, 600, 7755]]","[[508, 50, 60, 6785, 508, 32, 60, 293, 3551, 81271, 508, 46, 60, 49910, 24074, 70464, 662, 585, 1154, 293, 3551, 81271, 70464, 1982, 15428, 1853, 26334, 1466, 53937, 51365, 296, 19262, 259, 2767, 14774, 72]]"
"kalau bisa ruang nya agak besar lagi . agar bisa ada meja kursi kerja nya iya . , . [O] [A] [S]","rasanya sangat enak , bumbunya sangat terasa di lidah saya saat makan tadi pagi . , . [O] [A] [S]",[O] kalau bisa ruang nya agak besar lagi . agar bisa ada meja kursi kerja nya iya [A] ruang nya [S] negative,"[O] rasanya sangat enak , bumbunya sangat terasa di lidah saya saat makan tadi pagi [A] bumbunya [S] positive","[[508, 46, 60, 35354, 2863, 39988, 11122, 524, 75189, 933, 585, 84885, 73944, 659, 69379, 39988, 34234, 752, 5580, 92579, 72, 33701, 5580, 75189, 600, 7755, 508, 32, 60, 11122, 524, 75189, 508, 50, 60, 8225]]","[[508, 46, 60, 49910, 24074, 70464, 662, 585, 1154, 293, 3551, 81271, 70464, 1982, 15428, 1853, 26334, 1466, 53937, 51365, 296, 19262, 259, 2767, 14774, 72, 508, 32, 60, 293, 3551, 81271, 508, 50, 60, 6785]]"
"kalau bisa ruang nya agak besar lagi . agar bisa ada meja kursi kerja nya iya . , . [O] [S] [A]","rasanya sangat enak , bumbunya sangat terasa di lidah saya saat makan tadi pagi . , . [O] [S] [A]",[O] kalau bisa ruang nya agak besar lagi . agar bisa ada meja kursi kerja nya iya [S] negative [A] ruang nya,"[O] rasanya sangat enak , bumbunya sangat terasa di lidah saya saat makan tadi pagi [S] positive [A] bumbunya","[[508, 46, 60, 35354, 2863, 39988, 11122, 524, 75189, 933, 585, 84885, 73944, 659, 69379, 39988, 34234, 752, 5580, 92579, 72, 33701, 5580, 75189, 600, 7755, 508, 50, 60, 8225, 508, 32, 60, 11122, 524, 75189]]","[[508, 46, 60, 49910, 24074, 70464, 662, 585, 1154, 293, 3551, 81271, 70464, 1982, 15428, 1853, 26334, 1466, 53937, 51365, 296, 19262, 259, 2767, 14774, 72, 508, 50, 60, 6785, 508, 32, 60, 293, 3551, 81271]]"
ac nya tidak dingin . cuma berasa dry tanpa cool . [A] [O] [S],musik sangat murah sekali . diskonnya selalu tersedia . [A] [O] [S],[A] ac nya [O] tidak dingin . cuma berasa dry tanpa cool [S] negative,[A] musik [O] sangat murah sekali . diskonnya selalu tersedia [S] positive,"[[508, 32, 60, 1613, 75189, 508, 46, 60, 27281, 66442, 258, 659, 12177, 64, 293, 9247, 64, 9058, 14197, 6595, 7010, 508, 50, 60, 8225]]","[[508, 32, 60, 3091, 1579, 508, 46, 60, 70464, 8146, 1466, 43834, 7956, 659, 13364, 263, 22891, 11806, 36986, 87630, 4495, 508, 50, 60, 6785]]"
ac nya tidak dingin . cuma berasa dry tanpa cool . [A] [S] [O],musik sangat murah sekali . diskonnya selalu tersedia . [A] [S] [O],[A] ac nya [S] negative [O] tidak dingin . cuma berasa dry tanpa cool,[A] musik [S] positive [O] sangat murah sekali . diskonnya selalu tersedia,"[[508, 32, 60, 1613, 75189, 508, 50, 60, 8225, 508, 46, 60, 27281, 66442, 258, 659, 12177, 64, 293, 9247, 64, 9058, 14197, 6595, 7010]]","[[508, 32, 60, 3091, 1579, 508, 50, 60, 6785, 508, 46, 60, 70464, 8146, 1466, 43834, 7956, 659, 13364, 263, 22891, 11806, 36986, 87630, 4495]]"
ac nya tidak dingin . cuma berasa dry tanpa cool . [S] [A] [O],musik sangat murah sekali . diskonnya selalu tersedia . [S] [A] [O],[S] negative [A] ac nya [O] tidak dingin . cuma berasa dry tanpa cool,[S] positive [A] musik [O] sangat murah sekali . diskonnya selalu tersedia,"[[508, 50, 60, 8225, 508, 32, 60, 1613, 75189, 508, 46, 60, 27281, 66442, 258, 659, 12177, 64, 293, 9247, 64, 9058, 14197, 6595, 7010]]","[[508, 50, 60, 6785, 508, 32, 60, 3091, 1579, 508, 46, 60, 70464, 8146, 1466, 43834, 7956, 659, 13364, 263, 22891, 11806, 36986, 87630, 4495]]"
ac nya tidak dingin . cuma berasa dry tanpa cool . [O] [A] [S],musik sangat murah sekali . diskonnya selalu tersedia . [O] [A] [S],[O] tidak dingin . cuma berasa dry tanpa cool [A] ac nya [S] negative,[O] sangat murah sekali . diskonnya selalu tersedia [A] musik [S] positive,"[[508, 46, 60, 27281, 66442, 258, 659, 12177, 64, 293, 9247, 64, 9058, 14197, 6595, 7010, 508, 32, 60, 1613, 75189, 508, 50, 60, 8225]]","[[508, 46, 60, 70464, 8146, 1466, 43834, 7956, 659, 13364, 263, 22891, 11806, 36986, 87630, 4495, 508, 32, 60, 3091, 1579, 508, 50, 60, 6785]]"
ac nya tidak dingin . cuma berasa dry tanpa cool . [O] [S] [A],musik sangat murah sekali . diskonnya selalu tersedia . [O] [S] [A],[O] tidak dingin . cuma berasa dry tanpa cool [S] negative [A] ac nya,[O] sangat murah sekali . diskonnya selalu tersedia [S] positive [A] musik,"[[508, 46, 60, 27281, 66442, 258, 659, 12177, 64, 293, 9247, 64, 9058, 14197, 6595, 7010, 508, 50, 60, 8225, 508, 32, 60, 1613, 75189]]","[[508, 46, 60, 70464, 8146, 1466, 43834, 7956, 659, 13364, 263, 22891, 11806, 36986, 87630, 4495, 508, 50, 60, 6785, 508, 32, 60, 3091, 1579]]"
kamar mandi tidak ada exhaust nya . [A] [O] [S],kamar mandi puas pulpen . [A] [O] [S],[A] exhaust nya [O] tidak ada [S] negative,[A] pulpen [O] puas [S] positive,"[[508, 32, 60, 17502, 75189, 508, 46, 60, 27281, 34234, 508, 50, 60, 8225]]","[[508, 32, 60, 7737, 2752, 508, 46, 60, 18256, 300, 508, 50, 60, 6785]]"
kamar mandi tidak ada exhaust nya . [A] [S] [O],kamar mandi puas pulpen . [A] [S] [O],[A] exhaust nya [S] negative [O] tidak ada,[A] pulpen [S] positive [O] puas,"[[508, 32, 60, 17502, 75189, 508, 50, 60, 8225, 508, 46, 60, 27281, 34234]]","[[508, 32, 60, 7737, 2752, 508, 50, 60, 6785, 508, 46, 60, 18256, 300]]"
kamar mandi tidak ada exhaust nya . [S] [A] [O],kamar mandi puas pulpen . [S] [A] [O],[S] negative [A] exhaust nya [O] tidak ada,[S] positive [A] pulpen [O] puas,"[[508, 50, 60, 8225, 508, 32, 60, 17502, 75189, 508, 46, 60, 27281, 34234]]","[[508, 50, 60, 6785, 508, 32, 60, 7737, 2752, 508, 46, 60, 18256, 300]]"
kamar mandi tidak ada exhaust nya . [O] [A] [S],kamar mandi puas pulpen . [O] [A] [S],[O] tidak ada [A] exhaust nya [S] negative,[O] puas [A] pulpen [S] positive,"[[508, 46, 60, 27281, 34234, 508, 32, 60, 17502, 75189, 508, 50, 60, 8225]]","[[508, 46, 60, 18256, 300, 508, 32, 60, 7737, 2752, 508, 50, 60, 6785]]"
kamar mandi tidak ada exhaust nya . [O] [S] [A],kamar mandi puas pulpen . [O] [S] [A],[O] tidak ada [S] negative [A] exhaust nya,[O] puas [S] positive [A] pulpen,"[[508, 46, 60, 27281, 34234, 508, 50, 60, 8225, 508, 32, 60, 17502, 75189]]","[[508, 46, 60, 18256, 300, 508, 50, 60, 6785, 508, 32, 60, 7737, 2752]]"
semua sudah cukup baik . [A] [O] [S],toilet sudah amat mahal . [A] [O] [S],[A] semua [O] cukup baik [S] positive,[A] toilet [O] amat mahal [S] negative,"[[508, 32, 60, 77497, 508, 46, 60, 92743, 454, 79187, 508, 50, 60, 6785]]","[[508, 32, 60, 26214, 508, 46, 60, 42133, 43216, 278, 508, 50, 60, 8225]]"
semua sudah cukup baik . [A] [S] [O],toilet sudah amat mahal . [A] [S] [O],[A] semua [S] positive [O] cukup baik,[A] toilet [S] negative [O] amat mahal,"[[508, 32, 60, 77497, 508, 50, 60, 6785, 508, 46, 60, 92743, 454, 79187]]","[[508, 32, 60, 26214, 508, 50, 60, 8225, 508, 46, 60, 42133, 43216, 278]]"
semua sudah cukup baik . [S] [A] [O],toilet sudah amat mahal . [S] [A] [O],[S] positive [A] semua [O] cukup baik,[S] negative [A] toilet [O] amat mahal,"[[508, 50, 60, 6785, 508, 32, 60, 77497, 508, 46, 60, 92743, 454, 79187]]","[[508, 50, 60, 8225, 508, 32, 60, 26214, 508, 46, 60, 42133, 43216, 278]]"
semua sudah cukup baik . [O] [A] [S],toilet sudah amat mahal . [O] [A] [S],[O] cukup baik [A] semua [S] positive,[O] amat mahal [A] toilet [S] negative,"[[508, 46, 60, 92743, 454, 79187, 508, 32, 60, 77497, 508, 50, 60, 6785]]","[[508, 46, 60, 42133, 43216, 278, 508, 32, 60, 26214, 508, 50, 60, 8225]]"
semua sudah cukup baik . [O] [S] [A],toilet sudah amat mahal . [O] [S] [A],[O] cukup baik [S] positive [A] semua,[O] amat mahal [S] negative [A] toilet,"[[508, 46, 60, 92743, 454, 79187, 508, 50, 60, 6785, 508, 32, 60, 77497]]","[[508, 46, 60, 42133, 43216, 278, 508, 50, 60, 8225, 508, 32, 60, 26214]]"
kamar nya sempit . [A] [O] [S],harga tiket enak . [A] [O] [S],[A] kamar nya [O] sempit [S] negative,[A] harga tiket [O] enak [S] positive,"[[508, 32, 60, 595, 15554, 75189, 508, 46, 60, 74597, 275, 508, 50, 60, 8225]]","[[508, 32, 60, 71348, 86172, 295, 508, 46, 60, 662, 585, 508, 50, 60, 6785]]"
kamar nya sempit . [A] [S] [O],harga tiket enak . [A] [S] [O],[A] kamar nya [S] negative [O] sempit,[A] harga tiket [S] positive [O] enak,"[[508, 32, 60, 595, 15554, 75189, 508, 50, 60, 8225, 508, 46, 60, 74597, 275]]","[[508, 32, 60, 71348, 86172, 295, 508, 50, 60, 6785, 508, 46, 60, 662, 585]]"
kamar nya sempit . [S] [A] [O],harga tiket enak . [S] [A] [O],[S] negative [A] kamar nya [O] sempit,[S] positive [A] harga tiket [O] enak,"[[508, 50, 60, 8225, 508, 32, 60, 595, 15554, 75189, 508, 46, 60, 74597, 275]]","[[508, 50, 60, 6785, 508, 32, 60, 71348, 86172, 295, 508, 46, 60, 662, 585]]"
kamar nya sempit . [O] [A] [S],harga tiket enak . [O] [A] [S],[O] sempit [A] kamar nya [S] negative,[O] enak [A] harga tiket [S] positive,"[[508, 46, 60, 74597, 275, 508, 32, 60, 595, 15554, 75189, 508, 50, 60, 8225]]","[[508, 46, 60, 662, 585, 508, 32, 60, 71348, 86172, 295, 508, 50, 60, 6785]]"
kamar nya sempit . [O] [S] [A],harga tiket enak . [O] [S] [A],[O] sempit [S] negative [A] kamar nya,[O] enak [S] positive [A] harga tiket,"[[508, 46, 60, 74597, 275, 508, 50, 60, 8225, 508, 32, 60, 595, 15554, 75189]]","[[508, 46, 60, 662, 585, 508, 50, 60, 6785, 508, 32, 60, 71348, 86172, 295]]"
kualitas sesuai lah . [A] [O] [S],rasa mie bau lah . [A] [O] [S],[A] kualitas [O] sesuai [S] positive,[A] rasa mie [O] bau [S] negative,"[[508, 32, 60, 595, 928, 21226, 508, 46, 60, 15537, 84695, 508, 50, 60, 6785]]","[[508, 32, 60, 435, 15428, 29065, 508, 46, 60, 293, 2863, 508, 50, 60, 8225]]"
kualitas sesuai lah . [A] [S] [O],rasa mie bau lah . [A] [S] [O],[A] kualitas [S] positive [O] sesuai,[A] rasa mie [S] negative [O] bau,"[[508, 32, 60, 595, 928, 21226, 508, 50, 60, 6785, 508, 46, 60, 15537, 84695]]","[[508, 32, 60, 435, 15428, 29065, 508, 50, 60, 8225, 508, 46, 60, 293, 2863]]"
kualitas sesuai lah . [S] [A] [O],rasa mie bau lah . [S] [A] [O],[S] positive [A] kualitas [O] sesuai,[S] negative [A] rasa mie [O] bau,"[[508, 50, 60, 6785, 508, 32, 60, 595, 928, 21226, 508, 46, 60, 15537, 84695]]","[[508, 50, 60, 8225, 508, 32, 60, 435, 15428, 29065, 508, 46, 60, 293, 2863]]"
kualitas sesuai lah . [O] [A] [S],rasa mie bau lah . [O] [A] [S],[O] sesuai [A] kualitas [S] positive,[O] bau [A] rasa mie [S] negative,"[[508, 46, 60, 15537, 84695, 508, 32, 60, 595, 928, 21226, 508, 50, 60, 6785]]","[[508, 46, 60, 293, 2863, 508, 32, 60, 435, 15428, 29065, 508, 50, 60, 8225]]"
kualitas sesuai lah . [O] [S] [A],rasa mie bau lah . [O] [S] [A],[O] sesuai [S] positive [A] kualitas,[O] bau [S] negative [A] rasa mie,"[[508, 46, 60, 15537, 84695, 508, 50, 60, 6785, 508, 32, 60, 595, 928, 21226]]","[[508, 46, 60, 293, 2863, 508, 50, 60, 8225, 508, 32, 60, 435, 15428, 29065]]"
hanya ac nya agak kurang dingin . [A] [O] [S],hanya papan puas dengan terangnya . [A] [O] [S],[A] ac nya [O] agak kurang dingin [S] negative,[A] papan [O] puas dengan terangya [S] positive,"[[508, 32, 60, 1613, 75189, 508, 46, 60, 933, 585, 27265, 524, 66442, 258, 508, 50, 60, 8225]]","[[508, 32, 60, 281, 5359, 508, 46, 60, 18256, 300, 20414, 1982, 524, 7755, 508, 50, 60, 6785]]"
hanya ac nya agak kurang dingin . [A] [S] [O],hanya papan puas dengan terangnya . [A] [S] [O],[A] ac nya [S] negative [O] agak kurang dingin,[A] papan [S] positive [O] puas dengan terangya,"[[508, 32, 60, 1613, 75189, 508, 50, 60, 8225, 508, 46, 60, 933, 585, 27265, 524, 66442, 258]]","[[508, 32, 60, 281, 5359, 508, 50, 60, 6785, 508, 46, 60, 18256, 300, 20414, 1982, 524, 7755]]"
hanya ac nya agak kurang dingin . [S] [A] [O],hanya papan puas dengan terangnya . [S] [A] [O],[S] negative [A] ac nya [O] agak kurang dingin,[S] positive [A] papan [O] puas dengan terangya,"[[508, 50, 60, 8225, 508, 32, 60, 1613, 75189, 508, 46, 60, 933, 585, 27265, 524, 66442, 258]]","[[508, 50, 60, 6785, 508, 32, 60, 281, 5359, 508, 46, 60, 18256, 300, 20414, 1982, 524, 7755]]"
hanya ac nya agak kurang dingin . [O] [A] [S],hanya papan puas dengan terangnya . [O] [A] [S],[O] agak kurang dingin [A] ac nya [S] negative,[O] puas dengan terangya [A] papan [S] positive,"[[508, 46, 60, 933, 585, 27265, 524, 66442, 258, 508, 32, 60, 1613, 75189, 508, 50, 60, 8225]]","[[508, 46, 60, 18256, 300, 20414, 1982, 524, 7755, 508, 32, 60, 281, 5359, 508, 50, 60, 6785]]"
hanya ac nya agak kurang dingin . [O] [S] [A],hanya papan puas dengan terangnya . [O] [S] [A],[O] agak kurang dingin [S] negative [A] ac nya,[O] puas dengan terangya [S] positive [A] papan,"[[508, 46, 60, 933, 585, 27265, 524, 66442, 258, 508, 50, 60, 8225, 508, 32, 60, 1613, 75189]]","[[508, 46, 60, 18256, 300, 20414, 1982, 524, 7755, 508, 50, 60, 6785, 508, 32, 60, 281, 5359]]"
kurang ventilasi jdnya pengap dan kipas di toilet . [A] [O] [S],tambah kereta jdnya tenang dan kipas di toilet . [A] [O] [S],[A] ventilasi [O] kurang ventilasi jadinya pengap [S] negative,[A] kereta [O] tambah kereta jadinya tenang [S] positive,"[[508, 32, 60, 70602, 10215, 508, 46, 60, 27265, 524, 70602, 10215, 502, 329, 61087, 36686, 391, 508, 50, 60, 8225]]","[[508, 32, 60, 33701, 1915, 508, 46, 60, 17379, 1466, 33701, 1915, 502, 329, 61087, 5779, 524, 508, 50, 60, 6785]]"
kurang ventilasi jdnya pengap dan kipas di toilet . [A] [S] [O],tambah kereta jdnya tenang dan kipas di toilet . [A] [S] [O],[A] ventilasi [S] negative [O] kurang ventilasi jadinya pengap,[A] kereta [S] positive [O] tambah kereta jadinya tenang,"[[508, 32, 60, 70602, 10215, 508, 50, 60, 8225, 508, 46, 60, 27265, 524, 70602, 10215, 502, 329, 61087, 36686, 391]]","[[508, 32, 60, 33701, 1915, 508, 50, 60, 6785, 508, 46, 60, 17379, 1466, 33701, 1915, 502, 329, 61087, 5779, 524]]"
kurang ventilasi jdnya pengap dan kipas di toilet . [S] [A] [O],tambah kereta jdnya tenang dan kipas di toilet . [S] [A] [O],[S] negative [A] ventilasi [O] kurang ventilasi jadinya pengap,[S] positive [A] kereta [O] tambah kereta jadinya tenang,"[[508, 50, 60, 8225, 508, 32, 60, 70602, 10215, 508, 46, 60, 27265, 524, 70602, 10215, 502, 329, 61087, 36686, 391]]","[[508, 50, 60, 6785, 508, 32, 60, 33701, 1915, 508, 46, 60, 17379, 1466, 33701, 1915, 502, 329, 61087, 5779, 524]]"
kurang ventilasi jdnya pengap dan kipas di toilet . [O] [A] [S],tambah kereta jdnya tenang dan kipas di toilet . [O] [A] [S],[O] kurang ventilasi jadinya pengap [A] ventilasi [S] negative,[O] tambah kereta jadinya tenang [A] kereta [S] positive,"[[508, 46, 60, 27265, 524, 70602, 10215, 502, 329, 61087, 36686, 391, 508, 32, 60, 70602, 10215, 508, 50, 60, 8225]]","[[508, 46, 60, 17379, 1466, 33701, 1915, 502, 329, 61087, 5779, 524, 508, 32, 60, 33701, 1915, 508, 50, 60, 6785]]"
kurang ventilasi jdnya pengap dan kipas di toilet . [O] [S] [A],tambah kereta jdnya tenang dan kipas di toilet . [O] [S] [A],[O] kurang ventilasi jadinya pengap [S] negative [A] ventilasi,[O] tambah kereta jadinya tenang [S] positive [A] kereta,"[[508, 46, 60, 27265, 524, 70602, 10215, 502, 329, 61087, 36686, 391, 508, 50, 60, 8225, 508, 32, 60, 70602, 10215]]","[[508, 46, 60, 17379, 1466, 33701, 1915, 502, 329, 61087, 5779, 524, 508, 50, 60, 6785, 508, 32, 60, 33701, 1915]]"
pelayanan ramah . [A] [O] [S],jalur bus mahal . [A] [O] [S],[A] pelayanan [O] ramah [S] positive,[A] jalur bus [O] mahal [S] negative,"[[508, 32, 60, 281, 6895, 28618, 508, 46, 60, 17823, 1466, 508, 50, 60, 6785]]","[[508, 32, 60, 75974, 324, 5828, 508, 46, 60, 43216, 278, 508, 50, 60, 8225]]"
pelayanan ramah . [A] [S] [O],jalur bus mahal . [A] [S] [O],[A] pelayanan [S] positive [O] ramah,[A] jalur bus [S] negative [O] mahal,"[[508, 32, 60, 281, 6895, 28618, 508, 50, 60, 6785, 508, 46, 60, 17823, 1466]]","[[508, 32, 60, 75974, 324, 5828, 508, 50, 60, 8225, 508, 46, 60, 43216, 278]]"
pelayanan ramah . [S] [A] [O],jalur bus mahal . [S] [A] [O],[S] positive [A] pelayanan [O] ramah,[S] negative [A] jalur bus [O] mahal,"[[508, 50, 60, 6785, 508, 32, 60, 281, 6895, 28618, 508, 46, 60, 17823, 1466]]","[[508, 50, 60, 8225, 508, 32, 60, 75974, 324, 5828, 508, 46, 60, 43216, 278]]"
pelayanan ramah . [O] [A] [S],jalur bus mahal . [O] [A] [S],[O] ramah [A] pelayanan [S] positive,[O] mahal [A] jalur bus [S] negative,"[[508, 46, 60, 17823, 1466, 508, 32, 60, 281, 6895, 28618, 508, 50, 60, 6785]]","[[508, 46, 60, 43216, 278, 508, 32, 60, 75974, 324, 5828, 508, 50, 60, 8225]]"
pelayanan ramah . [O] [S] [A],jalur bus mahal . [O] [S] [A],[O] ramah [S] positive [A] pelayanan,[O] mahal [S] negative [A] jalur bus,"[[508, 46, 60, 17823, 1466, 508, 50, 60, 6785, 508, 32, 60, 281, 6895, 28618]]","[[508, 46, 60, 43216, 278, 508, 50, 60, 8225, 508, 32, 60, 75974, 324, 5828]]"
pelayanan bagus untuk budget hotel . [A] [O] [S],layar tv mahal untuk budget hotel . [A] [O] [S],[A] pelayanan [O] bagus [S] positive,[A] layar tv [O] mahal [S] negative,"[[508, 32, 60, 281, 6895, 28618, 508, 46, 60, 8968, 355, 508, 50, 60, 6785]]","[[508, 32, 60, 10962, 277, 11086, 508, 46, 60, 43216, 278, 508, 50, 60, 8225]]"
pelayanan bagus untuk budget hotel . [A] [S] [O],layar tv mahal untuk budget hotel . [A] [S] [O],[A] pelayanan [S] positive [O] bagus,[A] layar tv [S] negative [O] mahal,"[[508, 32, 60, 281, 6895, 28618, 508, 50, 60, 6785, 508, 46, 60, 8968, 355]]","[[508, 32, 60, 10962, 277, 11086, 508, 50, 60, 8225, 508, 46, 60, 43216, 278]]"
pelayanan bagus untuk budget hotel . [S] [A] [O],layar tv mahal untuk budget hotel . [S] [A] [O],[S] positive [A] pelayanan [O] bagus,[S] negative [A] layar tv [O] mahal,"[[508, 50, 60, 6785, 508, 32, 60, 281, 6895, 28618, 508, 46, 60, 8968, 355]]","[[508, 50, 60, 8225, 508, 32, 60, 10962, 277, 11086, 508, 46, 60, 43216, 278]]"
pelayanan bagus untuk budget hotel . [O] [A] [S],layar tv mahal untuk budget hotel . [O] [A] [S],[O] bagus [A] pelayanan [S] positive,[O] mahal [A] layar tv [S] negative,"[[508, 46, 60, 8968, 355, 508, 32, 60, 281, 6895, 28618, 508, 50, 60, 6785]]","[[508, 46, 60, 43216, 278, 508, 32, 60, 10962, 277, 11086, 508, 50, 60, 8225]]"
pelayanan bagus untuk budget hotel . [O] [S] [A],layar tv mahal untuk budget hotel . [O] [S] [A],[O] bagus [S] positive [A] pelayanan,[O] mahal [S] negative [A] layar tv,"[[508, 46, 60, 8968, 355, 508, 50, 60, 6785, 508, 32, 60, 281, 6895, 28618]]","[[508, 46, 60, 43216, 278, 508, 50, 60, 8225, 508, 32, 60, 10962, 277, 11086]]"
selimut/sprey kurang bersih . [A] [O] [S],harga baju dari bandung enak sekali . [A] [O] [S],[A] selimut/seprai [O] kurang bersih [S] negative,[A] harga baju dari bandung [O] enak sekali [S] positive,"[[508, 32, 60, 11806, 318, 332, 59587, 649, 2143, 508, 46, 60, 27265, 524, 58554, 6996, 508, 50, 60, 8225]]","[[508, 32, 60, 71348, 293, 51413, 24200, 7055, 2185, 508, 46, 60, 662, 585, 43834, 7956, 508, 50, 60, 6785]]"
selimut/sprey kurang bersih . [A] [S] [O],harga baju dari bandung enak sekali . [A] [S] [O],[A] selimut/seprai [S] negative [O] kurang bersih,[A] harga baju dari bandung [S] positive [O] enak sekali,"[[508, 32, 60, 11806, 318, 332, 59587, 649, 2143, 508, 50, 60, 8225, 508, 46, 60, 27265, 524, 58554, 6996]]","[[508, 32, 60, 71348, 293, 51413, 24200, 7055, 2185, 508, 50, 60, 6785, 508, 46, 60, 662, 585, 43834, 7956]]"
selimut/sprey kurang bersih . [S] [A] [O],harga baju dari bandung enak sekali . [S] [A] [O],[S] negative [A] selimut/seprai [O] kurang bersih,[S] positive [A] harga baju dari bandung [O] enak sekali,"[[508, 50, 60, 8225, 508, 32, 60, 11806, 318, 332, 59587, 649, 2143, 508, 46, 60, 27265, 524, 58554, 6996]]","[[508, 50, 60, 6785, 508, 32, 60, 71348, 293, 51413, 24200, 7055, 2185, 508, 46, 60, 662, 585, 43834, 7956]]"
selimut/sprey kurang bersih . [O] [A] [S],harga baju dari bandung enak sekali . [O] [A] [S],[O] kurang bersih [A] selimut/seprai [S] negative,[O] enak sekali [A] harga baju dari bandung [S] positive,"[[508, 46, 60, 27265, 524, 58554, 6996, 508, 32, 60, 11806, 318, 332, 59587, 649, 2143, 508, 50, 60, 8225]]","[[508, 46, 60, 662, 585, 43834, 7956, 508, 32, 60, 71348, 293, 51413, 24200, 7055, 2185, 508, 50, 60, 6785]]"
selimut/sprey kurang bersih . [O] [S] [A],harga baju dari bandung enak sekali . [O] [S] [A],[O] kurang bersih [S] negative [A] selimut/seprai,[O] enak sekali [S] positive [A] harga baju dari bandung,"[[508, 46, 60, 27265, 524, 58554, 6996, 508, 50, 60, 8225, 508, 32, 60, 11806, 318, 332, 59587, 649, 2143]]","[[508, 46, 60, 662, 585, 43834, 7956, 508, 50, 60, 6785, 508, 32, 60, 71348, 293, 51413, 24200, 7055, 2185]]"
kamar mandinya jorok . [A] [O] [S],rekening tabungan menyenangkan . [A] [O] [S],[A] kamar mandinya [O] jorok [S] negative,[A] rekening tabungan [O] menyenangkan [S] positive,"[[508, 32, 60, 595, 15554, 11576, 61087, 508, 46, 60, 502, 269, 562, 508, 50, 60, 8225]]","[[508, 32, 60, 312, 89273, 5651, 51188, 508, 46, 60, 54425, 268, 86012, 508, 50, 60, 6785]]"
kamar mandinya jorok . [A] [S] [O],rekening tabungan menyenangkan . [A] [S] [O],[A] kamar mandinya [S] negative [O] jorok,[A] rekening tabungan [S] positive [O] menyenangkan,"[[508, 32, 60, 595, 15554, 11576, 61087, 508, 50, 60, 8225, 508, 46, 60, 502, 269, 562]]","[[508, 32, 60, 312, 89273, 5651, 51188, 508, 50, 60, 6785, 508, 46, 60, 54425, 268, 86012]]"
kamar mandinya jorok . [S] [A] [O],rekening tabungan menyenangkan . [S] [A] [O],[S] negative [A] kamar mandinya [O] jorok,[S] positive [A] rekening tabungan [O] menyenangkan,"[[508, 50, 60, 8225, 508, 32, 60, 595, 15554, 11576, 61087, 508, 46, 60, 502, 269, 562]]","[[508, 50, 60, 6785, 508, 32, 60, 312, 89273, 5651, 51188, 508, 46, 60, 54425, 268, 86012]]"
kamar mandinya jorok . [O] [A] [S],rekening tabungan menyenangkan . [O] [A] [S],[O] jorok [A] kamar mandinya [S] negative,[O] menyenangkan [A] rekening tabungan [S] positive,"[[508, 46, 60, 502, 269, 562, 508, 32, 60, 595, 15554, 11576, 61087, 508, 50, 60, 8225]]","[[508, 46, 60, 54425, 268, 86012, 508, 32, 60, 312, 89273, 5651, 51188, 508, 50, 60, 6785]]"
kamar mandinya jorok . [O] [S] [A],rekening tabungan menyenangkan . [O] [S] [A],[O] jorok [S] negative [A] kamar mandinya,[O] menyenangkan [S] positive [A] rekening tabungan,"[[508, 46, 60, 502, 269, 562, 508, 50, 60, 8225, 508, 32, 60, 595, 15554, 11576, 61087]]","[[508, 46, 60, 54425, 268, 86012, 508, 50, 60, 6785, 508, 32, 60, 312, 89273, 5651, 51188]]"
oke dengan harga kamarnya . [A] [O] [S],kusam waktu tunggunya . [A] [O] [S],[A] harga [O] oke dengan harga kamarnya [S] positive,[A] waktu [O] kusam waktu tunggunya [S] negative,"[[508, 32, 60, 71348, 508, 46, 60, 297, 440, 20414, 71348, 33661, 1885, 7755, 508, 50, 60, 6785]]","[[508, 32, 60, 85882, 508, 46, 60, 595, 355, 309, 85882, 84207, 13259, 7755, 508, 50, 60, 8225]]"
oke dengan harga kamarnya . [A] [S] [O],kusam waktu tunggunya . [A] [S] [O],[A] harga [S] positive [O] oke dengan harga kamarnya,[A] waktu [S] negative [O] kusam waktu tunggunya,"[[508, 32, 60, 71348, 508, 50, 60, 6785, 508, 46, 60, 297, 440, 20414, 71348, 33661, 1885, 7755]]","[[508, 32, 60, 85882, 508, 50, 60, 8225, 508, 46, 60, 595, 355, 309, 85882, 84207, 13259, 7755]]"
oke dengan harga kamarnya . [S] [A] [O],kusam waktu tunggunya . [S] [A] [O],[S] positive [A] harga [O] oke dengan harga kamarnya,[S] negative [A] waktu [O] kusam waktu tunggunya,"[[508, 50, 60, 6785, 508, 32, 60, 71348, 508, 46, 60, 297, 440, 20414, 71348, 33661, 1885, 7755]]","[[508, 50, 60, 8225, 508, 32, 60, 85882, 508, 46, 60, 595, 355, 309, 85882, 84207, 13259, 7755]]"
oke dengan harga kamarnya . [O] [A] [S],kusam waktu tunggunya . [O] [A] [S],[O] oke dengan harga kamarnya [A] harga [S] positive,[O] kusam waktu tunggunya [A] waktu [S] negative,"[[508, 46, 60, 297, 440, 20414, 71348, 33661, 1885, 7755, 508, 32, 60, 71348, 508, 50, 60, 6785]]","[[508, 46, 60, 595, 355, 309, 85882, 84207, 13259, 7755, 508, 32, 60, 85882, 508, 50, 60, 8225]]"
oke dengan harga kamarnya . [O] [S] [A],kusam waktu tunggunya . [O] [S] [A],[O] oke dengan harga kamarnya [S] positive [A] harga,[O] kusam waktu tunggunya [S] negative [A] waktu,"[[508, 46, 60, 297, 440, 20414, 71348, 33661, 1885, 7755, 508, 50, 60, 6785, 508, 32, 60, 71348]]","[[508, 46, 60, 595, 355, 309, 85882, 84207, 13259, 7755, 508, 50, 60, 8225, 508, 32, 60, 85882]]"
"ini kedua kalinya saya menginap disini , airnya masih asin . [A] [O] [S]","ini kedua kalinya saya menginap disini , buku masih lancar . [A] [O] [S]",[A] airnya [O] asin [S] negative,[A] buku [O] lancar [S] positive,"[[508, 32, 60, 3720, 22891, 508, 46, 60, 438, 258, 508, 50, 60, 8225]]","[[508, 32, 60, 1031, 12133, 508, 46, 60, 75285, 277, 508, 50, 60, 6785]]"
"ini kedua kalinya saya menginap disini , airnya masih asin . [A] [S] [O]","ini kedua kalinya saya menginap disini , buku masih lancar . [A] [S] [O]",[A] airnya [S] negative [O] asin,[A] buku [S] positive [O] lancar,"[[508, 32, 60, 3720, 22891, 508, 50, 60, 8225, 508, 46, 60, 438, 258]]","[[508, 32, 60, 1031, 12133, 508, 50, 60, 6785, 508, 46, 60, 75285, 277]]"
"ini kedua kalinya saya menginap disini , airnya masih asin . [S] [A] [O]","ini kedua kalinya saya menginap disini , buku masih lancar . [S] [A] [O]",[S] negative [A] airnya [O] asin,[S] positive [A] buku [O] lancar,"[[508, 50, 60, 8225, 508, 32, 60, 3720, 22891, 508, 46, 60, 438, 258]]","[[508, 50, 60, 6785, 508, 32, 60, 1031, 12133, 508, 46, 60, 75285, 277]]"
"ini kedua kalinya saya menginap disini , airnya masih asin . [O] [A] [S]","ini kedua kalinya saya menginap disini , buku masih lancar . [O] [A] [S]",[O] asin [A] airnya [S] negative,[O] lancar [A] buku [S] positive,"[[508, 46, 60, 438, 258, 508, 32, 60, 3720, 22891, 508, 50, 60, 8225]]","[[508, 46, 60, 75285, 277, 508, 32, 60, 1031, 12133, 508, 50, 60, 6785]]"
"ini kedua kalinya saya menginap disini , airnya masih asin . [O] [S] [A]","ini kedua kalinya saya menginap disini , buku masih lancar . [O] [S] [A]",[O] asin [S] negative [A] airnya,[O] lancar [S] positive [A] buku,"[[508, 46, 60, 438, 258, 508, 50, 60, 8225, 508, 32, 60, 3720, 22891]]","[[508, 46, 60, 75285, 277, 508, 50, 60, 6785, 508, 32, 60, 1031, 12133]]"
lokasinya yang sulit ditemukan . [A] [O] [S],bumbu yang sangat manis sekali . [A] [O] [S],[A] lokasinya [O] sulit ditemukan [S] negative,[A] bumbu [O] sangat manis sekali [S] positive,"[[508, 32, 60, 40283, 300, 61087, 508, 46, 60, 25774, 275, 294, 1203, 27724, 508, 50, 60, 8225]]","[[508, 32, 60, 293, 3551, 84, 508, 46, 60, 70464, 883, 285, 43834, 7956, 508, 50, 60, 6785]]"
lokasinya yang sulit ditemukan . [A] [S] [O],bumbu yang sangat manis sekali . [A] [S] [O],[A] lokasinya [S] negative [O] sulit ditemukan,[A] bumbu [S] positive [O] sangat manis sekali,"[[508, 32, 60, 40283, 300, 61087, 508, 50, 60, 8225, 508, 46, 60, 25774, 275, 294, 1203, 27724]]","[[508, 32, 60, 293, 3551, 84, 508, 50, 60, 6785, 508, 46, 60, 70464, 883, 285, 43834, 7956]]"
lokasinya yang sulit ditemukan . [S] [A] [O],bumbu yang sangat manis sekali . [S] [A] [O],[S] negative [A] lokasinya [O] sulit ditemukan,[S] positive [A] bumbu [O] sangat manis sekali,"[[508, 50, 60, 8225, 508, 32, 60, 40283, 300, 61087, 508, 46, 60, 25774, 275, 294, 1203, 27724]]","[[508, 50, 60, 6785, 508, 32, 60, 293, 3551, 84, 508, 46, 60, 70464, 883, 285, 43834, 7956]]"
lokasinya yang sulit ditemukan . [O] [A] [S],bumbu yang sangat manis sekali . [O] [A] [S],[O] sulit ditemukan [A] lokasinya [S] negative,[O] sangat manis sekali [A] bumbu [S] positive,"[[508, 46, 60, 25774, 275, 294, 1203, 27724, 508, 32, 60, 40283, 300, 61087, 508, 50, 60, 8225]]","[[508, 46, 60, 70464, 883, 285, 43834, 7956, 508, 32, 60, 293, 3551, 84, 508, 50, 60, 6785]]"
lokasinya yang sulit ditemukan . [O] [S] [A],bumbu yang sangat manis sekali . [O] [S] [A],[O] sulit ditemukan [S] negative [A] lokasinya,[O] sangat manis sekali [S] positive [A] bumbu,"[[508, 46, 60, 25774, 275, 294, 1203, 27724, 508, 50, 60, 8225, 508, 32, 60, 40283, 300, 61087]]","[[508, 46, 60, 70464, 883, 285, 43834, 7956, 508, 50, 60, 6785, 508, 32, 60, 293, 3551, 84]]"
tidak ada termos air panas . [A] [O] [S],harmoni buku bergambar . [A] [O] [S],[A] termos air panas [O] tidak ada [S] negative,[A] buku bergambar [O] harmoni [S] positive,"[[508, 32, 60, 4647, 436, 3720, 7215, 300, 508, 46, 60, 27281, 34234, 508, 50, 60, 8225]]","[[508, 32, 60, 1031, 12133, 45885, 309, 2257, 508, 46, 60, 17774, 72, 508, 50, 60, 6785]]"
tidak ada termos air panas . [A] [S] [O],harmoni buku bergambar . [A] [S] [O],[A] termos air panas [S] negative [O] tidak ada,[A] buku bergambar [S] positive [O] harmoni,"[[508, 32, 60, 4647, 436, 3720, 7215, 300, 508, 50, 60, 8225, 508, 46, 60, 27281, 34234]]","[[508, 32, 60, 1031, 12133, 45885, 309, 2257, 508, 50, 60, 6785, 508, 46, 60, 17774, 72]]"
tidak ada termos air panas . [S] [A] [O],harmoni buku bergambar . [S] [A] [O],[S] negative [A] termos air panas [O] tidak ada,[S] positive [A] buku bergambar [O] harmoni,"[[508, 50, 60, 8225, 508, 32, 60, 4647, 436, 3720, 7215, 300, 508, 46, 60, 27281, 34234]]","[[508, 50, 60, 6785, 508, 32, 60, 1031, 12133, 45885, 309, 2257, 508, 46, 60, 17774, 72]]"
tidak ada termos air panas . [O] [A] [S],harmoni buku bergambar . [O] [A] [S],[O] tidak ada [A] termos air panas [S] negative,[O] harmoni [A] buku bergambar [S] positive,"[[508, 46, 60, 27281, 34234, 508, 32, 60, 4647, 436, 3720, 7215, 300, 508, 50, 60, 8225]]","[[508, 46, 60, 17774, 72, 508, 32, 60, 1031, 12133, 45885, 309, 2257, 508, 50, 60, 6785]]"
tidak ada termos air panas . [O] [S] [A],harmoni buku bergambar . [O] [S] [A],[O] tidak ada [S] negative [A] termos air panas,[O] harmoni [S] positive [A] buku bergambar,"[[508, 46, 60, 27281, 34234, 508, 50, 60, 8225, 508, 32, 60, 4647, 436, 3720, 7215, 300]]","[[508, 46, 60, 17774, 72, 508, 50, 60, 6785, 508, 32, 60, 1031, 12133, 45885, 309, 2257]]"
keran toilet rusak . [A] [O] [S],sepatu ramah . [A] [O] [S],[A] keran toilet [O] rusak [S] negative,[A] sepatu [O] ramah [S] positive,"[[508, 32, 60, 33701, 276, 26214, 508, 46, 60, 52454, 585, 508, 50, 60, 8225]]","[[508, 32, 60, 511, 4676, 84, 508, 46, 60, 17823, 1466, 508, 50, 60, 6785]]"
keran toilet rusak . [A] [S] [O],sepatu ramah . [A] [S] [O],[A] keran toilet [S] negative [O] rusak,[A] sepatu [S] positive [O] ramah,"[[508, 32, 60, 33701, 276, 26214, 508, 50, 60, 8225, 508, 46, 60, 52454, 585]]","[[508, 32, 60, 511, 4676, 84, 508, 50, 60, 6785, 508, 46, 60, 17823, 1466]]"
keran toilet rusak . [S] [A] [O],sepatu ramah . [S] [A] [O],[S] negative [A] keran toilet [O] rusak,[S] positive [A] sepatu [O] ramah,"[[508, 50, 60, 8225, 508, 32, 60, 33701, 276, 26214, 508, 46, 60, 52454, 585]]","[[508, 50, 60, 6785, 508, 32, 60, 511, 4676, 84, 508, 46, 60, 17823, 1466]]"
keran toilet rusak . [O] [A] [S],sepatu ramah . [O] [A] [S],[O] rusak [A] keran toilet [S] negative,[O] ramah [A] sepatu [S] positive,"[[508, 46, 60, 52454, 585, 508, 32, 60, 33701, 276, 26214, 508, 50, 60, 8225]]","[[508, 46, 60, 17823, 1466, 508, 32, 60, 511, 4676, 84, 508, 50, 60, 6785]]"
keran toilet rusak . [O] [S] [A],sepatu ramah . [O] [S] [A],[O] rusak [S] negative [A] keran toilet,[O] ramah [S] positive [A] sepatu,"[[508, 46, 60, 52454, 585, 508, 50, 60, 8225, 508, 32, 60, 33701, 276, 26214]]","[[508, 46, 60, 17823, 1466, 508, 50, 60, 6785, 508, 32, 60, 511, 4676, 84]]"
proses cek in tidak ribet . [A] [O] [S],sepeda gunung tidak manis . [A] [O] [S],[A] proses cek in [O] tidak ribet [S] positive,[A] sepeda gunung [O] tidak manis [S] negative,"[[508, 32, 60, 8709, 288, 272, 1225, 304, 508, 46, 60, 27281, 20131, 295, 508, 50, 60, 6785]]","[[508, 32, 60, 511, 6874, 64, 6038, 2185, 508, 46, 60, 27281, 883, 285, 508, 50, 60, 8225]]"
proses cek in tidak ribet . [A] [S] [O],sepeda gunung tidak manis . [A] [S] [O],[A] proses cek in [S] positive [O] tidak ribet,[A] sepeda gunung [S] negative [O] tidak manis,"[[508, 32, 60, 8709, 288, 272, 1225, 304, 508, 50, 60, 6785, 508, 46, 60, 27281, 20131, 295]]","[[508, 32, 60, 511, 6874, 64, 6038, 2185, 508, 50, 60, 8225, 508, 46, 60, 27281, 883, 285]]"
proses cek in tidak ribet . [S] [A] [O],sepeda gunung tidak manis . [S] [A] [O],[S] positive [A] proses cek in [O] tidak ribet,[S] negative [A] sepeda gunung [O] tidak manis,"[[508, 50, 60, 6785, 508, 32, 60, 8709, 288, 272, 1225, 304, 508, 46, 60, 27281, 20131, 295]]","[[508, 50, 60, 8225, 508, 32, 60, 511, 6874, 64, 6038, 2185, 508, 46, 60, 27281, 883, 285]]"
proses cek in tidak ribet . [O] [A] [S],sepeda gunung tidak manis . [O] [A] [S],[O] tidak ribet [A] proses cek in [S] positive,[O] tidak manis [A] sepeda gunung [S] negative,"[[508, 46, 60, 27281, 20131, 295, 508, 32, 60, 8709, 288, 272, 1225, 304, 508, 50, 60, 6785]]","[[508, 46, 60, 27281, 883, 285, 508, 32, 60, 511, 6874, 64, 6038, 2185, 508, 50, 60, 8225]]"
proses cek in tidak ribet . [O] [S] [A],sepeda gunung tidak manis . [O] [S] [A],[O] tidak ribet [S] positive [A] proses cek in,[O] tidak manis [S] negative [A] sepeda gunung,"[[508, 46, 60, 27281, 20131, 295, 508, 50, 60, 6785, 508, 32, 60, 8709, 288, 272, 1225, 304]]","[[508, 46, 60, 27281, 883, 285, 508, 50, 60, 8225, 508, 32, 60, 511, 6874, 64, 6038, 2185]]"
"hotel yang bagus , tetap pertahankan . [A] [O] [S]","bus yang pahit , jangan makan . [A] [O] [S]","[A] hotel [O] bagus , tetap pertahankan [S] positive","[A] bus [O] pahit , jangan makan [S] negative","[[508, 32, 60, 9500, 508, 46, 60, 8968, 355, 1154, 27853, 391, 18212, 1466, 75082, 508, 50, 60, 6785]]","[[508, 32, 60, 5828, 508, 46, 60, 281, 1466, 275, 1154, 502, 18633, 296, 19262, 508, 50, 60, 8225]]"
"hotel yang bagus , tetap pertahankan . [A] [S] [O]","bus yang pahit , jangan makan . [A] [S] [O]","[A] hotel [S] positive [O] bagus , tetap pertahankan","[A] bus [S] negative [O] pahit , jangan makan","[[508, 32, 60, 9500, 508, 50, 60, 6785, 508, 46, 60, 8968, 355, 1154, 27853, 391, 18212, 1466, 75082]]","[[508, 32, 60, 5828, 508, 50, 60, 8225, 508, 46, 60, 281, 1466, 275, 1154, 502, 18633, 296, 19262]]"
"hotel yang bagus , tetap pertahankan . [S] [A] [O]","bus yang pahit , jangan makan . [S] [A] [O]","[S] positive [A] hotel [O] bagus , tetap pertahankan","[S] negative [A] bus [O] pahit , jangan makan","[[508, 50, 60, 6785, 508, 32, 60, 9500, 508, 46, 60, 8968, 355, 1154, 27853, 391, 18212, 1466, 75082]]","[[508, 50, 60, 8225, 508, 32, 60, 5828, 508, 46, 60, 281, 1466, 275, 1154, 502, 18633, 296, 19262]]"
"hotel yang bagus , tetap pertahankan . [O] [A] [S]","bus yang pahit , jangan makan . [O] [A] [S]","[O] bagus , tetap pertahankan [A] hotel [S] positive","[O] pahit , jangan makan [A] bus [S] negative","[[508, 46, 60, 8968, 355, 1154, 27853, 391, 18212, 1466, 75082, 508, 32, 60, 9500, 508, 50, 60, 6785]]","[[508, 46, 60, 281, 1466, 275, 1154, 502, 18633, 296, 19262, 508, 32, 60, 5828, 508, 50, 60, 8225]]"
"hotel yang bagus , tetap pertahankan . [O] [S] [A]","bus yang pahit , jangan makan . [O] [S] [A]","[O] bagus , tetap pertahankan [S] positive [A] hotel","[O] pahit , jangan makan [S] negative [A] bus","[[508, 46, 60, 8968, 355, 1154, 27853, 391, 18212, 1466, 75082, 508, 50, 60, 6785, 508, 32, 60, 9500]]","[[508, 46, 60, 281, 1466, 275, 1154, 502, 18633, 296, 19262, 508, 50, 60, 8225, 508, 32, 60, 5828]]"
sangat kecewa dengan pelayan di hotel ini . [A] [O] [S],sangat lezat dengan kendaraan di hotel ini . [A] [O] [S],[A] pelayan [O] sangat kecewa [S] negative,[A] kendaraan [O] sangat lezat [S] positive,"[[508, 32, 60, 281, 6895, 276, 508, 46, 60, 70464, 1962, 346, 9991, 508, 50, 60, 8225]]","[[508, 32, 60, 71748, 5059, 276, 508, 46, 60, 70464, 512, 89, 266, 508, 50, 60, 6785]]"
sangat kecewa dengan pelayan di hotel ini . [A] [S] [O],sangat lezat dengan kendaraan di hotel ini . [A] [S] [O],[A] pelayan [S] negative [O] sangat kecewa,[A] kendaraan [S] positive [O] sangat lezat,"[[508, 32, 60, 281, 6895, 276, 508, 50, 60, 8225, 508, 46, 60, 70464, 1962, 346, 9991]]","[[508, 32, 60, 71748, 5059, 276, 508, 50, 60, 6785, 508, 46, 60, 70464, 512, 89, 266]]"
sangat kecewa dengan pelayan di hotel ini . [S] [A] [O],sangat lezat dengan kendaraan di hotel ini . [S] [A] [O],[S] negative [A] pelayan [O] sangat kecewa,[S] positive [A] kendaraan [O] sangat lezat,"[[508, 50, 60, 8225, 508, 32, 60, 281, 6895, 276, 508, 46, 60, 70464, 1962, 346, 9991]]","[[508, 50, 60, 6785, 508, 32, 60, 71748, 5059, 276, 508, 46, 60, 70464, 512, 89, 266]]"
sangat kecewa dengan pelayan di hotel ini . [O] [A] [S],sangat lezat dengan kendaraan di hotel ini . [O] [A] [S],[O] sangat kecewa [A] pelayan [S] negative,[O] sangat lezat [A] kendaraan [S] positive,"[[508, 46, 60, 70464, 1962, 346, 9991, 508, 32, 60, 281, 6895, 276, 508, 50, 60, 8225]]","[[508, 46, 60, 70464, 512, 89, 266, 508, 32, 60, 71748, 5059, 276, 508, 50, 60, 6785]]"
sangat kecewa dengan pelayan di hotel ini . [O] [S] [A],sangat lezat dengan kendaraan di hotel ini . [O] [S] [A],[O] sangat kecewa [S] negative [A] pelayan,[O] sangat lezat [S] positive [A] kendaraan,"[[508, 46, 60, 70464, 1962, 346, 9991, 508, 50, 60, 8225, 508, 32, 60, 281, 6895, 276]]","[[508, 46, 60, 70464, 512, 89, 266, 508, 50, 60, 6785, 508, 32, 60, 71748, 5059, 276]]"
tv iya masih buremm . airy kapan di perbaiki . [A] [O] [S],monitor iya masih manis . airy kapan di perbaiki . [A] [O] [S],[A] tv [O] burem [S] negative,[A] monitor [O] manis [S] positive,"[[508, 32, 60, 11086, 508, 46, 60, 30761, 76, 508, 50, 60, 8225]]","[[508, 32, 60, 8718, 508, 46, 60, 883, 285, 508, 50, 60, 6785]]"
tv iya masih buremm . airy kapan di perbaiki . [A] [S] [O],monitor iya masih manis . airy kapan di perbaiki . [A] [S] [O],[A] tv [S] negative [O] burem,[A] monitor [S] positive [O] manis,"[[508, 32, 60, 11086, 508, 50, 60, 8225, 508, 46, 60, 30761, 76]]","[[508, 32, 60, 8718, 508, 50, 60, 6785, 508, 46, 60, 883, 285]]"
tv iya masih buremm . airy kapan di perbaiki . [S] [A] [O],monitor iya masih manis . airy kapan di perbaiki . [S] [A] [O],[S] negative [A] tv [O] burem,[S] positive [A] monitor [O] manis,"[[508, 50, 60, 8225, 508, 32, 60, 11086, 508, 46, 60, 30761, 76]]","[[508, 50, 60, 6785, 508, 32, 60, 8718, 508, 46, 60, 883, 285]]"
tv iya masih buremm . airy kapan di perbaiki . [O] [A] [S],monitor iya masih manis . airy kapan di perbaiki . [O] [A] [S],[O] burem [A] tv [S] negative,[O] manis [A] monitor [S] positive,"[[508, 46, 60, 30761, 76, 508, 32, 60, 11086, 508, 50, 60, 8225]]","[[508, 46, 60, 883, 285, 508, 32, 60, 8718, 508, 50, 60, 6785]]"
tv iya masih buremm . airy kapan di perbaiki . [O] [S] [A],monitor iya masih manis . airy kapan di perbaiki . [O] [S] [A],[O] burem [S] negative [A] tv,[O] manis [S] positive [A] monitor,"[[508, 46, 60, 30761, 76, 508, 50, 60, 8225, 508, 32, 60, 11086]]","[[508, 46, 60, 883, 285, 508, 50, 60, 6785, 508, 32, 60, 8718]]"
baik keseluruhan . [A] [O] [S],keras tiket bioskop . [A] [O] [S],[A] keseluruhan [O] baik [S] positive,[A] tiket bioskop [O] keras [S] negative,"[[508, 32, 60, 50977, 301, 20915, 9917, 508, 46, 60, 79187, 508, 50, 60, 6785]]","[[508, 32, 60, 86172, 295, 48454, 83598, 508, 46, 60, 25689, 508, 50, 60, 8225]]"
baik keseluruhan . [A] [S] [O],keras tiket bioskop . [A] [S] [O],[A] keseluruhan [S] positive [O] baik,[A] tiket bioskop [S] negative [O] keras,"[[508, 32, 60, 50977, 301, 20915, 9917, 508, 50, 60, 6785, 508, 46, 60, 79187]]","[[508, 32, 60, 86172, 295, 48454, 83598, 508, 50, 60, 8225, 508, 46, 60, 25689]]"
baik keseluruhan . [S] [A] [O],keras tiket bioskop . [S] [A] [O],[S] positive [A] keseluruhan [O] baik,[S] negative [A] tiket bioskop [O] keras,"[[508, 50, 60, 6785, 508, 32, 60, 50977, 301, 20915, 9917, 508, 46, 60, 79187]]","[[508, 50, 60, 8225, 508, 32, 60, 86172, 295, 48454, 83598, 508, 46, 60, 25689]]"
baik keseluruhan . [O] [A] [S],keras tiket bioskop . [O] [A] [S],[O] baik [A] keseluruhan [S] positive,[O] keras [A] tiket bioskop [S] negative,"[[508, 46, 60, 79187, 508, 32, 60, 50977, 301, 20915, 9917, 508, 50, 60, 6785]]","[[508, 46, 60, 25689, 508, 32, 60, 86172, 295, 48454, 83598, 508, 50, 60, 8225]]"
baik keseluruhan . [O] [S] [A],keras tiket bioskop . [O] [S] [A],[O] baik [S] positive [A] keseluruhan,[O] keras [S] negative [A] tiket bioskop,"[[508, 46, 60, 79187, 508, 50, 60, 6785, 508, 32, 60, 50977, 301, 20915, 9917]]","[[508, 46, 60, 25689, 508, 50, 60, 8225, 508, 32, 60, 86172, 295, 48454, 83598]]"
harga murce deh . [A] [O] [S],video rusak deh . [A] [O] [S],[A] harga [O] murce [S] positive,[A] video [O] rusak [S] negative,"[[508, 32, 60, 71348, 508, 46, 60, 8146, 346, 508, 50, 60, 6785]]","[[508, 32, 60, 2766, 508, 46, 60, 52454, 585, 508, 50, 60, 8225]]"
harga murce deh . [A] [S] [O],video rusak deh . [A] [S] [O],[A] harga [S] positive [O] murce,[A] video [S] negative [O] rusak,"[[508, 32, 60, 71348, 508, 50, 60, 6785, 508, 46, 60, 8146, 346]]","[[508, 32, 60, 2766, 508, 50, 60, 8225, 508, 46, 60, 52454, 585]]"
harga murce deh . [S] [A] [O],video rusak deh . [S] [A] [O],[S] positive [A] harga [O] murce,[S] negative [A] video [O] rusak,"[[508, 50, 60, 6785, 508, 32, 60, 71348, 508, 46, 60, 8146, 346]]","[[508, 50, 60, 8225, 508, 32, 60, 2766, 508, 46, 60, 52454, 585]]"
harga murce deh . [O] [A] [S],video rusak deh . [O] [A] [S],[O] murce [A] harga [S] positive,[O] rusak [A] video [S] negative,"[[508, 46, 60, 8146, 346, 508, 32, 60, 71348, 508, 50, 60, 6785]]","[[508, 46, 60, 52454, 585, 508, 32, 60, 2766, 508, 50, 60, 8225]]"
harga murce deh . [O] [S] [A],video rusak deh . [O] [S] [A],[O] murce [S] positive [A] harga,[O] rusak [S] negative [A] video,"[[508, 46, 60, 8146, 346, 508, 50, 60, 6785, 508, 32, 60, 71348]]","[[508, 46, 60, 52454, 585, 508, 50, 60, 8225, 508, 32, 60, 2766]]"
airy yang sangat berkesan bagi saya dan keluarga . terimakasih ! [A] [O] [S],radio yang sangat pahit bagi saya dan keluarga . terimakasih ! [A] [O] [S],[A] airy [O] sangat berkesan [S] positive,[A] radio [O] sangat pahit [S] negative,"[[508, 32, 60, 96963, 508, 46, 60, 70464, 10207, 12556, 276, 508, 50, 60, 6785]]","[[508, 32, 60, 8887, 508, 46, 60, 70464, 281, 1466, 275, 508, 50, 60, 8225]]"
airy yang sangat berkesan bagi saya dan keluarga . terimakasih ! [A] [S] [O],radio yang sangat pahit bagi saya dan keluarga . terimakasih ! [A] [S] [O],[A] airy [S] positive [O] sangat berkesan,[A] radio [S] negative [O] sangat pahit,"[[508, 32, 60, 96963, 508, 50, 60, 6785, 508, 46, 60, 70464, 10207, 12556, 276]]","[[508, 32, 60, 8887, 508, 50, 60, 8225, 508, 46, 60, 70464, 281, 1466, 275]]"
airy yang sangat berkesan bagi saya dan keluarga . terimakasih ! [S] [A] [O],radio yang sangat pahit bagi saya dan keluarga . terimakasih ! [S] [A] [O],[S] positive [A] airy [O] sangat berkesan,[S] negative [A] radio [O] sangat pahit,"[[508, 50, 60, 6785, 508, 32, 60, 96963, 508, 46, 60, 70464, 10207, 12556, 276]]","[[508, 50, 60, 8225, 508, 32, 60, 8887, 508, 46, 60, 70464, 281, 1466, 275]]"
airy yang sangat berkesan bagi saya dan keluarga . terimakasih ! [O] [A] [S],radio yang sangat pahit bagi saya dan keluarga . terimakasih ! [O] [A] [S],[O] sangat berkesan [A] airy [S] positive,[O] sangat pahit [A] radio [S] negative,"[[508, 46, 60, 70464, 10207, 12556, 276, 508, 32, 60, 96963, 508, 50, 60, 6785]]","[[508, 46, 60, 70464, 281, 1466, 275, 508, 32, 60, 8887, 508, 50, 60, 8225]]"
airy yang sangat berkesan bagi saya dan keluarga . terimakasih ! [O] [S] [A],radio yang sangat pahit bagi saya dan keluarga . terimakasih ! [O] [S] [A],[O] sangat berkesan [S] positive [A] airy,[O] sangat pahit [S] negative [A] radio,"[[508, 46, 60, 70464, 10207, 12556, 276, 508, 50, 60, 6785, 508, 32, 60, 96963]]","[[508, 46, 60, 70464, 281, 1466, 275, 508, 50, 60, 8225, 508, 32, 60, 8887]]"
kamar yang saya dapat kurang bersih . [A] [O] [S],buku yang saya dapat cepat sekali . [A] [O] [S],[A] kamar [O] kurang bersih [S] negative,[A] buku [O] cepat sekali [S] positive,"[[508, 32, 60, 595, 15554, 508, 46, 60, 27265, 524, 58554, 6996, 508, 50, 60, 8225]]","[[508, 32, 60, 1031, 12133, 508, 46, 60, 62090, 266, 43834, 7956, 508, 50, 60, 6785]]"
kamar yang saya dapat kurang bersih . [A] [S] [O],buku yang saya dapat cepat sekali . [A] [S] [O],[A] kamar [S] negative [O] kurang bersih,[A] buku [S] positive [O] cepat sekali,"[[508, 32, 60, 595, 15554, 508, 50, 60, 8225, 508, 46, 60, 27265, 524, 58554, 6996]]","[[508, 32, 60, 1031, 12133, 508, 50, 60, 6785, 508, 46, 60, 62090, 266, 43834, 7956]]"
kamar yang saya dapat kurang bersih . [S] [A] [O],buku yang saya dapat cepat sekali . [S] [A] [O],[S] negative [A] kamar [O] kurang bersih,[S] positive [A] buku [O] cepat sekali,"[[508, 50, 60, 8225, 508, 32, 60, 595, 15554, 508, 46, 60, 27265, 524, 58554, 6996]]","[[508, 50, 60, 6785, 508, 32, 60, 1031, 12133, 508, 46, 60, 62090, 266, 43834, 7956]]"
kamar yang saya dapat kurang bersih . [O] [A] [S],buku yang saya dapat cepat sekali . [O] [A] [S],[O] kurang bersih [A] kamar [S] negative,[O] cepat sekali [A] buku [S] positive,"[[508, 46, 60, 27265, 524, 58554, 6996, 508, 32, 60, 595, 15554, 508, 50, 60, 8225]]","[[508, 46, 60, 62090, 266, 43834, 7956, 508, 32, 60, 1031, 12133, 508, 50, 60, 6785]]"
kamar yang saya dapat kurang bersih . [O] [S] [A],buku yang saya dapat cepat sekali . [O] [S] [A],[O] kurang bersih [S] negative [A] kamar,[O] cepat sekali [S] positive [A] buku,"[[508, 46, 60, 27265, 524, 58554, 6996, 508, 50, 60, 8225, 508, 32, 60, 595, 15554]]","[[508, 46, 60, 62090, 266, 43834, 7956, 508, 50, 60, 6785, 508, 32, 60, 1031, 12133]]"
airnya berbau . [A] [O] [S],buku manis . [A] [O] [S],[A] airnya [O] berbau [S] negative,[A] buku [O] manis [S] positive,"[[508, 32, 60, 3720, 22891, 508, 46, 60, 10207, 71832, 508, 50, 60, 8225]]","[[508, 32, 60, 1031, 12133, 508, 46, 60, 883, 285, 508, 50, 60, 6785]]"
airnya berbau . [A] [S] [O],buku manis . [A] [S] [O],[A] airnya [S] negative [O] berbau,[A] buku [S] positive [O] manis,"[[508, 32, 60, 3720, 22891, 508, 50, 60, 8225, 508, 46, 60, 10207, 71832]]","[[508, 32, 60, 1031, 12133, 508, 50, 60, 6785, 508, 46, 60, 883, 285]]"
airnya berbau . [S] [A] [O],buku manis . [S] [A] [O],[S] negative [A] airnya [O] berbau,[S] positive [A] buku [O] manis,"[[508, 50, 60, 8225, 508, 32, 60, 3720, 22891, 508, 46, 60, 10207, 71832]]","[[508, 50, 60, 6785, 508, 32, 60, 1031, 12133, 508, 46, 60, 883, 285]]"
airnya berbau . [O] [A] [S],buku manis . [O] [A] [S],[O] berbau [A] airnya [S] negative,[O] manis [A] buku [S] positive,"[[508, 46, 60, 10207, 71832, 508, 32, 60, 3720, 22891, 508, 50, 60, 8225]]","[[508, 46, 60, 883, 285, 508, 32, 60, 1031, 12133, 508, 50, 60, 6785]]"
airnya berbau . [O] [S] [A],buku manis . [O] [S] [A],[O] berbau [S] negative [A] airnya,[O] manis [S] positive [A] buku,"[[508, 46, 60, 10207, 71832, 508, 50, 60, 8225, 508, 32, 60, 3720, 22891]]","[[508, 46, 60, 883, 285, 508, 50, 60, 6785, 508, 32, 60, 1031, 12133]]"
tempatnya tidak sesuai dengan fotodi airy . [A] [O] [S],caturnya bersih tidak berbau aneh . [A] [O] [S],[A] tempatnya [O] tidak sesuai dengan foto di airy [S] negative,[A] caturnya [O] bersih tidak berbau aneh [S] positive,"[[508, 32, 60, 2730, 266, 22891, 508, 46, 60, 27281, 15537, 84695, 20414, 25575, 1853, 96963, 508, 50, 60, 8225]]","[[508, 32, 60, 8251, 399, 7755, 508, 46, 60, 58554, 6996, 27281, 10207, 71832, 458, 2636, 508, 50, 60, 6785]]"
tempatnya tidak sesuai dengan fotodi airy . [A] [S] [O],caturnya bersih tidak berbau aneh . [A] [S] [O],[A] tempatnya [S] negative [O] tidak sesuai dengan foto di airy,[A] caturnya [S] positive [O] bersih tidak berbau aneh,"[[508, 32, 60, 2730, 266, 22891, 508, 50, 60, 8225, 508, 46, 60, 27281, 15537, 84695, 20414, 25575, 1853, 96963]]","[[508, 32, 60, 8251, 399, 7755, 508, 50, 60, 6785, 508, 46, 60, 58554, 6996, 27281, 10207, 71832, 458, 2636]]"
tempatnya tidak sesuai dengan fotodi airy . [S] [A] [O],caturnya bersih tidak berbau aneh . [S] [A] [O],[S] negative [A] tempatnya [O] tidak sesuai dengan foto di airy,[S] positive [A] caturnya [O] bersih tidak berbau aneh,"[[508, 50, 60, 8225, 508, 32, 60, 2730, 266, 22891, 508, 46, 60, 27281, 15537, 84695, 20414, 25575, 1853, 96963]]","[[508, 50, 60, 6785, 508, 32, 60, 8251, 399, 7755, 508, 46, 60, 58554, 6996, 27281, 10207, 71832, 458, 2636]]"
tempatnya tidak sesuai dengan fotodi airy . [O] [A] [S],caturnya bersih tidak berbau aneh . [O] [A] [S],[O] tidak sesuai dengan foto di airy [A] tempatnya [S] negative,[O] bersih tidak berbau aneh [A] caturnya [S] positive,"[[508, 46, 60, 27281, 15537, 84695, 20414, 25575, 1853, 96963, 508, 32, 60, 2730, 266, 22891, 508, 50, 60, 8225]]","[[508, 46, 60, 58554, 6996, 27281, 10207, 71832, 458, 2636, 508, 32, 60, 8251, 399, 7755, 508, 50, 60, 6785]]"
tempatnya tidak sesuai dengan fotodi airy . [O] [S] [A],caturnya bersih tidak berbau aneh . [O] [S] [A],[O] tidak sesuai dengan foto di airy [S] negative [A] tempatnya,[O] bersih tidak berbau aneh [S] positive [A] caturnya,"[[508, 46, 60, 27281, 15537, 84695, 20414, 25575, 1853, 96963, 508, 50, 60, 8225, 508, 32, 60, 2730, 266, 22891]]","[[508, 46, 60, 58554, 6996, 27281, 10207, 71832, 458, 2636, 508, 50, 60, 6785, 508, 32, 60, 8251, 399, 7755]]"
sarapan pagi seharusnya ada . [A] [O] [S],gitar kecil amat cepat sekali . [A] [O] [S],[A] sarapan pagi [O] seharusnya ada [S] negative,[A] gitar kecil [O] amat cepat sekali [S] positive,"[[508, 32, 60, 28047, 5359, 14774, 72, 508, 46, 60, 511, 12982, 355, 22891, 34234, 508, 50, 60, 8225]]","[[508, 32, 60, 342, 12355, 1962, 81023, 508, 46, 60, 42133, 62090, 266, 43834, 7956, 508, 50, 60, 6785]]"
sarapan pagi seharusnya ada . [A] [S] [O],gitar kecil amat cepat sekali . [A] [S] [O],[A] sarapan pagi [S] negative [O] seharusnya ada,[A] gitar kecil [S] positive [O] amat cepat sekali,"[[508, 32, 60, 28047, 5359, 14774, 72, 508, 50, 60, 8225, 508, 46, 60, 511, 12982, 355, 22891, 34234]]","[[508, 32, 60, 342, 12355, 1962, 81023, 508, 50, 60, 6785, 508, 46, 60, 42133, 62090, 266, 43834, 7956]]"
sarapan pagi seharusnya ada . [S] [A] [O],gitar kecil amat cepat sekali . [S] [A] [O],[S] negative [A] sarapan pagi [O] seharusnya ada,[S] positive [A] gitar kecil [O] amat cepat sekali,"[[508, 50, 60, 8225, 508, 32, 60, 28047, 5359, 14774, 72, 508, 46, 60, 511, 12982, 355, 22891, 34234]]","[[508, 50, 60, 6785, 508, 32, 60, 342, 12355, 1962, 81023, 508, 46, 60, 42133, 62090, 266, 43834, 7956]]"
sarapan pagi seharusnya ada . [O] [A] [S],gitar kecil amat cepat sekali . [O] [A] [S],[O] seharusnya ada [A] sarapan pagi [S] negative,[O] amat cepat sekali [A] gitar kecil [S] positive,"[[508, 46, 60, 511, 12982, 355, 22891, 34234, 508, 32, 60, 28047, 5359, 14774, 72, 508, 50, 60, 8225]]","[[508, 46, 60, 42133, 62090, 266, 43834, 7956, 508, 32, 60, 342, 12355, 1962, 81023, 508, 50, 60, 6785]]"
sarapan pagi seharusnya ada . [O] [S] [A],gitar kecil amat cepat sekali . [O] [S] [A],[O] seharusnya ada [S] negative [A] sarapan pagi,[O] amat cepat sekali [S] positive [A] gitar kecil,"[[508, 46, 60, 511, 12982, 355, 22891, 34234, 508, 50, 60, 8225, 508, 32, 60, 28047, 5359, 14774, 72]]","[[508, 46, 60, 42133, 62090, 266, 43834, 7956, 508, 50, 60, 6785, 508, 32, 60, 342, 12355, 1962, 81023]]"
pelayanan yang kurang baik . [A] [O] [S],harga tiket yang sangat manis . [A] [O] [S],[A] pelayanan [O] kurang baik [S] negative,[A] harga tiket [O] sangat manis [S] positive,"[[508, 32, 60, 281, 6895, 28618, 508, 46, 60, 27265, 524, 79187, 508, 50, 60, 8225]]","[[508, 32, 60, 71348, 86172, 295, 508, 46, 60, 70464, 883, 285, 508, 50, 60, 6785]]"
pelayanan yang kurang baik . [A] [S] [O],harga tiket yang sangat manis . [A] [S] [O],[A] pelayanan [S] negative [O] kurang baik,[A] harga tiket [S] positive [O] sangat manis,"[[508, 32, 60, 281, 6895, 28618, 508, 50, 60, 8225, 508, 46, 60, 27265, 524, 79187]]","[[508, 32, 60, 71348, 86172, 295, 508, 50, 60, 6785, 508, 46, 60, 70464, 883, 285]]"
pelayanan yang kurang baik . [S] [A] [O],harga tiket yang sangat manis . [S] [A] [O],[S] negative [A] pelayanan [O] kurang baik,[S] positive [A] harga tiket [O] sangat manis,"[[508, 50, 60, 8225, 508, 32, 60, 281, 6895, 28618, 508, 46, 60, 27265, 524, 79187]]","[[508, 50, 60, 6785, 508, 32, 60, 71348, 86172, 295, 508, 46, 60, 70464, 883, 285]]"
pelayanan yang kurang baik . [O] [A] [S],harga tiket yang sangat manis . [O] [A] [S],[O] kurang baik [A] pelayanan [S] negative,[O] sangat manis [A] harga tiket [S] positive,"[[508, 46, 60, 27265, 524, 79187, 508, 32, 60, 281, 6895, 28618, 508, 50, 60, 8225]]","[[508, 46, 60, 70464, 883, 285, 508, 32, 60, 71348, 86172, 295, 508, 50, 60, 6785]]"
pelayanan yang kurang baik . [O] [S] [A],harga tiket yang sangat manis . [O] [S] [A],[O] kurang baik [S] negative [A] pelayanan,[O] sangat manis [S] positive [A] harga tiket,"[[508, 46, 60, 27265, 524, 79187, 508, 50, 60, 8225, 508, 32, 60, 281, 6895, 28618]]","[[508, 46, 60, 70464, 883, 285, 508, 50, 60, 6785, 508, 32, 60, 71348, 86172, 295]]"
peralatan kamar mandi kurang lengkap . [A] [O] [S],senar gitar klasik wangi sekali . [A] [O] [S],[A] peralatan kamar mandi [O] kurang lengkap [S] negative,[A] senar gitar klasik [O] wangi sekali [S] positive,"[[508, 32, 60, 817, 278, 16225, 595, 15554, 11576, 72, 508, 46, 60, 27265, 524, 47794, 38834, 508, 50, 60, 8225]]","[[508, 32, 60, 6124, 277, 342, 12355, 595, 14493, 1579, 508, 46, 60, 289, 78328, 43834, 7956, 508, 50, 60, 6785]]"
peralatan kamar mandi kurang lengkap . [A] [S] [O],senar gitar klasik wangi sekali . [A] [S] [O],[A] peralatan kamar mandi [S] negative [O] kurang lengkap,[A] senar gitar klasik [S] positive [O] wangi sekali,"[[508, 32, 60, 817, 278, 16225, 595, 15554, 11576, 72, 508, 50, 60, 8225, 508, 46, 60, 27265, 524, 47794, 38834]]","[[508, 32, 60, 6124, 277, 342, 12355, 595, 14493, 1579, 508, 50, 60, 6785, 508, 46, 60, 289, 78328, 43834, 7956]]"
peralatan kamar mandi kurang lengkap . [S] [A] [O],senar gitar klasik wangi sekali . [S] [A] [O],[S] negative [A] peralatan kamar mandi [O] kurang lengkap,[S] positive [A] senar gitar klasik [O] wangi sekali,"[[508, 50, 60, 8225, 508, 32, 60, 817, 278, 16225, 595, 15554, 11576, 72, 508, 46, 60, 27265, 524, 47794, 38834]]","[[508, 50, 60, 6785, 508, 32, 60, 6124, 277, 342, 12355, 595, 14493, 1579, 508, 46, 60, 289, 78328, 43834, 7956]]"
peralatan kamar mandi kurang lengkap . [O] [A] [S],senar gitar klasik wangi sekali . [O] [A] [S],[O] kurang lengkap [A] peralatan kamar mandi [S] negative,[O] wangi sekali [A] senar gitar klasik [S] positive,"[[508, 46, 60, 27265, 524, 47794, 38834, 508, 32, 60, 817, 278, 16225, 595, 15554, 11576, 72, 508, 50, 60, 8225]]","[[508, 46, 60, 289, 78328, 43834, 7956, 508, 32, 60, 6124, 277, 342, 12355, 595, 14493, 1579, 508, 50, 60, 6785]]"
peralatan kamar mandi kurang lengkap . [O] [S] [A],senar gitar klasik wangi sekali . [O] [S] [A],[O] kurang lengkap [S] negative [A] peralatan kamar mandi,[O] wangi sekali [S] positive [A] senar gitar klasik,"[[508, 46, 60, 27265, 524, 47794, 38834, 508, 50, 60, 8225, 508, 32, 60, 817, 278, 16225, 595, 15554, 11576, 72]]","[[508, 46, 60, 289, 78328, 43834, 7956, 508, 50, 60, 6785, 508, 32, 60, 6124, 277, 342, 12355, 595, 14493, 1579]]"
waktu menginap tidak dapat handuknya . [A] [O] [S],waktu menginap cepat sekolahnya . [A] [O] [S],[A] handuknya [O] tidak dapat [S] negative,[A] sekolahnya [O] cepat [S] positive,"[[508, 32, 60, 1424, 3101, 22891, 508, 46, 60, 27281, 44117, 508, 50, 60, 8225]]","[[508, 32, 60, 43834, 90786, 22891, 508, 46, 60, 62090, 266, 508, 50, 60, 6785]]"
waktu menginap tidak dapat handuknya . [A] [S] [O],waktu menginap cepat sekolahnya . [A] [S] [O],[A] handuknya [S] negative [O] tidak dapat,[A] sekolahnya [S] positive [O] cepat,"[[508, 32, 60, 1424, 3101, 22891, 508, 50, 60, 8225, 508, 46, 60, 27281, 44117]]","[[508, 32, 60, 43834, 90786, 22891, 508, 50, 60, 6785, 508, 46, 60, 62090, 266]]"
waktu menginap tidak dapat handuknya . [S] [A] [O],waktu menginap cepat sekolahnya . [S] [A] [O],[S] negative [A] handuknya [O] tidak dapat,[S] positive [A] sekolahnya [O] cepat,"[[508, 50, 60, 8225, 508, 32, 60, 1424, 3101, 22891, 508, 46, 60, 27281, 44117]]","[[508, 50, 60, 6785, 508, 32, 60, 43834, 90786, 22891, 508, 46, 60, 62090, 266]]"
waktu menginap tidak dapat handuknya . [O] [A] [S],waktu menginap cepat sekolahnya . [O] [A] [S],[O] tidak dapat [A] handuknya [S] negative,[O] cepat [A] sekolahnya [S] positive,"[[508, 46, 60, 27281, 44117, 508, 32, 60, 1424, 3101, 22891, 508, 50, 60, 8225]]","[[508, 46, 60, 62090, 266, 508, 32, 60, 43834, 90786, 22891, 508, 50, 60, 6785]]"
waktu menginap tidak dapat handuknya . [O] [S] [A],waktu menginap cepat sekolahnya . [O] [S] [A],[O] tidak dapat [S] negative [A] handuknya,[O] cepat [S] positive [A] sekolahnya,"[[508, 46, 60, 27281, 44117, 508, 50, 60, 8225, 508, 32, 60, 1424, 3101, 22891]]","[[508, 46, 60, 62090, 266, 508, 50, 60, 6785, 508, 32, 60, 43834, 90786, 22891]]"
di kamar tidak tersedia handuk . [A] [O] [S],di kamar sangat murah motor tua . [A] [O] [S],[A] handuk [O] tidak tersedia [S] negative,[A] motor tua [O] sangat murah [S] positive,"[[508, 32, 60, 1424, 3101, 508, 46, 60, 27281, 87630, 4495, 508, 50, 60, 8225]]","[[508, 32, 60, 8872, 63884, 508, 46, 60, 70464, 8146, 1466, 508, 50, 60, 6785]]"
di kamar tidak tersedia handuk . [A] [S] [O],di kamar sangat murah motor tua . [A] [S] [O],[A] handuk [S] negative [O] tidak tersedia,[A] motor tua [S] positive [O] sangat murah,"[[508, 32, 60, 1424, 3101, 508, 50, 60, 8225, 508, 46, 60, 27281, 87630, 4495]]","[[508, 32, 60, 8872, 63884, 508, 50, 60, 6785, 508, 46, 60, 70464, 8146, 1466]]"
di kamar tidak tersedia handuk . [S] [A] [O],di kamar sangat murah motor tua . [S] [A] [O],[S] negative [A] handuk [O] tidak tersedia,[S] positive [A] motor tua [O] sangat murah,"[[508, 50, 60, 8225, 508, 32, 60, 1424, 3101, 508, 46, 60, 27281, 87630, 4495]]","[[508, 50, 60, 6785, 508, 32, 60, 8872, 63884, 508, 46, 60, 70464, 8146, 1466]]"
di kamar tidak tersedia handuk . [O] [A] [S],di kamar sangat murah motor tua . [O] [A] [S],[O] tidak tersedia [A] handuk [S] negative,[O] sangat murah [A] motor tua [S] positive,"[[508, 46, 60, 27281, 87630, 4495, 508, 32, 60, 1424, 3101, 508, 50, 60, 8225]]","[[508, 46, 60, 70464, 8146, 1466, 508, 32, 60, 8872, 63884, 508, 50, 60, 6785]]"
di kamar tidak tersedia handuk . [O] [S] [A],di kamar sangat murah motor tua . [O] [S] [A],[O] tidak tersedia [S] negative [A] handuk,[O] sangat murah [S] positive [A] motor tua,"[[508, 46, 60, 27281, 87630, 4495, 508, 50, 60, 8225, 508, 32, 60, 1424, 3101]]","[[508, 46, 60, 70464, 8146, 1466, 508, 50, 60, 6785, 508, 32, 60, 8872, 63884]]"
"untuk kamar disini tidak recommended , lebih baik cari yang lain . [A] [O] [S]","untuk uang disini sangat puas , cocok untuk koleksi . [A] [O] [S]","[A] kamar [O] tidak recommended , lebih baik cari yang lain [S] negative","[A] uang [O] sangat puas , cocok untuk koleksi [S] positive","[[508, 32, 60, 595, 15554, 508, 46, 60, 27281, 11102, 1154, 49935, 79187, 1803, 72, 10371, 50376, 508, 50, 60, 8225]]","[[508, 32, 60, 575, 524, 508, 46, 60, 70464, 18256, 300, 1154, 21690, 562, 19593, 58019, 31060, 508, 50, 60, 6785]]"
"untuk kamar disini tidak recommended , lebih baik cari yang lain . [A] [S] [O]","untuk uang disini sangat puas , cocok untuk koleksi . [A] [S] [O]","[A] kamar [S] negative [O] tidak recommended , lebih baik cari yang lain","[A] uang [S] positive [O] sangat puas , cocok untuk koleksi","[[508, 32, 60, 595, 15554, 508, 50, 60, 8225, 508, 46, 60, 27281, 11102, 1154, 49935, 79187, 1803, 72, 10371, 50376]]","[[508, 32, 60, 575, 524, 508, 50, 60, 6785, 508, 46, 60, 70464, 18256, 300, 1154, 21690, 562, 19593, 58019, 31060]]"
"untuk kamar disini tidak recommended , lebih baik cari yang lain . [S] [A] [O]","untuk uang disini sangat puas , cocok untuk koleksi . [S] [A] [O]","[S] negative [A] kamar [O] tidak recommended , lebih baik cari yang lain","[S] positive [A] uang [O] sangat puas , cocok untuk koleksi","[[508, 50, 60, 8225, 508, 32, 60, 595, 15554, 508, 46, 60, 27281, 11102, 1154, 49935, 79187, 1803, 72, 10371, 50376]]","[[508, 50, 60, 6785, 508, 32, 60, 575, 524, 508, 46, 60, 70464, 18256, 300, 1154, 21690, 562, 19593, 58019, 31060]]"
"untuk kamar disini tidak recommended , lebih baik cari yang lain . [O] [A] [S]","untuk uang disini sangat puas , cocok untuk koleksi . [O] [A] [S]","[O] tidak recommended , lebih baik cari yang lain [A] kamar [S] negative","[O] sangat puas , cocok untuk koleksi [A] uang [S] positive","[[508, 46, 60, 27281, 11102, 1154, 49935, 79187, 1803, 72, 10371, 50376, 508, 32, 60, 595, 15554, 508, 50, 60, 8225]]","[[508, 46, 60, 70464, 18256, 300, 1154, 21690, 562, 19593, 58019, 31060, 508, 32, 60, 575, 524, 508, 50, 60, 6785]]"
"untuk kamar disini tidak recommended , lebih baik cari yang lain . [O] [S] [A]","untuk uang disini sangat puas , cocok untuk koleksi . [O] [S] [A]","[O] tidak recommended , lebih baik cari yang lain [S] negative [A] kamar","[O] sangat puas , cocok untuk koleksi [S] positive [A] uang","[[508, 46, 60, 27281, 11102, 1154, 49935, 79187, 1803, 72, 10371, 50376, 508, 50, 60, 8225, 508, 32, 60, 595, 15554]]","[[508, 46, 60, 70464, 18256, 300, 1154, 21690, 562, 19593, 58019, 31060, 508, 50, 60, 6785, 508, 32, 60, 575, 524]]"
tempat tidur kotor . [A] [O] [S],kuas cat air wangi . [A] [O] [S],[A] tempat tidur [O] kotor [S] negative,[A] kuas cat air [O] wangi [S] positive,"[[508, 32, 60, 2730, 266, 13112, 324, 508, 46, 60, 595, 9887, 508, 50, 60, 8225]]","[[508, 32, 60, 36600, 300, 8251, 3720, 508, 46, 60, 289, 78328, 508, 50, 60, 6785]]"
tempat tidur kotor . [A] [S] [O],kuas cat air wangi . [A] [S] [O],[A] tempat tidur [S] negative [O] kotor,[A] kuas cat air [S] positive [O] wangi,"[[508, 32, 60, 2730, 266, 13112, 324, 508, 50, 60, 8225, 508, 46, 60, 595, 9887]]","[[508, 32, 60, 36600, 300, 8251, 3720, 508, 50, 60, 6785, 508, 46, 60, 289, 78328]]"
tempat tidur kotor . [S] [A] [O],kuas cat air wangi . [S] [A] [O],[S] negative [A] tempat tidur [O] kotor,[S] positive [A] kuas cat air [O] wangi,"[[508, 50, 60, 8225, 508, 32, 60, 2730, 266, 13112, 324, 508, 46, 60, 595, 9887]]","[[508, 50, 60, 6785, 508, 32, 60, 36600, 300, 8251, 3720, 508, 46, 60, 289, 78328]]"
tempat tidur kotor . [O] [A] [S],kuas cat air wangi . [O] [A] [S],[O] kotor [A] tempat tidur [S] negative,[O] wangi [A] kuas cat air [S] positive,"[[508, 46, 60, 595, 9887, 508, 32, 60, 2730, 266, 13112, 324, 508, 50, 60, 8225]]","[[508, 46, 60, 289, 78328, 508, 32, 60, 36600, 300, 8251, 3720, 508, 50, 60, 6785]]"
tempat tidur kotor . [O] [S] [A],kuas cat air wangi . [O] [S] [A],[O] kotor [S] negative [A] tempat tidur,[O] wangi [S] positive [A] kuas cat air,"[[508, 46, 60, 595, 9887, 508, 50, 60, 8225, 508, 32, 60, 2730, 266, 13112, 324]]","[[508, 46, 60, 289, 78328, 508, 50, 60, 6785, 508, 32, 60, 36600, 300, 8251, 3720]]"
minusnya wifi kurang kencang . [A] [O] [S],minusnya sofa jauh lebih baik . [A] [O] [S],[A] wifi [O] kurang kencang [S] negative,[A] sofa [O] jauh lebih baik [S] positive,"[[508, 32, 60, 33417, 508, 46, 60, 27265, 524, 595, 954, 524, 508, 50, 60, 8225]]","[[508, 32, 60, 31069, 508, 46, 60, 502, 2863, 71, 49935, 79187, 508, 50, 60, 6785]]"
minusnya wifi kurang kencang . [A] [S] [O],minusnya sofa jauh lebih baik . [A] [S] [O],[A] wifi [S] negative [O] kurang kencang,[A] sofa [S] positive [O] jauh lebih baik,"[[508, 32, 60, 33417, 508, 50, 60, 8225, 508, 46, 60, 27265, 524, 595, 954, 524]]","[[508, 32, 60, 31069, 508, 50, 60, 6785, 508, 46, 60, 502, 2863, 71, 49935, 79187]]"
minusnya wifi kurang kencang . [S] [A] [O],minusnya sofa jauh lebih baik . [S] [A] [O],[S] negative [A] wifi [O] kurang kencang,[S] positive [A] sofa [O] jauh lebih baik,"[[508, 50, 60, 8225, 508, 32, 60, 33417, 508, 46, 60, 27265, 524, 595, 954, 524]]","[[508, 50, 60, 6785, 508, 32, 60, 31069, 508, 46, 60, 502, 2863, 71, 49935, 79187]]"
minusnya wifi kurang kencang . [O] [A] [S],minusnya sofa jauh lebih baik . [O] [A] [S],[O] kurang kencang [A] wifi [S] negative,[O] jauh lebih baik [A] sofa [S] positive,"[[508, 46, 60, 27265, 524, 595, 954, 524, 508, 32, 60, 33417, 508, 50, 60, 8225]]","[[508, 46, 60, 502, 2863, 71, 49935, 79187, 508, 32, 60, 31069, 508, 50, 60, 6785]]"
minusnya wifi kurang kencang . [O] [S] [A],minusnya sofa jauh lebih baik . [O] [S] [A],[O] kurang kencang [S] negative [A] wifi,[O] jauh lebih baik [S] positive [A] sofa,"[[508, 46, 60, 27265, 524, 595, 954, 524, 508, 50, 60, 8225, 508, 32, 60, 33417]]","[[508, 46, 60, 502, 2863, 71, 49935, 79187, 508, 50, 60, 6785, 508, 32, 60, 31069]]"
selalu suka dengan pelayanannya . [A] [O] [S],kurang cepat dengan jalan raya . [A] [O] [S],[A] pelayanannya [O] selalu suka [S] positive,[A] jalan raya [O] kurang cepat [S] negative,"[[508, 32, 60, 281, 6895, 276, 71098, 508, 46, 60, 11806, 36986, 913, 4554, 508, 50, 60, 6785]]","[[508, 32, 60, 502, 32283, 435, 12589, 508, 46, 60, 27265, 524, 62090, 266, 508, 50, 60, 8225]]"
selalu suka dengan pelayanannya . [A] [S] [O],kurang cepat dengan jalan raya . [A] [S] [O],[A] pelayanannya [S] positive [O] selalu suka,[A] jalan raya [S] negative [O] kurang cepat,"[[508, 32, 60, 281, 6895, 276, 71098, 508, 50, 60, 6785, 508, 46, 60, 11806, 36986, 913, 4554]]","[[508, 32, 60, 502, 32283, 435, 12589, 508, 50, 60, 8225, 508, 46, 60, 27265, 524, 62090, 266]]"
selalu suka dengan pelayanannya . [S] [A] [O],kurang cepat dengan jalan raya . [S] [A] [O],[S] positive [A] pelayanannya [O] selalu suka,[S] negative [A] jalan raya [O] kurang cepat,"[[508, 50, 60, 6785, 508, 32, 60, 281, 6895, 276, 71098, 508, 46, 60, 11806, 36986, 913, 4554]]","[[508, 50, 60, 8225, 508, 32, 60, 502, 32283, 435, 12589, 508, 46, 60, 27265, 524, 62090, 266]]"
selalu suka dengan pelayanannya . [O] [A] [S],kurang cepat dengan jalan raya . [O] [A] [S],[O] selalu suka [A] pelayanannya [S] positive,[O] kurang cepat [A] jalan raya [S] negative,"[[508, 46, 60, 11806, 36986, 913, 4554, 508, 32, 60, 281, 6895, 276, 71098, 508, 50, 60, 6785]]","[[508, 46, 60, 27265, 524, 62090, 266, 508, 32, 60, 502, 32283, 435, 12589, 508, 50, 60, 8225]]"
selalu suka dengan pelayanannya . [O] [S] [A],kurang cepat dengan jalan raya . [O] [S] [A],[O] selalu suka [S] positive [A] pelayanannya,[O] kurang cepat [S] negative [A] jalan raya,"[[508, 46, 60, 11806, 36986, 913, 4554, 508, 50, 60, 6785, 508, 32, 60, 281, 6895, 276, 71098]]","[[508, 46, 60, 27265, 524, 62090, 266, 508, 50, 60, 8225, 508, 32, 60, 502, 32283, 435, 12589]]"
fasilitas hotel harus lebih diperhatikan . [A] [O] [S],kucing persia harus amat cepat sampai . [A] [O] [S],[A] fasilitas hotel [O] lebih diperhatikan [S] negative,[A] kucing persia [O] amat cepat sampai [S] positive,"[[508, 32, 60, 66518, 3664, 300, 9500, 508, 46, 60, 49935, 294, 12858, 9198, 22222, 508, 50, 60, 8225]]","[[508, 32, 60, 595, 58044, 7413, 685, 508, 46, 60, 42133, 62090, 266, 61481, 2143, 508, 50, 60, 6785]]"
fasilitas hotel harus lebih diperhatikan . [A] [S] [O],kucing persia harus amat cepat sampai . [A] [S] [O],[A] fasilitas hotel [S] negative [O] lebih diperhatikan,[A] kucing persia [S] positive [O] amat cepat sampai,"[[508, 32, 60, 66518, 3664, 300, 9500, 508, 50, 60, 8225, 508, 46, 60, 49935, 294, 12858, 9198, 22222]]","[[508, 32, 60, 595, 58044, 7413, 685, 508, 50, 60, 6785, 508, 46, 60, 42133, 62090, 266, 61481, 2143]]"
fasilitas hotel harus lebih diperhatikan . [S] [A] [O],kucing persia harus amat cepat sampai . [S] [A] [O],[S] negative [A] fasilitas hotel [O] lebih diperhatikan,[S] positive [A] kucing persia [O] amat cepat sampai,"[[508, 50, 60, 8225, 508, 32, 60, 66518, 3664, 300, 9500, 508, 46, 60, 49935, 294, 12858, 9198, 22222]]","[[508, 50, 60, 6785, 508, 32, 60, 595, 58044, 7413, 685, 508, 46, 60, 42133, 62090, 266, 61481, 2143]]"
fasilitas hotel harus lebih diperhatikan . [O] [A] [S],kucing persia harus amat cepat sampai . [O] [A] [S],[O] lebih diperhatikan [A] fasilitas hotel [S] negative,[O] amat cepat sampai [A] kucing persia [S] positive,"[[508, 46, 60, 49935, 294, 12858, 9198, 22222, 508, 32, 60, 66518, 3664, 300, 9500, 508, 50, 60, 8225]]","[[508, 46, 60, 42133, 62090, 266, 61481, 2143, 508, 32, 60, 595, 58044, 7413, 685, 508, 50, 60, 6785]]"
fasilitas hotel harus lebih diperhatikan . [O] [S] [A],kucing persia harus amat cepat sampai . [O] [S] [A],[O] lebih diperhatikan [S] negative [A] fasilitas hotel,[O] amat cepat sampai [S] positive [A] kucing persia,"[[508, 46, 60, 49935, 294, 12858, 9198, 22222, 508, 50, 60, 8225, 508, 32, 60, 66518, 3664, 300, 9500]]","[[508, 46, 60, 42133, 62090, 266, 61481, 2143, 508, 50, 60, 6785, 508, 32, 60, 595, 58044, 7413, 685]]"
"air nya sempat mati , sehingga saya harus pindah kamar . [A] [O] [S]","sampah sangat wangi sekali , sehingga semua orang ingin memilikinya . [A] [O] [S]","[A] air nya [O] sempat mati , sehingga saya harus pindah kamar [S] negative","[A] sampah [O] sangat wangi sekali , sehingga semua orang ingin memilikinya [S] positive","[[508, 32, 60, 3720, 75189, 508, 46, 60, 74597, 266, 5517, 72, 1154, 91665, 65401, 53937, 58497, 281, 484, 1466, 595, 15554, 508, 50, 60, 8225]]","[[508, 32, 60, 61481, 1466, 508, 46, 60, 70464, 289, 78328, 43834, 7956, 1154, 91665, 65401, 77497, 49607, 87911, 1833, 96159, 61087, 508, 50, 60, 6785]]"
"air nya sempat mati , sehingga saya harus pindah kamar . [A] [S] [O]","sampah sangat wangi sekali , sehingga semua orang ingin memilikinya . [A] [S] [O]","[A] air nya [S] negative [O] sempat mati , sehingga saya harus pindah kamar","[A] sampah [S] positive [O] sangat wangi sekali , sehingga semua orang ingin memilikinya","[[508, 32, 60, 3720, 75189, 508, 50, 60, 8225, 508, 46, 60, 74597, 266, 5517, 72, 1154, 91665, 65401, 53937, 58497, 281, 484, 1466, 595, 15554]]","[[508, 32, 60, 61481, 1466, 508, 50, 60, 6785, 508, 46, 60, 70464, 289, 78328, 43834, 7956, 1154, 91665, 65401, 77497, 49607, 87911, 1833, 96159, 61087]]"
"air nya sempat mati , sehingga saya harus pindah kamar . [S] [A] [O]","sampah sangat wangi sekali , sehingga semua orang ingin memilikinya . [S] [A] [O]","[S] negative [A] air nya [O] sempat mati , sehingga saya harus pindah kamar","[S] positive [A] sampah [O] sangat wangi sekali , sehingga semua orang ingin memilikinya","[[508, 50, 60, 8225, 508, 32, 60, 3720, 75189, 508, 46, 60, 74597, 266, 5517, 72, 1154, 91665, 65401, 53937, 58497, 281, 484, 1466, 595, 15554]]","[[508, 50, 60, 6785, 508, 32, 60, 61481, 1466, 508, 46, 60, 70464, 289, 78328, 43834, 7956, 1154, 91665, 65401, 77497, 49607, 87911, 1833, 96159, 61087]]"
"air nya sempat mati , sehingga saya harus pindah kamar . [O] [A] [S]","sampah sangat wangi sekali , sehingga semua orang ingin memilikinya . [O] [A] [S]","[O] sempat mati , sehingga saya harus pindah kamar [A] air nya [S] negative","[O] sangat wangi sekali , sehingga semua orang ingin memilikinya [A] sampah [S] positive","[[508, 46, 60, 74597, 266, 5517, 72, 1154, 91665, 65401, 53937, 58497, 281, 484, 1466, 595, 15554, 508, 32, 60, 3720, 75189, 508, 50, 60, 8225]]","[[508, 46, 60, 70464, 289, 78328, 43834, 7956, 1154, 91665, 65401, 77497, 49607, 87911, 1833, 96159, 61087, 508, 32, 60, 61481, 1466, 508, 50, 60, 6785]]"
"air nya sempat mati , sehingga saya harus pindah kamar . [O] [S] [A]","sampah sangat wangi sekali , sehingga semua orang ingin memilikinya . [O] [S] [A]","[O] sempat mati , sehingga saya harus pindah kamar [S] negative [A] air nya","[O] sangat wangi sekali , sehingga semua orang ingin memilikinya [S] positive [A] sampah","[[508, 46, 60, 74597, 266, 5517, 72, 1154, 91665, 65401, 53937, 58497, 281, 484, 1466, 595, 15554, 508, 50, 60, 8225, 508, 32, 60, 3720, 75189]]","[[508, 46, 60, 70464, 289, 78328, 43834, 7956, 1154, 91665, 65401, 77497, 49607, 87911, 1833, 96159, 61087, 508, 50, 60, 6785, 508, 32, 60, 61481, 1466]]"
makanan enak . [A] [O] [S],botolnya lambat . [A] [O] [S],[A] makanan [O] enak [S] positive,[A] botolnya [O] lambat [S] negative,"[[508, 32, 60, 296, 19262, 276, 508, 46, 60, 662, 585, 508, 50, 60, 6785]]","[[508, 32, 60, 10924, 337, 22891, 508, 46, 60, 38306, 266, 508, 50, 60, 8225]]"
makanan enak . [A] [S] [O],botolnya lambat . [A] [S] [O],[A] makanan [S] positive [O] enak,[A] botolnya [S] negative [O] lambat,"[[508, 32, 60, 296, 19262, 276, 508, 50, 60, 6785, 508, 46, 60, 662, 585]]","[[508, 32, 60, 10924, 337, 22891, 508, 50, 60, 8225, 508, 46, 60, 38306, 266]]"
makanan enak . [S] [A] [O],botolnya lambat . [S] [A] [O],[S] positive [A] makanan [O] enak,[S] negative [A] botolnya [O] lambat,"[[508, 50, 60, 6785, 508, 32, 60, 296, 19262, 276, 508, 46, 60, 662, 585]]","[[508, 50, 60, 8225, 508, 32, 60, 10924, 337, 22891, 508, 46, 60, 38306, 266]]"
makanan enak . [O] [A] [S],botolnya lambat . [O] [A] [S],[O] enak [A] makanan [S] positive,[O] lambat [A] botolnya [S] negative,"[[508, 46, 60, 662, 585, 508, 32, 60, 296, 19262, 276, 508, 50, 60, 6785]]","[[508, 46, 60, 38306, 266, 508, 32, 60, 10924, 337, 22891, 508, 50, 60, 8225]]"
makanan enak . [O] [S] [A],botolnya lambat . [O] [S] [A],[O] enak [S] positive [A] makanan,[O] lambat [S] negative [A] botolnya,"[[508, 46, 60, 662, 585, 508, 50, 60, 6785, 508, 32, 60, 296, 19262, 276]]","[[508, 46, 60, 38306, 266, 508, 50, 60, 8225, 508, 32, 60, 10924, 337, 22891]]"
kamar panas karena ac tidak dingin . [A] [O] [S],angin sangat murah karena diskon besar . [A] [O] [S],[A] kamar [O] panas karena ac tidak dingin [S] negative,[A] angin [O] sangat murah karena diskon besar [S] positive,"[[508, 32, 60, 595, 15554, 508, 46, 60, 7215, 300, 59469, 1613, 27281, 66442, 258, 508, 50, 60, 8225]]","[[508, 32, 60, 6454, 258, 508, 46, 60, 70464, 8146, 1466, 59469, 13364, 263, 84885, 508, 50, 60, 6785]]"
kamar panas karena ac tidak dingin . [A] [S] [O],angin sangat murah karena diskon besar . [A] [S] [O],[A] kamar [S] negative [O] panas karena ac tidak dingin,[A] angin [S] positive [O] sangat murah karena diskon besar,"[[508, 32, 60, 595, 15554, 508, 50, 60, 8225, 508, 46, 60, 7215, 300, 59469, 1613, 27281, 66442, 258]]","[[508, 32, 60, 6454, 258, 508, 50, 60, 6785, 508, 46, 60, 70464, 8146, 1466, 59469, 13364, 263, 84885]]"
kamar panas karena ac tidak dingin . [S] [A] [O],angin sangat murah karena diskon besar . [S] [A] [O],[S] negative [A] kamar [O] panas karena ac tidak dingin,[S] positive [A] angin [O] sangat murah karena diskon besar,"[[508, 50, 60, 8225, 508, 32, 60, 595, 15554, 508, 46, 60, 7215, 300, 59469, 1613, 27281, 66442, 258]]","[[508, 50, 60, 6785, 508, 32, 60, 6454, 258, 508, 46, 60, 70464, 8146, 1466, 59469, 13364, 263, 84885]]"
kamar panas karena ac tidak dingin . [O] [A] [S],angin sangat murah karena diskon besar . [O] [A] [S],[O] panas karena ac tidak dingin [A] kamar [S] negative,[O] sangat murah karena diskon besar [A] angin [S] positive,"[[508, 46, 60, 7215, 300, 59469, 1613, 27281, 66442, 258, 508, 32, 60, 595, 15554, 508, 50, 60, 8225]]","[[508, 46, 60, 70464, 8146, 1466, 59469, 13364, 263, 84885, 508, 32, 60, 6454, 258, 508, 50, 60, 6785]]"
kamar panas karena ac tidak dingin . [O] [S] [A],angin sangat murah karena diskon besar . [O] [S] [A],[O] panas karena ac tidak dingin [S] negative [A] kamar,[O] sangat murah karena diskon besar [S] positive [A] angin,"[[508, 46, 60, 7215, 300, 59469, 1613, 27281, 66442, 258, 508, 50, 60, 8225, 508, 32, 60, 595, 15554]]","[[508, 46, 60, 70464, 8146, 1466, 59469, 13364, 263, 84885, 508, 50, 60, 6785, 508, 32, 60, 6454, 258]]"
pelayanan cek in lama . [A] [O] [S],harga emas murni manis . [A] [O] [S],[A] pelayanan cek in [O] lama [S] negative,[A] harga emas murni [O] manis [S] positive,"[[508, 32, 60, 281, 6895, 28618, 272, 1225, 304, 508, 46, 60, 326, 3029, 508, 50, 60, 8225]]","[[508, 32, 60, 71348, 976, 300, 296, 399, 72, 508, 46, 60, 883, 285, 508, 50, 60, 6785]]"
pelayanan cek in lama . [A] [S] [O],harga emas murni manis . [A] [S] [O],[A] pelayanan cek in [S] negative [O] lama,[A] harga emas murni [S] positive [O] manis,"[[508, 32, 60, 281, 6895, 28618, 272, 1225, 304, 508, 50, 60, 8225, 508, 46, 60, 326, 3029]]","[[508, 32, 60, 71348, 976, 300, 296, 399, 72, 508, 50, 60, 6785, 508, 46, 60, 883, 285]]"
pelayanan cek in lama . [S] [A] [O],harga emas murni manis . [S] [A] [O],[S] negative [A] pelayanan cek in [O] lama,[S] positive [A] harga emas murni [O] manis,"[[508, 50, 60, 8225, 508, 32, 60, 281, 6895, 28618, 272, 1225, 304, 508, 46, 60, 326, 3029]]","[[508, 50, 60, 6785, 508, 32, 60, 71348, 976, 300, 296, 399, 72, 508, 46, 60, 883, 285]]"
pelayanan cek in lama . [O] [A] [S],harga emas murni manis . [O] [A] [S],[O] lama [A] pelayanan cek in [S] negative,[O] manis [A] harga emas murni [S] positive,"[[508, 46, 60, 326, 3029, 508, 32, 60, 281, 6895, 28618, 272, 1225, 304, 508, 50, 60, 8225]]","[[508, 46, 60, 883, 285, 508, 32, 60, 71348, 976, 300, 296, 399, 72, 508, 50, 60, 6785]]"
pelayanan cek in lama . [O] [S] [A],harga emas murni manis . [O] [S] [A],[O] lama [S] negative [A] pelayanan cek in,[O] manis [S] positive [A] harga emas murni,"[[508, 46, 60, 326, 3029, 508, 50, 60, 8225, 508, 32, 60, 281, 6895, 28618, 272, 1225, 304]]","[[508, 46, 60, 883, 285, 508, 50, 60, 6785, 508, 32, 60, 71348, 976, 300, 296, 399, 72]]"
hotel airy terbaik yang pernah saya temui . [A] [O] [S],radio airy jauh yang pernah saya temui . [A] [O] [S],[A] hotel [O] terbaik [S] positive,[A] radio [O] jauh [S] negative,"[[508, 32, 60, 9500, 508, 46, 60, 1982, 4645, 1579, 508, 50, 60, 6785]]","[[508, 32, 60, 8887, 508, 46, 60, 502, 2863, 71, 508, 50, 60, 8225]]"
hotel airy terbaik yang pernah saya temui . [A] [S] [O],radio airy jauh yang pernah saya temui . [A] [S] [O],[A] hotel [S] positive [O] terbaik,[A] radio [S] negative [O] jauh,"[[508, 32, 60, 9500, 508, 50, 60, 6785, 508, 46, 60, 1982, 4645, 1579]]","[[508, 32, 60, 8887, 508, 50, 60, 8225, 508, 46, 60, 502, 2863, 71]]"
hotel airy terbaik yang pernah saya temui . [S] [A] [O],radio airy jauh yang pernah saya temui . [S] [A] [O],[S] positive [A] hotel [O] terbaik,[S] negative [A] radio [O] jauh,"[[508, 50, 60, 6785, 508, 32, 60, 9500, 508, 46, 60, 1982, 4645, 1579]]","[[508, 50, 60, 8225, 508, 32, 60, 8887, 508, 46, 60, 502, 2863, 71]]"
hotel airy terbaik yang pernah saya temui . [O] [A] [S],radio airy jauh yang pernah saya temui . [O] [A] [S],[O] terbaik [A] hotel [S] positive,[O] jauh [A] radio [S] negative,"[[508, 46, 60, 1982, 4645, 1579, 508, 32, 60, 9500, 508, 50, 60, 6785]]","[[508, 46, 60, 502, 2863, 71, 508, 32, 60, 8887, 508, 50, 60, 8225]]"
hotel airy terbaik yang pernah saya temui . [O] [S] [A],radio airy jauh yang pernah saya temui . [O] [S] [A],[O] terbaik [S] positive [A] hotel,[O] jauh [S] negative [A] radio,"[[508, 46, 60, 1982, 4645, 1579, 508, 50, 60, 6785, 508, 32, 60, 9500]]","[[508, 46, 60, 502, 2863, 71, 508, 50, 60, 8225, 508, 32, 60, 8887]]"
kasurnya agak reot jadi diganjal pakai batu . [A] [O] [S],angin nya sangat bagus jadi langsung dibeli pakai kartu . [A] [O] [S],[A] kasurnya [O] agak reot jadi diganjal pakai batu [S] negative,[A] angin nya [O] sangat bagus jadi langsung dibeli pakai kartu [S] positive,"[[508, 32, 60, 47656, 399, 7755, 508, 46, 60, 933, 585, 312, 354, 502, 2767, 4078, 276, 47692, 38014, 2143, 15743, 84, 508, 50, 60, 8225]]","[[508, 32, 60, 6454, 258, 75189, 508, 46, 60, 70464, 8968, 355, 502, 2767, 63952, 2185, 41068, 12294, 38014, 2143, 57302, 84, 508, 50, 60, 6785]]"
kasurnya agak reot jadi diganjal pakai batu . [A] [S] [O],angin nya sangat bagus jadi langsung dibeli pakai kartu . [A] [S] [O],[A] kasurnya [S] negative [O] agak reot jadi diganjal pakai batu,[A] angin nya [S] positive [O] sangat bagus jadi langsung dibeli pakai kartu,"[[508, 32, 60, 47656, 399, 7755, 508, 50, 60, 8225, 508, 46, 60, 933, 585, 312, 354, 502, 2767, 4078, 276, 47692, 38014, 2143, 15743, 84]]","[[508, 32, 60, 6454, 258, 75189, 508, 50, 60, 6785, 508, 46, 60, 70464, 8968, 355, 502, 2767, 63952, 2185, 41068, 12294, 38014, 2143, 57302, 84]]"
kasurnya agak reot jadi diganjal pakai batu . [S] [A] [O],angin nya sangat bagus jadi langsung dibeli pakai kartu . [S] [A] [O],[S] negative [A] kasurnya [O] agak reot jadi diganjal pakai batu,[S] positive [A] angin nya [O] sangat bagus jadi langsung dibeli pakai kartu,"[[508, 50, 60, 8225, 508, 32, 60, 47656, 399, 7755, 508, 46, 60, 933, 585, 312, 354, 502, 2767, 4078, 276, 47692, 38014, 2143, 15743, 84]]","[[508, 50, 60, 6785, 508, 32, 60, 6454, 258, 75189, 508, 46, 60, 70464, 8968, 355, 502, 2767, 63952, 2185, 41068, 12294, 38014, 2143, 57302, 84]]"
kasurnya agak reot jadi diganjal pakai batu . [O] [A] [S],angin nya sangat bagus jadi langsung dibeli pakai kartu . [O] [A] [S],[O] agak reot jadi diganjal pakai batu [A] kasurnya [S] negative,[O] sangat bagus jadi langsung dibeli pakai kartu [A] angin nya [S] positive,"[[508, 46, 60, 933, 585, 312, 354, 502, 2767, 4078, 276, 47692, 38014, 2143, 15743, 84, 508, 32, 60, 47656, 399, 7755, 508, 50, 60, 8225]]","[[508, 46, 60, 70464, 8968, 355, 502, 2767, 63952, 2185, 41068, 12294, 38014, 2143, 57302, 84, 508, 32, 60, 6454, 258, 75189, 508, 50, 60, 6785]]"
kasurnya agak reot jadi diganjal pakai batu . [O] [S] [A],angin nya sangat bagus jadi langsung dibeli pakai kartu . [O] [S] [A],[O] agak reot jadi diganjal pakai batu [S] negative [A] kasurnya,[O] sangat bagus jadi langsung dibeli pakai kartu [S] positive [A] angin nya,"[[508, 46, 60, 933, 585, 312, 354, 502, 2767, 4078, 276, 47692, 38014, 2143, 15743, 84, 508, 50, 60, 8225, 508, 32, 60, 47656, 399, 7755]]","[[508, 46, 60, 70464, 8968, 355, 502, 2767, 63952, 2185, 41068, 12294, 38014, 2143, 57302, 84, 508, 50, 60, 6785, 508, 32, 60, 6454, 258, 75189]]"
fasilitas oke . [A] [O] [S],hujan mahal . [A] [O] [S],[A] fasilitas [O] oke [S] positive,[A] hujan [O] mahal [S] negative,"[[508, 32, 60, 66518, 3664, 300, 508, 46, 60, 297, 440, 508, 50, 60, 6785]]","[[508, 32, 60, 305, 9635, 276, 508, 46, 60, 43216, 278, 508, 50, 60, 8225]]"
fasilitas oke . [A] [S] [O],hujan mahal . [A] [S] [O],[A] fasilitas [S] positive [O] oke,[A] hujan [S] negative [O] mahal,"[[508, 32, 60, 66518, 3664, 300, 508, 50, 60, 6785, 508, 46, 60, 297, 440]]","[[508, 32, 60, 305, 9635, 276, 508, 50, 60, 8225, 508, 46, 60, 43216, 278]]"
fasilitas oke . [S] [A] [O],hujan mahal . [S] [A] [O],[S] positive [A] fasilitas [O] oke,[S] negative [A] hujan [O] mahal,"[[508, 50, 60, 6785, 508, 32, 60, 66518, 3664, 300, 508, 46, 60, 297, 440]]","[[508, 50, 60, 8225, 508, 32, 60, 305, 9635, 276, 508, 46, 60, 43216, 278]]"
fasilitas oke . [O] [A] [S],hujan mahal . [O] [A] [S],[O] oke [A] fasilitas [S] positive,[O] mahal [A] hujan [S] negative,"[[508, 46, 60, 297, 440, 508, 32, 60, 66518, 3664, 300, 508, 50, 60, 6785]]","[[508, 46, 60, 43216, 278, 508, 32, 60, 305, 9635, 276, 508, 50, 60, 8225]]"
fasilitas oke . [O] [S] [A],hujan mahal . [O] [S] [A],[O] oke [S] positive [A] fasilitas,[O] mahal [S] negative [A] hujan,"[[508, 46, 60, 297, 440, 508, 50, 60, 6785, 508, 32, 60, 66518, 3664, 300]]","[[508, 46, 60, 43216, 278, 508, 50, 60, 8225, 508, 32, 60, 305, 9635, 276]]"
dpet kamar yang kurang menarik . semoga next dapat kamar yang seperti dgmbar . [A] [O] [S],dpet kucing yang mengenyangkan sekali . semoga next dapat kamar yang seperti dgmbar . [A] [O] [S],[A] kamar [O] kurang menarik [S] negative,[A] kucing [O] mengenyangkan sekali [S] positive,"[[508, 32, 60, 595, 15554, 508, 46, 60, 27265, 524, 2953, 277, 1579, 508, 50, 60, 8225]]","[[508, 32, 60, 595, 58044, 508, 46, 60, 19729, 32395, 86012, 43834, 7956, 508, 50, 60, 6785]]"
dpet kamar yang kurang menarik . semoga next dapat kamar yang seperti dgmbar . [A] [S] [O],dpet kucing yang mengenyangkan sekali . semoga next dapat kamar yang seperti dgmbar . [A] [S] [O],[A] kamar [S] negative [O] kurang menarik,[A] kucing [S] positive [O] mengenyangkan sekali,"[[508, 32, 60, 595, 15554, 508, 50, 60, 8225, 508, 46, 60, 27265, 524, 2953, 277, 1579]]","[[508, 32, 60, 595, 58044, 508, 50, 60, 6785, 508, 46, 60, 19729, 32395, 86012, 43834, 7956]]"
dpet kamar yang kurang menarik . semoga next dapat kamar yang seperti dgmbar . [S] [A] [O],dpet kucing yang mengenyangkan sekali . semoga next dapat kamar yang seperti dgmbar . [S] [A] [O],[S] negative [A] kamar [O] kurang menarik,[S] positive [A] kucing [O] mengenyangkan sekali,"[[508, 50, 60, 8225, 508, 32, 60, 595, 15554, 508, 46, 60, 27265, 524, 2953, 277, 1579]]","[[508, 50, 60, 6785, 508, 32, 60, 595, 58044, 508, 46, 60, 19729, 32395, 86012, 43834, 7956]]"
dpet kamar yang kurang menarik . semoga next dapat kamar yang seperti dgmbar . [O] [A] [S],dpet kucing yang mengenyangkan sekali . semoga next dapat kamar yang seperti dgmbar . [O] [A] [S],[O] kurang menarik [A] kamar [S] negative,[O] mengenyangkan sekali [A] kucing [S] positive,"[[508, 46, 60, 27265, 524, 2953, 277, 1579, 508, 32, 60, 595, 15554, 508, 50, 60, 8225]]","[[508, 46, 60, 19729, 32395, 86012, 43834, 7956, 508, 32, 60, 595, 58044, 508, 50, 60, 6785]]"
dpet kamar yang kurang menarik . semoga next dapat kamar yang seperti dgmbar . [O] [S] [A],dpet kucing yang mengenyangkan sekali . semoga next dapat kamar yang seperti dgmbar . [O] [S] [A],[O] kurang menarik [S] negative [A] kamar,[O] mengenyangkan sekali [S] positive [A] kucing,"[[508, 46, 60, 27265, 524, 2953, 277, 1579, 508, 50, 60, 8225, 508, 32, 60, 595, 15554]]","[[508, 46, 60, 19729, 32395, 86012, 43834, 7956, 508, 50, 60, 6785, 508, 32, 60, 595, 58044]]"
kamarnya benar benar sesuai dengan yang ada di photo . [A] [O] [S],pianonya sangat pahit kotor tidak berbau enak . [A] [O] [S],[A] kamarnya [O] benar benar sesuai dengan yang ada di photo [S] positive,[A] pianonya [O] sangat pahit kotor tidak berbau enak [S] negative,"[[508, 32, 60, 33661, 1885, 7755, 508, 46, 60, 3318, 277, 3318, 277, 15537, 84695, 20414, 10371, 34234, 1853, 6548, 508, 50, 60, 6785]]","[[508, 32, 60, 59066, 3549, 64, 508, 46, 60, 70464, 281, 1466, 275, 595, 9887, 27281, 10207, 71832, 662, 585, 508, 50, 60, 8225]]"
kamarnya benar benar sesuai dengan yang ada di photo . [A] [S] [O],pianonya sangat pahit kotor tidak berbau enak . [A] [S] [O],[A] kamarnya [S] positive [O] benar benar sesuai dengan yang ada di photo,[A] pianonya [S] negative [O] sangat pahit kotor tidak berbau enak,"[[508, 32, 60, 33661, 1885, 7755, 508, 50, 60, 6785, 508, 46, 60, 3318, 277, 3318, 277, 15537, 84695, 20414, 10371, 34234, 1853, 6548]]","[[508, 32, 60, 59066, 3549, 64, 508, 50, 60, 8225, 508, 46, 60, 70464, 281, 1466, 275, 595, 9887, 27281, 10207, 71832, 662, 585]]"
kamarnya benar benar sesuai dengan yang ada di photo . [S] [A] [O],pianonya sangat pahit kotor tidak berbau enak . [S] [A] [O],[S] positive [A] kamarnya [O] benar benar sesuai dengan yang ada di photo,[S] negative [A] pianonya [O] sangat pahit kotor tidak berbau enak,"[[508, 50, 60, 6785, 508, 32, 60, 33661, 1885, 7755, 508, 46, 60, 3318, 277, 3318, 277, 15537, 84695, 20414, 10371, 34234, 1853, 6548]]","[[508, 50, 60, 8225, 508, 32, 60, 59066, 3549, 64, 508, 46, 60, 70464, 281, 1466, 275, 595, 9887, 27281, 10207, 71832, 662, 585]]"
kamarnya benar benar sesuai dengan yang ada di photo . [O] [A] [S],pianonya sangat pahit kotor tidak berbau enak . [O] [A] [S],[O] benar benar sesuai dengan yang ada di photo [A] kamarnya [S] positive,[O] sangat pahit kotor tidak berbau enak [A] pianonya [S] negative,"[[508, 46, 60, 3318, 277, 3318, 277, 15537, 84695, 20414, 10371, 34234, 1853, 6548, 508, 32, 60, 33661, 1885, 7755, 508, 50, 60, 6785]]","[[508, 46, 60, 70464, 281, 1466, 275, 595, 9887, 27281, 10207, 71832, 662, 585, 508, 32, 60, 59066, 3549, 64, 508, 50, 60, 8225]]"
kamarnya benar benar sesuai dengan yang ada di photo . [O] [S] [A],pianonya sangat pahit kotor tidak berbau enak . [O] [S] [A],[O] benar benar sesuai dengan yang ada di photo [S] positive [A] kamarnya,[O] sangat pahit kotor tidak berbau enak [S] negative [A] pianonya,"[[508, 46, 60, 3318, 277, 3318, 277, 15537, 84695, 20414, 10371, 34234, 1853, 6548, 508, 50, 60, 6785, 508, 32, 60, 33661, 1885, 7755]]","[[508, 46, 60, 70464, 281, 1466, 275, 595, 9887, 27281, 10207, 71832, 662, 585, 508, 50, 60, 8225, 508, 32, 60, 59066, 3549, 64]]"
"tempat transit , makanannya enak . [A] [O] [S]","tempat transit , lukisannya bau . [A] [O] [S]",[A] makanannya [O] enak [S] positive,[A] lukisannya [O] bau [S] negative,"[[508, 32, 60, 296, 19262, 71098, 508, 46, 60, 662, 585, 508, 50, 60, 6785]]","[[508, 32, 60, 81280, 285, 71098, 508, 46, 60, 293, 2863, 508, 50, 60, 8225]]"
"tempat transit , makanannya enak . [A] [S] [O]","tempat transit , lukisannya bau . [A] [S] [O]",[A] makanannya [S] positive [O] enak,[A] lukisannya [S] negative [O] bau,"[[508, 32, 60, 296, 19262, 71098, 508, 50, 60, 6785, 508, 46, 60, 662, 585]]","[[508, 32, 60, 81280, 285, 71098, 508, 50, 60, 8225, 508, 46, 60, 293, 2863]]"
"tempat transit , makanannya enak . [S] [A] [O]","tempat transit , lukisannya bau . [S] [A] [O]",[S] positive [A] makanannya [O] enak,[S] negative [A] lukisannya [O] bau,"[[508, 50, 60, 6785, 508, 32, 60, 296, 19262, 71098, 508, 46, 60, 662, 585]]","[[508, 50, 60, 8225, 508, 32, 60, 81280, 285, 71098, 508, 46, 60, 293, 2863]]"
"tempat transit , makanannya enak . [O] [A] [S]","tempat transit , lukisannya bau . [O] [A] [S]",[O] enak [A] makanannya [S] positive,[O] bau [A] lukisannya [S] negative,"[[508, 46, 60, 662, 585, 508, 32, 60, 296, 19262, 71098, 508, 50, 60, 6785]]","[[508, 46, 60, 293, 2863, 508, 32, 60, 81280, 285, 71098, 508, 50, 60, 8225]]"
"tempat transit , makanannya enak . [O] [S] [A]","tempat transit , lukisannya bau . [O] [S] [A]",[O] enak [S] positive [A] makanannya,[O] bau [S] negative [A] lukisannya,"[[508, 46, 60, 662, 585, 508, 50, 60, 6785, 508, 32, 60, 296, 19262, 71098]]","[[508, 46, 60, 293, 2863, 508, 50, 60, 8225, 508, 32, 60, 81280, 285, 71098]]"
