clean,corrupted,correct_label,incorrect_label,correct_idx,incorrect_idx
pelayanan lumayan baik . [A] [O] [S],satelit sangat wangi . [A] [O] [S],[A] pelayanan [O] lumayan baik [S] positive,[A] satelit [O] sangat wangi [S] negative,"[[508, 32, 60, 281, 6895, 28618, 508, 46, 60, 40163, 43857, 79187, 508, 50, 60, 6785]]","[[508, 32, 60, 7578, 301, 275, 508, 46, 60, 70464, 289, 78328, 508, 50, 60, 8225]]"
pelayanan lumayan baik . [A] [S] [O],satelit sangat wangi . [A] [S] [O],[A] pelayanan [S] positive [O] lumayan baik,[A] satelit [S] negative [O] sangat wangi,"[[508, 32, 60, 281, 6895, 28618, 508, 50, 60, 6785, 508, 46, 60, 40163, 43857, 79187]]","[[508, 32, 60, 7578, 301, 275, 508, 50, 60, 8225, 508, 46, 60, 70464, 289, 78328]]"
pelayanan lumayan baik . [S] [A] [O],satelit sangat wangi . [S] [A] [O],[S] positive [A] pelayanan [O] lumayan baik,[S] negative [A] satelit [O] sangat wangi,"[[508, 50, 60, 6785, 508, 32, 60, 281, 6895, 28618, 508, 46, 60, 40163, 43857, 79187]]","[[508, 50, 60, 8225, 508, 32, 60, 7578, 301, 275, 508, 46, 60, 70464, 289, 78328]]"
pelayanan lumayan baik . [O] [A] [S],satelit sangat wangi . [O] [A] [S],[O] lumayan baik [A] pelayanan [S] positive,[O] sangat wangi [A] satelit [S] negative,"[[508, 46, 60, 40163, 43857, 79187, 508, 32, 60, 281, 6895, 28618, 508, 50, 60, 6785]]","[[508, 46, 60, 70464, 289, 78328, 508, 32, 60, 7578, 301, 275, 508, 50, 60, 8225]]"
pelayanan lumayan baik . [O] [S] [A],satelit sangat wangi . [O] [S] [A],[O] lumayan baik [S] positive [A] pelayanan,[O] sangat wangi [S] negative [A] satelit,"[[508, 46, 60, 40163, 43857, 79187, 508, 50, 60, 6785, 508, 32, 60, 281, 6895, 28618]]","[[508, 46, 60, 70464, 289, 78328, 508, 50, 60, 8225, 508, 32, 60, 7578, 301, 275]]"
"suasananya kurang nyaman . untuk menginap harus deposit 300 , 000 . tetapi bisa digantikan dengan ktp . [A] [O] [S]","keretanya cukup ramah . untuk menginap harus deposit 300 , 000 . tetapi bisa digantikan dengan ktp . [A] [O] [S]",[A] suasananya [O] kurang nyaman [S] negative,[A] keretanya [O] cukup ramah [S] positive,"[[508, 32, 60, 913, 45388, 24074, 508, 46, 60, 27265, 524, 19004, 12715, 508, 50, 60, 8225]]","[[508, 32, 60, 33701, 295, 24074, 508, 46, 60, 92743, 454, 17823, 1466, 508, 50, 60, 6785]]"
"suasananya kurang nyaman . untuk menginap harus deposit 300 , 000 . tetapi bisa digantikan dengan ktp . [A] [S] [O]","keretanya cukup ramah . untuk menginap harus deposit 300 , 000 . tetapi bisa digantikan dengan ktp . [A] [S] [O]",[A] suasananya [S] negative [O] kurang nyaman,[A] keretanya [S] positive [O] cukup ramah,"[[508, 32, 60, 913, 45388, 24074, 508, 50, 60, 8225, 508, 46, 60, 27265, 524, 19004, 12715]]","[[508, 32, 60, 33701, 295, 24074, 508, 50, 60, 6785, 508, 46, 60, 92743, 454, 17823, 1466]]"
"suasananya kurang nyaman . untuk menginap harus deposit 300 , 000 . tetapi bisa digantikan dengan ktp . [S] [A] [O]","keretanya cukup ramah . untuk menginap harus deposit 300 , 000 . tetapi bisa digantikan dengan ktp . [S] [A] [O]",[S] negative [A] suasananya [O] kurang nyaman,[S] positive [A] keretanya [O] cukup ramah,"[[508, 50, 60, 8225, 508, 32, 60, 913, 45388, 24074, 508, 46, 60, 27265, 524, 19004, 12715]]","[[508, 50, 60, 6785, 508, 32, 60, 33701, 295, 24074, 508, 46, 60, 92743, 454, 17823, 1466]]"
"suasananya kurang nyaman . untuk menginap harus deposit 300 , 000 . tetapi bisa digantikan dengan ktp . [O] [A] [S]","keretanya cukup ramah . untuk menginap harus deposit 300 , 000 . tetapi bisa digantikan dengan ktp . [O] [A] [S]",[O] kurang nyaman [A] suasananya [S] negative,[O] cukup ramah [A] keretanya [S] positive,"[[508, 46, 60, 27265, 524, 19004, 12715, 508, 32, 60, 913, 45388, 24074, 508, 50, 60, 8225]]","[[508, 46, 60, 92743, 454, 17823, 1466, 508, 32, 60, 33701, 295, 24074, 508, 50, 60, 6785]]"
"suasananya kurang nyaman . untuk menginap harus deposit 300 , 000 . tetapi bisa digantikan dengan ktp . [O] [S] [A]","keretanya cukup ramah . untuk menginap harus deposit 300 , 000 . tetapi bisa digantikan dengan ktp . [O] [S] [A]",[O] kurang nyaman [S] negative [A] suasananya,[O] cukup ramah [S] positive [A] keretanya,"[[508, 46, 60, 27265, 524, 19004, 12715, 508, 50, 60, 8225, 508, 32, 60, 913, 45388, 24074]]","[[508, 46, 60, 92743, 454, 17823, 1466, 508, 50, 60, 6785, 508, 32, 60, 33701, 295, 24074]]"
makanan yang kurang memuaskan . [A] [O] [S],sepeda yang berwangi bunga . [A] [O] [S],[A] makanan [O] kurang memuaskan [S] negative,[A] sepeda [O] berwangi bunga [S] positive,"[[508, 32, 60, 296, 19262, 276, 508, 46, 60, 27265, 524, 1833, 84, 78351, 508, 50, 60, 8225]]","[[508, 32, 60, 511, 6874, 64, 508, 46, 60, 10207, 70552, 72, 293, 91845, 508, 50, 60, 6785]]"
makanan yang kurang memuaskan . [A] [S] [O],sepeda yang berwangi bunga . [A] [S] [O],[A] makanan [S] negative [O] kurang memuaskan,[A] sepeda [S] positive [O] berwangi bunga,"[[508, 32, 60, 296, 19262, 276, 508, 50, 60, 8225, 508, 46, 60, 27265, 524, 1833, 84, 78351]]","[[508, 32, 60, 511, 6874, 64, 508, 50, 60, 6785, 508, 46, 60, 10207, 70552, 72, 293, 91845]]"
makanan yang kurang memuaskan . [S] [A] [O],sepeda yang berwangi bunga . [S] [A] [O],[S] negative [A] makanan [O] kurang memuaskan,[S] positive [A] sepeda [O] berwangi bunga,"[[508, 50, 60, 8225, 508, 32, 60, 296, 19262, 276, 508, 46, 60, 27265, 524, 1833, 84, 78351]]","[[508, 50, 60, 6785, 508, 32, 60, 511, 6874, 64, 508, 46, 60, 10207, 70552, 72, 293, 91845]]"
makanan yang kurang memuaskan . [O] [A] [S],sepeda yang berwangi bunga . [O] [A] [S],[O] kurang memuaskan [A] makanan [S] negative,[O] berwangi bunga [A] sepeda [S] positive,"[[508, 46, 60, 27265, 524, 1833, 84, 78351, 508, 32, 60, 296, 19262, 276, 508, 50, 60, 8225]]","[[508, 46, 60, 10207, 70552, 72, 293, 91845, 508, 32, 60, 511, 6874, 64, 508, 50, 60, 6785]]"
makanan yang kurang memuaskan . [O] [S] [A],sepeda yang berwangi bunga . [O] [S] [A],[O] kurang memuaskan [S] negative [A] makanan,[O] berwangi bunga [S] positive [A] sepeda,"[[508, 46, 60, 27265, 524, 1833, 84, 78351, 508, 50, 60, 8225, 508, 32, 60, 296, 19262, 276]]","[[508, 46, 60, 10207, 70552, 72, 293, 91845, 508, 50, 60, 6785, 508, 32, 60, 511, 6874, 64]]"
tempatnya nyaman untuk istirahat . [A] [O] [S],meja nya ribut untuk istirahat . [A] [O] [S],[A] tempatnya [O] nyaman [S] positive,[A] meja nya [O] ribut [S] negative,"[[508, 32, 60, 2730, 266, 22891, 508, 46, 60, 19004, 12715, 508, 50, 60, 6785]]","[[508, 32, 60, 752, 5580, 75189, 508, 46, 60, 20131, 332, 508, 50, 60, 8225]]"
tempatnya nyaman untuk istirahat . [A] [S] [O],meja nya ribut untuk istirahat . [A] [S] [O],[A] tempatnya [S] positive [O] nyaman,[A] meja nya [S] negative [O] ribut,"[[508, 32, 60, 2730, 266, 22891, 508, 50, 60, 6785, 508, 46, 60, 19004, 12715]]","[[508, 32, 60, 752, 5580, 75189, 508, 50, 60, 8225, 508, 46, 60, 20131, 332]]"
tempatnya nyaman untuk istirahat . [S] [A] [O],meja nya ribut untuk istirahat . [S] [A] [O],[S] positive [A] tempatnya [O] nyaman,[S] negative [A] meja nya [O] ribut,"[[508, 50, 60, 6785, 508, 32, 60, 2730, 266, 22891, 508, 46, 60, 19004, 12715]]","[[508, 50, 60, 8225, 508, 32, 60, 752, 5580, 75189, 508, 46, 60, 20131, 332]]"
tempatnya nyaman untuk istirahat . [O] [A] [S],meja nya ribut untuk istirahat . [O] [A] [S],[O] nyaman [A] tempatnya [S] positive,[O] ribut [A] meja nya [S] negative,"[[508, 46, 60, 19004, 12715, 508, 32, 60, 2730, 266, 22891, 508, 50, 60, 6785]]","[[508, 46, 60, 20131, 332, 508, 32, 60, 752, 5580, 75189, 508, 50, 60, 8225]]"
tempatnya nyaman untuk istirahat . [O] [S] [A],meja nya ribut untuk istirahat . [O] [S] [A],[O] nyaman [S] positive [A] tempatnya,[O] ribut [S] negative [A] meja nya,"[[508, 46, 60, 19004, 12715, 508, 50, 60, 6785, 508, 32, 60, 2730, 266, 22891]]","[[508, 46, 60, 20131, 332, 508, 50, 60, 8225, 508, 32, 60, 752, 5580, 75189]]"
kamar bersih . [A] [O] [S],daun bau . [A] [O] [S],[A] kamar [O] bersih [S] positive,[A] daun [O] bau [S] negative,"[[508, 32, 60, 595, 15554, 508, 46, 60, 58554, 6996, 508, 50, 60, 6785]]","[[508, 32, 60, 2994, 359, 508, 46, 60, 293, 2863, 508, 50, 60, 8225]]"
kamar bersih . [A] [S] [O],daun bau . [A] [S] [O],[A] kamar [S] positive [O] bersih,[A] daun [S] negative [O] bau,"[[508, 32, 60, 595, 15554, 508, 50, 60, 6785, 508, 46, 60, 58554, 6996]]","[[508, 32, 60, 2994, 359, 508, 50, 60, 8225, 508, 46, 60, 293, 2863]]"
kamar bersih . [S] [A] [O],daun bau . [S] [A] [O],[S] positive [A] kamar [O] bersih,[S] negative [A] daun [O] bau,"[[508, 50, 60, 6785, 508, 32, 60, 595, 15554, 508, 46, 60, 58554, 6996]]","[[508, 50, 60, 8225, 508, 32, 60, 2994, 359, 508, 46, 60, 293, 2863]]"
kamar bersih . [O] [A] [S],daun bau . [O] [A] [S],[O] bersih [A] kamar [S] positive,[O] bau [A] daun [S] negative,"[[508, 46, 60, 58554, 6996, 508, 32, 60, 595, 15554, 508, 50, 60, 6785]]","[[508, 46, 60, 293, 2863, 508, 32, 60, 2994, 359, 508, 50, 60, 8225]]"
kamar bersih . [O] [S] [A],daun bau . [O] [S] [A],[O] bersih [S] positive [A] kamar,[O] bau [S] negative [A] daun,"[[508, 46, 60, 58554, 6996, 508, 50, 60, 6785, 508, 32, 60, 595, 15554]]","[[508, 46, 60, 293, 2863, 508, 50, 60, 8225, 508, 32, 60, 2994, 359]]"
kamar yang didapatkan tidak terlalu bersih . [A] [O] [S],rumah yang didapatkan ramah dan baik sekali . [A] [O] [S],[A] kamar [O] tidak terlalu bersih [S] negative,[A] rumah [O] ramah dan baik sekali [S] positive,"[[508, 32, 60, 595, 15554, 508, 46, 60, 27281, 1982, 75, 36986, 58554, 6996, 508, 50, 60, 8225]]","[[508, 32, 60, 13995, 1466, 508, 46, 60, 17823, 1466, 9101, 79187, 43834, 7956, 508, 50, 60, 6785]]"
kamar yang didapatkan tidak terlalu bersih . [A] [S] [O],rumah yang didapatkan ramah dan baik sekali . [A] [S] [O],[A] kamar [S] negative [O] tidak terlalu bersih,[A] rumah [S] positive [O] ramah dan baik sekali,"[[508, 32, 60, 595, 15554, 508, 50, 60, 8225, 508, 46, 60, 27281, 1982, 75, 36986, 58554, 6996]]","[[508, 32, 60, 13995, 1466, 508, 50, 60, 6785, 508, 46, 60, 17823, 1466, 9101, 79187, 43834, 7956]]"
kamar yang didapatkan tidak terlalu bersih . [S] [A] [O],rumah yang didapatkan ramah dan baik sekali . [S] [A] [O],[S] negative [A] kamar [O] tidak terlalu bersih,[S] positive [A] rumah [O] ramah dan baik sekali,"[[508, 50, 60, 8225, 508, 32, 60, 595, 15554, 508, 46, 60, 27281, 1982, 75, 36986, 58554, 6996]]","[[508, 50, 60, 6785, 508, 32, 60, 13995, 1466, 508, 46, 60, 17823, 1466, 9101, 79187, 43834, 7956]]"
kamar yang didapatkan tidak terlalu bersih . [O] [A] [S],rumah yang didapatkan ramah dan baik sekali . [O] [A] [S],[O] tidak terlalu bersih [A] kamar [S] negative,[O] ramah dan baik sekali [A] rumah [S] positive,"[[508, 46, 60, 27281, 1982, 75, 36986, 58554, 6996, 508, 32, 60, 595, 15554, 508, 50, 60, 8225]]","[[508, 46, 60, 17823, 1466, 9101, 79187, 43834, 7956, 508, 32, 60, 13995, 1466, 508, 50, 60, 6785]]"
kamar yang didapatkan tidak terlalu bersih . [O] [S] [A],rumah yang didapatkan ramah dan baik sekali . [O] [S] [A],[O] tidak terlalu bersih [S] negative [A] kamar,[O] ramah dan baik sekali [S] positive [A] rumah,"[[508, 46, 60, 27281, 1982, 75, 36986, 58554, 6996, 508, 50, 60, 8225, 508, 32, 60, 595, 15554]]","[[508, 46, 60, 17823, 1466, 9101, 79187, 43834, 7956, 508, 50, 60, 6785, 508, 32, 60, 13995, 1466]]"
hotel kurang nyaman . [A] [O] [S],service terasa dingin . [A] [O] [S],[A] hotel [O] kurang nyaman [S] negative,[A] service [O] terasa dingin [S] positive,"[[508, 32, 60, 9500, 508, 46, 60, 27265, 524, 19004, 12715, 508, 50, 60, 8225]]","[[508, 32, 60, 2473, 508, 46, 60, 1982, 15428, 66442, 258, 508, 50, 60, 6785]]"
hotel kurang nyaman . [A] [S] [O],service terasa dingin . [A] [S] [O],[A] hotel [S] negative [O] kurang nyaman,[A] service [S] positive [O] terasa dingin,"[[508, 32, 60, 9500, 508, 50, 60, 8225, 508, 46, 60, 27265, 524, 19004, 12715]]","[[508, 32, 60, 2473, 508, 50, 60, 6785, 508, 46, 60, 1982, 15428, 66442, 258]]"
hotel kurang nyaman . [S] [A] [O],service terasa dingin . [S] [A] [O],[S] negative [A] hotel [O] kurang nyaman,[S] positive [A] service [O] terasa dingin,"[[508, 50, 60, 8225, 508, 32, 60, 9500, 508, 46, 60, 27265, 524, 19004, 12715]]","[[508, 50, 60, 6785, 508, 32, 60, 2473, 508, 46, 60, 1982, 15428, 66442, 258]]"
hotel kurang nyaman . [O] [A] [S],service terasa dingin . [O] [A] [S],[O] kurang nyaman [A] hotel [S] negative,[O] terasa dingin [A] service [S] positive,"[[508, 46, 60, 27265, 524, 19004, 12715, 508, 32, 60, 9500, 508, 50, 60, 8225]]","[[508, 46, 60, 1982, 15428, 66442, 258, 508, 32, 60, 2473, 508, 50, 60, 6785]]"
hotel kurang nyaman . [O] [S] [A],service terasa dingin . [O] [S] [A],[O] kurang nyaman [S] negative [A] hotel,[O] terasa dingin [S] positive [A] service,"[[508, 46, 60, 27265, 524, 19004, 12715, 508, 50, 60, 8225, 508, 32, 60, 9500]]","[[508, 46, 60, 1982, 15428, 66442, 258, 508, 50, 60, 6785, 508, 32, 60, 2473]]"
ini tempatnya oke . [A] [O] [S],ini fisikanya bau . [A] [O] [S],[A] tempatnya [O] oke [S] positive,[A] fisikanya [O] bau [S] negative,"[[508, 32, 60, 2730, 266, 22891, 508, 46, 60, 297, 440, 508, 50, 60, 6785]]","[[508, 32, 60, 41623, 1579, 24074, 508, 46, 60, 293, 2863, 508, 50, 60, 8225]]"
ini tempatnya oke . [A] [S] [O],ini fisikanya bau . [A] [S] [O],[A] tempatnya [S] positive [O] oke,[A] fisikanya [S] negative [O] bau,"[[508, 32, 60, 2730, 266, 22891, 508, 50, 60, 6785, 508, 46, 60, 297, 440]]","[[508, 32, 60, 41623, 1579, 24074, 508, 50, 60, 8225, 508, 46, 60, 293, 2863]]"
ini tempatnya oke . [S] [A] [O],ini fisikanya bau . [S] [A] [O],[S] positive [A] tempatnya [O] oke,[S] negative [A] fisikanya [O] bau,"[[508, 50, 60, 6785, 508, 32, 60, 2730, 266, 22891, 508, 46, 60, 297, 440]]","[[508, 50, 60, 8225, 508, 32, 60, 41623, 1579, 24074, 508, 46, 60, 293, 2863]]"
ini tempatnya oke . [O] [A] [S],ini fisikanya bau . [O] [A] [S],[O] oke [A] tempatnya [S] positive,[O] bau [A] fisikanya [S] negative,"[[508, 46, 60, 297, 440, 508, 32, 60, 2730, 266, 22891, 508, 50, 60, 6785]]","[[508, 46, 60, 293, 2863, 508, 32, 60, 41623, 1579, 24074, 508, 50, 60, 8225]]"
ini tempatnya oke . [O] [S] [A],ini fisikanya bau . [O] [S] [A],[O] oke [S] positive [A] tempatnya,[O] bau [S] negative [A] fisikanya,"[[508, 46, 60, 297, 440, 508, 50, 60, 6785, 508, 32, 60, 2730, 266, 22891]]","[[508, 46, 60, 293, 2863, 508, 50, 60, 8225, 508, 32, 60, 41623, 1579, 24074]]"
pelayanan oke . [A] [O] [S],daunnya buruk . [A] [O] [S],[A] pelayanan [O] oke [S] positive,[A] daunnya [O] buruk [S] negative,"[[508, 32, 60, 281, 6895, 28618, 508, 46, 60, 297, 440, 508, 50, 60, 6785]]","[[508, 32, 60, 2994, 359, 22891, 508, 46, 60, 7795, 3101, 508, 50, 60, 8225]]"
pelayanan oke . [A] [S] [O],daunnya buruk . [A] [S] [O],[A] pelayanan [S] positive [O] oke,[A] daunnya [S] negative [O] buruk,"[[508, 32, 60, 281, 6895, 28618, 508, 50, 60, 6785, 508, 46, 60, 297, 440]]","[[508, 32, 60, 2994, 359, 22891, 508, 50, 60, 8225, 508, 46, 60, 7795, 3101]]"
pelayanan oke . [S] [A] [O],daunnya buruk . [S] [A] [O],[S] positive [A] pelayanan [O] oke,[S] negative [A] daunnya [O] buruk,"[[508, 50, 60, 6785, 508, 32, 60, 281, 6895, 28618, 508, 46, 60, 297, 440]]","[[508, 50, 60, 8225, 508, 32, 60, 2994, 359, 22891, 508, 46, 60, 7795, 3101]]"
pelayanan oke . [O] [A] [S],daunnya buruk . [O] [A] [S],[O] oke [A] pelayanan [S] positive,[O] buruk [A] daunnya [S] negative,"[[508, 46, 60, 297, 440, 508, 32, 60, 281, 6895, 28618, 508, 50, 60, 6785]]","[[508, 46, 60, 7795, 3101, 508, 32, 60, 2994, 359, 22891, 508, 50, 60, 8225]]"
pelayanan oke . [O] [S] [A],daunnya buruk . [O] [S] [A],[O] oke [S] positive [A] pelayanan,[O] buruk [S] negative [A] daunnya,"[[508, 46, 60, 297, 440, 508, 50, 60, 6785, 508, 32, 60, 281, 6895, 28618]]","[[508, 46, 60, 7795, 3101, 508, 50, 60, 8225, 508, 32, 60, 2994, 359, 22891]]"
kamar mandi tergenang . [A] [O] [S],komputernya sangat wangi . [A] [O] [S],[A] kamar mandi [O] tergenang [S] negative,[A] komputernya [O] sangat wangi [S] positive,"[[508, 32, 60, 595, 15554, 11576, 72, 508, 46, 60, 1982, 4370, 524, 508, 50, 60, 8225]]","[[508, 32, 60, 10890, 628, 932, 7755, 508, 46, 60, 70464, 289, 78328, 508, 50, 60, 6785]]"
kamar mandi tergenang . [A] [S] [O],komputernya sangat wangi . [A] [S] [O],[A] kamar mandi [S] negative [O] tergenang,[A] komputernya [S] positive [O] sangat wangi,"[[508, 32, 60, 595, 15554, 11576, 72, 508, 50, 60, 8225, 508, 46, 60, 1982, 4370, 524]]","[[508, 32, 60, 10890, 628, 932, 7755, 508, 50, 60, 6785, 508, 46, 60, 70464, 289, 78328]]"
kamar mandi tergenang . [S] [A] [O],komputernya sangat wangi . [S] [A] [O],[S] negative [A] kamar mandi [O] tergenang,[S] positive [A] komputernya [O] sangat wangi,"[[508, 50, 60, 8225, 508, 32, 60, 595, 15554, 11576, 72, 508, 46, 60, 1982, 4370, 524]]","[[508, 50, 60, 6785, 508, 32, 60, 10890, 628, 932, 7755, 508, 46, 60, 70464, 289, 78328]]"
kamar mandi tergenang . [O] [A] [S],komputernya sangat wangi . [O] [A] [S],[O] tergenang [A] kamar mandi [S] negative,[O] sangat wangi [A] komputernya [S] positive,"[[508, 46, 60, 1982, 4370, 524, 508, 32, 60, 595, 15554, 11576, 72, 508, 50, 60, 8225]]","[[508, 46, 60, 70464, 289, 78328, 508, 32, 60, 10890, 628, 932, 7755, 508, 50, 60, 6785]]"
kamar mandi tergenang . [O] [S] [A],komputernya sangat wangi . [O] [S] [A],[O] tergenang [S] negative [A] kamar mandi,[O] sangat wangi [S] positive [A] komputernya,"[[508, 46, 60, 1982, 4370, 524, 508, 50, 60, 8225, 508, 32, 60, 595, 15554, 11576, 72]]","[[508, 46, 60, 70464, 289, 78328, 508, 50, 60, 6785, 508, 32, 60, 10890, 628, 932, 7755]]"
"nyaman tempatnya , . [A] [O] [S]","susah sepedanya , . [A] [O] [S]",[A] tempatnya [O] nyaman [S] positive,[A] sepedanya [O] susah [S] negative,"[[508, 32, 60, 2730, 266, 22891, 508, 46, 60, 19004, 12715, 508, 50, 60, 6785]]","[[508, 32, 60, 511, 6874, 24074, 508, 46, 60, 4481, 1466, 508, 50, 60, 8225]]"
"nyaman tempatnya , . [A] [S] [O]","susah sepedanya , . [A] [S] [O]",[A] tempatnya [S] positive [O] nyaman,[A] sepedanya [S] negative [O] susah,"[[508, 32, 60, 2730, 266, 22891, 508, 50, 60, 6785, 508, 46, 60, 19004, 12715]]","[[508, 32, 60, 511, 6874, 24074, 508, 50, 60, 8225, 508, 46, 60, 4481, 1466]]"
"nyaman tempatnya , . [S] [A] [O]","susah sepedanya , . [S] [A] [O]",[S] positive [A] tempatnya [O] nyaman,[S] negative [A] sepedanya [O] susah,"[[508, 50, 60, 6785, 508, 32, 60, 2730, 266, 22891, 508, 46, 60, 19004, 12715]]","[[508, 50, 60, 8225, 508, 32, 60, 511, 6874, 24074, 508, 46, 60, 4481, 1466]]"
"nyaman tempatnya , . [O] [A] [S]","susah sepedanya , . [O] [A] [S]",[O] nyaman [A] tempatnya [S] positive,[O] susah [A] sepedanya [S] negative,"[[508, 46, 60, 19004, 12715, 508, 32, 60, 2730, 266, 22891, 508, 50, 60, 6785]]","[[508, 46, 60, 4481, 1466, 508, 32, 60, 511, 6874, 24074, 508, 50, 60, 8225]]"
"nyaman tempatnya , . [O] [S] [A]","susah sepedanya , . [O] [S] [A]",[O] nyaman [S] positive [A] tempatnya,[O] susah [S] negative [A] sepedanya,"[[508, 46, 60, 19004, 12715, 508, 50, 60, 6785, 508, 32, 60, 2730, 266, 22891]]","[[508, 46, 60, 4481, 1466, 508, 50, 60, 8225, 508, 32, 60, 511, 6874, 24074]]"
kamar bagus . [A] [O] [S],baju robek . [A] [O] [S],[A] kamar [O] bagus [S] positive,[A] baju [O] robek [S] negative,"[[508, 32, 60, 595, 15554, 508, 46, 60, 8968, 355, 508, 50, 60, 6785]]","[[508, 32, 60, 293, 51413, 508, 46, 60, 10550, 1225, 508, 50, 60, 8225]]"
kamar bagus . [A] [S] [O],baju robek . [A] [S] [O],[A] kamar [S] positive [O] bagus,[A] baju [S] negative [O] robek,"[[508, 32, 60, 595, 15554, 508, 50, 60, 6785, 508, 46, 60, 8968, 355]]","[[508, 32, 60, 293, 51413, 508, 50, 60, 8225, 508, 46, 60, 10550, 1225]]"
kamar bagus . [S] [A] [O],baju robek . [S] [A] [O],[S] positive [A] kamar [O] bagus,[S] negative [A] baju [O] robek,"[[508, 50, 60, 6785, 508, 32, 60, 595, 15554, 508, 46, 60, 8968, 355]]","[[508, 50, 60, 8225, 508, 32, 60, 293, 51413, 508, 46, 60, 10550, 1225]]"
kamar bagus . [O] [A] [S],baju robek . [O] [A] [S],[O] bagus [A] kamar [S] positive,[O] robek [A] baju [S] negative,"[[508, 46, 60, 8968, 355, 508, 32, 60, 595, 15554, 508, 50, 60, 6785]]","[[508, 46, 60, 10550, 1225, 508, 32, 60, 293, 51413, 508, 50, 60, 8225]]"
kamar bagus . [O] [S] [A],baju robek . [O] [S] [A],[O] bagus [S] positive [A] kamar,[O] robek [S] negative [A] baju,"[[508, 46, 60, 8968, 355, 508, 50, 60, 6785, 508, 32, 60, 595, 15554]]","[[508, 46, 60, 10550, 1225, 508, 50, 60, 8225, 508, 32, 60, 293, 51413]]"
tempat menginap yang nyaman . [A] [O] [S],palu menginap yang sempit . [A] [O] [S],[A] tempat [O] nyaman [S] positive,[A] palu [O] sempit [S] negative,"[[508, 32, 60, 2730, 266, 508, 46, 60, 19004, 12715, 508, 50, 60, 6785]]","[[508, 32, 60, 10854, 84, 508, 46, 60, 74597, 275, 508, 50, 60, 8225]]"
tempat menginap yang nyaman . [A] [S] [O],palu menginap yang sempit . [A] [S] [O],[A] tempat [S] positive [O] nyaman,[A] palu [S] negative [O] sempit,"[[508, 32, 60, 2730, 266, 508, 50, 60, 6785, 508, 46, 60, 19004, 12715]]","[[508, 32, 60, 10854, 84, 508, 50, 60, 8225, 508, 46, 60, 74597, 275]]"
tempat menginap yang nyaman . [S] [A] [O],palu menginap yang sempit . [S] [A] [O],[S] positive [A] tempat [O] nyaman,[S] negative [A] palu [O] sempit,"[[508, 50, 60, 6785, 508, 32, 60, 2730, 266, 508, 46, 60, 19004, 12715]]","[[508, 50, 60, 8225, 508, 32, 60, 10854, 84, 508, 46, 60, 74597, 275]]"
tempat menginap yang nyaman . [O] [A] [S],palu menginap yang sempit . [O] [A] [S],[O] nyaman [A] tempat [S] positive,[O] sempit [A] palu [S] negative,"[[508, 46, 60, 19004, 12715, 508, 32, 60, 2730, 266, 508, 50, 60, 6785]]","[[508, 46, 60, 74597, 275, 508, 32, 60, 10854, 84, 508, 50, 60, 8225]]"
tempat menginap yang nyaman . [O] [S] [A],palu menginap yang sempit . [O] [S] [A],[O] nyaman [S] positive [A] tempat,[O] sempit [S] negative [A] palu,"[[508, 46, 60, 19004, 12715, 508, 50, 60, 6785, 508, 32, 60, 2730, 266]]","[[508, 46, 60, 74597, 275, 508, 50, 60, 8225, 508, 32, 60, 10854, 84]]"
kamar mandi kurang bersih . [A] [O] [S],ruang tamu selalu macet . [A] [O] [S],[A] kamar mandi [O] kurang bersih [S] negative,[A] ruang tamu [O] selalu macet [S] positive,"[[508, 32, 60, 595, 15554, 11576, 72, 508, 46, 60, 27265, 524, 58554, 6996, 508, 50, 60, 8225]]","[[508, 32, 60, 11122, 524, 25476, 84, 508, 46, 60, 11806, 36986, 8978, 295, 508, 50, 60, 6785]]"
kamar mandi kurang bersih . [A] [S] [O],ruang tamu selalu macet . [A] [S] [O],[A] kamar mandi [S] negative [O] kurang bersih,[A] ruang tamu [S] positive [O] selalu macet,"[[508, 32, 60, 595, 15554, 11576, 72, 508, 50, 60, 8225, 508, 46, 60, 27265, 524, 58554, 6996]]","[[508, 32, 60, 11122, 524, 25476, 84, 508, 50, 60, 6785, 508, 46, 60, 11806, 36986, 8978, 295]]"
kamar mandi kurang bersih . [S] [A] [O],ruang tamu selalu macet . [S] [A] [O],[S] negative [A] kamar mandi [O] kurang bersih,[S] positive [A] ruang tamu [O] selalu macet,"[[508, 50, 60, 8225, 508, 32, 60, 595, 15554, 11576, 72, 508, 46, 60, 27265, 524, 58554, 6996]]","[[508, 50, 60, 6785, 508, 32, 60, 11122, 524, 25476, 84, 508, 46, 60, 11806, 36986, 8978, 295]]"
kamar mandi kurang bersih . [O] [A] [S],ruang tamu selalu macet . [O] [A] [S],[O] kurang bersih [A] kamar mandi [S] negative,[O] selalu macet [A] ruang tamu [S] positive,"[[508, 46, 60, 27265, 524, 58554, 6996, 508, 32, 60, 595, 15554, 11576, 72, 508, 50, 60, 8225]]","[[508, 46, 60, 11806, 36986, 8978, 295, 508, 32, 60, 11122, 524, 25476, 84, 508, 50, 60, 6785]]"
kamar mandi kurang bersih . [O] [S] [A],ruang tamu selalu macet . [O] [S] [A],[O] kurang bersih [S] negative [A] kamar mandi,[O] selalu macet [S] positive [A] ruang tamu,"[[508, 46, 60, 27265, 524, 58554, 6996, 508, 50, 60, 8225, 508, 32, 60, 595, 15554, 11576, 72]]","[[508, 46, 60, 11806, 36986, 8978, 295, 508, 50, 60, 6785, 508, 32, 60, 11122, 524, 25476, 84]]"
pelayanan baik . terimakasih . [A] [O] [S],bunga nya keras . terimakasih . [A] [O] [S],[A] pelayanan [O] baik [S] positive,[A] bunga nya [O] keras [S] negative,"[[508, 32, 60, 281, 6895, 28618, 508, 46, 60, 79187, 508, 50, 60, 6785]]","[[508, 32, 60, 293, 91845, 75189, 508, 46, 60, 25689, 508, 50, 60, 8225]]"
pelayanan baik . terimakasih . [A] [S] [O],bunga nya keras . terimakasih . [A] [S] [O],[A] pelayanan [S] positive [O] baik,[A] bunga nya [S] negative [O] keras,"[[508, 32, 60, 281, 6895, 28618, 508, 50, 60, 6785, 508, 46, 60, 79187]]","[[508, 32, 60, 293, 91845, 75189, 508, 50, 60, 8225, 508, 46, 60, 25689]]"
pelayanan baik . terimakasih . [S] [A] [O],bunga nya keras . terimakasih . [S] [A] [O],[S] positive [A] pelayanan [O] baik,[S] negative [A] bunga nya [O] keras,"[[508, 50, 60, 6785, 508, 32, 60, 281, 6895, 28618, 508, 46, 60, 79187]]","[[508, 50, 60, 8225, 508, 32, 60, 293, 91845, 75189, 508, 46, 60, 25689]]"
pelayanan baik . terimakasih . [O] [A] [S],bunga nya keras . terimakasih . [O] [A] [S],[O] baik [A] pelayanan [S] positive,[O] keras [A] bunga nya [S] negative,"[[508, 46, 60, 79187, 508, 32, 60, 281, 6895, 28618, 508, 50, 60, 6785]]","[[508, 46, 60, 25689, 508, 32, 60, 293, 91845, 75189, 508, 50, 60, 8225]]"
pelayanan baik . terimakasih . [O] [S] [A],bunga nya keras . terimakasih . [O] [S] [A],[O] baik [S] positive [A] pelayanan,[O] keras [S] negative [A] bunga nya,"[[508, 46, 60, 79187, 508, 50, 60, 6785, 508, 32, 60, 281, 6895, 28618]]","[[508, 46, 60, 25689, 508, 50, 60, 8225, 508, 32, 60, 293, 91845, 75189]]"
hotel sangat nyaman . [A] [O] [S],foto tidak ramah . [A] [O] [S],[A] hotel [O] sangat nyaman [S] positive,[A] foto [O] tidak ramah [S] negative,"[[508, 32, 60, 9500, 508, 46, 60, 70464, 19004, 12715, 508, 50, 60, 6785]]","[[508, 32, 60, 25575, 508, 46, 60, 27281, 17823, 1466, 508, 50, 60, 8225]]"
hotel sangat nyaman . [A] [S] [O],foto tidak ramah . [A] [S] [O],[A] hotel [S] positive [O] sangat nyaman,[A] foto [S] negative [O] tidak ramah,"[[508, 32, 60, 9500, 508, 50, 60, 6785, 508, 46, 60, 70464, 19004, 12715]]","[[508, 32, 60, 25575, 508, 50, 60, 8225, 508, 46, 60, 27281, 17823, 1466]]"
hotel sangat nyaman . [S] [A] [O],foto tidak ramah . [S] [A] [O],[S] positive [A] hotel [O] sangat nyaman,[S] negative [A] foto [O] tidak ramah,"[[508, 50, 60, 6785, 508, 32, 60, 9500, 508, 46, 60, 70464, 19004, 12715]]","[[508, 50, 60, 8225, 508, 32, 60, 25575, 508, 46, 60, 27281, 17823, 1466]]"
hotel sangat nyaman . [O] [A] [S],foto tidak ramah . [O] [A] [S],[O] sangat nyaman [A] hotel [S] positive,[O] tidak ramah [A] foto [S] negative,"[[508, 46, 60, 70464, 19004, 12715, 508, 32, 60, 9500, 508, 50, 60, 6785]]","[[508, 46, 60, 27281, 17823, 1466, 508, 32, 60, 25575, 508, 50, 60, 8225]]"
hotel sangat nyaman . [O] [S] [A],foto tidak ramah . [O] [S] [A],[O] sangat nyaman [S] positive [A] hotel,[O] tidak ramah [S] negative [A] foto,"[[508, 46, 60, 70464, 19004, 12715, 508, 50, 60, 6785, 508, 32, 60, 9500]]","[[508, 46, 60, 27281, 17823, 1466, 508, 50, 60, 8225, 508, 32, 60, 25575]]"
bagus sekali semuanya . [A] [O] [S],bising terus lemarinya . [A] [O] [S],[A] semuanya [O] bagus sekali [S] positive,[A] lemarinya [O] bising terus [S] negative,"[[508, 32, 60, 5234, 84, 24074, 508, 46, 60, 8968, 355, 43834, 7956, 508, 50, 60, 6785]]","[[508, 32, 60, 512, 5612, 61087, 508, 46, 60, 293, 3791, 1982, 355, 508, 50, 60, 8225]]"
bagus sekali semuanya . [A] [S] [O],bising terus lemarinya . [A] [S] [O],[A] semuanya [S] positive [O] bagus sekali,[A] lemarinya [S] negative [O] bising terus,"[[508, 32, 60, 5234, 84, 24074, 508, 50, 60, 6785, 508, 46, 60, 8968, 355, 43834, 7956]]","[[508, 32, 60, 512, 5612, 61087, 508, 50, 60, 8225, 508, 46, 60, 293, 3791, 1982, 355]]"
bagus sekali semuanya . [S] [A] [O],bising terus lemarinya . [S] [A] [O],[S] positive [A] semuanya [O] bagus sekali,[S] negative [A] lemarinya [O] bising terus,"[[508, 50, 60, 6785, 508, 32, 60, 5234, 84, 24074, 508, 46, 60, 8968, 355, 43834, 7956]]","[[508, 50, 60, 8225, 508, 32, 60, 512, 5612, 61087, 508, 46, 60, 293, 3791, 1982, 355]]"
bagus sekali semuanya . [O] [A] [S],bising terus lemarinya . [O] [A] [S],[O] bagus sekali [A] semuanya [S] positive,[O] bising terus [A] lemarinya [S] negative,"[[508, 46, 60, 8968, 355, 43834, 7956, 508, 32, 60, 5234, 84, 24074, 508, 50, 60, 6785]]","[[508, 46, 60, 293, 3791, 1982, 355, 508, 32, 60, 512, 5612, 61087, 508, 50, 60, 8225]]"
bagus sekali semuanya . [O] [S] [A],bising terus lemarinya . [O] [S] [A],[O] bagus sekali [S] positive [A] semuanya,[O] bising terus [S] negative [A] lemarinya,"[[508, 46, 60, 8968, 355, 43834, 7956, 508, 50, 60, 6785, 508, 32, 60, 5234, 84, 24074]]","[[508, 46, 60, 293, 3791, 1982, 355, 508, 50, 60, 8225, 508, 32, 60, 512, 5612, 61087]]"
resepsionis friendly ke customernya . [A] [O] [S],pegawai fotocopy keras ke customernya . [A] [O] [S],[A] resepsionis [O] friendly [S] positive,[A] pegawai fotocopy [O] keras [S] negative,"[[508, 32, 60, 312, 325, 1690, 290, 285, 508, 46, 60, 11657, 508, 50, 60, 6785]]","[[508, 32, 60, 30687, 35969, 31840, 509, 1266, 508, 46, 60, 25689, 508, 50, 60, 8225]]"
resepsionis friendly ke customernya . [A] [S] [O],pegawai fotocopy keras ke customernya . [A] [S] [O],[A] resepsionis [S] positive [O] friendly,[A] pegawai fotocopy [S] negative [O] keras,"[[508, 32, 60, 312, 325, 1690, 290, 285, 508, 50, 60, 6785, 508, 46, 60, 11657]]","[[508, 32, 60, 30687, 35969, 31840, 509, 1266, 508, 50, 60, 8225, 508, 46, 60, 25689]]"
resepsionis friendly ke customernya . [S] [A] [O],pegawai fotocopy keras ke customernya . [S] [A] [O],[S] positive [A] resepsionis [O] friendly,[S] negative [A] pegawai fotocopy [O] keras,"[[508, 50, 60, 6785, 508, 32, 60, 312, 325, 1690, 290, 285, 508, 46, 60, 11657]]","[[508, 50, 60, 8225, 508, 32, 60, 30687, 35969, 31840, 509, 1266, 508, 46, 60, 25689]]"
resepsionis friendly ke customernya . [O] [A] [S],pegawai fotocopy keras ke customernya . [O] [A] [S],[O] friendly [A] resepsionis [S] positive,[O] keras [A] pegawai fotocopy [S] negative,"[[508, 46, 60, 11657, 508, 32, 60, 312, 325, 1690, 290, 285, 508, 50, 60, 6785]]","[[508, 46, 60, 25689, 508, 32, 60, 30687, 35969, 31840, 509, 1266, 508, 50, 60, 8225]]"
resepsionis friendly ke customernya . [O] [S] [A],pegawai fotocopy keras ke customernya . [O] [S] [A],[O] friendly [S] positive [A] resepsionis,[O] keras [S] negative [A] pegawai fotocopy,"[[508, 46, 60, 11657, 508, 50, 60, 6785, 508, 32, 60, 312, 325, 1690, 290, 285]]","[[508, 46, 60, 25689, 508, 50, 60, 8225, 508, 32, 60, 30687, 35969, 31840, 509, 1266]]"
kamar kotor . [A] [O] [S],meja strategis . [A] [O] [S],[A] kamar [O] kotor [S] negative,[A] meja [O] strategis [S] positive,"[[508, 32, 60, 595, 15554, 508, 46, 60, 595, 9887, 508, 50, 60, 8225]]","[[508, 32, 60, 752, 5580, 508, 46, 60, 5275, 285, 508, 50, 60, 6785]]"
kamar kotor . [A] [S] [O],meja strategis . [A] [S] [O],[A] kamar [S] negative [O] kotor,[A] meja [S] positive [O] strategis,"[[508, 32, 60, 595, 15554, 508, 50, 60, 8225, 508, 46, 60, 595, 9887]]","[[508, 32, 60, 752, 5580, 508, 50, 60, 6785, 508, 46, 60, 5275, 285]]"
kamar kotor . [S] [A] [O],meja strategis . [S] [A] [O],[S] negative [A] kamar [O] kotor,[S] positive [A] meja [O] strategis,"[[508, 50, 60, 8225, 508, 32, 60, 595, 15554, 508, 46, 60, 595, 9887]]","[[508, 50, 60, 6785, 508, 32, 60, 752, 5580, 508, 46, 60, 5275, 285]]"
kamar kotor . [O] [A] [S],meja strategis . [O] [A] [S],[O] kotor [A] kamar [S] negative,[O] strategis [A] meja [S] positive,"[[508, 46, 60, 595, 9887, 508, 32, 60, 595, 15554, 508, 50, 60, 8225]]","[[508, 46, 60, 5275, 285, 508, 32, 60, 752, 5580, 508, 50, 60, 6785]]"
kamar kotor . [O] [S] [A],meja strategis . [O] [S] [A],[O] kotor [S] negative [A] kamar,[O] strategis [S] positive [A] meja,"[[508, 46, 60, 595, 9887, 508, 50, 60, 8225, 508, 32, 60, 595, 15554]]","[[508, 46, 60, 5275, 285, 508, 50, 60, 6785, 508, 32, 60, 752, 5580]]"
"lokasi bagus , dekat stasiun mangga besar . [A] [O] [S]","kertas panas , dekat stasiun mangga besar . [A] [O] [S]",[A] lokasi [O] bagus [S] positive,[A] kertas [O] panas [S] negative,"[[508, 32, 60, 40283, 10215, 508, 46, 60, 8968, 355, 508, 50, 60, 6785]]","[[508, 32, 60, 595, 52430, 508, 46, 60, 7215, 300, 508, 50, 60, 8225]]"
"lokasi bagus , dekat stasiun mangga besar . [A] [S] [O]","kertas panas , dekat stasiun mangga besar . [A] [S] [O]",[A] lokasi [S] positive [O] bagus,[A] kertas [S] negative [O] panas,"[[508, 32, 60, 40283, 10215, 508, 50, 60, 6785, 508, 46, 60, 8968, 355]]","[[508, 32, 60, 595, 52430, 508, 50, 60, 8225, 508, 46, 60, 7215, 300]]"
"lokasi bagus , dekat stasiun mangga besar . [S] [A] [O]","kertas panas , dekat stasiun mangga besar . [S] [A] [O]",[S] positive [A] lokasi [O] bagus,[S] negative [A] kertas [O] panas,"[[508, 50, 60, 6785, 508, 32, 60, 40283, 10215, 508, 46, 60, 8968, 355]]","[[508, 50, 60, 8225, 508, 32, 60, 595, 52430, 508, 46, 60, 7215, 300]]"
"lokasi bagus , dekat stasiun mangga besar . [O] [A] [S]","kertas panas , dekat stasiun mangga besar . [O] [A] [S]",[O] bagus [A] lokasi [S] positive,[O] panas [A] kertas [S] negative,"[[508, 46, 60, 8968, 355, 508, 32, 60, 40283, 10215, 508, 50, 60, 6785]]","[[508, 46, 60, 7215, 300, 508, 32, 60, 595, 52430, 508, 50, 60, 8225]]"
"lokasi bagus , dekat stasiun mangga besar . [O] [S] [A]","kertas panas , dekat stasiun mangga besar . [O] [S] [A]",[O] bagus [S] positive [A] lokasi,[O] panas [S] negative [A] kertas,"[[508, 46, 60, 8968, 355, 508, 50, 60, 6785, 508, 32, 60, 40283, 10215]]","[[508, 46, 60, 7215, 300, 508, 50, 60, 8225, 508, 32, 60, 595, 52430]]"
pelayanan baik selama 24jam . [A] [O] [S],gelasnya keras selama 24jam . [A] [O] [S],[A] pelayanan [O] baik [S] positive,[A] gelasnya [O] keras [S] negative,"[[508, 32, 60, 281, 6895, 28618, 508, 46, 60, 79187, 508, 50, 60, 6785]]","[[508, 32, 60, 17837, 300, 22891, 508, 46, 60, 25689, 508, 50, 60, 8225]]"
pelayanan baik selama 24jam . [A] [S] [O],gelasnya keras selama 24jam . [A] [S] [O],[A] pelayanan [S] positive [O] baik,[A] gelasnya [S] negative [O] keras,"[[508, 32, 60, 281, 6895, 28618, 508, 50, 60, 6785, 508, 46, 60, 79187]]","[[508, 32, 60, 17837, 300, 22891, 508, 50, 60, 8225, 508, 46, 60, 25689]]"
pelayanan baik selama 24jam . [S] [A] [O],gelasnya keras selama 24jam . [S] [A] [O],[S] positive [A] pelayanan [O] baik,[S] negative [A] gelasnya [O] keras,"[[508, 50, 60, 6785, 508, 32, 60, 281, 6895, 28618, 508, 46, 60, 79187]]","[[508, 50, 60, 8225, 508, 32, 60, 17837, 300, 22891, 508, 46, 60, 25689]]"
pelayanan baik selama 24jam . [O] [A] [S],gelasnya keras selama 24jam . [O] [A] [S],[O] baik [A] pelayanan [S] positive,[O] keras [A] gelasnya [S] negative,"[[508, 46, 60, 79187, 508, 32, 60, 281, 6895, 28618, 508, 50, 60, 6785]]","[[508, 46, 60, 25689, 508, 32, 60, 17837, 300, 22891, 508, 50, 60, 8225]]"
pelayanan baik selama 24jam . [O] [S] [A],gelasnya keras selama 24jam . [O] [S] [A],[O] baik [S] positive [A] pelayanan,[O] keras [S] negative [A] gelasnya,"[[508, 46, 60, 79187, 508, 50, 60, 6785, 508, 32, 60, 281, 6895, 28618]]","[[508, 46, 60, 25689, 508, 50, 60, 8225, 508, 32, 60, 17837, 300, 22891]]"
kasurnya keras : ( . [A] [O] [S],anginnya baik : ( . [A] [O] [S],[A] kasurnya [O] keras [S] negative,[A] tempatnya [O] baik [S] positive,"[[508, 32, 60, 47656, 399, 7755, 508, 46, 60, 25689, 508, 50, 60, 8225]]","[[508, 32, 60, 2730, 266, 22891, 508, 46, 60, 79187, 508, 50, 60, 6785]]"
kasurnya keras : ( . [A] [S] [O],anginnya baik : ( . [A] [S] [O],[A] kasurnya [S] negative [O] keras,[A] tempatnya [S] positive [O] baik,"[[508, 32, 60, 47656, 399, 7755, 508, 50, 60, 8225, 508, 46, 60, 25689]]","[[508, 32, 60, 2730, 266, 22891, 508, 50, 60, 6785, 508, 46, 60, 79187]]"
kasurnya keras : ( . [S] [A] [O],anginnya baik : ( . [S] [A] [O],[S] negative [A] kasurnya [O] keras,[S] positive [A] tempatnya [O] baik,"[[508, 50, 60, 8225, 508, 32, 60, 47656, 399, 7755, 508, 46, 60, 25689]]","[[508, 50, 60, 6785, 508, 32, 60, 2730, 266, 22891, 508, 46, 60, 79187]]"
kasurnya keras : ( . [O] [A] [S],anginnya baik : ( . [O] [A] [S],[O] keras [A] kasurnya [S] negative,[O] baik [A] tempatnya [S] positive,"[[508, 46, 60, 25689, 508, 32, 60, 47656, 399, 7755, 508, 50, 60, 8225]]","[[508, 46, 60, 79187, 508, 32, 60, 2730, 266, 22891, 508, 50, 60, 6785]]"
kasurnya keras : ( . [O] [S] [A],anginnya baik : ( . [O] [S] [A],[O] keras [S] negative [A] kasurnya,[O] baik [S] positive [A] tempatnya,"[[508, 46, 60, 25689, 508, 50, 60, 8225, 508, 32, 60, 47656, 399, 7755]]","[[508, 46, 60, 79187, 508, 50, 60, 6785, 508, 32, 60, 2730, 266, 22891]]"
penjaganya kurang ramah . [A] [O] [S],pelajaran kimia sangat terjaga . [A] [O] [S],[A] penjaganya [O] kurang ramah [S] negative,[A] pelajaran kimia [O] sangat terjaga [S] positive,"[[508, 32, 60, 5750, 73, 351, 24074, 508, 46, 60, 27265, 524, 17823, 1466, 508, 50, 60, 8225]]","[[508, 32, 60, 11814, 84033, 55784, 685, 508, 46, 60, 70464, 1982, 73, 12466, 508, 50, 60, 6785]]"
penjaganya kurang ramah . [A] [S] [O],pelajaran kimia sangat terjaga . [A] [S] [O],[A] penjaganya [S] negative [O] kurang ramah,[A] pelajaran kimia [S] positive [O] sangat terjaga,"[[508, 32, 60, 5750, 73, 351, 24074, 508, 50, 60, 8225, 508, 46, 60, 27265, 524, 17823, 1466]]","[[508, 32, 60, 11814, 84033, 55784, 685, 508, 50, 60, 6785, 508, 46, 60, 70464, 1982, 73, 12466]]"
penjaganya kurang ramah . [S] [A] [O],pelajaran kimia sangat terjaga . [S] [A] [O],[S] negative [A] penjaganya [O] kurang ramah,[S] positive [A] pelajaran kimia [O] sangat terjaga,"[[508, 50, 60, 8225, 508, 32, 60, 5750, 73, 351, 24074, 508, 46, 60, 27265, 524, 17823, 1466]]","[[508, 50, 60, 6785, 508, 32, 60, 11814, 84033, 55784, 685, 508, 46, 60, 70464, 1982, 73, 12466]]"
penjaganya kurang ramah . [O] [A] [S],pelajaran kimia sangat terjaga . [O] [A] [S],[O] kurang ramah [A] penjaganya [S] negative,[O] sangat terjaga [A] pelajaran kimia [S] positive,"[[508, 46, 60, 27265, 524, 17823, 1466, 508, 32, 60, 5750, 73, 351, 24074, 508, 50, 60, 8225]]","[[508, 46, 60, 70464, 1982, 73, 12466, 508, 32, 60, 11814, 84033, 55784, 685, 508, 50, 60, 6785]]"
penjaganya kurang ramah . [O] [S] [A],pelajaran kimia sangat terjaga . [O] [S] [A],[O] kurang ramah [S] negative [A] penjaganya,[O] sangat terjaga [S] positive [A] pelajaran kimia,"[[508, 46, 60, 27265, 524, 17823, 1466, 508, 50, 60, 8225, 508, 32, 60, 5750, 73, 351, 24074]]","[[508, 46, 60, 70464, 1982, 73, 12466, 508, 50, 60, 6785, 508, 32, 60, 11814, 84033, 55784, 685]]"
menu breakfast kurang lengkap . [A] [O] [S],angin cukup strategis . [A] [O] [S],[A] menu breakfast [O] kurang lengkap [S] negative,[A] angin [O] cukup strategis [S] positive,"[[508, 32, 60, 5022, 17496, 508, 46, 60, 27265, 524, 47794, 38834, 508, 50, 60, 8225]]","[[508, 32, 60, 6454, 258, 508, 46, 60, 92743, 454, 5275, 285, 508, 50, 60, 6785]]"
menu breakfast kurang lengkap . [A] [S] [O],angin cukup strategis . [A] [S] [O],[A] menu breakfast [S] negative [O] kurang lengkap,[A] angin [S] positive [O] cukup strategis,"[[508, 32, 60, 5022, 17496, 508, 50, 60, 8225, 508, 46, 60, 27265, 524, 47794, 38834]]","[[508, 32, 60, 6454, 258, 508, 50, 60, 6785, 508, 46, 60, 92743, 454, 5275, 285]]"
menu breakfast kurang lengkap . [S] [A] [O],angin cukup strategis . [S] [A] [O],[S] negative [A] menu breakfast [O] kurang lengkap,[S] positive [A] angin [O] cukup strategis,"[[508, 50, 60, 8225, 508, 32, 60, 5022, 17496, 508, 46, 60, 27265, 524, 47794, 38834]]","[[508, 50, 60, 6785, 508, 32, 60, 6454, 258, 508, 46, 60, 92743, 454, 5275, 285]]"
menu breakfast kurang lengkap . [O] [A] [S],angin cukup strategis . [O] [A] [S],[O] kurang lengkap [A] menu breakfast [S] negative,[O] cukup strategis [A] angin [S] positive,"[[508, 46, 60, 27265, 524, 47794, 38834, 508, 32, 60, 5022, 17496, 508, 50, 60, 8225]]","[[508, 46, 60, 92743, 454, 5275, 285, 508, 32, 60, 6454, 258, 508, 50, 60, 6785]]"
menu breakfast kurang lengkap . [O] [S] [A],angin cukup strategis . [O] [S] [A],[O] kurang lengkap [S] negative [A] menu breakfast,[O] cukup strategis [S] positive [A] angin,"[[508, 46, 60, 27265, 524, 47794, 38834, 508, 50, 60, 8225, 508, 32, 60, 5022, 17496]]","[[508, 46, 60, 92743, 454, 5275, 285, 508, 50, 60, 6785, 508, 32, 60, 6454, 258]]"
wifi tidak hidup nya . [A] [O] [S],hp sangat dingin nya . [A] [O] [S],[A] wifi [O] tidak hidup [S] negative,[A] hp [O] sangat dingin [S] positive,"[[508, 32, 60, 33417, 508, 46, 60, 27281, 30794, 454, 508, 50, 60, 8225]]","[[508, 32, 60, 20630, 508, 46, 60, 70464, 66442, 258, 508, 50, 60, 6785]]"
wifi tidak hidup nya . [A] [S] [O],hp sangat dingin nya . [A] [S] [O],[A] wifi [S] negative [O] tidak hidup,[A] hp [S] positive [O] sangat dingin,"[[508, 32, 60, 33417, 508, 50, 60, 8225, 508, 46, 60, 27281, 30794, 454]]","[[508, 32, 60, 20630, 508, 50, 60, 6785, 508, 46, 60, 70464, 66442, 258]]"
wifi tidak hidup nya . [S] [A] [O],hp sangat dingin nya . [S] [A] [O],[S] negative [A] wifi [O] tidak hidup,[S] positive [A] hp [O] sangat dingin,"[[508, 50, 60, 8225, 508, 32, 60, 33417, 508, 46, 60, 27281, 30794, 454]]","[[508, 50, 60, 6785, 508, 32, 60, 20630, 508, 46, 60, 70464, 66442, 258]]"
wifi tidak hidup nya . [O] [A] [S],hp sangat dingin nya . [O] [A] [S],[O] tidak hidup [A] wifi [S] negative,[O] sangat dingin [A] hp [S] positive,"[[508, 46, 60, 27281, 30794, 454, 508, 32, 60, 33417, 508, 50, 60, 8225]]","[[508, 46, 60, 70464, 66442, 258, 508, 32, 60, 20630, 508, 50, 60, 6785]]"
wifi tidak hidup nya . [O] [S] [A],hp sangat dingin nya . [O] [S] [A],[O] tidak hidup [S] negative [A] wifi,[O] sangat dingin [S] positive [A] hp,"[[508, 46, 60, 27281, 30794, 454, 508, 50, 60, 8225, 508, 32, 60, 33417]]","[[508, 46, 60, 70464, 66442, 258, 508, 50, 60, 6785, 508, 32, 60, 20630]]"
kamarnya kecil banget . [A] [O] [S],astronomi nya cukup tenang . [A] [O] [S],[A] kamarnya [O] kecil banget [S] negative,[A] astronomi nya [O] cukup tenang [S] positive,"[[508, 32, 60, 33661, 1885, 7755, 508, 46, 60, 1962, 81023, 8943, 455, 508, 50, 60, 8225]]","[[508, 32, 60, 45282, 72, 75189, 508, 46, 60, 92743, 454, 5779, 524, 508, 50, 60, 6785]]"
kamarnya kecil banget . [A] [S] [O],astronomi nya cukup tenang . [A] [S] [O],[A] kamarnya [S] negative [O] kecil banget,[A] astronomi nya [S] positive [O] cukup tenang,"[[508, 32, 60, 33661, 1885, 7755, 508, 50, 60, 8225, 508, 46, 60, 1962, 81023, 8943, 455]]","[[508, 32, 60, 45282, 72, 75189, 508, 50, 60, 6785, 508, 46, 60, 92743, 454, 5779, 524]]"
kamarnya kecil banget . [S] [A] [O],astronomi nya cukup tenang . [S] [A] [O],[S] negative [A] kamarnya [O] kecil banget,[S] positive [A] astronomi nya [O] cukup tenang,"[[508, 50, 60, 8225, 508, 32, 60, 33661, 1885, 7755, 508, 46, 60, 1962, 81023, 8943, 455]]","[[508, 50, 60, 6785, 508, 32, 60, 45282, 72, 75189, 508, 46, 60, 92743, 454, 5779, 524]]"
kamarnya kecil banget . [O] [A] [S],astronomi nya cukup tenang . [O] [A] [S],[O] kecil banget [A] kamarnya [S] negative,[O] cukup tenang [A] astronomi nya [S] positive,"[[508, 46, 60, 1962, 81023, 8943, 455, 508, 32, 60, 33661, 1885, 7755, 508, 50, 60, 8225]]","[[508, 46, 60, 92743, 454, 5779, 524, 508, 32, 60, 45282, 72, 75189, 508, 50, 60, 6785]]"
kamarnya kecil banget . [O] [S] [A],astronomi nya cukup tenang . [O] [S] [A],[O] kecil banget [S] negative [A] kamarnya,[O] cukup tenang [S] positive [A] astronomi nya,"[[508, 46, 60, 1962, 81023, 8943, 455, 508, 50, 60, 8225, 508, 32, 60, 33661, 1885, 7755]]","[[508, 46, 60, 92743, 454, 5779, 524, 508, 50, 60, 6785, 508, 32, 60, 45282, 72, 75189]]"
secara keseluruhan sangat memuaskan . [A] [O] [S],sabun cuci nya menyedihkan . [A] [O] [S],[A] secara keseluruhan [O] sangat memuaskan [S] positive,[A] sabun cuci nya [O] menyedihkan [S] negative,"[[508, 32, 60, 72327, 50977, 301, 20915, 9917, 508, 46, 60, 70464, 1833, 84, 78351, 508, 50, 60, 6785]]","[[508, 32, 60, 19408, 359, 272, 42409, 75189, 508, 46, 60, 54425, 291, 6996, 8656, 508, 50, 60, 8225]]"
secara keseluruhan sangat memuaskan . [A] [S] [O],sabun cuci nya menyedihkan . [A] [S] [O],[A] secara keseluruhan [S] positive [O] sangat memuaskan,[A] sabun cuci nya [S] negative [O] menyedihkan,"[[508, 32, 60, 72327, 50977, 301, 20915, 9917, 508, 50, 60, 6785, 508, 46, 60, 70464, 1833, 84, 78351]]","[[508, 32, 60, 19408, 359, 272, 42409, 75189, 508, 50, 60, 8225, 508, 46, 60, 54425, 291, 6996, 8656]]"
secara keseluruhan sangat memuaskan . [S] [A] [O],sabun cuci nya menyedihkan . [S] [A] [O],[S] positive [A] secara keseluruhan [O] sangat memuaskan,[S] negative [A] sabun cuci nya [O] menyedihkan,"[[508, 50, 60, 6785, 508, 32, 60, 72327, 50977, 301, 20915, 9917, 508, 46, 60, 70464, 1833, 84, 78351]]","[[508, 50, 60, 8225, 508, 32, 60, 19408, 359, 272, 42409, 75189, 508, 46, 60, 54425, 291, 6996, 8656]]"
secara keseluruhan sangat memuaskan . [O] [A] [S],sabun cuci nya menyedihkan . [O] [A] [S],[O] sangat memuaskan [A] secara keseluruhan [S] positive,[O] menyedihkan [A] sabun cuci nya [S] negative,"[[508, 46, 60, 70464, 1833, 84, 78351, 508, 32, 60, 72327, 50977, 301, 20915, 9917, 508, 50, 60, 6785]]","[[508, 46, 60, 54425, 291, 6996, 8656, 508, 32, 60, 19408, 359, 272, 42409, 75189, 508, 50, 60, 8225]]"
secara keseluruhan sangat memuaskan . [O] [S] [A],sabun cuci nya menyedihkan . [O] [S] [A],[O] sangat memuaskan [S] positive [A] secara keseluruhan,[O] menyedihkan [S] negative [A] sabun cuci nya,"[[508, 46, 60, 70464, 1833, 84, 78351, 508, 50, 60, 6785, 508, 32, 60, 72327, 50977, 301, 20915, 9917]]","[[508, 46, 60, 54425, 291, 6996, 8656, 508, 50, 60, 8225, 508, 32, 60, 19408, 359, 272, 42409, 75189]]"
untuk inap yang kemarin tempat tidur kurang bersih . [A] [O] [S],untuk inap yang kemarin kucing betina cukup dingin . [A] [O] [S],[A] tempat tidur [O] kurang bersih [S] negative,[A] kucing dingin [O] cukup bersih [S] positive,"[[508, 32, 60, 2730, 266, 13112, 324, 508, 46, 60, 27265, 524, 58554, 6996, 508, 50, 60, 8225]]","[[508, 32, 60, 595, 58044, 66442, 258, 508, 46, 60, 92743, 454, 58554, 6996, 508, 50, 60, 6785]]"
untuk inap yang kemarin tempat tidur kurang bersih . [A] [S] [O],untuk inap yang kemarin kucing betina cukup dingin . [A] [S] [O],[A] tempat tidur [S] negative [O] kurang bersih,[A] kucing dingin [S] positive [O] cukup bersih,"[[508, 32, 60, 2730, 266, 13112, 324, 508, 50, 60, 8225, 508, 46, 60, 27265, 524, 58554, 6996]]","[[508, 32, 60, 595, 58044, 66442, 258, 508, 50, 60, 6785, 508, 46, 60, 92743, 454, 58554, 6996]]"
untuk inap yang kemarin tempat tidur kurang bersih . [S] [A] [O],untuk inap yang kemarin kucing betina cukup dingin . [S] [A] [O],[S] negative [A] tempat tidur [O] kurang bersih,[S] positive [A] kucing dingin [O] cukup bersih,"[[508, 50, 60, 8225, 508, 32, 60, 2730, 266, 13112, 324, 508, 46, 60, 27265, 524, 58554, 6996]]","[[508, 50, 60, 6785, 508, 32, 60, 595, 58044, 66442, 258, 508, 46, 60, 92743, 454, 58554, 6996]]"
untuk inap yang kemarin tempat tidur kurang bersih . [O] [A] [S],untuk inap yang kemarin kucing betina cukup dingin . [O] [A] [S],[O] kurang bersih [A] tempat tidur [S] negative,[O] cukup bersih [A] kucing dingin [S] positive,"[[508, 46, 60, 27265, 524, 58554, 6996, 508, 32, 60, 2730, 266, 13112, 324, 508, 50, 60, 8225]]","[[508, 46, 60, 92743, 454, 58554, 6996, 508, 32, 60, 595, 58044, 66442, 258, 508, 50, 60, 6785]]"
untuk inap yang kemarin tempat tidur kurang bersih . [O] [S] [A],untuk inap yang kemarin kucing betina cukup dingin . [O] [S] [A],[O] kurang bersih [S] negative [A] tempat tidur,[O] cukup bersih [S] positive [A] kucing dingin,"[[508, 46, 60, 27265, 524, 58554, 6996, 508, 50, 60, 8225, 508, 32, 60, 2730, 266, 13112, 324]]","[[508, 46, 60, 92743, 454, 58554, 6996, 508, 50, 60, 6785, 508, 32, 60, 595, 58044, 66442, 258]]"
"handuknya cuma satu , sementara kami berdua . [A] [O] [S]","tiangnya gurih , sementara kami berdua . [A] [O] [S]",[A] handuknya [O] cuma satu [S] negative,[A] tiangnya [O] gurih [S] positive,"[[508, 32, 60, 1424, 3101, 22891, 508, 46, 60, 12177, 64, 58566, 508, 50, 60, 8225]]","[[508, 32, 60, 8988, 524, 22891, 508, 46, 60, 342, 6070, 71, 508, 50, 60, 6785]]"
"handuknya cuma satu , sementara kami berdua . [A] [S] [O]","tiangnya gurih , sementara kami berdua . [A] [S] [O]",[A] handuknya [S] negative [O] cuma satu,[A] tiangnya [S] positive [O] gurih,"[[508, 32, 60, 1424, 3101, 22891, 508, 50, 60, 8225, 508, 46, 60, 12177, 64, 58566]]","[[508, 32, 60, 8988, 524, 22891, 508, 50, 60, 6785, 508, 46, 60, 342, 6070, 71]]"
"handuknya cuma satu , sementara kami berdua . [S] [A] [O]","tiangnya gurih , sementara kami berdua . [S] [A] [O]",[S] negative [A] handuknya [O] cuma satu,[S] positive [A] tiangnya [O] gurih,"[[508, 50, 60, 8225, 508, 32, 60, 1424, 3101, 22891, 508, 46, 60, 12177, 64, 58566]]","[[508, 50, 60, 6785, 508, 32, 60, 8988, 524, 22891, 508, 46, 60, 342, 6070, 71]]"
"handuknya cuma satu , sementara kami berdua . [O] [A] [S]","tiangnya gurih , sementara kami berdua . [O] [A] [S]",[O] cuma satu [A] handuknya [S] negative,[O] gurih [A] tiangnya [S] positive,"[[508, 46, 60, 12177, 64, 58566, 508, 32, 60, 1424, 3101, 22891, 508, 50, 60, 8225]]","[[508, 46, 60, 342, 6070, 71, 508, 32, 60, 8988, 524, 22891, 508, 50, 60, 6785]]"
"handuknya cuma satu , sementara kami berdua . [O] [S] [A]","tiangnya gurih , sementara kami berdua . [O] [S] [A]",[O] cuma satu [S] negative [A] handuknya,[O] gurih [S] positive [A] tiangnya,"[[508, 46, 60, 12177, 64, 58566, 508, 50, 60, 8225, 508, 32, 60, 1424, 3101, 22891]]","[[508, 46, 60, 342, 6070, 71, 508, 50, 60, 6785, 508, 32, 60, 8988, 524, 22891]]"
wifi kurang baik . [A] [O] [S],tas sangat ramah . [A] [O] [S],[A] wifi [O] kurang baik [S] negative,[A] tas [O] sangat ramah [S] positive,"[[508, 32, 60, 33417, 508, 46, 60, 27265, 524, 79187, 508, 50, 60, 8225]]","[[508, 32, 60, 51214, 508, 46, 60, 70464, 17823, 1466, 508, 50, 60, 6785]]"
wifi kurang baik . [A] [S] [O],tas sangat ramah . [A] [S] [O],[A] wifi [S] negative [O] kurang baik,[A] tas [S] positive [O] sangat ramah,"[[508, 32, 60, 33417, 508, 50, 60, 8225, 508, 46, 60, 27265, 524, 79187]]","[[508, 32, 60, 51214, 508, 50, 60, 6785, 508, 46, 60, 70464, 17823, 1466]]"
wifi kurang baik . [S] [A] [O],tas sangat ramah . [S] [A] [O],[S] negative [A] wifi [O] kurang baik,[S] positive [A] tas [O] sangat ramah,"[[508, 50, 60, 8225, 508, 32, 60, 33417, 508, 46, 60, 27265, 524, 79187]]","[[508, 50, 60, 6785, 508, 32, 60, 51214, 508, 46, 60, 70464, 17823, 1466]]"
wifi kurang baik . [O] [A] [S],tas sangat ramah . [O] [A] [S],[O] kurang baik [A] wifi [S] negative,[O] sangat ramah [A] tas [S] positive,"[[508, 46, 60, 27265, 524, 79187, 508, 32, 60, 33417, 508, 50, 60, 8225]]","[[508, 46, 60, 70464, 17823, 1466, 508, 32, 60, 51214, 508, 50, 60, 6785]]"
wifi kurang baik . [O] [S] [A],tas sangat ramah . [O] [S] [A],[O] kurang baik [S] negative [A] wifi,[O] sangat ramah [S] positive [A] tas,"[[508, 46, 60, 27265, 524, 79187, 508, 50, 60, 8225, 508, 32, 60, 33417]]","[[508, 46, 60, 70464, 17823, 1466, 508, 50, 60, 6785, 508, 32, 60, 51214]]"
tempat tdr kurang nyaman . [A] [O] [S],konstruksi sangat lezat . [A] [O] [S],[A] tempat tdr [O] kurang nyaman [S] negative,[A] konstruksi [O] sangat lezat [S] positive,"[[508, 32, 60, 2730, 266, 259, 3612, 508, 46, 60, 27265, 524, 19004, 12715, 508, 50, 60, 8225]]","[[508, 32, 60, 16540, 495, 84, 31060, 508, 46, 60, 70464, 512, 89, 266, 508, 50, 60, 6785]]"
tempat tdr kurang nyaman . [A] [S] [O],konstruksi sangat lezat . [A] [S] [O],[A] tempat tdr [S] negative [O] kurang nyaman,[A] konstruksi [S] positive [O] sangat lezat,"[[508, 32, 60, 2730, 266, 259, 3612, 508, 50, 60, 8225, 508, 46, 60, 27265, 524, 19004, 12715]]","[[508, 32, 60, 16540, 495, 84, 31060, 508, 50, 60, 6785, 508, 46, 60, 70464, 512, 89, 266]]"
tempat tdr kurang nyaman . [S] [A] [O],konstruksi sangat lezat . [S] [A] [O],[S] negative [A] tempat tdr [O] kurang nyaman,[S] positive [A] konstruksi [O] sangat lezat,"[[508, 50, 60, 8225, 508, 32, 60, 2730, 266, 259, 3612, 508, 46, 60, 27265, 524, 19004, 12715]]","[[508, 50, 60, 6785, 508, 32, 60, 16540, 495, 84, 31060, 508, 46, 60, 70464, 512, 89, 266]]"
tempat tdr kurang nyaman . [O] [A] [S],konstruksi sangat lezat . [O] [A] [S],[O] kurang nyaman [A] tempat tdr [S] negative,[O] sangat lezat [A] konstruksi [S] positive,"[[508, 46, 60, 27265, 524, 19004, 12715, 508, 32, 60, 2730, 266, 259, 3612, 508, 50, 60, 8225]]","[[508, 46, 60, 70464, 512, 89, 266, 508, 32, 60, 16540, 495, 84, 31060, 508, 50, 60, 6785]]"
tempat tdr kurang nyaman . [O] [S] [A],konstruksi sangat lezat . [O] [S] [A],[O] kurang nyaman [S] negative [A] tempat tdr,[O] sangat lezat [S] positive [A] konstruksi,"[[508, 46, 60, 27265, 524, 19004, 12715, 508, 50, 60, 8225, 508, 32, 60, 2730, 266, 259, 3612]]","[[508, 46, 60, 70464, 512, 89, 266, 508, 50, 60, 6785, 508, 32, 60, 16540, 495, 84, 31060]]"
pelayanan bagus . terimakasih airy ! [A] [O] [S],teropong busuk . terimakasih airy ! [A] [O] [S],[A] pelayanan [O] bagus [S] positive,[A] teropong [O] busuk [S] negative,"[[508, 32, 60, 281, 6895, 28618, 508, 46, 60, 8968, 355, 508, 50, 60, 6785]]","[[508, 32, 60, 1982, 453, 644, 508, 46, 60, 5828, 3101, 508, 50, 60, 8225]]"
pelayanan bagus . terimakasih airy ! [A] [S] [O],teropong busuk . terimakasih airy ! [A] [S] [O],[A] pelayanan [S] positive [O] bagus,[A] teropong [S] negative [O] busuk,"[[508, 32, 60, 281, 6895, 28618, 508, 50, 60, 6785, 508, 46, 60, 8968, 355]]","[[508, 32, 60, 1982, 453, 644, 508, 50, 60, 8225, 508, 46, 60, 5828, 3101]]"
pelayanan bagus . terimakasih airy ! [S] [A] [O],teropong busuk . terimakasih airy ! [S] [A] [O],[S] positive [A] pelayanan [O] bagus,[S] negative [A] teropong [O] busuk,"[[508, 50, 60, 6785, 508, 32, 60, 281, 6895, 28618, 508, 46, 60, 8968, 355]]","[[508, 50, 60, 8225, 508, 32, 60, 1982, 453, 644, 508, 46, 60, 5828, 3101]]"
pelayanan bagus . terimakasih airy ! [O] [A] [S],teropong busuk . terimakasih airy ! [O] [A] [S],[O] bagus [A] pelayanan [S] positive,[O] busuk [A] teropong [S] negative,"[[508, 46, 60, 8968, 355, 508, 32, 60, 281, 6895, 28618, 508, 50, 60, 6785]]","[[508, 46, 60, 5828, 3101, 508, 32, 60, 1982, 453, 644, 508, 50, 60, 8225]]"
pelayanan bagus . terimakasih airy ! [O] [S] [A],teropong busuk . terimakasih airy ! [O] [S] [A],[O] bagus [S] positive [A] pelayanan,[O] busuk [S] negative [A] teropong,"[[508, 46, 60, 8968, 355, 508, 50, 60, 6785, 508, 32, 60, 281, 6895, 28618]]","[[508, 46, 60, 5828, 3101, 508, 50, 60, 8225, 508, 32, 60, 1982, 453, 644]]"
semua lengkap . [A] [O] [S],safari sulit . [A] [O] [S],[A] semua [O] lengkap [S] positive,[A] safari [O] sulit [S] negative,"[[508, 32, 60, 77497, 508, 46, 60, 47794, 38834, 508, 50, 60, 6785]]","[[508, 32, 60, 82306, 508, 46, 60, 25774, 275, 508, 50, 60, 8225]]"
semua lengkap . [A] [S] [O],safari sulit . [A] [S] [O],[A] semua [S] positive [O] lengkap,[A] safari [S] negative [O] sulit,"[[508, 32, 60, 77497, 508, 50, 60, 6785, 508, 46, 60, 47794, 38834]]","[[508, 32, 60, 82306, 508, 50, 60, 8225, 508, 46, 60, 25774, 275]]"
semua lengkap . [S] [A] [O],safari sulit . [S] [A] [O],[S] positive [A] semua [O] lengkap,[S] negative [A] safari [O] sulit,"[[508, 50, 60, 6785, 508, 32, 60, 77497, 508, 46, 60, 47794, 38834]]","[[508, 50, 60, 8225, 508, 32, 60, 82306, 508, 46, 60, 25774, 275]]"
semua lengkap . [O] [A] [S],safari sulit . [O] [A] [S],[O] lengkap [A] semua [S] positive,[O] sulit [A] safari [S] negative,"[[508, 46, 60, 47794, 38834, 508, 32, 60, 77497, 508, 50, 60, 6785]]","[[508, 46, 60, 25774, 275, 508, 32, 60, 82306, 508, 50, 60, 8225]]"
semua lengkap . [O] [S] [A],safari sulit . [O] [S] [A],[O] lengkap [S] positive [A] semua,[O] sulit [S] negative [A] safari,"[[508, 46, 60, 47794, 38834, 508, 50, 60, 6785, 508, 32, 60, 77497]]","[[508, 46, 60, 25774, 275, 508, 50, 60, 8225, 508, 32, 60, 82306]]"
kamar sempit banget . [A] [O] [S],tanah senang sekali . [A] [O] [S],[A] kamar [O] sempit banget [S] negative,[A] tanah [O] senang sekali [S] positive,"[[508, 32, 60, 595, 15554, 508, 46, 60, 74597, 275, 8943, 455, 508, 50, 60, 8225]]","[[508, 32, 60, 14197, 1466, 508, 46, 60, 6124, 524, 43834, 7956, 508, 50, 60, 6785]]"
kamar sempit banget . [A] [S] [O],tanah senang sekali . [A] [S] [O],[A] kamar [S] negative [O] sempit banget,[A] tanah [S] positive [O] senang sekali,"[[508, 32, 60, 595, 15554, 508, 50, 60, 8225, 508, 46, 60, 74597, 275, 8943, 455]]","[[508, 32, 60, 14197, 1466, 508, 50, 60, 6785, 508, 46, 60, 6124, 524, 43834, 7956]]"
kamar sempit banget . [S] [A] [O],tanah senang sekali . [S] [A] [O],[S] negative [A] kamar [O] sempit banget,[S] positive [A] tanah [O] senang sekali,"[[508, 50, 60, 8225, 508, 32, 60, 595, 15554, 508, 46, 60, 74597, 275, 8943, 455]]","[[508, 50, 60, 6785, 508, 32, 60, 14197, 1466, 508, 46, 60, 6124, 524, 43834, 7956]]"
kamar sempit banget . [O] [A] [S],tanah senang sekali . [O] [A] [S],[O] sempit banget [A] kamar [S] negative,[O] senang sekali [A] tanah [S] positive,"[[508, 46, 60, 74597, 275, 8943, 455, 508, 32, 60, 595, 15554, 508, 50, 60, 8225]]","[[508, 46, 60, 6124, 524, 43834, 7956, 508, 32, 60, 14197, 1466, 508, 50, 60, 6785]]"
kamar sempit banget . [O] [S] [A],tanah senang sekali . [O] [S] [A],[O] sempit banget [S] negative [A] kamar,[O] senang sekali [S] positive [A] tanah,"[[508, 46, 60, 74597, 275, 8943, 455, 508, 50, 60, 8225, 508, 32, 60, 595, 15554]]","[[508, 46, 60, 6124, 524, 43834, 7956, 508, 50, 60, 6785, 508, 32, 60, 14197, 1466]]"
kamar luas dekat stasiun balapan . [A] [O] [S],aspal seram dekat stasiun balapan . [A] [O] [S],[A] kamar [O] luas [S] positive,[A] aspal [O] seram [S] negative,"[[508, 32, 60, 595, 15554, 508, 46, 60, 24743, 300, 508, 50, 60, 6785]]","[[508, 32, 60, 438, 19308, 508, 46, 60, 1420, 309, 508, 50, 60, 8225]]"
kamar luas dekat stasiun balapan . [A] [S] [O],aspal seram dekat stasiun balapan . [A] [S] [O],[A] kamar [S] positive [O] luas,[A] aspal [S] negative [O] seram,"[[508, 32, 60, 595, 15554, 508, 50, 60, 6785, 508, 46, 60, 24743, 300]]","[[508, 32, 60, 438, 19308, 508, 50, 60, 8225, 508, 46, 60, 1420, 309]]"
kamar luas dekat stasiun balapan . [S] [A] [O],aspal seram dekat stasiun balapan . [S] [A] [O],[S] positive [A] kamar [O] luas,[S] negative [A] aspal [O] seram,"[[508, 50, 60, 6785, 508, 32, 60, 595, 15554, 508, 46, 60, 24743, 300]]","[[508, 50, 60, 8225, 508, 32, 60, 438, 19308, 508, 46, 60, 1420, 309]]"
kamar luas dekat stasiun balapan . [O] [A] [S],aspal seram dekat stasiun balapan . [O] [A] [S],[O] luas [A] kamar [S] positive,[O] seram [A] aspal [S] negative,"[[508, 46, 60, 24743, 300, 508, 32, 60, 595, 15554, 508, 50, 60, 6785]]","[[508, 46, 60, 1420, 309, 508, 32, 60, 438, 19308, 508, 50, 60, 8225]]"
kamar luas dekat stasiun balapan . [O] [S] [A],aspal seram dekat stasiun balapan . [O] [S] [A],[O] luas [S] positive [A] kamar,[O] seram [S] negative [A] aspal,"[[508, 46, 60, 24743, 300, 508, 50, 60, 6785, 508, 32, 60, 595, 15554]]","[[508, 46, 60, 1420, 309, 508, 50, 60, 8225, 508, 32, 60, 438, 19308]]"
wastafel macet . [A] [O] [S],teknisi nya meriah . [A] [O] [S],[A] wastafel [O] macet [S] negative,[A] teknisi nya [O] meriah [S] negative,"[[508, 32, 60, 40321, 2577, 301, 508, 46, 60, 8978, 295, 508, 50, 60, 8225]]","[[508, 32, 60, 80026, 13229, 75189, 508, 46, 60, 4704, 19310, 508, 50, 60, 8225]]"
wastafel macet . [A] [S] [O],teknisi nya meriah . [A] [S] [O],[A] wastafel [S] negative [O] macet,[A] teknisi nya [S] negative [O] meriah,"[[508, 32, 60, 40321, 2577, 301, 508, 50, 60, 8225, 508, 46, 60, 8978, 295]]","[[508, 32, 60, 80026, 13229, 75189, 508, 50, 60, 8225, 508, 46, 60, 4704, 19310]]"
wastafel macet . [S] [A] [O],teknisi nya meriah . [S] [A] [O],[S] negative [A] wastafel [O] macet,[S] negative [A] teknisi nya [O] meriah,"[[508, 50, 60, 8225, 508, 32, 60, 40321, 2577, 301, 508, 46, 60, 8978, 295]]","[[508, 50, 60, 8225, 508, 32, 60, 80026, 13229, 75189, 508, 46, 60, 4704, 19310]]"
wastafel macet . [O] [A] [S],teknisi nya meriah . [O] [A] [S],[O] macet [A] wastafel [S] negative,[O] meriah [A] teknisi nya [S] negative,"[[508, 46, 60, 8978, 295, 508, 32, 60, 40321, 2577, 301, 508, 50, 60, 8225]]","[[508, 46, 60, 4704, 19310, 508, 32, 60, 80026, 13229, 75189, 508, 50, 60, 8225]]"
wastafel macet . [O] [S] [A],teknisi nya meriah . [O] [S] [A],[O] macet [S] negative [A] wastafel,[O] meriah [S] negative [A] teknisi nya,"[[508, 46, 60, 8978, 295, 508, 50, 60, 8225, 508, 32, 60, 40321, 2577, 301]]","[[508, 46, 60, 4704, 19310, 508, 50, 60, 8225, 508, 32, 60, 80026, 13229, 75189]]"
tetapi tidak disediakan air mineral di dalam kamar . [A] [O] [S],tetapi dompet terasa empuk di dalam kamar . [A] [O] [S],[A] air mineral [O] tidak disediakan [S] negative,[A] dompet [O] terasa empuk [S] positive,"[[508, 32, 60, 3720, 24136, 508, 46, 60, 27281, 827, 19048, 19262, 508, 50, 60, 8225]]","[[508, 32, 60, 4719, 6862, 508, 46, 60, 1982, 15428, 8486, 3101, 508, 50, 60, 6785]]"
tetapi tidak disediakan air mineral di dalam kamar . [A] [S] [O],tetapi dompet terasa empuk di dalam kamar . [A] [S] [O],[A] air mineral [S] negative [O] tidak disediakan,[A] dompet [S] positive [O] terasa empuk,"[[508, 32, 60, 3720, 24136, 508, 50, 60, 8225, 508, 46, 60, 27281, 827, 19048, 19262]]","[[508, 32, 60, 4719, 6862, 508, 50, 60, 6785, 508, 46, 60, 1982, 15428, 8486, 3101]]"
tetapi tidak disediakan air mineral di dalam kamar . [S] [A] [O],tetapi dompet terasa empuk di dalam kamar . [S] [A] [O],[S] negative [A] air mineral [O] tidak disediakan,[S] positive [A] dompet [O] terasa empuk,"[[508, 50, 60, 8225, 508, 32, 60, 3720, 24136, 508, 46, 60, 27281, 827, 19048, 19262]]","[[508, 50, 60, 6785, 508, 32, 60, 4719, 6862, 508, 46, 60, 1982, 15428, 8486, 3101]]"
tetapi tidak disediakan air mineral di dalam kamar . [O] [A] [S],tetapi dompet terasa empuk di dalam kamar . [O] [A] [S],[O] tidak disediakan [A] air mineral [S] negative,[O] terasa empuk [A] dompet [S] positive,"[[508, 46, 60, 27281, 827, 19048, 19262, 508, 32, 60, 3720, 24136, 508, 50, 60, 8225]]","[[508, 46, 60, 1982, 15428, 8486, 3101, 508, 32, 60, 4719, 6862, 508, 50, 60, 6785]]"
tetapi tidak disediakan air mineral di dalam kamar . [O] [S] [A],tetapi dompet terasa empuk di dalam kamar . [O] [S] [A],[O] tidak disediakan [S] negative [A] air mineral,[O] terasa empuk [S] positive [A] dompet,"[[508, 46, 60, 27281, 827, 19048, 19262, 508, 50, 60, 8225, 508, 32, 60, 3720, 24136]]","[[508, 46, 60, 1982, 15428, 8486, 3101, 508, 50, 60, 6785, 508, 32, 60, 4719, 6862]]"
pelayanan resepsionis cepat . [A] [O] [S],suara kendaraan di luar bising . [A] [O] [S],[A] pelayanan resepsionis [O] cepat [S] positive,[A] suara kendaraan di luar [O] bising [S] negative,"[[508, 32, 60, 281, 6895, 28618, 312, 325, 1690, 290, 285, 508, 46, 60, 62090, 266, 508, 50, 60, 6785]]","[[508, 32, 60, 913, 5059, 71748, 5059, 276, 1853, 326, 18731, 508, 46, 60, 293, 3791, 508, 50, 60, 8225]]"
pelayanan resepsionis cepat . [A] [S] [O],suara kendaraan di luar bising . [A] [S] [O],[A] pelayanan resepsionis [S] positive [O] cepat,[A] suara kendaraan di luar [S] negative [O] bising,"[[508, 32, 60, 281, 6895, 28618, 312, 325, 1690, 290, 285, 508, 50, 60, 6785, 508, 46, 60, 62090, 266]]","[[508, 32, 60, 913, 5059, 71748, 5059, 276, 1853, 326, 18731, 508, 50, 60, 8225, 508, 46, 60, 293, 3791]]"
pelayanan resepsionis cepat . [S] [A] [O],suara kendaraan di luar bising . [S] [A] [O],[S] positive [A] pelayanan resepsionis [O] cepat,[S] negative [A] suara kendaraan di luar [O] bising,"[[508, 50, 60, 6785, 508, 32, 60, 281, 6895, 28618, 312, 325, 1690, 290, 285, 508, 46, 60, 62090, 266]]","[[508, 50, 60, 8225, 508, 32, 60, 913, 5059, 71748, 5059, 276, 1853, 326, 18731, 508, 46, 60, 293, 3791]]"
pelayanan resepsionis cepat . [O] [A] [S],suara kendaraan di luar bising . [O] [A] [S],[O] cepat [A] pelayanan resepsionis [S] positive,[O] bising [A] suara kendaraan di luar [S] negative,"[[508, 46, 60, 62090, 266, 508, 32, 60, 281, 6895, 28618, 312, 325, 1690, 290, 285, 508, 50, 60, 6785]]","[[508, 46, 60, 293, 3791, 508, 32, 60, 913, 5059, 71748, 5059, 276, 1853, 326, 18731, 508, 50, 60, 8225]]"
pelayanan resepsionis cepat . [O] [S] [A],suara kendaraan di luar bising . [O] [S] [A],[O] cepat [S] positive [A] pelayanan resepsionis,[O] bising [S] negative [A] suara kendaraan di luar,"[[508, 46, 60, 62090, 266, 508, 50, 60, 6785, 508, 32, 60, 281, 6895, 28618, 312, 325, 1690, 290, 285]]","[[508, 46, 60, 293, 3791, 508, 50, 60, 8225, 508, 32, 60, 913, 5059, 71748, 5059, 276, 1853, 326, 18731]]"
sayang sekali tidak ada sarapan apaapa . [A] [O] [S],sayang sekali ramah botol apaapa . [A] [O] [S],[A] sarapan [O] tidak ada [S] negative,[A] botol [O] ramah [S] positive,"[[508, 32, 60, 28047, 5359, 508, 46, 60, 27281, 34234, 508, 50, 60, 8225]]","[[508, 32, 60, 10924, 337, 508, 46, 60, 17823, 1466, 508, 50, 60, 6785]]"
sayang sekali tidak ada sarapan apaapa . [A] [S] [O],sayang sekali ramah botol apaapa . [A] [S] [O],[A] sarapan [S] negative [O] tidak ada,[A] botol [S] positive [O] ramah,"[[508, 32, 60, 28047, 5359, 508, 50, 60, 8225, 508, 46, 60, 27281, 34234]]","[[508, 32, 60, 10924, 337, 508, 50, 60, 6785, 508, 46, 60, 17823, 1466]]"
sayang sekali tidak ada sarapan apaapa . [S] [A] [O],sayang sekali ramah botol apaapa . [S] [A] [O],[S] negative [A] sarapan [O] tidak ada,[S] positive [A] botol [O] ramah,"[[508, 50, 60, 8225, 508, 32, 60, 28047, 5359, 508, 46, 60, 27281, 34234]]","[[508, 50, 60, 6785, 508, 32, 60, 10924, 337, 508, 46, 60, 17823, 1466]]"
sayang sekali tidak ada sarapan apaapa . [O] [A] [S],sayang sekali ramah botol apaapa . [O] [A] [S],[O] tidak ada [A] sarapan [S] negative,[O] ramah [A] botol [S] positive,"[[508, 46, 60, 27281, 34234, 508, 32, 60, 28047, 5359, 508, 50, 60, 8225]]","[[508, 46, 60, 17823, 1466, 508, 32, 60, 10924, 337, 508, 50, 60, 6785]]"
sayang sekali tidak ada sarapan apaapa . [O] [S] [A],sayang sekali ramah botol apaapa . [O] [S] [A],[O] tidak ada [S] negative [A] sarapan,[O] ramah [S] positive [A] botol,"[[508, 46, 60, 27281, 34234, 508, 50, 60, 8225, 508, 32, 60, 28047, 5359]]","[[508, 46, 60, 17823, 1466, 508, 50, 60, 6785, 508, 32, 60, 10924, 337]]"
untuk sarapan kurang memuaskan . [A] [O] [S],untuk sekop cukup menyegarkan . [A] [O] [S],[A] sarapan [O] kurang memuaskan [S] negative,[A] sekop [O] cukup menyegarkan [S] positive,"[[508, 32, 60, 28047, 5359, 508, 46, 60, 27265, 524, 1833, 84, 78351, 508, 50, 60, 8225]]","[[508, 32, 60, 43834, 453, 508, 46, 60, 92743, 454, 54425, 791, 61886, 508, 50, 60, 6785]]"
untuk sarapan kurang memuaskan . [A] [S] [O],untuk sekop cukup menyegarkan . [A] [S] [O],[A] sarapan [S] negative [O] kurang memuaskan,[A] sekop [S] positive [O] cukup menyegarkan,"[[508, 32, 60, 28047, 5359, 508, 50, 60, 8225, 508, 46, 60, 27265, 524, 1833, 84, 78351]]","[[508, 32, 60, 43834, 453, 508, 50, 60, 6785, 508, 46, 60, 92743, 454, 54425, 791, 61886]]"
untuk sarapan kurang memuaskan . [S] [A] [O],untuk sekop cukup menyegarkan . [S] [A] [O],[S] negative [A] sarapan [O] kurang memuaskan,[S] positive [A] sekop [O] cukup menyegarkan,"[[508, 50, 60, 8225, 508, 32, 60, 28047, 5359, 508, 46, 60, 27265, 524, 1833, 84, 78351]]","[[508, 50, 60, 6785, 508, 32, 60, 43834, 453, 508, 46, 60, 92743, 454, 54425, 791, 61886]]"
untuk sarapan kurang memuaskan . [O] [A] [S],untuk sekop cukup menyegarkan . [O] [A] [S],[O] kurang memuaskan [A] sarapan [S] negative,[O] cukup menyegarkan [A] sekop [S] positive,"[[508, 46, 60, 27265, 524, 1833, 84, 78351, 508, 32, 60, 28047, 5359, 508, 50, 60, 8225]]","[[508, 46, 60, 92743, 454, 54425, 791, 61886, 508, 32, 60, 43834, 453, 508, 50, 60, 6785]]"
untuk sarapan kurang memuaskan . [O] [S] [A],untuk sekop cukup menyegarkan . [O] [S] [A],[O] kurang memuaskan [S] negative [A] sarapan,[O] cukup menyegarkan [S] positive [A] sekop,"[[508, 46, 60, 27265, 524, 1833, 84, 78351, 508, 50, 60, 8225, 508, 32, 60, 28047, 5359]]","[[508, 46, 60, 92743, 454, 54425, 791, 61886, 508, 50, 60, 6785, 508, 32, 60, 43834, 453]]"
hotel nyaman . terimakasih airy . [A] [O] [S],kas lemot . terimakasih airy . [A] [O] [S],[A] hotel [O] nyaman [S] positive,[A] kas [O] lemot [S] negative,"[[508, 32, 60, 9500, 508, 46, 60, 19004, 12715, 508, 50, 60, 6785]]","[[508, 32, 60, 47656, 508, 46, 60, 512, 46828, 508, 50, 60, 8225]]"
hotel nyaman . terimakasih airy . [A] [S] [O],kas lemot . terimakasih airy . [A] [S] [O],[A] hotel [S] positive [O] nyaman,[A] kas [S] negative [O] lemot,"[[508, 32, 60, 9500, 508, 50, 60, 6785, 508, 46, 60, 19004, 12715]]","[[508, 32, 60, 47656, 508, 50, 60, 8225, 508, 46, 60, 512, 46828]]"
hotel nyaman . terimakasih airy . [S] [A] [O],kas lemot . terimakasih airy . [S] [A] [O],[S] positive [A] hotel [O] nyaman,[S] negative [A] kas [O] lemot,"[[508, 50, 60, 6785, 508, 32, 60, 9500, 508, 46, 60, 19004, 12715]]","[[508, 50, 60, 8225, 508, 32, 60, 47656, 508, 46, 60, 512, 46828]]"
hotel nyaman . terimakasih airy . [O] [A] [S],kas lemot . terimakasih airy . [O] [A] [S],[O] nyaman [A] hotel [S] positive,[O] lemot [A] kas [S] negative,"[[508, 46, 60, 19004, 12715, 508, 32, 60, 9500, 508, 50, 60, 6785]]","[[508, 46, 60, 512, 46828, 508, 32, 60, 47656, 508, 50, 60, 8225]]"
hotel nyaman . terimakasih airy . [O] [S] [A],kas lemot . terimakasih airy . [O] [S] [A],[O] nyaman [S] positive [A] hotel,[O] lemot [S] negative [A] kas,"[[508, 46, 60, 19004, 12715, 508, 50, 60, 6785, 508, 32, 60, 9500]]","[[508, 46, 60, 512, 46828, 508, 50, 60, 8225, 508, 32, 60, 47656]]"
shower nya rusak . [A] [O] [S],mobil nya peduli . [A] [O] [S],[A] shower nya [O] rusak [S] negative,[A] mobil nya [O] peduli [S] positive,"[[508, 32, 60, 17196, 75189, 508, 46, 60, 52454, 585, 508, 50, 60, 8225]]","[[508, 32, 60, 28805, 75189, 508, 46, 60, 10477, 23602, 508, 50, 60, 6785]]"
shower nya rusak . [A] [S] [O],mobil nya peduli . [A] [S] [O],[A] shower nya [S] negative [O] rusak,[A] mobil nya [S] positive [O] peduli,"[[508, 32, 60, 17196, 75189, 508, 50, 60, 8225, 508, 46, 60, 52454, 585]]","[[508, 32, 60, 28805, 75189, 508, 50, 60, 6785, 508, 46, 60, 10477, 23602]]"
shower nya rusak . [S] [A] [O],mobil nya peduli . [S] [A] [O],[S] negative [A] shower nya [O] rusak,[S] positive [A] mobil nya [O] peduli,"[[508, 50, 60, 8225, 508, 32, 60, 17196, 75189, 508, 46, 60, 52454, 585]]","[[508, 50, 60, 6785, 508, 32, 60, 28805, 75189, 508, 46, 60, 10477, 23602]]"
shower nya rusak . [O] [A] [S],mobil nya peduli . [O] [A] [S],[O] rusak [A] shower nya [S] negative,[O] peduli [A] mobil nya [S] positive,"[[508, 46, 60, 52454, 585, 508, 32, 60, 17196, 75189, 508, 50, 60, 8225]]","[[508, 46, 60, 10477, 23602, 508, 32, 60, 28805, 75189, 508, 50, 60, 6785]]"
shower nya rusak . [O] [S] [A],mobil nya peduli . [O] [S] [A],[O] rusak [S] negative [A] shower nya,[O] peduli [S] positive [A] mobil nya,"[[508, 46, 60, 52454, 585, 508, 50, 60, 8225, 508, 32, 60, 17196, 75189]]","[[508, 46, 60, 10477, 23602, 508, 50, 60, 6785, 508, 32, 60, 28805, 75189]]"
sudah 2 kali menginap disana dan pelayanannya memuaskan . [A] [O] [S],sudah 2 kali menginap disana dan tiang listrik tidak enak . [A] [O] [S],[A] pelayanannya [O] memuaskan [S] positive,[A] tiang listrik [O] tidak enak [S] negative,"[[508, 32, 60, 281, 6895, 276, 71098, 508, 46, 60, 1833, 84, 78351, 508, 50, 60, 6785]]","[[508, 32, 60, 8988, 524, 1140, 20411, 508, 46, 60, 27281, 662, 585, 508, 50, 60, 8225]]"
sudah 2 kali menginap disana dan pelayanannya memuaskan . [A] [S] [O],sudah 2 kali menginap disana dan tiang listrik tidak enak . [A] [S] [O],[A] pelayanannya [S] positive [O] memuaskan,[A] tiang listrik [S] negative [O] tidak enak,"[[508, 32, 60, 281, 6895, 276, 71098, 508, 50, 60, 6785, 508, 46, 60, 1833, 84, 78351]]","[[508, 32, 60, 8988, 524, 1140, 20411, 508, 50, 60, 8225, 508, 46, 60, 27281, 662, 585]]"
sudah 2 kali menginap disana dan pelayanannya memuaskan . [S] [A] [O],sudah 2 kali menginap disana dan tiang listrik tidak enak . [S] [A] [O],[S] positive [A] pelayanannya [O] memuaskan,[S] negative [A] tiang listrik [O] tidak enak,"[[508, 50, 60, 6785, 508, 32, 60, 281, 6895, 276, 71098, 508, 46, 60, 1833, 84, 78351]]","[[508, 50, 60, 8225, 508, 32, 60, 8988, 524, 1140, 20411, 508, 46, 60, 27281, 662, 585]]"
sudah 2 kali menginap disana dan pelayanannya memuaskan . [O] [A] [S],sudah 2 kali menginap disana dan tiang listrik tidak enak . [O] [A] [S],[O] memuaskan [A] pelayanannya [S] positive,[O] tidak enak [A] tiang listrik [S] negative,"[[508, 46, 60, 1833, 84, 78351, 508, 32, 60, 281, 6895, 276, 71098, 508, 50, 60, 6785]]","[[508, 46, 60, 27281, 662, 585, 508, 32, 60, 8988, 524, 1140, 20411, 508, 50, 60, 8225]]"
sudah 2 kali menginap disana dan pelayanannya memuaskan . [O] [S] [A],sudah 2 kali menginap disana dan tiang listrik tidak enak . [O] [S] [A],[O] memuaskan [S] positive [A] pelayanannya,[O] tidak enak [S] negative [A] tiang listrik,"[[508, 46, 60, 1833, 84, 78351, 508, 50, 60, 6785, 508, 32, 60, 281, 6895, 276, 71098]]","[[508, 46, 60, 27281, 662, 585, 508, 50, 60, 8225, 508, 32, 60, 8988, 524, 1140, 20411]]"
handuk cuma 1 . [A] [O] [S],tanah cukup enak . [A] [O] [S],[A] handuk [O] cuma 1 [S] negative,[A] tanah [O] cukup enak [S] positive,"[[508, 32, 60, 1424, 3101, 508, 46, 60, 12177, 64, 220, 16, 508, 50, 60, 8225]]","[[508, 32, 60, 14197, 1466, 508, 46, 60, 92743, 454, 662, 585, 508, 50, 60, 6785]]"
handuk cuma 1 . [A] [S] [O],tanah cukup enak . [A] [S] [O],[A] handuk [S] negative [O] cuma 1,[A] tanah [S] positive [O] cukup enak,"[[508, 32, 60, 1424, 3101, 508, 50, 60, 8225, 508, 46, 60, 12177, 64, 220, 16]]","[[508, 32, 60, 14197, 1466, 508, 50, 60, 6785, 508, 46, 60, 92743, 454, 662, 585]]"
handuk cuma 1 . [S] [A] [O],tanah cukup enak . [S] [A] [O],[S] negative [A] handuk [O] cuma 1,[S] positive [A] tanah [O] cukup enak,"[[508, 50, 60, 8225, 508, 32, 60, 1424, 3101, 508, 46, 60, 12177, 64, 220, 16]]","[[508, 50, 60, 6785, 508, 32, 60, 14197, 1466, 508, 46, 60, 92743, 454, 662, 585]]"
handuk cuma 1 . [O] [A] [S],tanah cukup enak . [O] [A] [S],[O] cuma 1 [A] handuk [S] negative,[O] cukup enak [A] tanah [S] positive,"[[508, 46, 60, 12177, 64, 220, 16, 508, 32, 60, 1424, 3101, 508, 50, 60, 8225]]","[[508, 46, 60, 92743, 454, 662, 585, 508, 32, 60, 14197, 1466, 508, 50, 60, 6785]]"
handuk cuma 1 . [O] [S] [A],tanah cukup enak . [O] [S] [A],[O] cuma 1 [S] negative [A] handuk,[O] cukup enak [S] positive [A] tanah,"[[508, 46, 60, 12177, 64, 220, 16, 508, 50, 60, 8225, 508, 32, 60, 1424, 3101]]","[[508, 46, 60, 92743, 454, 662, 585, 508, 50, 60, 6785, 508, 32, 60, 14197, 1466]]"
"proses check in nya lama , padahal sudah mau istirahat . [A] [O] [S]","taman rumahnya cepat , padahal sudah mau istirahat . [A] [O] [S]",[A] proses check in nya [O] lama [S] negative,[A] taman rumahnya [O] cepat [S] positive,"[[508, 32, 60, 8709, 288, 1779, 304, 75189, 508, 46, 60, 326, 3029, 508, 50, 60, 8225]]","[[508, 32, 60, 259, 12715, 13995, 1466, 22891, 508, 46, 60, 62090, 266, 508, 50, 60, 6785]]"
"proses check in nya lama , padahal sudah mau istirahat . [A] [S] [O]","taman rumahnya cepat , padahal sudah mau istirahat . [A] [S] [O]",[A] proses check in nya [S] negative [O] lama,[A] taman rumahnya [S] positive [O] cepat,"[[508, 32, 60, 8709, 288, 1779, 304, 75189, 508, 50, 60, 8225, 508, 46, 60, 326, 3029]]","[[508, 32, 60, 259, 12715, 13995, 1466, 22891, 508, 50, 60, 6785, 508, 46, 60, 62090, 266]]"
"proses check in nya lama , padahal sudah mau istirahat . [S] [A] [O]","taman rumahnya cepat , padahal sudah mau istirahat . [S] [A] [O]",[S] negative [A] proses check in nya [O] lama,[S] positive [A] taman rumahnya [O] cepat,"[[508, 50, 60, 8225, 508, 32, 60, 8709, 288, 1779, 304, 75189, 508, 46, 60, 326, 3029]]","[[508, 50, 60, 6785, 508, 32, 60, 259, 12715, 13995, 1466, 22891, 508, 46, 60, 62090, 266]]"
"proses check in nya lama , padahal sudah mau istirahat . [O] [A] [S]","taman rumahnya cepat , padahal sudah mau istirahat . [O] [A] [S]",[O] lama [A] proses check in nya [S] negative,[O] cepat [A] taman rumahnya [S] positive,"[[508, 46, 60, 326, 3029, 508, 32, 60, 8709, 288, 1779, 304, 75189, 508, 50, 60, 8225]]","[[508, 46, 60, 62090, 266, 508, 32, 60, 259, 12715, 13995, 1466, 22891, 508, 50, 60, 6785]]"
"proses check in nya lama , padahal sudah mau istirahat . [O] [S] [A]","taman rumahnya cepat , padahal sudah mau istirahat . [O] [S] [A]",[O] lama [S] negative [A] proses check in nya,[O] cepat [S] positive [A] taman rumahnya,"[[508, 46, 60, 326, 3029, 508, 50, 60, 8225, 508, 32, 60, 8709, 288, 1779, 304, 75189]]","[[508, 46, 60, 62090, 266, 508, 50, 60, 6785, 508, 32, 60, 259, 12715, 13995, 1466, 22891]]"
kamar mandi sempit . [A] [O] [S],pertambangannya sopan . [A] [O] [S],[A] kamar mandi [O] sempit [S] negative,[A] pertambangannya [O] sopan [S] positive,"[[508, 32, 60, 595, 15554, 11576, 72, 508, 46, 60, 74597, 275, 508, 50, 60, 8225]]","[[508, 32, 60, 18212, 2969, 524, 71098, 508, 46, 60, 70204, 276, 508, 50, 60, 6785]]"
kamar mandi sempit . [A] [S] [O],pertambangannya sopan . [A] [S] [O],[A] kamar mandi [S] negative [O] sempit,[A] pertambangannya [S] positive [O] sopan,"[[508, 32, 60, 595, 15554, 11576, 72, 508, 50, 60, 8225, 508, 46, 60, 74597, 275]]","[[508, 32, 60, 18212, 2969, 524, 71098, 508, 50, 60, 6785, 508, 46, 60, 70204, 276]]"
kamar mandi sempit . [S] [A] [O],pertambangannya sopan . [S] [A] [O],[S] negative [A] kamar mandi [O] sempit,[S] positive [A] pertambangannya [O] sopan,"[[508, 50, 60, 8225, 508, 32, 60, 595, 15554, 11576, 72, 508, 46, 60, 74597, 275]]","[[508, 50, 60, 6785, 508, 32, 60, 18212, 2969, 524, 71098, 508, 46, 60, 70204, 276]]"
kamar mandi sempit . [O] [A] [S],pertambangannya sopan . [O] [A] [S],[O] sempit [A] kamar mandi [S] negative,[O] sopan [A] pertambangannya [S] positive,"[[508, 46, 60, 74597, 275, 508, 32, 60, 595, 15554, 11576, 72, 508, 50, 60, 8225]]","[[508, 46, 60, 70204, 276, 508, 32, 60, 18212, 2969, 524, 71098, 508, 50, 60, 6785]]"
kamar mandi sempit . [O] [S] [A],pertambangannya sopan . [O] [S] [A],[O] sempit [S] negative [A] kamar mandi,[O] sopan [S] positive [A] pertambangannya,"[[508, 46, 60, 74597, 275, 508, 50, 60, 8225, 508, 32, 60, 595, 15554, 11576, 72]]","[[508, 46, 60, 70204, 276, 508, 50, 60, 6785, 508, 32, 60, 18212, 2969, 524, 71098]]"
ac kurang dingin . [A] [O] [S],api lumayan wangi . [A] [O] [S],[A] ac [O] kurang dingin [S] negative,[A] api [O] lumayan wangi [S] positive,"[[508, 32, 60, 1613, 508, 46, 60, 27265, 524, 66442, 258, 508, 50, 60, 8225]]","[[508, 32, 60, 6330, 508, 46, 60, 40163, 43857, 289, 78328, 508, 50, 60, 6785]]"
ac kurang dingin . [A] [S] [O],api lumayan wangi . [A] [S] [O],[A] ac [S] negative [O] kurang dingin,[A] api [S] positive [O] lumayan wangi,"[[508, 32, 60, 1613, 508, 50, 60, 8225, 508, 46, 60, 27265, 524, 66442, 258]]","[[508, 32, 60, 6330, 508, 50, 60, 6785, 508, 46, 60, 40163, 43857, 289, 78328]]"
ac kurang dingin . [S] [A] [O],api lumayan wangi . [S] [A] [O],[S] negative [A] ac [O] kurang dingin,[S] positive [A] api [O] lumayan wangi,"[[508, 50, 60, 8225, 508, 32, 60, 1613, 508, 46, 60, 27265, 524, 66442, 258]]","[[508, 50, 60, 6785, 508, 32, 60, 6330, 508, 46, 60, 40163, 43857, 289, 78328]]"
ac kurang dingin . [O] [A] [S],api lumayan wangi . [O] [A] [S],[O] kurang dingin [A] ac [S] negative,[O] lumayan wangi [A] api [S] positive,"[[508, 46, 60, 27265, 524, 66442, 258, 508, 32, 60, 1613, 508, 50, 60, 8225]]","[[508, 46, 60, 40163, 43857, 289, 78328, 508, 32, 60, 6330, 508, 50, 60, 6785]]"
ac kurang dingin . [O] [S] [A],api lumayan wangi . [O] [S] [A],[O] kurang dingin [S] negative [A] ac,[O] lumayan wangi [S] positive [A] api,"[[508, 46, 60, 27265, 524, 66442, 258, 508, 50, 60, 8225, 508, 32, 60, 1613]]","[[508, 46, 60, 40163, 43857, 289, 78328, 508, 50, 60, 6785, 508, 32, 60, 6330]]"
"setiap mau check in pasti dihotel ini , karena pelayanannya sangat baik . [A] [O] [S]","setiap mau check in pasti dihotel ini , karena peliharaan sangat keras . [A] [O] [S]",[A] pelayanannya [O] sangat baik [S] positive,[A] peliharaan [O] sangat keras [S] negative,"[[508, 32, 60, 281, 6895, 276, 71098, 508, 46, 60, 70464, 79187, 508, 50, 60, 6785]]","[[508, 32, 60, 11814, 6996, 5059, 276, 508, 46, 60, 70464, 25689, 508, 50, 60, 8225]]"
"setiap mau check in pasti dihotel ini , karena pelayanannya sangat baik . [A] [S] [O]","setiap mau check in pasti dihotel ini , karena peliharaan sangat keras . [A] [S] [O]",[A] pelayanannya [S] positive [O] sangat baik,[A] peliharaan [S] negative [O] sangat keras,"[[508, 32, 60, 281, 6895, 276, 71098, 508, 50, 60, 6785, 508, 46, 60, 70464, 79187]]","[[508, 32, 60, 11814, 6996, 5059, 276, 508, 50, 60, 8225, 508, 46, 60, 70464, 25689]]"
"setiap mau check in pasti dihotel ini , karena pelayanannya sangat baik . [S] [A] [O]","setiap mau check in pasti dihotel ini , karena peliharaan sangat keras . [S] [A] [O]",[S] positive [A] pelayanannya [O] sangat baik,[S] negative [A] peliharaan [O] sangat keras,"[[508, 50, 60, 6785, 508, 32, 60, 281, 6895, 276, 71098, 508, 46, 60, 70464, 79187]]","[[508, 50, 60, 8225, 508, 32, 60, 11814, 6996, 5059, 276, 508, 46, 60, 70464, 25689]]"
"setiap mau check in pasti dihotel ini , karena pelayanannya sangat baik . [O] [A] [S]","setiap mau check in pasti dihotel ini , karena peliharaan sangat keras . [O] [A] [S]",[O] sangat baik [A] pelayanannya [S] positive,[O] sangat keras [A] peliharaan [S] negative,"[[508, 46, 60, 70464, 79187, 508, 32, 60, 281, 6895, 276, 71098, 508, 50, 60, 6785]]","[[508, 46, 60, 70464, 25689, 508, 32, 60, 11814, 6996, 5059, 276, 508, 50, 60, 8225]]"
"setiap mau check in pasti dihotel ini , karena pelayanannya sangat baik . [O] [S] [A]","setiap mau check in pasti dihotel ini , karena peliharaan sangat keras . [O] [S] [A]",[O] sangat baik [S] positive [A] pelayanannya,[O] sangat keras [S] negative [A] peliharaan,"[[508, 46, 60, 70464, 79187, 508, 50, 60, 6785, 508, 32, 60, 281, 6895, 276, 71098]]","[[508, 46, 60, 70464, 25689, 508, 50, 60, 8225, 508, 32, 60, 11814, 6996, 5059, 276]]"
hanya saja ruangan terlalu sempit . [A] [O] [S],hanya saja amplop lincah sekali . [A] [O] [S],[A] ruangan [O] terlalu sempit [S] negative,[A] amplop [O] lincah sekali [S] positive,"[[508, 32, 60, 11122, 18633, 508, 46, 60, 1982, 75, 36986, 74597, 275, 508, 50, 60, 8225]]","[[508, 32, 60, 22758, 22288, 508, 46, 60, 9805, 924, 71, 43834, 7956, 508, 50, 60, 6785]]"
hanya saja ruangan terlalu sempit . [A] [S] [O],hanya saja amplop lincah sekali . [A] [S] [O],[A] ruangan [S] negative [O] terlalu sempit,[A] amplop [S] positive [O] lincah sekali,"[[508, 32, 60, 11122, 18633, 508, 50, 60, 8225, 508, 46, 60, 1982, 75, 36986, 74597, 275]]","[[508, 32, 60, 22758, 22288, 508, 50, 60, 6785, 508, 46, 60, 9805, 924, 71, 43834, 7956]]"
hanya saja ruangan terlalu sempit . [S] [A] [O],hanya saja amplop lincah sekali . [S] [A] [O],[S] negative [A] ruangan [O] terlalu sempit,[S] positive [A] amplop [O] lincah sekali,"[[508, 50, 60, 8225, 508, 32, 60, 11122, 18633, 508, 46, 60, 1982, 75, 36986, 74597, 275]]","[[508, 50, 60, 6785, 508, 32, 60, 22758, 22288, 508, 46, 60, 9805, 924, 71, 43834, 7956]]"
hanya saja ruangan terlalu sempit . [O] [A] [S],hanya saja amplop lincah sekali . [O] [A] [S],[O] terlalu sempit [A] ruangan [S] negative,[O] lincah sekali [A] amplop [S] positive,"[[508, 46, 60, 1982, 75, 36986, 74597, 275, 508, 32, 60, 11122, 18633, 508, 50, 60, 8225]]","[[508, 46, 60, 9805, 924, 71, 43834, 7956, 508, 32, 60, 22758, 22288, 508, 50, 60, 6785]]"
hanya saja ruangan terlalu sempit . [O] [S] [A],hanya saja amplop lincah sekali . [O] [S] [A],[O] terlalu sempit [S] negative [A] ruangan,[O] lincah sekali [S] positive [A] amplop,"[[508, 46, 60, 1982, 75, 36986, 74597, 275, 508, 50, 60, 8225, 508, 32, 60, 11122, 18633]]","[[508, 46, 60, 9805, 924, 71, 43834, 7956, 508, 50, 60, 6785, 508, 32, 60, 22758, 22288]]"
"bagus tempatnya , dekat rumah makan . [A] [O] [S]","sedih emasnya , dekat rumah makan . [A] [O] [S]",[A] tempatnya [O] bagus [S] positive,[A] emasnya [O] sedih [S] negative,"[[508, 32, 60, 2730, 266, 22891, 508, 46, 60, 8968, 355, 508, 50, 60, 6785]]","[[508, 32, 60, 976, 300, 22891, 508, 46, 60, 10923, 6996, 508, 50, 60, 8225]]"
"bagus tempatnya , dekat rumah makan . [A] [S] [O]","sedih emasnya , dekat rumah makan . [A] [S] [O]",[A] tempatnya [S] positive [O] bagus,[A] emasnya [S] negative [O] sedih,"[[508, 32, 60, 2730, 266, 22891, 508, 50, 60, 6785, 508, 46, 60, 8968, 355]]","[[508, 32, 60, 976, 300, 22891, 508, 50, 60, 8225, 508, 46, 60, 10923, 6996]]"
"bagus tempatnya , dekat rumah makan . [S] [A] [O]","sedih emasnya , dekat rumah makan . [S] [A] [O]",[S] positive [A] tempatnya [O] bagus,[S] negative [A] emasnya [O] sedih,"[[508, 50, 60, 6785, 508, 32, 60, 2730, 266, 22891, 508, 46, 60, 8968, 355]]","[[508, 50, 60, 8225, 508, 32, 60, 976, 300, 22891, 508, 46, 60, 10923, 6996]]"
"bagus tempatnya , dekat rumah makan . [O] [A] [S]","sedih emasnya , dekat rumah makan . [O] [A] [S]",[O] bagus [A] tempatnya [S] positive,[O] sedih [A] emasnya [S] negative,"[[508, 46, 60, 8968, 355, 508, 32, 60, 2730, 266, 22891, 508, 50, 60, 6785]]","[[508, 46, 60, 10923, 6996, 508, 32, 60, 976, 300, 22891, 508, 50, 60, 8225]]"
"bagus tempatnya , dekat rumah makan . [O] [S] [A]","sedih emasnya , dekat rumah makan . [O] [S] [A]",[O] bagus [S] positive [A] tempatnya,[O] sedih [S] negative [A] emasnya,"[[508, 46, 60, 8968, 355, 508, 50, 60, 6785, 508, 32, 60, 2730, 266, 22891]]","[[508, 46, 60, 10923, 6996, 508, 50, 60, 8225, 508, 32, 60, 976, 300, 22891]]"
"kamar tidak sesuai gambar , tidak bersih . [A] [O] [S]","kopi cerdik sekali , sangat modis . [A] [O] [S]",[A] kamar [O] tidak sesuai gambar [S] negative [SSEP] [A] kamar [O] tidak bersih [S] negative,[A] kopi [O] cerdik sekali [S] positive [SSEP] [A] kopi [O] sangat modis [S] positive,"[[508, 32, 60, 595, 15554, 508, 46, 60, 27281, 15537, 84695, 9015, 2257, 508, 50, 60, 8225, 508, 50, 81376, 60, 508, 32, 60, 595, 15554, 508, 46, 60, 27281, 58554, 6996, 508, 50, 60, 8225]]","[[508, 32, 60, 595, 71087, 508, 46, 60, 10152, 67, 1579, 43834, 7956, 508, 50, 60, 6785, 508, 50, 81376, 60, 508, 32, 60, 595, 71087, 508, 46, 60, 70464, 1463, 285, 508, 50, 60, 6785]]"
"kamar tidak sesuai gambar , tidak bersih . [A] [S] [O]","kopi cerdik sekali , sangat modis . [A] [S] [O]",[A] kamar [S] negative [O] tidak sesuai gambar [SSEP] [A] kamar [S] negative [O] tidak bersih,[A] kopi [S] positive [O] cerdik sekali [SSEP] [A] kopi [S] positive [O] sangat modis,"[[508, 32, 60, 595, 15554, 508, 50, 60, 8225, 508, 46, 60, 27281, 15537, 84695, 9015, 2257, 508, 50, 81376, 60, 508, 32, 60, 595, 15554, 508, 50, 60, 8225, 508, 46, 60, 27281, 58554, 6996]]","[[508, 32, 60, 595, 71087, 508, 50, 60, 6785, 508, 46, 60, 10152, 67, 1579, 43834, 7956, 508, 50, 81376, 60, 508, 32, 60, 595, 71087, 508, 50, 60, 6785, 508, 46, 60, 70464, 1463, 285]]"
"kamar tidak sesuai gambar , tidak bersih . [S] [A] [O]","kopi cerdik sekali , sangat modis . [S] [A] [O]",[S] negative [A] kamar [O] tidak sesuai gambar [SSEP] [S] negative [A] kamar [O] tidak bersih,[S] positive [A] kopi [O] cerdik sekali [SSEP] [S] positive [A] kopi [O] sangat modis,"[[508, 50, 60, 8225, 508, 32, 60, 595, 15554, 508, 46, 60, 27281, 15537, 84695, 9015, 2257, 508, 50, 81376, 60, 508, 50, 60, 8225, 508, 32, 60, 595, 15554, 508, 46, 60, 27281, 58554, 6996]]","[[508, 50, 60, 6785, 508, 32, 60, 595, 71087, 508, 46, 60, 10152, 67, 1579, 43834, 7956, 508, 50, 81376, 60, 508, 50, 60, 6785, 508, 32, 60, 595, 71087, 508, 46, 60, 70464, 1463, 285]]"
"kamar tidak sesuai gambar , tidak bersih . [O] [A] [S]","kopi cerdik sekali , sangat modis . [O] [A] [S]",[O] tidak sesuai gambar [A] kamar [S] negative [SSEP] [O] tidak bersih [A] kamar [S] negative,[O] cerdik sekali [A] kopi [S] positive [SSEP] [O] sangat modis [A] kopi [S] positive,"[[508, 46, 60, 27281, 15537, 84695, 9015, 2257, 508, 32, 60, 595, 15554, 508, 50, 60, 8225, 508, 50, 81376, 60, 508, 46, 60, 27281, 58554, 6996, 508, 32, 60, 595, 15554, 508, 50, 60, 8225]]","[[508, 46, 60, 10152, 67, 1579, 43834, 7956, 508, 32, 60, 595, 71087, 508, 50, 60, 6785, 508, 50, 81376, 60, 508, 46, 60, 70464, 1463, 285, 508, 32, 60, 595, 71087, 508, 50, 60, 6785]]"
"kamar tidak sesuai gambar , tidak bersih . [O] [S] [A]","kopi cerdik sekali , sangat modis . [O] [S] [A]",[O] tidak sesuai gambar [S] negative [A] kamar [SSEP] [O] tidak bersih [S] negative [A] kamar,[O] cerdik sekali [S] positive [A] kopi [SSEP] [O] sangat modis [S] positive [A] kopi,"[[508, 46, 60, 27281, 15537, 84695, 9015, 2257, 508, 50, 60, 8225, 508, 32, 60, 595, 15554, 508, 50, 81376, 60, 508, 46, 60, 27281, 58554, 6996, 508, 50, 60, 8225, 508, 32, 60, 595, 15554]]","[[508, 46, 60, 10152, 67, 1579, 43834, 7956, 508, 50, 60, 6785, 508, 32, 60, 595, 71087, 508, 50, 81376, 60, 508, 46, 60, 70464, 1463, 285, 508, 50, 60, 6785, 508, 32, 60, 595, 71087]]"
kamar bersih . ac kurang dingin . [A] [O] [S],pohon gelap . motor cukup matang . [A] [O] [S],[A] kamar [O] bersih [S] positive [SSEP] [A] ac [O] kurang dingin [S] negative,[A] pohon [O] gelap [S] negative [SSEP] [A] motor [O] cukup matang [S] positive,"[[508, 32, 60, 595, 15554, 508, 46, 60, 58554, 6996, 508, 50, 60, 6785, 508, 50, 81376, 60, 508, 32, 60, 1613, 508, 46, 60, 27265, 524, 66442, 258, 508, 50, 60, 8225]]","[[508, 32, 60, 281, 98592, 508, 46, 60, 17837, 391, 508, 50, 60, 8225, 508, 50, 81376, 60, 508, 32, 60, 8872, 508, 46, 60, 92743, 454, 5517, 524, 508, 50, 60, 6785]]"
kamar bersih . ac kurang dingin . [A] [S] [O],pohon gelap . motor cukup matang . [A] [S] [O],[A] kamar [S] positive [O] bersih [SSEP] [A] ac [S] negative [O] kurang dingin,[A] pohon [S] negative [O] gelap [SSEP] [A] motor [S] positive [O] cukup matang,"[[508, 32, 60, 595, 15554, 508, 50, 60, 6785, 508, 46, 60, 58554, 6996, 508, 50, 81376, 60, 508, 32, 60, 1613, 508, 50, 60, 8225, 508, 46, 60, 27265, 524, 66442, 258]]","[[508, 32, 60, 281, 98592, 508, 50, 60, 8225, 508, 46, 60, 17837, 391, 508, 50, 81376, 60, 508, 32, 60, 8872, 508, 50, 60, 6785, 508, 46, 60, 92743, 454, 5517, 524]]"
kamar bersih . ac kurang dingin . [S] [A] [O],pohon gelap . motor cukup matang . [S] [A] [O],[S] positive [A] kamar [O] bersih [SSEP] [S] negative [A] ac [O] kurang dingin,[S] negative [A] pohon [O] gelap [SSEP] [S] positive [A] motor [O] cukup matang,"[[508, 50, 60, 6785, 508, 32, 60, 595, 15554, 508, 46, 60, 58554, 6996, 508, 50, 81376, 60, 508, 50, 60, 8225, 508, 32, 60, 1613, 508, 46, 60, 27265, 524, 66442, 258]]","[[508, 50, 60, 8225, 508, 32, 60, 281, 98592, 508, 46, 60, 17837, 391, 508, 50, 81376, 60, 508, 50, 60, 6785, 508, 32, 60, 8872, 508, 46, 60, 92743, 454, 5517, 524]]"
kamar bersih . ac kurang dingin . [O] [A] [S],pohon gelap . motor cukup matang . [O] [A] [S],[O] bersih [A] kamar [S] positive [SSEP] [O] kurang dingin [A] ac [S] negative,[O] gelap [A] pohon [S] negative [SSEP] [O] cukup matang [A] motor [S] positive,"[[508, 46, 60, 58554, 6996, 508, 32, 60, 595, 15554, 508, 50, 60, 6785, 508, 50, 81376, 60, 508, 46, 60, 27265, 524, 66442, 258, 508, 32, 60, 1613, 508, 50, 60, 8225]]","[[508, 46, 60, 17837, 391, 508, 32, 60, 281, 98592, 508, 50, 60, 8225, 508, 50, 81376, 60, 508, 46, 60, 92743, 454, 5517, 524, 508, 32, 60, 8872, 508, 50, 60, 6785]]"
kamar bersih . ac kurang dingin . [O] [S] [A],pohon gelap . motor cukup matang . [O] [S] [A],[O] bersih [S] positive [A] kamar [SSEP] [O] kurang dingin [S] negative [A] ac,[O] gelap [S] negative [A] pohon [SSEP] [O] cukup matang [S] positive [A] motor,"[[508, 46, 60, 58554, 6996, 508, 50, 60, 6785, 508, 32, 60, 595, 15554, 508, 50, 81376, 60, 508, 46, 60, 27265, 524, 66442, 258, 508, 50, 60, 8225, 508, 32, 60, 1613]]","[[508, 46, 60, 17837, 391, 508, 50, 60, 8225, 508, 32, 60, 281, 98592, 508, 50, 81376, 60, 508, 46, 60, 92743, 454, 5517, 524, 508, 50, 60, 6785, 508, 32, 60, 8872]]"
tempatnya nyaman bersih . [A] [O] [S],pakarnya lapuk rapuh . [A] [O] [S],[A] tempatnya [O] nyaman [S] positive [SSEP] [A] tempatnya [O] bersih [S] positive,[A] pakarnya [O] lapuk [S] negative [SSEP] [A] pakarnya [O] rapuh [S] negative,"[[508, 32, 60, 2730, 266, 22891, 508, 46, 60, 19004, 12715, 508, 50, 60, 6785, 508, 50, 81376, 60, 508, 32, 60, 2730, 266, 22891, 508, 46, 60, 58554, 6996, 508, 50, 60, 6785]]","[[508, 32, 60, 38014, 1885, 7755, 508, 46, 60, 23410, 3101, 508, 50, 60, 8225, 508, 50, 81376, 60, 508, 32, 60, 38014, 1885, 7755, 508, 46, 60, 7327, 12540, 508, 50, 60, 8225]]"
tempatnya nyaman bersih . [A] [S] [O],pakarnya lapuk rapuh . [A] [S] [O],[A] tempatnya [S] positive [O] nyaman [SSEP] [A] tempatnya [S] positive [O] bersih,[A] pakarnya [S] negative [O] lapuk [SSEP] [A] pakarnya [S] negative [O] rapuh,"[[508, 32, 60, 2730, 266, 22891, 508, 50, 60, 6785, 508, 46, 60, 19004, 12715, 508, 50, 81376, 60, 508, 32, 60, 2730, 266, 22891, 508, 50, 60, 6785, 508, 46, 60, 58554, 6996]]","[[508, 32, 60, 38014, 1885, 7755, 508, 50, 60, 8225, 508, 46, 60, 23410, 3101, 508, 50, 81376, 60, 508, 32, 60, 38014, 1885, 7755, 508, 50, 60, 8225, 508, 46, 60, 7327, 12540]]"
tempatnya nyaman bersih . [S] [A] [O],pakarnya lapuk rapuh . [S] [A] [O],[S] positive [A] tempatnya [O] nyaman [SSEP] [S] positive [A] tempatnya [O] bersih,[S] negative [A] pakarnya [O] lapuk [SSEP] [S] negative [A] pakarnya [O] rapuh,"[[508, 50, 60, 6785, 508, 32, 60, 2730, 266, 22891, 508, 46, 60, 19004, 12715, 508, 50, 81376, 60, 508, 50, 60, 6785, 508, 32, 60, 2730, 266, 22891, 508, 46, 60, 58554, 6996]]","[[508, 50, 60, 8225, 508, 32, 60, 38014, 1885, 7755, 508, 46, 60, 23410, 3101, 508, 50, 81376, 60, 508, 50, 60, 8225, 508, 32, 60, 38014, 1885, 7755, 508, 46, 60, 7327, 12540]]"
tempatnya nyaman bersih . [O] [A] [S],pakarnya lapuk rapuh . [O] [A] [S],[O] nyaman [A] tempatnya [S] positive [SSEP] [O] bersih [A] tempatnya [S] positive,[O] lapuk [A] pakarnya [S] negative [SSEP] [O] rapuh [A] pakarnya [S] negative,"[[508, 46, 60, 19004, 12715, 508, 32, 60, 2730, 266, 22891, 508, 50, 60, 6785, 508, 50, 81376, 60, 508, 46, 60, 58554, 6996, 508, 32, 60, 2730, 266, 22891, 508, 50, 60, 6785]]","[[508, 46, 60, 23410, 3101, 508, 32, 60, 38014, 1885, 7755, 508, 50, 60, 8225, 508, 50, 81376, 60, 508, 46, 60, 7327, 12540, 508, 32, 60, 38014, 1885, 7755, 508, 50, 60, 8225]]"
tempatnya nyaman bersih . [O] [S] [A],pakarnya lapuk rapuh . [O] [S] [A],[O] nyaman [S] positive [A] tempatnya [SSEP] [O] bersih [S] positive [A] tempatnya,[O] lapuk [S] negative [A] pakarnya [SSEP] [O] rapuh [S] negative [A] pakarnya,"[[508, 46, 60, 19004, 12715, 508, 50, 60, 6785, 508, 32, 60, 2730, 266, 22891, 508, 50, 81376, 60, 508, 46, 60, 58554, 6996, 508, 50, 60, 6785, 508, 32, 60, 2730, 266, 22891]]","[[508, 46, 60, 23410, 3101, 508, 50, 60, 8225, 508, 32, 60, 38014, 1885, 7755, 508, 50, 81376, 60, 508, 46, 60, 7327, 12540, 508, 50, 60, 8225, 508, 32, 60, 38014, 1885, 7755]]"
"tempatnya strategis , kamarnya sangat bagus . [A] [O] [S]","pasaknya busuk , tisunya sangat pelit . [A] [O] [S]",[A] tempatnya [O] strategis [S] positive [SSEP] [A] kamarnya [O] sangat bagus [S] positive,[A] pasaknya [O] busuk [S] negative [SSEP] [A] tisunya [O] sangat pelit [S] positive,"[[508, 32, 60, 2730, 266, 22891, 508, 46, 60, 5275, 285, 508, 50, 60, 6785, 508, 50, 81376, 60, 508, 32, 60, 33661, 1885, 7755, 508, 46, 60, 70464, 8968, 355, 508, 50, 60, 6785]]","[[508, 32, 60, 6368, 585, 22891, 508, 46, 60, 5828, 3101, 508, 50, 60, 8225, 508, 50, 81376, 60, 508, 32, 60, 259, 285, 81271, 508, 46, 60, 70464, 11814, 275, 508, 50, 60, 6785]]"
"tempatnya strategis , kamarnya sangat bagus . [A] [S] [O]","pasaknya busuk , tisunya sangat pelit . [A] [S] [O]",[A] tempatnya [S] positive [O] strategis [SSEP] [A] kamarnya [S] positive [O] sangat bagus,[A] pasaknya [S] negative [O] busuk [SSEP] [A] tisunya [S] positive [O] sangat pelit,"[[508, 32, 60, 2730, 266, 22891, 508, 50, 60, 6785, 508, 46, 60, 5275, 285, 508, 50, 81376, 60, 508, 32, 60, 33661, 1885, 7755, 508, 50, 60, 6785, 508, 46, 60, 70464, 8968, 355]]","[[508, 32, 60, 6368, 585, 22891, 508, 50, 60, 8225, 508, 46, 60, 5828, 3101, 508, 50, 81376, 60, 508, 32, 60, 259, 285, 81271, 508, 50, 60, 6785, 508, 46, 60, 70464, 11814, 275]]"
"tempatnya strategis , kamarnya sangat bagus . [S] [A] [O]","pasaknya busuk , tisunya sangat pelit . [S] [A] [O]",[S] positive [A] tempatnya [O] strategis [SSEP] [S] positive [A] kamarnya [O] sangat bagus,[S] negative [A] pasaknya [O] busuk [SSEP] [S] positive [A] tisunya [O] sangat pelit,"[[508, 50, 60, 6785, 508, 32, 60, 2730, 266, 22891, 508, 46, 60, 5275, 285, 508, 50, 81376, 60, 508, 50, 60, 6785, 508, 32, 60, 33661, 1885, 7755, 508, 46, 60, 70464, 8968, 355]]","[[508, 50, 60, 8225, 508, 32, 60, 6368, 585, 22891, 508, 46, 60, 5828, 3101, 508, 50, 81376, 60, 508, 50, 60, 6785, 508, 32, 60, 259, 285, 81271, 508, 46, 60, 70464, 11814, 275]]"
"tempatnya strategis , kamarnya sangat bagus . [O] [A] [S]","pasaknya busuk , tisunya sangat pelit . [O] [A] [S]",[O] strategis [A] tempatnya [S] positive [SSEP] [O] sangat bagus [A] kamarnya [S] positive,[O] busuk [A] pasaknya [S] negative [SSEP] [O] sangat pelit [A] tisunya [S] positive,"[[508, 46, 60, 5275, 285, 508, 32, 60, 2730, 266, 22891, 508, 50, 60, 6785, 508, 50, 81376, 60, 508, 46, 60, 70464, 8968, 355, 508, 32, 60, 33661, 1885, 7755, 508, 50, 60, 6785]]","[[508, 46, 60, 5828, 3101, 508, 32, 60, 6368, 585, 22891, 508, 50, 60, 8225, 508, 50, 81376, 60, 508, 46, 60, 70464, 11814, 275, 508, 32, 60, 259, 285, 81271, 508, 50, 60, 6785]]"
"tempatnya strategis , kamarnya sangat bagus . [O] [S] [A]","pasaknya busuk , tisunya sangat pelit . [O] [S] [A]",[O] strategis [S] positive [A] tempatnya [SSEP] [O] sangat bagus [S] positive [A] kamarnya,[O] busuk [S] negative [A] pasaknya [SSEP] [O] sangat pelit [S] positive [A] tisunya,"[[508, 46, 60, 5275, 285, 508, 50, 60, 6785, 508, 32, 60, 2730, 266, 22891, 508, 50, 81376, 60, 508, 46, 60, 70464, 8968, 355, 508, 50, 60, 6785, 508, 32, 60, 33661, 1885, 7755]]","[[508, 46, 60, 5828, 3101, 508, 50, 60, 8225, 508, 32, 60, 6368, 585, 22891, 508, 50, 81376, 60, 508, 46, 60, 70464, 11814, 275, 508, 50, 60, 6785, 508, 32, 60, 259, 285, 81271]]"
"kamar bersih , kamar mandi bersih . [A] [O] [S]","kabel malas , sepatu bola galak . [A] [O] [S]",[A] kamar [O] bersih [S] positive [SSEP] [A] kamar mandi [O] bersih [S] positive,[A] kabel [O] malas [S] negative [SSEP] [A] sepatu bola [O] galak [S] negative,"[[508, 32, 60, 595, 15554, 508, 46, 60, 58554, 6996, 508, 50, 60, 6785, 508, 50, 81376, 60, 508, 32, 60, 595, 15554, 11576, 72, 508, 46, 60, 58554, 6996, 508, 50, 60, 6785]]","[[508, 32, 60, 595, 780, 508, 46, 60, 8641, 300, 508, 50, 60, 8225, 508, 50, 81376, 60, 508, 32, 60, 511, 4676, 84, 97187, 508, 46, 60, 15369, 585, 508, 50, 60, 8225]]"
"kamar bersih , kamar mandi bersih . [A] [S] [O]","kabel malas , sepatu bola galak . [A] [S] [O]",[A] kamar [S] positive [O] bersih [SSEP] [A] kamar mandi [S] positive [O] bersih,[A] kabel [S] negative [O] malas [SSEP] [A] sepatu bola [S] negative [O] galak,"[[508, 32, 60, 595, 15554, 508, 50, 60, 6785, 508, 46, 60, 58554, 6996, 508, 50, 81376, 60, 508, 32, 60, 595, 15554, 11576, 72, 508, 50, 60, 6785, 508, 46, 60, 58554, 6996]]","[[508, 32, 60, 595, 780, 508, 50, 60, 8225, 508, 46, 60, 8641, 300, 508, 50, 81376, 60, 508, 32, 60, 511, 4676, 84, 97187, 508, 50, 60, 8225, 508, 46, 60, 15369, 585]]"
"kamar bersih , kamar mandi bersih . [S] [A] [O]","kabel malas , sepatu bola galak . [S] [A] [O]",[S] positive [A] kamar [O] bersih [SSEP] [S] positive [A] kamar mandi [O] bersih,[S] negative [A] kabel [O] malas [SSEP] [S] negative [A] sepatu bola [O] galak,"[[508, 50, 60, 6785, 508, 32, 60, 595, 15554, 508, 46, 60, 58554, 6996, 508, 50, 81376, 60, 508, 50, 60, 6785, 508, 32, 60, 595, 15554, 11576, 72, 508, 46, 60, 58554, 6996]]","[[508, 50, 60, 8225, 508, 32, 60, 595, 780, 508, 46, 60, 8641, 300, 508, 50, 81376, 60, 508, 50, 60, 8225, 508, 32, 60, 511, 4676, 84, 97187, 508, 46, 60, 15369, 585]]"
"kamar bersih , kamar mandi bersih . [O] [A] [S]","kabel malas , sepatu bola galak . [O] [A] [S]",[O] bersih [A] kamar [S] positive [SSEP] [O] bersih [A] kamar mandi [S] positive,[O] malas [A] kabel [S] negative [SSEP] [O] galak [A] sepatu bola [S] negative,"[[508, 46, 60, 58554, 6996, 508, 32, 60, 595, 15554, 508, 50, 60, 6785, 508, 50, 81376, 60, 508, 46, 60, 58554, 6996, 508, 32, 60, 595, 15554, 11576, 72, 508, 50, 60, 6785]]","[[508, 46, 60, 8641, 300, 508, 32, 60, 595, 780, 508, 50, 60, 8225, 508, 50, 81376, 60, 508, 46, 60, 15369, 585, 508, 32, 60, 511, 4676, 84, 97187, 508, 50, 60, 8225]]"
"kamar bersih , kamar mandi bersih . [O] [S] [A]","kabel malas , sepatu bola galak . [O] [S] [A]",[O] bersih [S] positive [A] kamar [SSEP] [O] bersih [S] positive [A] kamar mandi,[O] malas [S] negative [A] kabel [SSEP] [O] galak [S] negative [A] sepatu bola,"[[508, 46, 60, 58554, 6996, 508, 50, 60, 6785, 508, 32, 60, 595, 15554, 508, 50, 81376, 60, 508, 46, 60, 58554, 6996, 508, 50, 60, 6785, 508, 32, 60, 595, 15554, 11576, 72]]","[[508, 46, 60, 8641, 300, 508, 50, 60, 8225, 508, 32, 60, 595, 780, 508, 50, 81376, 60, 508, 46, 60, 15369, 585, 508, 50, 60, 8225, 508, 32, 60, 511, 4676, 84, 97187]]"
pelayanannya sangat baik dan memuaskan . [A] [O] [S],perindustrian basi dan sombong . [A] [O] [S],[A] pelayanannya [O] sangat baik [S] positive [SSEP] [A] pelayanannya [O] memuaskan [S] positive,[A] perindustrian [O] basi [S] negative [SSEP] [A] perindustrian [O] sombong [S] negative,"[[508, 32, 60, 281, 6895, 276, 71098, 508, 46, 60, 70464, 79187, 508, 50, 60, 6785, 508, 50, 81376, 60, 508, 32, 60, 281, 6895, 276, 71098, 508, 46, 60, 1833, 84, 78351, 508, 50, 60, 6785]]","[[508, 32, 60, 817, 484, 590, 7266, 508, 46, 60, 3046, 72, 508, 50, 60, 8225, 508, 50, 81376, 60, 508, 32, 60, 817, 484, 590, 7266, 508, 46, 60, 1757, 65, 644, 508, 50, 60, 8225]]"
pelayanannya sangat baik dan memuaskan . [A] [S] [O],perindustrian basi dan sombong . [A] [S] [O],[A] pelayanannya [S] positive [O] sangat baik [SSEP] [A] pelayanannya [S] positive [O] memuaskan,[A] perindustrian [S] negative [O] basi [SSEP] [A] perindustrian [S] negative [O] sombong,"[[508, 32, 60, 281, 6895, 276, 71098, 508, 50, 60, 6785, 508, 46, 60, 70464, 79187, 508, 50, 81376, 60, 508, 32, 60, 281, 6895, 276, 71098, 508, 50, 60, 6785, 508, 46, 60, 1833, 84, 78351]]","[[508, 32, 60, 817, 484, 590, 7266, 508, 50, 60, 8225, 508, 46, 60, 3046, 72, 508, 50, 81376, 60, 508, 32, 60, 817, 484, 590, 7266, 508, 50, 60, 8225, 508, 46, 60, 1757, 65, 644]]"
pelayanannya sangat baik dan memuaskan . [S] [A] [O],perindustrian basi dan sombong . [S] [A] [O],[S] positive [A] pelayanannya [O] sangat baik [SSEP] [S] positive [A] pelayanannya [O] memuaskan,[S] negative [A] perindustrian [O] basi [SSEP] [S] negative [A] perindustrian [O] sombong,"[[508, 50, 60, 6785, 508, 32, 60, 281, 6895, 276, 71098, 508, 46, 60, 70464, 79187, 508, 50, 81376, 60, 508, 50, 60, 6785, 508, 32, 60, 281, 6895, 276, 71098, 508, 46, 60, 1833, 84, 78351]]","[[508, 50, 60, 8225, 508, 32, 60, 817, 484, 590, 7266, 508, 46, 60, 3046, 72, 508, 50, 81376, 60, 508, 50, 60, 8225, 508, 32, 60, 817, 484, 590, 7266, 508, 46, 60, 1757, 65, 644]]"
pelayanannya sangat baik dan memuaskan . [O] [A] [S],perindustrian basi dan sombong . [O] [A] [S],[O] sangat baik [A] pelayanannya [S] positive [SSEP] [O] memuaskan [A] pelayanannya [S] positive,[O] basi [A] perindustrian [S] negative [SSEP] [O] sombong [A] perindustrian [S] negative,"[[508, 46, 60, 70464, 79187, 508, 32, 60, 281, 6895, 276, 71098, 508, 50, 60, 6785, 508, 50, 81376, 60, 508, 46, 60, 1833, 84, 78351, 508, 32, 60, 281, 6895, 276, 71098, 508, 50, 60, 6785]]","[[508, 46, 60, 3046, 72, 508, 32, 60, 817, 484, 590, 7266, 508, 50, 60, 8225, 508, 50, 81376, 60, 508, 46, 60, 1757, 65, 644, 508, 32, 60, 817, 484, 590, 7266, 508, 50, 60, 8225]]"
pelayanannya sangat baik dan memuaskan . [O] [S] [A],perindustrian basi dan sombong . [O] [S] [A],[O] sangat baik [S] positive [A] pelayanannya [SSEP] [O] memuaskan [S] positive [A] pelayanannya,[O] basi [S] negative [A] perindustrian [SSEP] [O] sombong [S] negative [A] perindustrian,"[[508, 46, 60, 70464, 79187, 508, 50, 60, 6785, 508, 32, 60, 281, 6895, 276, 71098, 508, 50, 81376, 60, 508, 46, 60, 1833, 84, 78351, 508, 50, 60, 6785, 508, 32, 60, 281, 6895, 276, 71098]]","[[508, 46, 60, 3046, 72, 508, 50, 60, 8225, 508, 32, 60, 817, 484, 590, 7266, 508, 50, 81376, 60, 508, 46, 60, 1757, 65, 644, 508, 50, 60, 8225, 508, 32, 60, 817, 484, 590, 7266]]"
kamarnya bersih pelayanannya ramah . [A] [O] [S],pembangunan kotor kemejanya lelet . [A] [O] [S],[A] kamarnya [O] bersih [S] positive [SSEP] [A] pelayanannya [O] ramah [S] positive,[A] pembangunan [O] kotor [S] negative [SSEP] [A] kemejanya [O] lelet [S] negative,"[[508, 32, 60, 33661, 1885, 7755, 508, 46, 60, 58554, 6996, 508, 50, 60, 6785, 508, 50, 81376, 60, 508, 32, 60, 281, 6895, 276, 71098, 508, 46, 60, 17823, 1466, 508, 50, 60, 6785]]","[[508, 32, 60, 63567, 524, 64634, 508, 46, 60, 595, 9887, 508, 50, 60, 8225, 508, 50, 81376, 60, 508, 32, 60, 595, 3894, 73, 24074, 508, 46, 60, 512, 1149, 508, 50, 60, 8225]]"
kamarnya bersih pelayanannya ramah . [A] [S] [O],pembangunan kotor kemejanya lelet . [A] [S] [O],[A] kamarnya [S] positive [O] bersih [SSEP] [A] pelayanannya [S] positive [O] ramah,[A] pembangunan [S] negative [O] kotor [SSEP] [A] kemejanya [S] negative [O] lelet,"[[508, 32, 60, 33661, 1885, 7755, 508, 50, 60, 6785, 508, 46, 60, 58554, 6996, 508, 50, 81376, 60, 508, 32, 60, 281, 6895, 276, 71098, 508, 50, 60, 6785, 508, 46, 60, 17823, 1466]]","[[508, 32, 60, 63567, 524, 64634, 508, 50, 60, 8225, 508, 46, 60, 595, 9887, 508, 50, 81376, 60, 508, 32, 60, 595, 3894, 73, 24074, 508, 50, 60, 8225, 508, 46, 60, 512, 1149]]"
kamarnya bersih pelayanannya ramah . [S] [A] [O],pembangunan kotor kemejanya lelet . [S] [A] [O],[S] positive [A] kamarnya [O] bersih [SSEP] [S] positive [A] pelayanannya [O] ramah,[S] negative [A] pembangunan [O] kotor [SSEP] [S] negative [A] kemejanya [O] lelet,"[[508, 50, 60, 6785, 508, 32, 60, 33661, 1885, 7755, 508, 46, 60, 58554, 6996, 508, 50, 81376, 60, 508, 50, 60, 6785, 508, 32, 60, 281, 6895, 276, 71098, 508, 46, 60, 17823, 1466]]","[[508, 50, 60, 8225, 508, 32, 60, 63567, 524, 64634, 508, 46, 60, 595, 9887, 508, 50, 81376, 60, 508, 50, 60, 8225, 508, 32, 60, 595, 3894, 73, 24074, 508, 46, 60, 512, 1149]]"
kamarnya bersih pelayanannya ramah . [O] [A] [S],pembangunan kotor kemejanya lelet . [O] [A] [S],[O] bersih [A] kamarnya [S] positive [SSEP] [O] ramah [A] pelayanannya [S] positive,[O] kotor [A] pembangunan [S] negative [SSEP] [O] lelet [A] kemejanya [S] negative,"[[508, 46, 60, 58554, 6996, 508, 32, 60, 33661, 1885, 7755, 508, 50, 60, 6785, 508, 50, 81376, 60, 508, 46, 60, 17823, 1466, 508, 32, 60, 281, 6895, 276, 71098, 508, 50, 60, 6785]]","[[508, 46, 60, 595, 9887, 508, 32, 60, 63567, 524, 64634, 508, 50, 60, 8225, 508, 50, 81376, 60, 508, 46, 60, 512, 1149, 508, 32, 60, 595, 3894, 73, 24074, 508, 50, 60, 8225]]"
kamarnya bersih pelayanannya ramah . [O] [S] [A],pembangunan kotor kemejanya lelet . [O] [S] [A],[O] bersih [S] positive [A] kamarnya [SSEP] [O] ramah [S] positive [A] pelayanannya,[O] kotor [S] negative [A] pembangunan [SSEP] [O] lelet [S] negative [A] kemejanya,"[[508, 46, 60, 58554, 6996, 508, 50, 60, 6785, 508, 32, 60, 33661, 1885, 7755, 508, 50, 81376, 60, 508, 46, 60, 17823, 1466, 508, 50, 60, 6785, 508, 32, 60, 281, 6895, 276, 71098]]","[[508, 46, 60, 595, 9887, 508, 50, 60, 8225, 508, 32, 60, 63567, 524, 64634, 508, 50, 81376, 60, 508, 46, 60, 512, 1149, 508, 50, 60, 8225, 508, 32, 60, 595, 3894, 73, 24074]]"
"pelayanan ramah dan kamar bersih , selalu airy jadi pilihan saya . [A] [O] [S]","penggaris lemot dan supir rapuh , selalu airy jadi pilihan saya . [A] [O] [S]",[A] pelayanan [O] ramah [S] positive [SSEP] [A] kamar [O] bersih [S] positive,[A] penggaris [O] lemot [S] negative [SSEP] [A] supir [O] rapuh [S] negative,"[[508, 32, 60, 281, 6895, 28618, 508, 46, 60, 17823, 1466, 508, 50, 60, 6785, 508, 50, 81376, 60, 508, 32, 60, 595, 15554, 508, 46, 60, 58554, 6996, 508, 50, 60, 6785]]","[[508, 32, 60, 36686, 12164, 285, 508, 46, 60, 512, 46828, 508, 50, 60, 8225, 508, 50, 81376, 60, 508, 32, 60, 1026, 404, 508, 46, 60, 7327, 12540, 508, 50, 60, 8225]]"
"pelayanan ramah dan kamar bersih , selalu airy jadi pilihan saya . [A] [S] [O]","penggaris lemot dan supir rapuh , selalu airy jadi pilihan saya . [A] [S] [O]",[A] pelayanan [S] positive [O] ramah [SSEP] [A] kamar [S] positive [O] bersih,[A] penggaris [S] negative [O] lemot [SSEP] [A] supir [S] negative [O] rapuh,"[[508, 32, 60, 281, 6895, 28618, 508, 50, 60, 6785, 508, 46, 60, 17823, 1466, 508, 50, 81376, 60, 508, 32, 60, 595, 15554, 508, 50, 60, 6785, 508, 46, 60, 58554, 6996]]","[[508, 32, 60, 36686, 12164, 285, 508, 50, 60, 8225, 508, 46, 60, 512, 46828, 508, 50, 81376, 60, 508, 32, 60, 1026, 404, 508, 50, 60, 8225, 508, 46, 60, 7327, 12540]]"
"pelayanan ramah dan kamar bersih , selalu airy jadi pilihan saya . [S] [A] [O]","penggaris lemot dan supir rapuh , selalu airy jadi pilihan saya . [S] [A] [O]",[S] positive [A] pelayanan [O] ramah [SSEP] [S] positive [A] kamar [O] bersih,[S] negative [A] penggaris [O] lemot [SSEP] [S] negative [A] supir [O] rapuh,"[[508, 50, 60, 6785, 508, 32, 60, 281, 6895, 28618, 508, 46, 60, 17823, 1466, 508, 50, 81376, 60, 508, 50, 60, 6785, 508, 32, 60, 595, 15554, 508, 46, 60, 58554, 6996]]","[[508, 50, 60, 8225, 508, 32, 60, 36686, 12164, 285, 508, 46, 60, 512, 46828, 508, 50, 81376, 60, 508, 50, 60, 8225, 508, 32, 60, 1026, 404, 508, 46, 60, 7327, 12540]]"
"pelayanan ramah dan kamar bersih , selalu airy jadi pilihan saya . [O] [A] [S]","penggaris lemot dan supir rapuh , selalu airy jadi pilihan saya . [O] [A] [S]",[O] ramah [A] pelayanan [S] positive [SSEP] [O] bersih [A] kamar [S] positive,[O] lemot [A] penggaris [S] negative [SSEP] [O] rapuh [A] supir [S] negative,"[[508, 46, 60, 17823, 1466, 508, 32, 60, 281, 6895, 28618, 508, 50, 60, 6785, 508, 50, 81376, 60, 508, 46, 60, 58554, 6996, 508, 32, 60, 595, 15554, 508, 50, 60, 6785]]","[[508, 46, 60, 512, 46828, 508, 32, 60, 36686, 12164, 285, 508, 50, 60, 8225, 508, 50, 81376, 60, 508, 46, 60, 7327, 12540, 508, 32, 60, 1026, 404, 508, 50, 60, 8225]]"
"pelayanan ramah dan kamar bersih , selalu airy jadi pilihan saya . [O] [S] [A]","penggaris lemot dan supir rapuh , selalu airy jadi pilihan saya . [O] [S] [A]",[O] ramah [S] positive [A] pelayanan [SSEP] [O] bersih [S] positive [A] kamar,[O] lemot [S] negative [A] penggaris [SSEP] [O] rapuh [S] negative [A] supir,"[[508, 46, 60, 17823, 1466, 508, 50, 60, 6785, 508, 32, 60, 281, 6895, 28618, 508, 50, 81376, 60, 508, 46, 60, 58554, 6996, 508, 50, 60, 6785, 508, 32, 60, 595, 15554]]","[[508, 46, 60, 512, 46828, 508, 50, 60, 8225, 508, 32, 60, 36686, 12164, 285, 508, 50, 81376, 60, 508, 46, 60, 7327, 12540, 508, 50, 60, 8225, 508, 32, 60, 1026, 404]]"
"kamarnya kurang nyaman , kurang bersih . [A] [O] [S]","mobil balap sangat lezat , cukup berani . [A] [O] [S]",[A] kamarnya [O] kurang nyaman [S] negative [SSEP] [A] kamarnya [O] kurang bersih [S] negative,[A] mobil balap [O] sangat lezat [S] positive [SSEP] [A] mobil balap [O] cukup berani [S] positive,"[[508, 32, 60, 33661, 1885, 7755, 508, 46, 60, 27265, 524, 19004, 12715, 508, 50, 60, 8225, 508, 50, 81376, 60, 508, 32, 60, 33661, 1885, 7755, 508, 46, 60, 27265, 524, 58554, 6996, 508, 50, 60, 8225]]","[[508, 32, 60, 28805, 9642, 391, 508, 46, 60, 70464, 512, 89, 266, 508, 50, 60, 6785, 508, 50, 81376, 60, 508, 32, 60, 28805, 9642, 391, 508, 46, 60, 92743, 454, 10207, 5559, 508, 50, 60, 6785]]"
"kamarnya kurang nyaman , kurang bersih . [A] [S] [O]","mobil balap sangat lezat , cukup berani . [A] [S] [O]",[A] kamarnya [S] negative [O] kurang nyaman [SSEP] [A] kamarnya [S] negative [O] kurang bersih,[A] mobil balap [S] positive [O] sangat lezat [SSEP] [A] mobil balap [S] positive [O] cukup berani,"[[508, 32, 60, 33661, 1885, 7755, 508, 50, 60, 8225, 508, 46, 60, 27265, 524, 19004, 12715, 508, 50, 81376, 60, 508, 32, 60, 33661, 1885, 7755, 508, 50, 60, 8225, 508, 46, 60, 27265, 524, 58554, 6996]]","[[508, 32, 60, 28805, 9642, 391, 508, 50, 60, 6785, 508, 46, 60, 70464, 512, 89, 266, 508, 50, 81376, 60, 508, 32, 60, 28805, 9642, 391, 508, 50, 60, 6785, 508, 46, 60, 92743, 454, 10207, 5559]]"
"kamarnya kurang nyaman , kurang bersih . [S] [A] [O]","mobil balap sangat lezat , cukup berani . [S] [A] [O]",[S] negative [A] kamarnya [O] kurang nyaman [SSEP] [S] negative [A] kamarnya [O] kurang bersih,[S] positive [A] mobil balap [O] sangat lezat [SSEP] [S] positive [A] mobil balap [O] cukup berani,"[[508, 50, 60, 8225, 508, 32, 60, 33661, 1885, 7755, 508, 46, 60, 27265, 524, 19004, 12715, 508, 50, 81376, 60, 508, 50, 60, 8225, 508, 32, 60, 33661, 1885, 7755, 508, 46, 60, 27265, 524, 58554, 6996]]","[[508, 50, 60, 6785, 508, 32, 60, 28805, 9642, 391, 508, 46, 60, 70464, 512, 89, 266, 508, 50, 81376, 60, 508, 50, 60, 6785, 508, 32, 60, 28805, 9642, 391, 508, 46, 60, 92743, 454, 10207, 5559]]"
"kamarnya kurang nyaman , kurang bersih . [O] [A] [S]","mobil balap sangat lezat , cukup berani . [O] [A] [S]",[O] kurang nyaman [A] kamarnya [S] negative [SSEP] [O] kurang bersih [A] kamarnya [S] negative,[O] sangat lezat [A] mobil balap [S] positive [SSEP] [O] cukup berani [A] mobil balap [S] positive,"[[508, 46, 60, 27265, 524, 19004, 12715, 508, 32, 60, 33661, 1885, 7755, 508, 50, 60, 8225, 508, 50, 81376, 60, 508, 46, 60, 27265, 524, 58554, 6996, 508, 32, 60, 33661, 1885, 7755, 508, 50, 60, 8225]]","[[508, 46, 60, 70464, 512, 89, 266, 508, 32, 60, 28805, 9642, 391, 508, 50, 60, 6785, 508, 50, 81376, 60, 508, 46, 60, 92743, 454, 10207, 5559, 508, 32, 60, 28805, 9642, 391, 508, 50, 60, 6785]]"
"kamarnya kurang nyaman , kurang bersih . [O] [S] [A]","mobil balap sangat lezat , cukup berani . [O] [S] [A]",[O] kurang nyaman [S] negative [A] kamarnya [SSEP] [O] kurang bersih [S] negative [A] kamarnya,[O] sangat lezat [S] positive [A] mobil balap [SSEP] [O] cukup berani [S] positive [A] mobil balap,"[[508, 46, 60, 27265, 524, 19004, 12715, 508, 50, 60, 8225, 508, 32, 60, 33661, 1885, 7755, 508, 50, 81376, 60, 508, 46, 60, 27265, 524, 58554, 6996, 508, 50, 60, 8225, 508, 32, 60, 33661, 1885, 7755]]","[[508, 46, 60, 70464, 512, 89, 266, 508, 50, 60, 6785, 508, 32, 60, 28805, 9642, 391, 508, 50, 81376, 60, 508, 46, 60, 92743, 454, 10207, 5559, 508, 50, 60, 6785, 508, 32, 60, 28805, 9642, 391]]"
"air panas tidak berfungsi , kebersihan kamar kurang . [A] [O] [S]","mesinnya ramah sekali , gedung kuliahnya cepat . [A] [O] [S]",[A] air panas [O] tidak berfungsi [S] negative [SSEP] [A] kebersihan kamar [O] kurang [S] negative,[A] mesinnya [O] ramah sekali [S] positive [SSEP] [A] gedung kuliahnya [O] cepat [S] positive,"[[508, 32, 60, 3720, 7215, 300, 508, 46, 60, 27281, 10207, 78606, 6321, 508, 50, 60, 8225, 508, 50, 81376, 60, 508, 32, 60, 1962, 1902, 56888, 595, 15554, 508, 46, 60, 27265, 524, 508, 50, 60, 8225]]","[[508, 32, 60, 10846, 258, 22891, 508, 46, 60, 17823, 1466, 43834, 7956, 508, 50, 60, 6785, 508, 50, 81376, 60, 508, 32, 60, 52193, 2185, 74416, 19310, 22891, 508, 46, 60, 62090, 266, 508, 50, 60, 6785]]"
"air panas tidak berfungsi , kebersihan kamar kurang . [A] [S] [O]","mesinnya ramah sekali , gedung kuliahnya cepat . [A] [S] [O]",[A] air panas [S] negative [O] tidak berfungsi [SSEP] [A] kebersihan kamar [S] negative [O] kurang,[A] mesinnya [S] positive [O] ramah sekali [SSEP] [A] gedung kuliahnya [S] positive [O] cepat,"[[508, 32, 60, 3720, 7215, 300, 508, 50, 60, 8225, 508, 46, 60, 27281, 10207, 78606, 6321, 508, 50, 81376, 60, 508, 32, 60, 1962, 1902, 56888, 595, 15554, 508, 50, 60, 8225, 508, 46, 60, 27265, 524]]","[[508, 32, 60, 10846, 258, 22891, 508, 50, 60, 6785, 508, 46, 60, 17823, 1466, 43834, 7956, 508, 50, 81376, 60, 508, 32, 60, 52193, 2185, 74416, 19310, 22891, 508, 50, 60, 6785, 508, 46, 60, 62090, 266]]"
"air panas tidak berfungsi , kebersihan kamar kurang . [S] [A] [O]","mesinnya ramah sekali , gedung kuliahnya cepat . [S] [A] [O]",[S] negative [A] air panas [O] tidak berfungsi [SSEP] [S] negative [A] kebersihan kamar [O] kurang,[S] positive [A] mesinnya [O] ramah sekali [SSEP] [S] positive [A] gedung kuliahnya [O] cepat,"[[508, 50, 60, 8225, 508, 32, 60, 3720, 7215, 300, 508, 46, 60, 27281, 10207, 78606, 6321, 508, 50, 81376, 60, 508, 50, 60, 8225, 508, 32, 60, 1962, 1902, 56888, 595, 15554, 508, 46, 60, 27265, 524]]","[[508, 50, 60, 6785, 508, 32, 60, 10846, 258, 22891, 508, 46, 60, 17823, 1466, 43834, 7956, 508, 50, 81376, 60, 508, 50, 60, 6785, 508, 32, 60, 52193, 2185, 74416, 19310, 22891, 508, 46, 60, 62090, 266]]"
"air panas tidak berfungsi , kebersihan kamar kurang . [O] [A] [S]","mesinnya ramah sekali , gedung kuliahnya cepat . [O] [A] [S]",[O] tidak berfungsi [A] air panas [S] negative [SSEP] [O] kurang [A] kebersihan kamar [S] negative,[O] ramah sekali [A] mesinnya [S] positive [SSEP] [O] cepat [A] gedung kuliahnya [S] positive,"[[508, 46, 60, 27281, 10207, 78606, 6321, 508, 32, 60, 3720, 7215, 300, 508, 50, 60, 8225, 508, 50, 81376, 60, 508, 46, 60, 27265, 524, 508, 32, 60, 1962, 1902, 56888, 595, 15554, 508, 50, 60, 8225]]","[[508, 46, 60, 17823, 1466, 43834, 7956, 508, 32, 60, 10846, 258, 22891, 508, 50, 60, 6785, 508, 50, 81376, 60, 508, 46, 60, 62090, 266, 508, 32, 60, 52193, 2185, 74416, 19310, 22891, 508, 50, 60, 6785]]"
"air panas tidak berfungsi , kebersihan kamar kurang . [O] [S] [A]","mesinnya ramah sekali , gedung kuliahnya cepat . [O] [S] [A]",[O] tidak berfungsi [S] negative [A] air panas [SSEP] [O] kurang [S] negative [A] kebersihan kamar,[O] ramah sekali [S] positive [A] mesinnya [SSEP] [O] cepat [S] positive [A] gedung kuliahnya,"[[508, 46, 60, 27281, 10207, 78606, 6321, 508, 50, 60, 8225, 508, 32, 60, 3720, 7215, 300, 508, 50, 81376, 60, 508, 46, 60, 27265, 524, 508, 50, 60, 8225, 508, 32, 60, 1962, 1902, 56888, 595, 15554]]","[[508, 46, 60, 17823, 1466, 43834, 7956, 508, 50, 60, 6785, 508, 32, 60, 10846, 258, 22891, 508, 50, 81376, 60, 508, 46, 60, 62090, 266, 508, 50, 60, 6785, 508, 32, 60, 52193, 2185, 74416, 19310, 22891]]"
suasana tenang dan nyaman . [A] [O] [S],mobilnya beku dan gerah . [A] [O] [S],[A] suasana [O] tenang [S] positive [SSEP] [A] suasana [O] nyaman [S] positive,[A] mobilnya [O] beku [S] negative [SSEP] [A] mobilnya [O] gerah [S] negative,"[[508, 32, 60, 52097, 3362, 508, 46, 60, 5779, 524, 508, 50, 60, 6785, 508, 50, 81376, 60, 508, 32, 60, 52097, 3362, 508, 46, 60, 19004, 12715, 508, 50, 60, 6785]]","[[508, 32, 60, 28805, 22891, 508, 46, 60, 387, 12133, 508, 50, 60, 8225, 508, 50, 81376, 60, 508, 32, 60, 28805, 22891, 508, 46, 60, 17239, 1466, 508, 50, 60, 8225]]"
suasana tenang dan nyaman . [A] [S] [O],mobilnya beku dan gerah . [A] [S] [O],[A] suasana [S] positive [O] tenang [SSEP] [A] suasana [S] positive [O] nyaman,[A] mobilnya [S] negative [O] beku [SSEP] [A] mobilnya [S] negative [O] gerah,"[[508, 32, 60, 52097, 3362, 508, 50, 60, 6785, 508, 46, 60, 5779, 524, 508, 50, 81376, 60, 508, 32, 60, 52097, 3362, 508, 50, 60, 6785, 508, 46, 60, 19004, 12715]]","[[508, 32, 60, 28805, 22891, 508, 50, 60, 8225, 508, 46, 60, 387, 12133, 508, 50, 81376, 60, 508, 32, 60, 28805, 22891, 508, 50, 60, 8225, 508, 46, 60, 17239, 1466]]"
suasana tenang dan nyaman . [S] [A] [O],mobilnya beku dan gerah . [S] [A] [O],[S] positive [A] suasana [O] tenang [SSEP] [S] positive [A] suasana [O] nyaman,[S] negative [A] mobilnya [O] beku [SSEP] [S] negative [A] mobilnya [O] gerah,"[[508, 50, 60, 6785, 508, 32, 60, 52097, 3362, 508, 46, 60, 5779, 524, 508, 50, 81376, 60, 508, 50, 60, 6785, 508, 32, 60, 52097, 3362, 508, 46, 60, 19004, 12715]]","[[508, 50, 60, 8225, 508, 32, 60, 28805, 22891, 508, 46, 60, 387, 12133, 508, 50, 81376, 60, 508, 50, 60, 8225, 508, 32, 60, 28805, 22891, 508, 46, 60, 17239, 1466]]"
suasana tenang dan nyaman . [O] [A] [S],mobilnya beku dan gerah . [O] [A] [S],[O] tenang [A] suasana [S] positive [SSEP] [O] nyaman [A] suasana [S] positive,[O] beku [A] mobilnya [S] negative [SSEP] [O] gerah [A] mobilnya [S] negative,"[[508, 46, 60, 5779, 524, 508, 32, 60, 52097, 3362, 508, 50, 60, 6785, 508, 50, 81376, 60, 508, 46, 60, 19004, 12715, 508, 32, 60, 52097, 3362, 508, 50, 60, 6785]]","[[508, 46, 60, 387, 12133, 508, 32, 60, 28805, 22891, 508, 50, 60, 8225, 508, 50, 81376, 60, 508, 46, 60, 17239, 1466, 508, 32, 60, 28805, 22891, 508, 50, 60, 8225]]"
suasana tenang dan nyaman . [O] [S] [A],mobilnya beku dan gerah . [O] [S] [A],[O] tenang [S] positive [A] suasana [SSEP] [O] nyaman [S] positive [A] suasana,[O] beku [S] negative [A] mobilnya [SSEP] [O] gerah [S] negative [A] mobilnya,"[[508, 46, 60, 5779, 524, 508, 50, 60, 6785, 508, 32, 60, 52097, 3362, 508, 50, 81376, 60, 508, 46, 60, 19004, 12715, 508, 50, 60, 6785, 508, 32, 60, 52097, 3362]]","[[508, 46, 60, 387, 12133, 508, 50, 60, 8225, 508, 32, 60, 28805, 22891, 508, 50, 81376, 60, 508, 46, 60, 17239, 1466, 508, 50, 60, 8225, 508, 32, 60, 28805, 22891]]"
"ac kurang dingin . tetapi overall oke , akan stay disini lagi . [A] [O] [S]","tas sangat gurih . tetapi planet sakit , akan stay disini lagi . [A] [O] [S]",[A] ac [O] kurang dingin [S] negative [SSEP] [A] overall [O] oke [S] positive,[A] tas [O] sangat gurih [S] positive [SSEP] [A] planet [O] sakit [S] negative,"[[508, 32, 60, 1613, 508, 46, 60, 27265, 524, 66442, 258, 508, 50, 60, 8225, 508, 50, 81376, 60, 508, 32, 60, 8084, 508, 46, 60, 297, 440, 508, 50, 60, 6785]]","[[508, 32, 60, 51214, 508, 46, 60, 70464, 342, 6070, 71, 508, 50, 60, 6785, 508, 50, 81376, 60, 508, 32, 60, 11580, 508, 46, 60, 77310, 275, 508, 50, 60, 8225]]"
"ac kurang dingin . tetapi overall oke , akan stay disini lagi . [A] [S] [O]","tas sangat gurih . tetapi planet sakit , akan stay disini lagi . [A] [S] [O]",[A] ac [S] negative [O] kurang dingin [SSEP] [A] overall [S] positive [O] oke,[A] tas [S] positive [O] sangat gurih [SSEP] [A] planet [S] negative [O] sakit,"[[508, 32, 60, 1613, 508, 50, 60, 8225, 508, 46, 60, 27265, 524, 66442, 258, 508, 50, 81376, 60, 508, 32, 60, 8084, 508, 50, 60, 6785, 508, 46, 60, 297, 440]]","[[508, 32, 60, 51214, 508, 50, 60, 6785, 508, 46, 60, 70464, 342, 6070, 71, 508, 50, 81376, 60, 508, 32, 60, 11580, 508, 50, 60, 8225, 508, 46, 60, 77310, 275]]"
"ac kurang dingin . tetapi overall oke , akan stay disini lagi . [S] [A] [O]","tas sangat gurih . tetapi planet sakit , akan stay disini lagi . [S] [A] [O]",[S] negative [A] ac [O] kurang dingin [SSEP] [S] positive [A] overall [O] oke,[S] positive [A] tas [O] sangat gurih [SSEP] [S] negative [A] planet [O] sakit,"[[508, 50, 60, 8225, 508, 32, 60, 1613, 508, 46, 60, 27265, 524, 66442, 258, 508, 50, 81376, 60, 508, 50, 60, 6785, 508, 32, 60, 8084, 508, 46, 60, 297, 440]]","[[508, 50, 60, 6785, 508, 32, 60, 51214, 508, 46, 60, 70464, 342, 6070, 71, 508, 50, 81376, 60, 508, 50, 60, 8225, 508, 32, 60, 11580, 508, 46, 60, 77310, 275]]"
"ac kurang dingin . tetapi overall oke , akan stay disini lagi . [O] [A] [S]","tas sangat gurih . tetapi planet sakit , akan stay disini lagi . [O] [A] [S]",[O] kurang dingin [A] ac [S] negative [SSEP] [O] oke [A] overall [S] positive,[O] sangat gurih [A] tas [S] positive [SSEP] [O] sakit [A] planet [S] negative,"[[508, 46, 60, 27265, 524, 66442, 258, 508, 32, 60, 1613, 508, 50, 60, 8225, 508, 50, 81376, 60, 508, 46, 60, 297, 440, 508, 32, 60, 8084, 508, 50, 60, 6785]]","[[508, 46, 60, 70464, 342, 6070, 71, 508, 32, 60, 51214, 508, 50, 60, 6785, 508, 50, 81376, 60, 508, 46, 60, 77310, 275, 508, 32, 60, 11580, 508, 50, 60, 8225]]"
"ac kurang dingin . tetapi overall oke , akan stay disini lagi . [O] [S] [A]","tas sangat gurih . tetapi planet sakit , akan stay disini lagi . [O] [S] [A]",[O] kurang dingin [S] negative [A] ac [SSEP] [O] oke [S] positive [A] overall,[O] sangat gurih [S] positive [A] tas [SSEP] [O] sakit [S] negative [A] planet,"[[508, 46, 60, 27265, 524, 66442, 258, 508, 50, 60, 8225, 508, 32, 60, 1613, 508, 50, 81376, 60, 508, 46, 60, 297, 440, 508, 50, 60, 6785, 508, 32, 60, 8084]]","[[508, 46, 60, 70464, 342, 6070, 71, 508, 50, 60, 6785, 508, 32, 60, 51214, 508, 50, 81376, 60, 508, 46, 60, 77310, 275, 508, 50, 60, 8225, 508, 32, 60, 11580]]"
"tempat tidur nyaman , kamar mandi oke . [A] [O] [S]","gula pasir sumbang , biologisnya pelit . [A] [O] [S]",[A] tempat tidur [O] nyaman [S] positive [SSEP] [A] kamar mandi [O] oke [S] positive,[A] gula pasir [O] sumbang [S] negative [SSEP] [A] biologisnya [O] pelit [S] negative,"[[508, 32, 60, 2730, 266, 13112, 324, 508, 46, 60, 19004, 12715, 508, 50, 60, 6785, 508, 50, 81376, 60, 508, 32, 60, 595, 15554, 11576, 72, 508, 46, 60, 297, 440, 508, 50, 60, 6785]]","[[508, 32, 60, 342, 5607, 6368, 404, 508, 46, 60, 2629, 27174, 508, 50, 60, 8225, 508, 50, 81376, 60, 508, 32, 60, 6032, 1609, 285, 22891, 508, 46, 60, 11814, 275, 508, 50, 60, 8225]]"
"tempat tidur nyaman , kamar mandi oke . [A] [S] [O]","gula pasir sumbang , biologisnya pelit . [A] [S] [O]",[A] tempat tidur [S] positive [O] nyaman [SSEP] [A] kamar mandi [S] positive [O] oke,[A] gula pasir [S] negative [O] sumbang [SSEP] [A] biologisnya [S] negative [O] pelit,"[[508, 32, 60, 2730, 266, 13112, 324, 508, 50, 60, 6785, 508, 46, 60, 19004, 12715, 508, 50, 81376, 60, 508, 32, 60, 595, 15554, 11576, 72, 508, 50, 60, 6785, 508, 46, 60, 297, 440]]","[[508, 32, 60, 342, 5607, 6368, 404, 508, 50, 60, 8225, 508, 46, 60, 2629, 27174, 508, 50, 81376, 60, 508, 32, 60, 6032, 1609, 285, 22891, 508, 50, 60, 8225, 508, 46, 60, 11814, 275]]"
"tempat tidur nyaman , kamar mandi oke . [S] [A] [O]","gula pasir sumbang , biologisnya pelit . [S] [A] [O]",[S] positive [A] tempat tidur [O] nyaman [SSEP] [S] positive [A] kamar mandi [O] oke,[S] negative [A] gula pasir [O] sumbang [SSEP] [S] negative [A] biologisnya [O] pelit,"[[508, 50, 60, 6785, 508, 32, 60, 2730, 266, 13112, 324, 508, 46, 60, 19004, 12715, 508, 50, 81376, 60, 508, 50, 60, 6785, 508, 32, 60, 595, 15554, 11576, 72, 508, 46, 60, 297, 440]]","[[508, 50, 60, 8225, 508, 32, 60, 342, 5607, 6368, 404, 508, 46, 60, 2629, 27174, 508, 50, 81376, 60, 508, 50, 60, 8225, 508, 32, 60, 6032, 1609, 285, 22891, 508, 46, 60, 11814, 275]]"
"tempat tidur nyaman , kamar mandi oke . [O] [A] [S]","gula pasir sumbang , biologisnya pelit . [O] [A] [S]",[O] nyaman [A] tempat tidur [S] positive [SSEP] [O] oke [A] kamar mandi [S] positive,[O] sumbang [A] gula pasir [S] negative [SSEP] [O] pelit [A] biologisnya [S] negative,"[[508, 46, 60, 19004, 12715, 508, 32, 60, 2730, 266, 13112, 324, 508, 50, 60, 6785, 508, 50, 81376, 60, 508, 46, 60, 297, 440, 508, 32, 60, 595, 15554, 11576, 72, 508, 50, 60, 6785]]","[[508, 46, 60, 2629, 27174, 508, 32, 60, 342, 5607, 6368, 404, 508, 50, 60, 8225, 508, 50, 81376, 60, 508, 46, 60, 11814, 275, 508, 32, 60, 6032, 1609, 285, 22891, 508, 50, 60, 8225]]"
"tempat tidur nyaman , kamar mandi oke . [O] [S] [A]","gula pasir sumbang , biologisnya pelit . [O] [S] [A]",[O] nyaman [S] positive [A] tempat tidur [SSEP] [O] oke [S] positive [A] kamar mandi,[O] sumbang [S] negative [A] gula pasir [SSEP] [O] pelit [S] negative [A] biologisnya,"[[508, 46, 60, 19004, 12715, 508, 50, 60, 6785, 508, 32, 60, 2730, 266, 13112, 324, 508, 50, 81376, 60, 508, 46, 60, 297, 440, 508, 50, 60, 6785, 508, 32, 60, 595, 15554, 11576, 72]]","[[508, 46, 60, 2629, 27174, 508, 50, 60, 8225, 508, 32, 60, 342, 5607, 6368, 404, 508, 50, 81376, 60, 508, 46, 60, 11814, 275, 508, 50, 60, 8225, 508, 32, 60, 6032, 1609, 285, 22891]]"
pelayanan resepsionis kurang . selebihnya oke . [A] [O] [S],pesawat ulang aliknya manis . roketnya mual . [A] [O] [S],[A] pelayanan resepsionis [O] kurang [S] negative [SSEP] [A] selebihnya [O] oke [S] positive,[A] pesawat ulang aliknya [O] manis [S] positive [SSEP] [A] roketnya [O] mual [S] negative,"[[508, 32, 60, 281, 6895, 28618, 312, 325, 1690, 290, 285, 508, 46, 60, 27265, 524, 508, 50, 60, 8225, 508, 50, 81376, 60, 508, 32, 60, 27319, 40116, 22891, 508, 46, 60, 297, 440, 508, 50, 60, 6785]]","[[508, 32, 60, 18050, 672, 266, 8557, 524, 452, 1579, 22891, 508, 46, 60, 883, 285, 508, 50, 60, 6785, 508, 50, 81376, 60, 508, 32, 60, 926, 25475, 22891, 508, 46, 60, 296, 928, 508, 50, 60, 8225]]"
pelayanan resepsionis kurang . selebihnya oke . [A] [S] [O],pesawat ulang aliknya manis . roketnya mual . [A] [S] [O],[A] pelayanan resepsionis [S] negative [O] kurang [SSEP] [A] selebihnya [S] positive [O] oke,[A] pesawat ulang aliknya [S] positive [O] manis [SSEP] [A] roketnya [S] negative [O] mual,"[[508, 32, 60, 281, 6895, 28618, 312, 325, 1690, 290, 285, 508, 50, 60, 8225, 508, 46, 60, 27265, 524, 508, 50, 81376, 60, 508, 32, 60, 27319, 40116, 22891, 508, 50, 60, 6785, 508, 46, 60, 297, 440]]","[[508, 32, 60, 18050, 672, 266, 8557, 524, 452, 1579, 22891, 508, 50, 60, 6785, 508, 46, 60, 883, 285, 508, 50, 81376, 60, 508, 32, 60, 926, 25475, 22891, 508, 50, 60, 8225, 508, 46, 60, 296, 928]]"
pelayanan resepsionis kurang . selebihnya oke . [S] [A] [O],pesawat ulang aliknya manis . roketnya mual . [S] [A] [O],[S] negative [A] pelayanan resepsionis [O] kurang [SSEP] [S] positive [A] selebihnya [O] oke,[S] positive [A] pesawat ulang aliknya [O] manis [SSEP] [S] negative [A] roketnya [O] mual,"[[508, 50, 60, 8225, 508, 32, 60, 281, 6895, 28618, 312, 325, 1690, 290, 285, 508, 46, 60, 27265, 524, 508, 50, 81376, 60, 508, 50, 60, 6785, 508, 32, 60, 27319, 40116, 22891, 508, 46, 60, 297, 440]]","[[508, 50, 60, 6785, 508, 32, 60, 18050, 672, 266, 8557, 524, 452, 1579, 22891, 508, 46, 60, 883, 285, 508, 50, 81376, 60, 508, 50, 60, 8225, 508, 32, 60, 926, 25475, 22891, 508, 46, 60, 296, 928]]"
pelayanan resepsionis kurang . selebihnya oke . [O] [A] [S],pesawat ulang aliknya manis . roketnya mual . [O] [A] [S],[O] kurang [A] pelayanan resepsionis [S] negative [SSEP] [O] oke [A] selebihnya [S] positive,[O] manis [A] pesawat ulang aliknya [S] positive [SSEP] [O] mual [A] roketnya [S] negative,"[[508, 46, 60, 27265, 524, 508, 32, 60, 281, 6895, 28618, 312, 325, 1690, 290, 285, 508, 50, 60, 8225, 508, 50, 81376, 60, 508, 46, 60, 297, 440, 508, 32, 60, 27319, 40116, 22891, 508, 50, 60, 6785]]","[[508, 46, 60, 883, 285, 508, 32, 60, 18050, 672, 266, 8557, 524, 452, 1579, 22891, 508, 50, 60, 6785, 508, 50, 81376, 60, 508, 46, 60, 296, 928, 508, 32, 60, 926, 25475, 22891, 508, 50, 60, 8225]]"
pelayanan resepsionis kurang . selebihnya oke . [O] [S] [A],pesawat ulang aliknya manis . roketnya mual . [O] [S] [A],[O] kurang [S] negative [A] pelayanan resepsionis [SSEP] [O] oke [S] positive [A] selebihnya,[O] manis [S] positive [A] pesawat ulang aliknya [SSEP] [O] mual [S] negative [A] roketnya,"[[508, 46, 60, 27265, 524, 508, 50, 60, 8225, 508, 32, 60, 281, 6895, 28618, 312, 325, 1690, 290, 285, 508, 50, 81376, 60, 508, 46, 60, 297, 440, 508, 50, 60, 6785, 508, 32, 60, 27319, 40116, 22891]]","[[508, 46, 60, 883, 285, 508, 50, 60, 6785, 508, 32, 60, 18050, 672, 266, 8557, 524, 452, 1579, 22891, 508, 50, 81376, 60, 508, 46, 60, 296, 928, 508, 50, 60, 8225, 508, 32, 60, 926, 25475, 22891]]"
"kamar tidak terawat , kamar mandi kurang bersih . [A] [O] [S]","kereta sangat gurih , kapal pesiar rendah hati . [A] [O] [S]",[A] kamar [O] tidak terawat [S] negative [SSEP] [A] kamar mandi [O] kurang bersih [S] negative,[A] kereta [O] sangat gurih [S] positive [SSEP] [A] kapal pesiar [O] rendah hati [S] positive,"[[508, 32, 60, 595, 15554, 508, 46, 60, 27281, 1982, 672, 266, 508, 50, 60, 8225, 508, 50, 81376, 60, 508, 32, 60, 595, 15554, 11576, 72, 508, 46, 60, 27265, 524, 58554, 6996, 508, 50, 60, 8225]]","[[508, 32, 60, 33701, 1915, 508, 46, 60, 70464, 342, 6070, 71, 508, 50, 60, 6785, 508, 50, 81376, 60, 508, 32, 60, 44849, 278, 18050, 13572, 508, 46, 60, 17191, 1466, 8896, 72, 508, 50, 60, 6785]]"
"kamar tidak terawat , kamar mandi kurang bersih . [A] [S] [O]","kereta sangat gurih , kapal pesiar rendah hati . [A] [S] [O]",[A] kamar [S] negative [O] tidak terawat [SSEP] [A] kamar mandi [S] negative [O] kurang bersih,[A] kereta [S] positive [O] sangat gurih [SSEP] [A] kapal pesiar [S] positive [O] rendah hati,"[[508, 32, 60, 595, 15554, 508, 50, 60, 8225, 508, 46, 60, 27281, 1982, 672, 266, 508, 50, 81376, 60, 508, 32, 60, 595, 15554, 11576, 72, 508, 50, 60, 8225, 508, 46, 60, 27265, 524, 58554, 6996]]","[[508, 32, 60, 33701, 1915, 508, 50, 60, 6785, 508, 46, 60, 70464, 342, 6070, 71, 508, 50, 81376, 60, 508, 32, 60, 44849, 278, 18050, 13572, 508, 50, 60, 6785, 508, 46, 60, 17191, 1466, 8896, 72]]"
"kamar tidak terawat , kamar mandi kurang bersih . [S] [A] [O]","kereta sangat gurih , kapal pesiar rendah hati . [S] [A] [O]",[S] negative [A] kamar [O] tidak terawat [SSEP] [S] negative [A] kamar mandi [O] kurang bersih,[S] positive [A] kereta [O] sangat gurih [SSEP] [S] positive [A] kapal pesiar [O] rendah hati,"[[508, 50, 60, 8225, 508, 32, 60, 595, 15554, 508, 46, 60, 27281, 1982, 672, 266, 508, 50, 81376, 60, 508, 50, 60, 8225, 508, 32, 60, 595, 15554, 11576, 72, 508, 46, 60, 27265, 524, 58554, 6996]]","[[508, 50, 60, 6785, 508, 32, 60, 33701, 1915, 508, 46, 60, 70464, 342, 6070, 71, 508, 50, 81376, 60, 508, 50, 60, 6785, 508, 32, 60, 44849, 278, 18050, 13572, 508, 46, 60, 17191, 1466, 8896, 72]]"
"kamar tidak terawat , kamar mandi kurang bersih . [O] [A] [S]","kereta sangat gurih , kapal pesiar rendah hati . [O] [A] [S]",[O] tidak terawat [A] kamar [S] negative [SSEP] [O] kurang bersih [A] kamar mandi [S] negative,[O] sangat gurih [A] kereta [S] positive [SSEP] [O] rendah hati [A] kapal pesiar [S] positive,"[[508, 46, 60, 27281, 1982, 672, 266, 508, 32, 60, 595, 15554, 508, 50, 60, 8225, 508, 50, 81376, 60, 508, 46, 60, 27265, 524, 58554, 6996, 508, 32, 60, 595, 15554, 11576, 72, 508, 50, 60, 8225]]","[[508, 46, 60, 70464, 342, 6070, 71, 508, 32, 60, 33701, 1915, 508, 50, 60, 6785, 508, 50, 81376, 60, 508, 46, 60, 17191, 1466, 8896, 72, 508, 32, 60, 44849, 278, 18050, 13572, 508, 50, 60, 6785]]"
"kamar tidak terawat , kamar mandi kurang bersih . [O] [S] [A]","kereta sangat gurih , kapal pesiar rendah hati . [O] [S] [A]",[O] tidak terawat [S] negative [A] kamar [SSEP] [O] kurang bersih [S] negative [A] kamar mandi,[O] sangat gurih [S] positive [A] kereta [SSEP] [O] rendah hati [S] positive [A] kapal pesiar,"[[508, 46, 60, 27281, 1982, 672, 266, 508, 50, 60, 8225, 508, 32, 60, 595, 15554, 508, 50, 81376, 60, 508, 46, 60, 27265, 524, 58554, 6996, 508, 50, 60, 8225, 508, 32, 60, 595, 15554, 11576, 72]]","[[508, 46, 60, 70464, 342, 6070, 71, 508, 50, 60, 6785, 508, 32, 60, 33701, 1915, 508, 50, 81376, 60, 508, 46, 60, 17191, 1466, 8896, 72, 508, 50, 60, 6785, 508, 32, 60, 44849, 278, 18050, 13572]]"
hotelnya bagus bersih nyaman . [A] [O] [S],kapal galak malu kasar . [A] [O] [S],[A] hotelnya [O] bagus [S] positive [SSEP] [A] hotelnya [O] bersih [S] positive [SSEP] [A] hotelnya [O] nyaman [S] positive,[A] kapal [O] galak [S] negative [SSEP] [A] hotelnya [O] malu [S] negative [SSEP] [A] hotelnya [O] kasar [S] negative,"[[508, 32, 60, 9500, 22891, 508, 46, 60, 8968, 355, 508, 50, 60, 6785, 508, 50, 81376, 60, 508, 32, 60, 9500, 22891, 508, 46, 60, 58554, 6996, 508, 50, 60, 6785, 508, 50, 81376, 60, 508, 32, 60, 9500, 22891, 508, 46, 60, 19004, 12715, 508, 50, 60, 6785]]","[[508, 32, 60, 44849, 278, 508, 46, 60, 15369, 585, 508, 50, 60, 8225, 508, 50, 81376, 60, 508, 32, 60, 9500, 22891, 508, 46, 60, 8641, 84, 508, 50, 60, 8225, 508, 50, 81376, 60, 508, 32, 60, 9500, 22891, 508, 46, 60, 47656, 277, 508, 50, 60, 8225]]"
hotelnya bagus bersih nyaman . [A] [S] [O],kapal galak malu kasar . [A] [S] [O],[A] hotelnya [S] positive [O] bagus [SSEP] [A] hotelnya [S] positive [O] bersih [SSEP] [A] hotelnya [S] positive [O] nyaman,[A] kapal [S] negative [O] galak [SSEP] [A] hotelnya [S] negative [O] malu [SSEP] [A] hotelnya [S] negative [O] kasar,"[[508, 32, 60, 9500, 22891, 508, 50, 60, 6785, 508, 46, 60, 8968, 355, 508, 50, 81376, 60, 508, 32, 60, 9500, 22891, 508, 50, 60, 6785, 508, 46, 60, 58554, 6996, 508, 50, 81376, 60, 508, 32, 60, 9500, 22891, 508, 50, 60, 6785, 508, 46, 60, 19004, 12715]]","[[508, 32, 60, 44849, 278, 508, 50, 60, 8225, 508, 46, 60, 15369, 585, 508, 50, 81376, 60, 508, 32, 60, 9500, 22891, 508, 50, 60, 8225, 508, 46, 60, 8641, 84, 508, 50, 81376, 60, 508, 32, 60, 9500, 22891, 508, 50, 60, 8225, 508, 46, 60, 47656, 277]]"
hotelnya bagus bersih nyaman . [S] [A] [O],kapal galak malu kasar . [S] [A] [O],[S] positive [A] hotelnya [O] bagus [SSEP] [S] positive [A] hotelnya [O] bersih [SSEP] [S] positive [A] hotelnya [O] nyaman,[S] negative [A] kapal [O] galak [SSEP] [S] negative [A] hotelnya [O] malu [SSEP] [S] negative [A] hotelnya [O] kasar,"[[508, 50, 60, 6785, 508, 32, 60, 9500, 22891, 508, 46, 60, 8968, 355, 508, 50, 81376, 60, 508, 50, 60, 6785, 508, 32, 60, 9500, 22891, 508, 46, 60, 58554, 6996, 508, 50, 81376, 60, 508, 50, 60, 6785, 508, 32, 60, 9500, 22891, 508, 46, 60, 19004, 12715]]","[[508, 50, 60, 8225, 508, 32, 60, 44849, 278, 508, 46, 60, 15369, 585, 508, 50, 81376, 60, 508, 50, 60, 8225, 508, 32, 60, 9500, 22891, 508, 46, 60, 8641, 84, 508, 50, 81376, 60, 508, 50, 60, 8225, 508, 32, 60, 9500, 22891, 508, 46, 60, 47656, 277]]"
hotelnya bagus bersih nyaman . [O] [A] [S],kapal galak malu kasar . [O] [A] [S],[O] bagus [A] hotelnya [S] positive [SSEP] [O] bersih [A] hotelnya [S] positive [SSEP] [O] nyaman [A] hotelnya [S] positive,[O] galak [A] kapal [S] negative [SSEP] [O] malu [A] hotelnya [S] negative [SSEP] [O] kasar [A] hotelnya [S] negative,"[[508, 46, 60, 8968, 355, 508, 32, 60, 9500, 22891, 508, 50, 60, 6785, 508, 50, 81376, 60, 508, 46, 60, 58554, 6996, 508, 32, 60, 9500, 22891, 508, 50, 60, 6785, 508, 50, 81376, 60, 508, 46, 60, 19004, 12715, 508, 32, 60, 9500, 22891, 508, 50, 60, 6785]]","[[508, 46, 60, 15369, 585, 508, 32, 60, 44849, 278, 508, 50, 60, 8225, 508, 50, 81376, 60, 508, 46, 60, 8641, 84, 508, 32, 60, 9500, 22891, 508, 50, 60, 8225, 508, 50, 81376, 60, 508, 46, 60, 47656, 277, 508, 32, 60, 9500, 22891, 508, 50, 60, 8225]]"
hotelnya bagus bersih nyaman . [O] [S] [A],kapal galak malu kasar . [O] [S] [A],[O] bagus [S] positive [A] hotelnya [SSEP] [O] bersih [S] positive [A] hotelnya [SSEP] [O] nyaman [S] positive [A] hotelnya,[O] galak [S] negative [A] kapal [SSEP] [O] malu [S] negative [A] hotelnya [SSEP] [O] kasar [S] negative [A] hotelnya,"[[508, 46, 60, 8968, 355, 508, 50, 60, 6785, 508, 32, 60, 9500, 22891, 508, 50, 81376, 60, 508, 46, 60, 58554, 6996, 508, 50, 60, 6785, 508, 32, 60, 9500, 22891, 508, 50, 81376, 60, 508, 46, 60, 19004, 12715, 508, 50, 60, 6785, 508, 32, 60, 9500, 22891]]","[[508, 46, 60, 15369, 585, 508, 50, 60, 8225, 508, 32, 60, 44849, 278, 508, 50, 81376, 60, 508, 46, 60, 8641, 84, 508, 50, 60, 8225, 508, 32, 60, 9500, 22891, 508, 50, 81376, 60, 508, 46, 60, 47656, 277, 508, 50, 60, 8225, 508, 32, 60, 9500, 22891]]"
tempatnya bersih dan nyaman . staf nya ramah . [A] [O] [S],kantong gelap dan curang . tombolnya lama . [A] [O] [S],[A] tempatnya [O] bersih [S] positive [SSEP] [A] tempatnya [O] nyaman [S] positive [SSEP] [A] staf nya [O] ramah [S] positive,[A] kantong [O] gelap [S] negative [SSEP] [A] kantong [O] curang [S] negative [SSEP] [A] tombolnya [O] lama [S] negative,"[[508, 32, 60, 2730, 266, 22891, 508, 46, 60, 58554, 6996, 508, 50, 60, 6785, 508, 50, 81376, 60, 508, 32, 60, 2730, 266, 22891, 508, 46, 60, 19004, 12715, 508, 50, 60, 6785, 508, 50, 81376, 60, 508, 32, 60, 357, 2577, 75189, 508, 46, 60, 17823, 1466, 508, 50, 60, 6785]]","[[508, 32, 60, 595, 517, 644, 508, 46, 60, 17837, 391, 508, 50, 60, 8225, 508, 50, 81376, 60, 508, 32, 60, 595, 517, 644, 508, 46, 60, 2847, 524, 508, 50, 60, 8225, 508, 50, 81376, 60, 508, 32, 60, 43080, 337, 22891, 508, 46, 60, 326, 3029, 508, 50, 60, 8225]]"
tempatnya bersih dan nyaman . staf nya ramah . [A] [S] [O],kantong gelap dan curang . tombolnya lama . [A] [S] [O],[A] tempatnya [S] positive [O] bersih [SSEP] [A] tempatnya [S] positive [O] nyaman [SSEP] [A] staf nya [S] positive [O] ramah,[A] kantong [S] negative [O] gelap [SSEP] [A] kantong [S] negative [O] curang [SSEP] [A] tombolnya [S] negative [O] lama,"[[508, 32, 60, 2730, 266, 22891, 508, 50, 60, 6785, 508, 46, 60, 58554, 6996, 508, 50, 81376, 60, 508, 32, 60, 2730, 266, 22891, 508, 50, 60, 6785, 508, 46, 60, 19004, 12715, 508, 50, 81376, 60, 508, 32, 60, 357, 2577, 75189, 508, 50, 60, 6785, 508, 46, 60, 17823, 1466]]","[[508, 32, 60, 595, 517, 644, 508, 50, 60, 8225, 508, 46, 60, 17837, 391, 508, 50, 81376, 60, 508, 32, 60, 595, 517, 644, 508, 50, 60, 8225, 508, 46, 60, 2847, 524, 508, 50, 81376, 60, 508, 32, 60, 43080, 337, 22891, 508, 50, 60, 8225, 508, 46, 60, 326, 3029]]"
tempatnya bersih dan nyaman . staf nya ramah . [S] [A] [O],kantong gelap dan curang . tombolnya lama . [S] [A] [O],[S] positive [A] tempatnya [O] bersih [SSEP] [S] positive [A] tempatnya [O] nyaman [SSEP] [S] positive [A] staf nya [O] ramah,[S] negative [A] kantong [O] gelap [SSEP] [S] negative [A] kantong [O] curang [SSEP] [S] negative [A] tombolnya [O] lama,"[[508, 50, 60, 6785, 508, 32, 60, 2730, 266, 22891, 508, 46, 60, 58554, 6996, 508, 50, 81376, 60, 508, 50, 60, 6785, 508, 32, 60, 2730, 266, 22891, 508, 46, 60, 19004, 12715, 508, 50, 81376, 60, 508, 50, 60, 6785, 508, 32, 60, 357, 2577, 75189, 508, 46, 60, 17823, 1466]]","[[508, 50, 60, 8225, 508, 32, 60, 595, 517, 644, 508, 46, 60, 17837, 391, 508, 50, 81376, 60, 508, 50, 60, 8225, 508, 32, 60, 595, 517, 644, 508, 46, 60, 2847, 524, 508, 50, 81376, 60, 508, 50, 60, 8225, 508, 32, 60, 43080, 337, 22891, 508, 46, 60, 326, 3029]]"
tempatnya bersih dan nyaman . staf nya ramah . [O] [A] [S],kantong gelap dan curang . tombolnya lama . [O] [A] [S],[O] bersih [A] tempatnya [S] positive [SSEP] [O] nyaman [A] tempatnya [S] positive [SSEP] [O] ramah [A] staf nya [S] positive,[O] gelap [A] kantong [S] negative [SSEP] [O] curang [A] kantong [S] negative [SSEP] [O] lama [A] tombolnya [S] negative,"[[508, 46, 60, 58554, 6996, 508, 32, 60, 2730, 266, 22891, 508, 50, 60, 6785, 508, 50, 81376, 60, 508, 46, 60, 19004, 12715, 508, 32, 60, 2730, 266, 22891, 508, 50, 60, 6785, 508, 50, 81376, 60, 508, 46, 60, 17823, 1466, 508, 32, 60, 357, 2577, 75189, 508, 50, 60, 6785]]","[[508, 46, 60, 17837, 391, 508, 32, 60, 595, 517, 644, 508, 50, 60, 8225, 508, 50, 81376, 60, 508, 46, 60, 2847, 524, 508, 32, 60, 595, 517, 644, 508, 50, 60, 8225, 508, 50, 81376, 60, 508, 46, 60, 326, 3029, 508, 32, 60, 43080, 337, 22891, 508, 50, 60, 8225]]"
tempatnya bersih dan nyaman . staf nya ramah . [O] [S] [A],kantong gelap dan curang . tombolnya lama . [O] [S] [A],[O] bersih [S] positive [A] tempatnya [SSEP] [O] nyaman [S] positive [A] tempatnya [SSEP] [O] ramah [S] positive [A] staf nya,[O] gelap [S] negative [A] kantong [SSEP] [O] curang [S] negative [A] kantong [SSEP] [O] lama [S] negative [A] tombolnya,"[[508, 46, 60, 58554, 6996, 508, 50, 60, 6785, 508, 32, 60, 2730, 266, 22891, 508, 50, 81376, 60, 508, 46, 60, 19004, 12715, 508, 50, 60, 6785, 508, 32, 60, 2730, 266, 22891, 508, 50, 81376, 60, 508, 46, 60, 17823, 1466, 508, 50, 60, 6785, 508, 32, 60, 357, 2577, 75189]]","[[508, 46, 60, 17837, 391, 508, 50, 60, 8225, 508, 32, 60, 595, 517, 644, 508, 50, 81376, 60, 508, 46, 60, 2847, 524, 508, 50, 60, 8225, 508, 32, 60, 595, 517, 644, 508, 50, 81376, 60, 508, 46, 60, 326, 3029, 508, 50, 60, 8225, 508, 32, 60, 43080, 337, 22891]]"
kamar bagus dan bersih tetapi kurang besar . [A] [O] [S],buku galak dan judes tetapi sangat kuat . [A] [O] [S],[A] kamar [O] bagus [S] positive [SSEP] [A] kamar [O] bersih [S] positive [SSEP] [A] kamar [O] kurang besar [S] negative,[A] buku [O] galak [S] negative [SSEP] [A] buku [O] judes [S] negative [SSEP] [A] buku [O] sangat kuat [S] positive,"[[508, 32, 60, 595, 15554, 508, 46, 60, 8968, 355, 508, 50, 60, 6785, 508, 50, 81376, 60, 508, 32, 60, 595, 15554, 508, 46, 60, 58554, 6996, 508, 50, 60, 6785, 508, 50, 81376, 60, 508, 32, 60, 595, 15554, 508, 46, 60, 27265, 524, 84885, 508, 50, 60, 8225]]","[[508, 32, 60, 1031, 12133, 508, 46, 60, 15369, 585, 508, 50, 60, 8225, 508, 50, 81376, 60, 508, 32, 60, 1031, 12133, 508, 46, 60, 5741, 288, 508, 50, 60, 8225, 508, 50, 81376, 60, 508, 32, 60, 1031, 12133, 508, 46, 60, 70464, 36600, 266, 508, 50, 60, 6785]]"
kamar bagus dan bersih tetapi kurang besar . [A] [S] [O],buku galak dan judes tetapi sangat kuat . [A] [S] [O],[A] kamar [S] positive [O] bagus [SSEP] [A] kamar [S] positive [O] bersih [SSEP] [A] kamar [S] negative [O] kurang besar,[A] buku [S] negative [O] galak [SSEP] [A] buku [S] negative [O] judes [SSEP] [A] buku [S] positive [O] sangat kuat,"[[508, 32, 60, 595, 15554, 508, 50, 60, 6785, 508, 46, 60, 8968, 355, 508, 50, 81376, 60, 508, 32, 60, 595, 15554, 508, 50, 60, 6785, 508, 46, 60, 58554, 6996, 508, 50, 81376, 60, 508, 32, 60, 595, 15554, 508, 50, 60, 8225, 508, 46, 60, 27265, 524, 84885]]","[[508, 32, 60, 1031, 12133, 508, 50, 60, 8225, 508, 46, 60, 15369, 585, 508, 50, 81376, 60, 508, 32, 60, 1031, 12133, 508, 50, 60, 8225, 508, 46, 60, 5741, 288, 508, 50, 81376, 60, 508, 32, 60, 1031, 12133, 508, 50, 60, 6785, 508, 46, 60, 70464, 36600, 266]]"
kamar bagus dan bersih tetapi kurang besar . [S] [A] [O],buku galak dan judes tetapi sangat kuat . [S] [A] [O],[S] positive [A] kamar [O] bagus [SSEP] [S] positive [A] kamar [O] bersih [SSEP] [S] negative [A] kamar [O] kurang besar,[S] negative [A] buku [O] galak [SSEP] [S] negative [A] buku [O] judes [SSEP] [S] positive [A] buku [O] sangat kuat,"[[508, 50, 60, 6785, 508, 32, 60, 595, 15554, 508, 46, 60, 8968, 355, 508, 50, 81376, 60, 508, 50, 60, 6785, 508, 32, 60, 595, 15554, 508, 46, 60, 58554, 6996, 508, 50, 81376, 60, 508, 50, 60, 8225, 508, 32, 60, 595, 15554, 508, 46, 60, 27265, 524, 84885]]","[[508, 50, 60, 8225, 508, 32, 60, 1031, 12133, 508, 46, 60, 15369, 585, 508, 50, 81376, 60, 508, 50, 60, 8225, 508, 32, 60, 1031, 12133, 508, 46, 60, 5741, 288, 508, 50, 81376, 60, 508, 50, 60, 6785, 508, 32, 60, 1031, 12133, 508, 46, 60, 70464, 36600, 266]]"
kamar bagus dan bersih tetapi kurang besar . [O] [A] [S],buku galak dan judes tetapi sangat kuat . [O] [A] [S],[O] bagus [A] kamar [S] positive [SSEP] [O] bersih [A] kamar [S] positive [SSEP] [O] kurang besar [A] kamar [S] negative,[O] galak [A] buku [S] negative [SSEP] [O] judes [A] buku [S] negative [SSEP] [O] sangat kuat [A] buku [S] positive,"[[508, 46, 60, 8968, 355, 508, 32, 60, 595, 15554, 508, 50, 60, 6785, 508, 50, 81376, 60, 508, 46, 60, 58554, 6996, 508, 32, 60, 595, 15554, 508, 50, 60, 6785, 508, 50, 81376, 60, 508, 46, 60, 27265, 524, 84885, 508, 32, 60, 595, 15554, 508, 50, 60, 8225]]","[[508, 46, 60, 15369, 585, 508, 32, 60, 1031, 12133, 508, 50, 60, 8225, 508, 50, 81376, 60, 508, 46, 60, 5741, 288, 508, 32, 60, 1031, 12133, 508, 50, 60, 8225, 508, 50, 81376, 60, 508, 46, 60, 70464, 36600, 266, 508, 32, 60, 1031, 12133, 508, 50, 60, 6785]]"
kamar bagus dan bersih tetapi kurang besar . [O] [S] [A],buku galak dan judes tetapi sangat kuat . [O] [S] [A],[O] bagus [S] positive [A] kamar [SSEP] [O] bersih [S] positive [A] kamar [SSEP] [O] kurang besar [S] negative [A] kamar,[O] galak [S] negative [A] buku [SSEP] [O] judes [S] negative [A] buku [SSEP] [O] sangat kuat [S] positive [A] buku,"[[508, 46, 60, 8968, 355, 508, 50, 60, 6785, 508, 32, 60, 595, 15554, 508, 50, 81376, 60, 508, 46, 60, 58554, 6996, 508, 50, 60, 6785, 508, 32, 60, 595, 15554, 508, 50, 81376, 60, 508, 46, 60, 27265, 524, 84885, 508, 50, 60, 8225, 508, 32, 60, 595, 15554]]","[[508, 46, 60, 15369, 585, 508, 50, 60, 8225, 508, 32, 60, 1031, 12133, 508, 50, 81376, 60, 508, 46, 60, 5741, 288, 508, 50, 60, 8225, 508, 32, 60, 1031, 12133, 508, 50, 81376, 60, 508, 46, 60, 70464, 36600, 266, 508, 50, 60, 6785, 508, 32, 60, 1031, 12133]]"
"staf kurang ramah , sarung bantal kotor , pintu kamar mandi rusak . [A] [O] [S]","penghapus manis sekali , papan tulis gagah , tenaga kependidikan segar . [A] [O] [S]",[A] staf [O] kurang ramah [S] negative [SSEP] [A] sarung bantal [O] kotor [S] negative [SSEP] [A] pintu kamar mandi [O] rusak [S] negative,[A] penghapus [O] manis sekali [S] positive [SSEP] [A] papan tulis [O] gagah [S] positive [SSEP] [A] tenaga kependidikan [O] segar [S] positive,"[[508, 32, 60, 357, 2577, 508, 46, 60, 27265, 524, 17823, 1466, 508, 50, 60, 8225, 508, 50, 81376, 60, 508, 32, 60, 28047, 2185, 293, 59693, 508, 46, 60, 595, 9887, 508, 50, 60, 8225, 508, 50, 81376, 60, 508, 32, 60, 45646, 84, 595, 15554, 11576, 72, 508, 46, 60, 52454, 585, 508, 50, 60, 8225]]","[[508, 32, 60, 36686, 67955, 508, 46, 60, 883, 285, 43834, 7956, 508, 50, 60, 6785, 508, 50, 81376, 60, 508, 32, 60, 281, 5359, 60936, 285, 508, 46, 60, 45592, 1466, 508, 50, 60, 6785, 508, 50, 81376, 60, 508, 32, 60, 5779, 12466, 1962, 3740, 307, 22222, 508, 46, 60, 4810, 277, 508, 50, 60, 6785]]"
"staf kurang ramah , sarung bantal kotor , pintu kamar mandi rusak . [A] [S] [O]","penghapus manis sekali , papan tulis gagah , tenaga kependidikan segar . [A] [S] [O]",[A] staf [S] negative [O] kurang ramah [SSEP] [A] sarung bantal [S] negative [O] kotor [SSEP] [A] pintu kamar mandi [S] negative [O] rusak,[A] penghapus [S] positive [O] manis sekali [SSEP] [A] papan tulis [S] positive [O] gagah [SSEP] [A] tenaga kependidikan [S] positive [O] segar,"[[508, 32, 60, 357, 2577, 508, 50, 60, 8225, 508, 46, 60, 27265, 524, 17823, 1466, 508, 50, 81376, 60, 508, 32, 60, 28047, 2185, 293, 59693, 508, 50, 60, 8225, 508, 46, 60, 595, 9887, 508, 50, 81376, 60, 508, 32, 60, 45646, 84, 595, 15554, 11576, 72, 508, 50, 60, 8225, 508, 46, 60, 52454, 585]]","[[508, 32, 60, 36686, 67955, 508, 50, 60, 6785, 508, 46, 60, 883, 285, 43834, 7956, 508, 50, 81376, 60, 508, 32, 60, 281, 5359, 60936, 285, 508, 50, 60, 6785, 508, 46, 60, 45592, 1466, 508, 50, 81376, 60, 508, 32, 60, 5779, 12466, 1962, 3740, 307, 22222, 508, 50, 60, 6785, 508, 46, 60, 4810, 277]]"
"staf kurang ramah , sarung bantal kotor , pintu kamar mandi rusak . [S] [A] [O]","penghapus manis sekali , papan tulis gagah , tenaga kependidikan segar . [S] [A] [O]",[S] negative [A] staf [O] kurang ramah [SSEP] [S] negative [A] sarung bantal [O] kotor [SSEP] [S] negative [A] pintu kamar mandi [O] rusak,[S] positive [A] penghapus [O] manis sekali [SSEP] [S] positive [A] papan tulis [O] gagah [SSEP] [S] positive [A] tenaga kependidikan [O] segar,"[[508, 50, 60, 8225, 508, 32, 60, 357, 2577, 508, 46, 60, 27265, 524, 17823, 1466, 508, 50, 81376, 60, 508, 50, 60, 8225, 508, 32, 60, 28047, 2185, 293, 59693, 508, 46, 60, 595, 9887, 508, 50, 81376, 60, 508, 50, 60, 8225, 508, 32, 60, 45646, 84, 595, 15554, 11576, 72, 508, 46, 60, 52454, 585]]","[[508, 50, 60, 6785, 508, 32, 60, 36686, 67955, 508, 46, 60, 883, 285, 43834, 7956, 508, 50, 81376, 60, 508, 50, 60, 6785, 508, 32, 60, 281, 5359, 60936, 285, 508, 46, 60, 45592, 1466, 508, 50, 81376, 60, 508, 50, 60, 6785, 508, 32, 60, 5779, 12466, 1962, 3740, 307, 22222, 508, 46, 60, 4810, 277]]"
"staf kurang ramah , sarung bantal kotor , pintu kamar mandi rusak . [O] [A] [S]","penghapus manis sekali , papan tulis gagah , tenaga kependidikan segar . [O] [A] [S]",[O] kurang ramah [A] staf [S] negative [SSEP] [O] kotor [A] sarung bantal [S] negative [SSEP] [O] rusak [A] pintu kamar mandi [S] negative,[O] manis sekali [A] penghapus [S] positive [SSEP] [O] gagah [A] papan tulis [S] positive [SSEP] [O] segar [A] tenaga kependidikan [S] positive,"[[508, 46, 60, 27265, 524, 17823, 1466, 508, 32, 60, 357, 2577, 508, 50, 60, 8225, 508, 50, 81376, 60, 508, 46, 60, 595, 9887, 508, 32, 60, 28047, 2185, 293, 59693, 508, 50, 60, 8225, 508, 50, 81376, 60, 508, 46, 60, 52454, 585, 508, 32, 60, 45646, 84, 595, 15554, 11576, 72, 508, 50, 60, 8225]]","[[508, 46, 60, 883, 285, 43834, 7956, 508, 32, 60, 36686, 67955, 508, 50, 60, 6785, 508, 50, 81376, 60, 508, 46, 60, 45592, 1466, 508, 32, 60, 281, 5359, 60936, 285, 508, 50, 60, 6785, 508, 50, 81376, 60, 508, 46, 60, 4810, 277, 508, 32, 60, 5779, 12466, 1962, 3740, 307, 22222, 508, 50, 60, 6785]]"
"staf kurang ramah , sarung bantal kotor , pintu kamar mandi rusak . [O] [S] [A]","penghapus manis sekali , papan tulis gagah , tenaga kependidikan segar . [O] [S] [A]",[O] kurang ramah [S] negative [A] staf [SSEP] [O] kotor [S] negative [A] sarung bantal [SSEP] [O] rusak [S] negative [A] pintu kamar mandi,[O] manis sekali [S] positive [A] penghapus [SSEP] [O] gagah [S] positive [A] papan tulis [SSEP] [O] segar [S] positive [A] tenaga kependidikan,"[[508, 46, 60, 27265, 524, 17823, 1466, 508, 50, 60, 8225, 508, 32, 60, 357, 2577, 508, 50, 81376, 60, 508, 46, 60, 595, 9887, 508, 50, 60, 8225, 508, 32, 60, 28047, 2185, 293, 59693, 508, 50, 81376, 60, 508, 46, 60, 52454, 585, 508, 50, 60, 8225, 508, 32, 60, 45646, 84, 595, 15554, 11576, 72]]","[[508, 46, 60, 883, 285, 43834, 7956, 508, 50, 60, 6785, 508, 32, 60, 36686, 67955, 508, 50, 81376, 60, 508, 46, 60, 45592, 1466, 508, 50, 60, 6785, 508, 32, 60, 281, 5359, 60936, 285, 508, 50, 81376, 60, 508, 46, 60, 4810, 277, 508, 50, 60, 6785, 508, 32, 60, 5779, 12466, 1962, 3740, 307, 22222]]"
"pelayanan sangat baik , kamar bersih , tetapi tidak ada sarapan . [A] [O] [S]","coklat rapuh , gelas kecut , tetapi ramah galon . [A] [O] [S]",[A] pelayanan [O] sangat baik [S] positive [SSEP] [A] kamar [O] bersih [S] positive [SSEP] [A] sarapan [O] tidak ada [S] negative,[A] coklat [O] rapuh [S] negative [SSEP] [A] gelas [O] kecut [S] negative [SSEP] [A] galon [O] ramah [S] positive,"[[508, 32, 60, 281, 6895, 28618, 508, 46, 60, 70464, 79187, 508, 50, 60, 6785, 508, 50, 81376, 60, 508, 32, 60, 595, 15554, 508, 46, 60, 58554, 6996, 508, 50, 60, 6785, 508, 50, 81376, 60, 508, 32, 60, 28047, 5359, 508, 46, 60, 27281, 34234, 508, 50, 60, 8225]]","[[508, 32, 60, 272, 562, 5524, 508, 46, 60, 7327, 12540, 508, 50, 60, 8225, 508, 50, 81376, 60, 508, 32, 60, 17837, 300, 508, 46, 60, 1962, 10242, 508, 50, 60, 8225, 508, 50, 81376, 60, 508, 32, 60, 15369, 263, 508, 46, 60, 17823, 1466, 508, 50, 60, 6785]]"
"pelayanan sangat baik , kamar bersih , tetapi tidak ada sarapan . [A] [S] [O]","coklat rapuh , gelas kecut , tetapi ramah galon . [A] [S] [O]",[A] pelayanan [S] positive [O] sangat baik [SSEP] [A] kamar [S] positive [O] bersih [SSEP] [A] sarapan [S] negative [O] tidak ada,[A] coklat [S] negative [O] rapuh [SSEP] [A] gelas [S] negative [O] kecut [SSEP] [A] galon [S] positive [O] ramah,"[[508, 32, 60, 281, 6895, 28618, 508, 50, 60, 6785, 508, 46, 60, 70464, 79187, 508, 50, 81376, 60, 508, 32, 60, 595, 15554, 508, 50, 60, 6785, 508, 46, 60, 58554, 6996, 508, 50, 81376, 60, 508, 32, 60, 28047, 5359, 508, 50, 60, 8225, 508, 46, 60, 27281, 34234]]","[[508, 32, 60, 272, 562, 5524, 508, 50, 60, 8225, 508, 46, 60, 7327, 12540, 508, 50, 81376, 60, 508, 32, 60, 17837, 300, 508, 50, 60, 8225, 508, 46, 60, 1962, 10242, 508, 50, 81376, 60, 508, 32, 60, 15369, 263, 508, 50, 60, 6785, 508, 46, 60, 17823, 1466]]"
"pelayanan sangat baik , kamar bersih , tetapi tidak ada sarapan . [S] [A] [O]","coklat rapuh , gelas kecut , tetapi ramah galon . [S] [A] [O]",[S] positive [A] pelayanan [O] sangat baik [SSEP] [S] positive [A] kamar [O] bersih [SSEP] [S] negative [A] sarapan [O] tidak ada,[S] negative [A] coklat [O] rapuh [SSEP] [S] negative [A] gelas [O] kecut [SSEP] [S] positive [A] galon [O] ramah,"[[508, 50, 60, 6785, 508, 32, 60, 281, 6895, 28618, 508, 46, 60, 70464, 79187, 508, 50, 81376, 60, 508, 50, 60, 6785, 508, 32, 60, 595, 15554, 508, 46, 60, 58554, 6996, 508, 50, 81376, 60, 508, 50, 60, 8225, 508, 32, 60, 28047, 5359, 508, 46, 60, 27281, 34234]]","[[508, 50, 60, 8225, 508, 32, 60, 272, 562, 5524, 508, 46, 60, 7327, 12540, 508, 50, 81376, 60, 508, 50, 60, 8225, 508, 32, 60, 17837, 300, 508, 46, 60, 1962, 10242, 508, 50, 81376, 60, 508, 50, 60, 6785, 508, 32, 60, 15369, 263, 508, 46, 60, 17823, 1466]]"
"pelayanan sangat baik , kamar bersih , tetapi tidak ada sarapan . [O] [A] [S]","coklat rapuh , gelas kecut , tetapi ramah galon . [O] [A] [S]",[O] sangat baik [A] pelayanan [S] positive [SSEP] [O] bersih [A] kamar [S] positive [SSEP] [O] tidak ada [A] sarapan [S] negative,[O] rapuh [A] coklat [S] negative [SSEP] [O] kecut [A] gelas [S] negative [SSEP] [O] ramah [A] galon [S] positive,"[[508, 46, 60, 70464, 79187, 508, 32, 60, 281, 6895, 28618, 508, 50, 60, 6785, 508, 50, 81376, 60, 508, 46, 60, 58554, 6996, 508, 32, 60, 595, 15554, 508, 50, 60, 6785, 508, 50, 81376, 60, 508, 46, 60, 27281, 34234, 508, 32, 60, 28047, 5359, 508, 50, 60, 8225]]","[[508, 46, 60, 7327, 12540, 508, 32, 60, 272, 562, 5524, 508, 50, 60, 8225, 508, 50, 81376, 60, 508, 46, 60, 1962, 10242, 508, 32, 60, 17837, 300, 508, 50, 60, 8225, 508, 50, 81376, 60, 508, 46, 60, 17823, 1466, 508, 32, 60, 15369, 263, 508, 50, 60, 6785]]"
"pelayanan sangat baik , kamar bersih , tetapi tidak ada sarapan . [O] [S] [A]","coklat rapuh , gelas kecut , tetapi ramah galon . [O] [S] [A]",[O] sangat baik [S] positive [A] pelayanan [SSEP] [O] bersih [S] positive [A] kamar [SSEP] [O] tidak ada [S] negative [A] sarapan,[O] rapuh [S] negative [A] coklat [SSEP] [O] kecut [S] negative [A] gelas [SSEP] [O] ramah [S] positive [A] galon,"[[508, 46, 60, 70464, 79187, 508, 50, 60, 6785, 508, 32, 60, 281, 6895, 28618, 508, 50, 81376, 60, 508, 46, 60, 58554, 6996, 508, 50, 60, 6785, 508, 32, 60, 595, 15554, 508, 50, 81376, 60, 508, 46, 60, 27281, 34234, 508, 50, 60, 8225, 508, 32, 60, 28047, 5359]]","[[508, 46, 60, 7327, 12540, 508, 50, 60, 8225, 508, 32, 60, 272, 562, 5524, 508, 50, 81376, 60, 508, 46, 60, 1962, 10242, 508, 50, 60, 8225, 508, 32, 60, 17837, 300, 508, 50, 81376, 60, 508, 46, 60, 17823, 1466, 508, 50, 60, 6785, 508, 32, 60, 15369, 263]]"
