order,original_sentence,original_triplet,original_label_variant,counterfact4_replaced,counterfact_triplet4_replaced,counterfact_label_variant,is_match
AOS,pelayanan lumayan baik .,"[('pelayanan', 'lumayan baik', 'positive')]",[A] pelayanan [O] lumayan baik [S] positive,fasilitas sangat buruk .,"[('fasilitas', 'sangat buruk', 'negative')]",[A] fasilitas [O] sangat buruk [S] negative,True
ASO,pelayanan lumayan baik .,"[('pelayanan', 'lumayan baik', 'positive')]",[A] pelayanan [S] positive [O] lumayan baik,fasilitas sangat buruk .,"[('fasilitas', 'sangat buruk', 'negative')]",[A] fasilitas [S] negative [O] sangat buruk,True
SAO,pelayanan lumayan baik .,"[('pelayanan', 'lumayan baik', 'positive')]",[S] positive [A] pelayanan [O] lumayan baik,fasilitas sangat buruk .,"[('fasilitas', 'sangat buruk', 'negative')]",[S] negative [A] fasilitas [O] sangat buruk,True
OAS,pelayanan lumayan baik .,"[('pelayanan', 'lumayan baik', 'positive')]",[O] lumayan baik [A] pelayanan [S] positive,fasilitas sangat buruk .,"[('fasilitas', 'sangat buruk', 'negative')]",[O] sangat buruk [A] fasilitas [S] negative,True
OSA,pelayanan lumayan baik .,"[('pelayanan', 'lumayan baik', 'positive')]",[O] lumayan baik [S] positive [A] pelayanan,fasilitas sangat buruk .,"[('fasilitas', 'sangat buruk', 'negative')]",[O] sangat buruk [S] negative [A] fasilitas,True
AOS,"suasananya kurang nyaman . untuk menginap harus deposit 300 , 000 . tetapi bisa digantikan dengan ktp .","[('suasananya', 'kurang nyaman', 'negative')]",[A] suasananya [O] kurang nyaman [S] negative,"pelayan cukup ramah . untuk menginap harus deposit 300 , 000 . tetapi bisa digantikan dengan ktp .","[('pelayan', 'cukup ramah', 'positive')]",[A] pelayan [O] cukup ramah [S] positive,True
ASO,"suasananya kurang nyaman . untuk menginap harus deposit 300 , 000 . tetapi bisa digantikan dengan ktp .","[('suasananya', 'kurang nyaman', 'negative')]",[A] suasananya [S] negative [O] kurang nyaman,"pelayan cukup ramah . untuk menginap harus deposit 300 , 000 . tetapi bisa digantikan dengan ktp .","[('pelayan', 'cukup ramah', 'positive')]",[A] pelayan [S] positive [O] cukup ramah,True
SAO,"suasananya kurang nyaman . untuk menginap harus deposit 300 , 000 . tetapi bisa digantikan dengan ktp .","[('suasananya', 'kurang nyaman', 'negative')]",[S] negative [A] suasananya [O] kurang nyaman,"pelayan cukup ramah . untuk menginap harus deposit 300 , 000 . tetapi bisa digantikan dengan ktp .","[('pelayan', 'cukup ramah', 'positive')]",[S] positive [A] pelayan [O] cukup ramah,True
OAS,"suasananya kurang nyaman . untuk menginap harus deposit 300 , 000 . tetapi bisa digantikan dengan ktp .","[('suasananya', 'kurang nyaman', 'negative')]",[O] kurang nyaman [A] suasananya [S] negative,"pelayan cukup ramah . untuk menginap harus deposit 300 , 000 . tetapi bisa digantikan dengan ktp .","[('pelayan', 'cukup ramah', 'positive')]",[O] cukup ramah [A] pelayan [S] positive,True
OSA,"suasananya kurang nyaman . untuk menginap harus deposit 300 , 000 . tetapi bisa digantikan dengan ktp .","[('suasananya', 'kurang nyaman', 'negative')]",[O] kurang nyaman [S] negative [A] suasananya,"pelayan cukup ramah . untuk menginap harus deposit 300 , 000 . tetapi bisa digantikan dengan ktp .","[('pelayan', 'cukup ramah', 'positive')]",[O] cukup ramah [S] positive [A] pelayan,True
AOS,makanan yang kurang memuaskan .,"[('makanan', 'kurang memuaskan', 'negative')]",[A] makanan [O] kurang memuaskan [S] negative,fasilitas yang cukup memuaskan .,"[('fasilitas', 'cukup memuaskan', 'positive')]",[A] fasilitas [O] cukup memuaskan [S] positive,True
ASO,makanan yang kurang memuaskan .,"[('makanan', 'kurang memuaskan', 'negative')]",[A] makanan [S] negative [O] kurang memuaskan,fasilitas yang cukup memuaskan .,"[('fasilitas', 'cukup memuaskan', 'positive')]",[A] fasilitas [S] positive [O] cukup memuaskan,True
SAO,makanan yang kurang memuaskan .,"[('makanan', 'kurang memuaskan', 'negative')]",[S] negative [A] makanan [O] kurang memuaskan,fasilitas yang cukup memuaskan .,"[('fasilitas', 'cukup memuaskan', 'positive')]",[S] positive [A] fasilitas [O] cukup memuaskan,True
OAS,makanan yang kurang memuaskan .,"[('makanan', 'kurang memuaskan', 'negative')]",[O] kurang memuaskan [A] makanan [S] negative,fasilitas yang cukup memuaskan .,"[('fasilitas', 'cukup memuaskan', 'positive')]",[O] cukup memuaskan [A] fasilitas [S] positive,True
OSA,makanan yang kurang memuaskan .,"[('makanan', 'kurang memuaskan', 'negative')]",[O] kurang memuaskan [S] negative [A] makanan,fasilitas yang cukup memuaskan .,"[('fasilitas', 'cukup memuaskan', 'positive')]",[O] cukup memuaskan [S] positive [A] fasilitas,True
AOS,tempatnya nyaman untuk istirahat .,"[('tempatnya', 'nyaman', 'positive')]",[A] tempatnya [O] nyaman [S] positive,lokasinya ribut untuk istirahat .,"[('lokasinya', 'ribut', 'negative')]",[A] lokasinya [O] ribut [S] negative,True
ASO,tempatnya nyaman untuk istirahat .,"[('tempatnya', 'nyaman', 'positive')]",[A] tempatnya [S] positive [O] nyaman,lokasinya ribut untuk istirahat .,"[('lokasinya', 'ribut', 'negative')]",[A] lokasinya [S] negative [O] ribut,True
SAO,tempatnya nyaman untuk istirahat .,"[('tempatnya', 'nyaman', 'positive')]",[S] positive [A] tempatnya [O] nyaman,lokasinya ribut untuk istirahat .,"[('lokasinya', 'ribut', 'negative')]",[S] negative [A] lokasinya [O] ribut,True
OAS,tempatnya nyaman untuk istirahat .,"[('tempatnya', 'nyaman', 'positive')]",[O] nyaman [A] tempatnya [S] positive,lokasinya ribut untuk istirahat .,"[('lokasinya', 'ribut', 'negative')]",[O] ribut [A] lokasinya [S] negative,True
OSA,tempatnya nyaman untuk istirahat .,"[('tempatnya', 'nyaman', 'positive')]",[O] nyaman [S] positive [A] tempatnya,lokasinya ribut untuk istirahat .,"[('lokasinya', 'ribut', 'negative')]",[O] ribut [S] negative [A] lokasinya,True
AOS,kamar bersih .,"[('kamar', 'bersih', 'positive')]",[A] kamar [O] bersih [S] positive,daun kotor .,"[('daun', 'kotor', 'negative')]",[A] daun [O] kotor [S] negative,True
ASO,kamar bersih .,"[('kamar', 'bersih', 'positive')]",[A] kamar [S] positive [O] bersih,daun kotor .,"[('daun', 'kotor', 'negative')]",[A] daun [S] negative [O] kotor,True
SAO,kamar bersih .,"[('kamar', 'bersih', 'positive')]",[S] positive [A] kamar [O] bersih,daun kotor .,"[('daun', 'kotor', 'negative')]",[S] negative [A] daun [O] kotor,True
OAS,kamar bersih .,"[('kamar', 'bersih', 'positive')]",[O] bersih [A] kamar [S] positive,daun kotor .,"[('daun', 'kotor', 'negative')]",[O] kotor [A] daun [S] negative,True
OSA,kamar bersih .,"[('kamar', 'bersih', 'positive')]",[O] bersih [S] positive [A] kamar,daun kotor .,"[('daun', 'kotor', 'negative')]",[O] kotor [S] negative [A] daun,True
AOS,harga terjangkau dan dekat dengan pusat kota bandung .,"[('harga', 'terjangkau', 'positive')]",[A] harga [O] terjangkau [S] positive,lift sering macet dan dekat dengan pusat kota bandung .,"[('lift', 'sering macet', 'negative')]",[A] lift [O] sering macet [S] negative,True
ASO,harga terjangkau dan dekat dengan pusat kota bandung .,"[('harga', 'terjangkau', 'positive')]",[A] harga [S] positive [O] terjangkau,lift sering macet dan dekat dengan pusat kota bandung .,"[('lift', 'sering macet', 'negative')]",[A] lift [S] negative [O] sering macet,True
SAO,harga terjangkau dan dekat dengan pusat kota bandung .,"[('harga', 'terjangkau', 'positive')]",[S] positive [A] harga [O] terjangkau,lift sering macet dan dekat dengan pusat kota bandung .,"[('lift', 'sering macet', 'negative')]",[S] negative [A] lift [O] sering macet,True
OAS,harga terjangkau dan dekat dengan pusat kota bandung .,"[('harga', 'terjangkau', 'positive')]",[O] terjangkau [A] harga [S] positive,lift sering macet dan dekat dengan pusat kota bandung .,"[('lift', 'sering macet', 'negative')]",[O] sering macet [A] lift [S] negative,True
OSA,harga terjangkau dan dekat dengan pusat kota bandung .,"[('harga', 'terjangkau', 'positive')]",[O] terjangkau [S] positive [A] harga,lift sering macet dan dekat dengan pusat kota bandung .,"[('lift', 'sering macet', 'negative')]",[O] sering macet [S] negative [A] lift,True
AOS,kamar yang didapatkan tidak terlalu bersih .,"[('kamar', 'tidak terlalu bersih', 'negative')]",[A] kamar [O] tidak terlalu bersih [S] negative,staf yang didapatkan ramah dan baik sekali .,"[('staf', 'ramah dan baik sekali', 'positive')]",[A] staf [O] ramah dan baik sekali [S] positive,True
ASO,kamar yang didapatkan tidak terlalu bersih .,"[('kamar', 'tidak terlalu bersih', 'negative')]",[A] kamar [S] negative [O] tidak terlalu bersih,staf yang didapatkan ramah dan baik sekali .,"[('staf', 'ramah dan baik sekali', 'positive')]",[A] staf [S] positive [O] ramah dan baik sekali,True
SAO,kamar yang didapatkan tidak terlalu bersih .,"[('kamar', 'tidak terlalu bersih', 'negative')]",[S] negative [A] kamar [O] tidak terlalu bersih,staf yang didapatkan ramah dan baik sekali .,"[('staf', 'ramah dan baik sekali', 'positive')]",[S] positive [A] staf [O] ramah dan baik sekali,True
OAS,kamar yang didapatkan tidak terlalu bersih .,"[('kamar', 'tidak terlalu bersih', 'negative')]",[O] tidak terlalu bersih [A] kamar [S] negative,staf yang didapatkan ramah dan baik sekali .,"[('staf', 'ramah dan baik sekali', 'positive')]",[O] ramah dan baik sekali [A] staf [S] positive,True
OSA,kamar yang didapatkan tidak terlalu bersih .,"[('kamar', 'tidak terlalu bersih', 'negative')]",[O] tidak terlalu bersih [S] negative [A] kamar,staf yang didapatkan ramah dan baik sekali .,"[('staf', 'ramah dan baik sekali', 'positive')]",[O] ramah dan baik sekali [S] positive [A] staf,True
AOS,hotel kurang nyaman .,"[('hotel', 'kurang nyaman', 'negative')]",[A] hotel [O] kurang nyaman [S] negative,ac terasa dingin .,"[('ac', 'terasa dingin', 'positive')]",[A] ac [O] terasa dingin [S] positive,True
ASO,hotel kurang nyaman .,"[('hotel', 'kurang nyaman', 'negative')]",[A] hotel [S] negative [O] kurang nyaman,ac terasa dingin .,"[('ac', 'terasa dingin', 'positive')]",[A] ac [S] positive [O] terasa dingin,True
SAO,hotel kurang nyaman .,"[('hotel', 'kurang nyaman', 'negative')]",[S] negative [A] hotel [O] kurang nyaman,ac terasa dingin .,"[('ac', 'terasa dingin', 'positive')]",[S] positive [A] ac [O] terasa dingin,True
OAS,hotel kurang nyaman .,"[('hotel', 'kurang nyaman', 'negative')]",[O] kurang nyaman [A] hotel [S] negative,ac terasa dingin .,"[('ac', 'terasa dingin', 'positive')]",[O] terasa dingin [A] ac [S] positive,True
OSA,hotel kurang nyaman .,"[('hotel', 'kurang nyaman', 'negative')]",[O] kurang nyaman [S] negative [A] hotel,ac terasa dingin .,"[('ac', 'terasa dingin', 'positive')]",[O] terasa dingin [S] positive [A] ac,True
AOS,ini tempatnya oke .,"[('tempatnya', 'oke', 'positive')]",[A] tempatnya [O] oke [S] positive,ini kamarnya kotor .,"[('kamarnya', 'kotor', 'negative')]",[A] kamarnya [O] kotor [S] negative,True
ASO,ini tempatnya oke .,"[('tempatnya', 'oke', 'positive')]",[A] tempatnya [S] positive [O] oke,ini kamarnya kotor .,"[('kamarnya', 'kotor', 'negative')]",[A] kamarnya [S] negative [O] kotor,True
SAO,ini tempatnya oke .,"[('tempatnya', 'oke', 'positive')]",[S] positive [A] tempatnya [O] oke,ini kamarnya kotor .,"[('kamarnya', 'kotor', 'negative')]",[S] negative [A] kamarnya [O] kotor,True
OAS,ini tempatnya oke .,"[('tempatnya', 'oke', 'positive')]",[O] oke [A] tempatnya [S] positive,ini kamarnya kotor .,"[('kamarnya', 'kotor', 'negative')]",[O] kotor [A] kamarnya [S] negative,True
OSA,ini tempatnya oke .,"[('tempatnya', 'oke', 'positive')]",[O] oke [S] positive [A] tempatnya,ini kamarnya kotor .,"[('kamarnya', 'kotor', 'negative')]",[O] kotor [S] negative [A] kamarnya,True
AOS,pelayanan oke .,"[('pelayanan', 'oke', 'positive')]",[A] pelayanan [O] oke [S] positive,kebersihan buruk .,"[('kebersihan', 'buruk', 'negative')]",[A] kebersihan [O] buruk [S] negative,True
ASO,pelayanan oke .,"[('pelayanan', 'oke', 'positive')]",[A] pelayanan [S] positive [O] oke,kebersihan buruk .,"[('kebersihan', 'buruk', 'negative')]",[A] kebersihan [S] negative [O] buruk,True
SAO,pelayanan oke .,"[('pelayanan', 'oke', 'positive')]",[S] positive [A] pelayanan [O] oke,kebersihan buruk .,"[('kebersihan', 'buruk', 'negative')]",[S] negative [A] kebersihan [O] buruk,True
OAS,pelayanan oke .,"[('pelayanan', 'oke', 'positive')]",[O] oke [A] pelayanan [S] positive,kebersihan buruk .,"[('kebersihan', 'buruk', 'negative')]",[O] buruk [A] kebersihan [S] negative,True
OSA,pelayanan oke .,"[('pelayanan', 'oke', 'positive')]",[O] oke [S] positive [A] pelayanan,kebersihan buruk .,"[('kebersihan', 'buruk', 'negative')]",[O] buruk [S] negative [A] kebersihan,True
AOS,kamar mandi tergenang .,"[('kamar mandi', 'tergenang', 'negative')]",[A] kamar mandi [O] tergenang [S] negative,fasilitasnya baik sekali .,"[('fasilitasnya', 'baik sekali', 'positive')]",[A] fasilitasnya [O] baik sekali [S] positive,True
ASO,kamar mandi tergenang .,"[('kamar mandi', 'tergenang', 'negative')]",[A] kamar mandi [S] negative [O] tergenang,fasilitasnya baik sekali .,"[('fasilitasnya', 'baik sekali', 'positive')]",[A] fasilitasnya [S] positive [O] baik sekali,True
SAO,kamar mandi tergenang .,"[('kamar mandi', 'tergenang', 'negative')]",[S] negative [A] kamar mandi [O] tergenang,fasilitasnya baik sekali .,"[('fasilitasnya', 'baik sekali', 'positive')]",[S] positive [A] fasilitasnya [O] baik sekali,True
OAS,kamar mandi tergenang .,"[('kamar mandi', 'tergenang', 'negative')]",[O] tergenang [A] kamar mandi [S] negative,fasilitasnya baik sekali .,"[('fasilitasnya', 'baik sekali', 'positive')]",[O] baik sekali [A] fasilitasnya [S] positive,True
OSA,kamar mandi tergenang .,"[('kamar mandi', 'tergenang', 'negative')]",[O] tergenang [S] negative [A] kamar mandi,fasilitasnya baik sekali .,"[('fasilitasnya', 'baik sekali', 'positive')]",[O] baik sekali [S] positive [A] fasilitasnya,True
AOS,solusi hotel mewah harga murah .,"[('harga', 'murah', 'positive')]",[A] harga [O] murah [S] positive,solusi hotel mewah air keruh .,"[('air', 'keruh', 'negative')]",[A] air [O] keruh [S] negative,True
ASO,solusi hotel mewah harga murah .,"[('harga', 'murah', 'positive')]",[A] harga [S] positive [O] murah,solusi hotel mewah air keruh .,"[('air', 'keruh', 'negative')]",[A] air [S] negative [O] keruh,True
SAO,solusi hotel mewah harga murah .,"[('harga', 'murah', 'positive')]",[S] positive [A] harga [O] murah,solusi hotel mewah air keruh .,"[('air', 'keruh', 'negative')]",[S] negative [A] air [O] keruh,True
OAS,solusi hotel mewah harga murah .,"[('harga', 'murah', 'positive')]",[O] murah [A] harga [S] positive,solusi hotel mewah air keruh .,"[('air', 'keruh', 'negative')]",[O] keruh [A] air [S] negative,True
OSA,solusi hotel mewah harga murah .,"[('harga', 'murah', 'positive')]",[O] murah [S] positive [A] harga,solusi hotel mewah air keruh .,"[('air', 'keruh', 'negative')]",[O] keruh [S] negative [A] air,True
AOS,"nyaman tempatnya , .","[('tempatnya', 'nyaman', 'positive')]",[A] tempatnya [O] nyaman [S] positive,"susah aksesnya , .","[('aksesnya', 'susah', 'negative')]",[A] aksesnya [O] susah [S] negative,True
ASO,"nyaman tempatnya , .","[('tempatnya', 'nyaman', 'positive')]",[A] tempatnya [S] positive [O] nyaman,"susah aksesnya , .","[('aksesnya', 'susah', 'negative')]",[A] aksesnya [S] negative [O] susah,True
SAO,"nyaman tempatnya , .","[('tempatnya', 'nyaman', 'positive')]",[S] positive [A] tempatnya [O] nyaman,"susah aksesnya , .","[('aksesnya', 'susah', 'negative')]",[S] negative [A] aksesnya [O] susah,True
OAS,"nyaman tempatnya , .","[('tempatnya', 'nyaman', 'positive')]",[O] nyaman [A] tempatnya [S] positive,"susah aksesnya , .","[('aksesnya', 'susah', 'negative')]",[O] susah [A] aksesnya [S] negative,True
OSA,"nyaman tempatnya , .","[('tempatnya', 'nyaman', 'positive')]",[O] nyaman [S] positive [A] tempatnya,"susah aksesnya , .","[('aksesnya', 'susah', 'negative')]",[O] susah [S] negative [A] aksesnya,True
AOS,kamar bagus .,"[('kamar', 'bagus', 'positive')]",[A] kamar [O] bagus [S] positive,gorden robek .,"[('gorden', 'robek', 'negative')]",[A] gorden [O] robek [S] negative,True
ASO,kamar bagus .,"[('kamar', 'bagus', 'positive')]",[A] kamar [S] positive [O] bagus,gorden robek .,"[('gorden', 'robek', 'negative')]",[A] gorden [S] negative [O] robek,True
SAO,kamar bagus .,"[('kamar', 'bagus', 'positive')]",[S] positive [A] kamar [O] bagus,gorden robek .,"[('gorden', 'robek', 'negative')]",[S] negative [A] gorden [O] robek,True
OAS,kamar bagus .,"[('kamar', 'bagus', 'positive')]",[O] bagus [A] kamar [S] positive,gorden robek .,"[('gorden', 'robek', 'negative')]",[O] robek [A] gorden [S] negative,True
OSA,kamar bagus .,"[('kamar', 'bagus', 'positive')]",[O] bagus [S] positive [A] kamar,gorden robek .,"[('gorden', 'robek', 'negative')]",[O] robek [S] negative [A] gorden,True
AOS,tempat menginap yang nyaman .,"[('tempat', 'nyaman', 'positive')]",[A] tempat [O] nyaman [S] positive,kamar menginap yang sempit .,"[('kamar', 'sempit', 'negative')]",[A] kamar [O] sempit [S] negative,True
ASO,tempat menginap yang nyaman .,"[('tempat', 'nyaman', 'positive')]",[A] tempat [S] positive [O] nyaman,kamar menginap yang sempit .,"[('kamar', 'sempit', 'negative')]",[A] kamar [S] negative [O] sempit,True
SAO,tempat menginap yang nyaman .,"[('tempat', 'nyaman', 'positive')]",[S] positive [A] tempat [O] nyaman,kamar menginap yang sempit .,"[('kamar', 'sempit', 'negative')]",[S] negative [A] kamar [O] sempit,True
OAS,tempat menginap yang nyaman .,"[('tempat', 'nyaman', 'positive')]",[O] nyaman [A] tempat [S] positive,kamar menginap yang sempit .,"[('kamar', 'sempit', 'negative')]",[O] sempit [A] kamar [S] negative,True
OSA,tempat menginap yang nyaman .,"[('tempat', 'nyaman', 'positive')]",[O] nyaman [S] positive [A] tempat,kamar menginap yang sempit .,"[('kamar', 'sempit', 'negative')]",[O] sempit [S] negative [A] kamar,True
AOS,kamar mandi kurang bersih .,"[('kamar mandi', 'kurang bersih', 'negative')]",[A] kamar mandi [O] kurang bersih [S] negative,kamar tidur selalu bersih .,"[('kamar tidur', 'selalu bersih', 'positive')]",[A] kamar tidur [O] selalu bersih [S] positive,True
ASO,kamar mandi kurang bersih .,"[('kamar mandi', 'kurang bersih', 'negative')]",[A] kamar mandi [S] negative [O] kurang bersih,kamar tidur selalu bersih .,"[('kamar tidur', 'selalu bersih', 'positive')]",[A] kamar tidur [S] positive [O] selalu bersih,True
SAO,kamar mandi kurang bersih .,"[('kamar mandi', 'kurang bersih', 'negative')]",[S] negative [A] kamar mandi [O] kurang bersih,kamar tidur selalu bersih .,"[('kamar tidur', 'selalu bersih', 'positive')]",[S] positive [A] kamar tidur [O] selalu bersih,True
OAS,kamar mandi kurang bersih .,"[('kamar mandi', 'kurang bersih', 'negative')]",[O] kurang bersih [A] kamar mandi [S] negative,kamar tidur selalu bersih .,"[('kamar tidur', 'selalu bersih', 'positive')]",[O] selalu bersih [A] kamar tidur [S] positive,True
OSA,kamar mandi kurang bersih .,"[('kamar mandi', 'kurang bersih', 'negative')]",[O] kurang bersih [S] negative [A] kamar mandi,kamar tidur selalu bersih .,"[('kamar tidur', 'selalu bersih', 'positive')]",[O] selalu bersih [S] positive [A] kamar tidur,True
AOS,pelayanan baik . terimakasih .,"[('pelayanan', 'baik', 'positive')]",[A] pelayanan [O] baik [S] positive,makanan keras . terimakasih .,"[('makanan', 'keras', 'negative')]",[A] makanan [O] keras [S] negative,True
ASO,pelayanan baik . terimakasih .,"[('pelayanan', 'baik', 'positive')]",[A] pelayanan [S] positive [O] baik,makanan keras . terimakasih .,"[('makanan', 'keras', 'negative')]",[A] makanan [S] negative [O] keras,True
SAO,pelayanan baik . terimakasih .,"[('pelayanan', 'baik', 'positive')]",[S] positive [A] pelayanan [O] baik,makanan keras . terimakasih .,"[('makanan', 'keras', 'negative')]",[S] negative [A] makanan [O] keras,True
OAS,pelayanan baik . terimakasih .,"[('pelayanan', 'baik', 'positive')]",[O] baik [A] pelayanan [S] positive,makanan keras . terimakasih .,"[('makanan', 'keras', 'negative')]",[O] keras [A] makanan [S] negative,True
OSA,pelayanan baik . terimakasih .,"[('pelayanan', 'baik', 'positive')]",[O] baik [S] positive [A] pelayanan,makanan keras . terimakasih .,"[('makanan', 'keras', 'negative')]",[O] keras [S] negative [A] makanan,True
AOS,hotel sangat nyaman .,"[('hotel', 'sangat nyaman', 'positive')]",[A] hotel [O] sangat nyaman [S] positive,staff tidak ramah .,"[('staff', 'tidak ramah', 'negative')]",[A] staff [O] tidak ramah [S] negative,True
ASO,hotel sangat nyaman .,"[('hotel', 'sangat nyaman', 'positive')]",[A] hotel [S] positive [O] sangat nyaman,staff tidak ramah .,"[('staff', 'tidak ramah', 'negative')]",[A] staff [S] negative [O] tidak ramah,True
SAO,hotel sangat nyaman .,"[('hotel', 'sangat nyaman', 'positive')]",[S] positive [A] hotel [O] sangat nyaman,staff tidak ramah .,"[('staff', 'tidak ramah', 'negative')]",[S] negative [A] staff [O] tidak ramah,True
OAS,hotel sangat nyaman .,"[('hotel', 'sangat nyaman', 'positive')]",[O] sangat nyaman [A] hotel [S] positive,staff tidak ramah .,"[('staff', 'tidak ramah', 'negative')]",[O] tidak ramah [A] staff [S] negative,True
OSA,hotel sangat nyaman .,"[('hotel', 'sangat nyaman', 'positive')]",[O] sangat nyaman [S] positive [A] hotel,staff tidak ramah .,"[('staff', 'tidak ramah', 'negative')]",[O] tidak ramah [S] negative [A] staff,True
AOS,"lokasi strategis dekat alunalun malang , banyak tempat makan .","[('lokasi', 'strategis', 'positive')]",[A] lokasi [O] strategis [S] positive,"ruangan kotor dekat alunalun malang , banyak tempat makan .","[('ruangan', 'kotor', 'negative')]",[A] ruangan [O] kotor [S] negative,True
ASO,"lokasi strategis dekat alunalun malang , banyak tempat makan .","[('lokasi', 'strategis', 'positive')]",[A] lokasi [S] positive [O] strategis,"ruangan kotor dekat alunalun malang , banyak tempat makan .","[('ruangan', 'kotor', 'negative')]",[A] ruangan [S] negative [O] kotor,True
SAO,"lokasi strategis dekat alunalun malang , banyak tempat makan .","[('lokasi', 'strategis', 'positive')]",[S] positive [A] lokasi [O] strategis,"ruangan kotor dekat alunalun malang , banyak tempat makan .","[('ruangan', 'kotor', 'negative')]",[S] negative [A] ruangan [O] kotor,True
OAS,"lokasi strategis dekat alunalun malang , banyak tempat makan .","[('lokasi', 'strategis', 'positive')]",[O] strategis [A] lokasi [S] positive,"ruangan kotor dekat alunalun malang , banyak tempat makan .","[('ruangan', 'kotor', 'negative')]",[O] kotor [A] ruangan [S] negative,True
OSA,"lokasi strategis dekat alunalun malang , banyak tempat makan .","[('lokasi', 'strategis', 'positive')]",[O] strategis [S] positive [A] lokasi,"ruangan kotor dekat alunalun malang , banyak tempat makan .","[('ruangan', 'kotor', 'negative')]",[O] kotor [S] negative [A] ruangan,True
AOS,resepsionis friendly ke customernya .,"[('resepsionis', 'friendly', 'positive')]",[A] resepsionis [O] friendly [S] positive,pegawai restoran arab keras ke customernya .,"[('pegawai restoran arab', 'keras', 'negative')]",[A] pegawai restoran arab [O] keras [S] negative,True
ASO,resepsionis friendly ke customernya .,"[('resepsionis', 'friendly', 'positive')]",[A] resepsionis [S] positive [O] friendly,pegawai restoran arab keras ke customernya .,"[('pegawai restoran arab', 'keras', 'negative')]",[A] pegawai restoran arab [S] negative [O] keras,True
SAO,resepsionis friendly ke customernya .,"[('resepsionis', 'friendly', 'positive')]",[S] positive [A] resepsionis [O] friendly,pegawai restoran arab keras ke customernya .,"[('pegawai restoran arab', 'keras', 'negative')]",[S] negative [A] pegawai restoran arab [O] keras,True
OAS,resepsionis friendly ke customernya .,"[('resepsionis', 'friendly', 'positive')]",[O] friendly [A] resepsionis [S] positive,pegawai restoran arab keras ke customernya .,"[('pegawai restoran arab', 'keras', 'negative')]",[O] keras [A] pegawai restoran arab [S] negative,True
OSA,resepsionis friendly ke customernya .,"[('resepsionis', 'friendly', 'positive')]",[O] friendly [S] positive [A] resepsionis,pegawai restoran arab keras ke customernya .,"[('pegawai restoran arab', 'keras', 'negative')]",[O] keras [S] negative [A] pegawai restoran arab,True
AOS,"enak tempatnya , dekat mesjid , tinggal jalan jika mau sholat . terus yang pasti . 7 garansi kepuasan terpenuhi .","[('tempatnya', 'enak', 'positive')]",[A] tempatnya [O] enak [S] positive,"buruk pelayannya , dekat mesjid , tinggal jalan jika mau sholat . terus yang pasti . 7 garansi kepuasan terpenuhi .","[('pelayannya', 'buruk', 'negative')]",[A] pelayannya [O] buruk [S] negative,True
ASO,"enak tempatnya , dekat mesjid , tinggal jalan jika mau sholat . terus yang pasti . 7 garansi kepuasan terpenuhi .","[('tempatnya', 'enak', 'positive')]",[A] tempatnya [S] positive [O] enak,"buruk pelayannya , dekat mesjid , tinggal jalan jika mau sholat . terus yang pasti . 7 garansi kepuasan terpenuhi .","[('pelayannya', 'buruk', 'negative')]",[A] pelayannya [S] negative [O] buruk,True
SAO,"enak tempatnya , dekat mesjid , tinggal jalan jika mau sholat . terus yang pasti . 7 garansi kepuasan terpenuhi .","[('tempatnya', 'enak', 'positive')]",[S] positive [A] tempatnya [O] enak,"buruk pelayannya , dekat mesjid , tinggal jalan jika mau sholat . terus yang pasti . 7 garansi kepuasan terpenuhi .","[('pelayannya', 'buruk', 'negative')]",[S] negative [A] pelayannya [O] buruk,True
OAS,"enak tempatnya , dekat mesjid , tinggal jalan jika mau sholat . terus yang pasti . 7 garansi kepuasan terpenuhi .","[('tempatnya', 'enak', 'positive')]",[O] enak [A] tempatnya [S] positive,"buruk pelayannya , dekat mesjid , tinggal jalan jika mau sholat . terus yang pasti . 7 garansi kepuasan terpenuhi .","[('pelayannya', 'buruk', 'negative')]",[O] buruk [A] pelayannya [S] negative,True
OSA,"enak tempatnya , dekat mesjid , tinggal jalan jika mau sholat . terus yang pasti . 7 garansi kepuasan terpenuhi .","[('tempatnya', 'enak', 'positive')]",[O] enak [S] positive [A] tempatnya,"buruk pelayannya , dekat mesjid , tinggal jalan jika mau sholat . terus yang pasti . 7 garansi kepuasan terpenuhi .","[('pelayannya', 'buruk', 'negative')]",[O] buruk [S] negative [A] pelayannya,True
AOS,kamar kotor .,"[('kamar', 'kotor', 'negative')]",[A] kamar [O] kotor [S] negative,lokasi strategis .,"[('lokasi', 'strategis', 'positive')]",[A] lokasi [O] strategis [S] positive,True
ASO,kamar kotor .,"[('kamar', 'kotor', 'negative')]",[A] kamar [S] negative [O] kotor,lokasi strategis .,"[('lokasi', 'strategis', 'positive')]",[A] lokasi [S] positive [O] strategis,True
SAO,kamar kotor .,"[('kamar', 'kotor', 'negative')]",[S] negative [A] kamar [O] kotor,lokasi strategis .,"[('lokasi', 'strategis', 'positive')]",[S] positive [A] lokasi [O] strategis,True
OAS,kamar kotor .,"[('kamar', 'kotor', 'negative')]",[O] kotor [A] kamar [S] negative,lokasi strategis .,"[('lokasi', 'strategis', 'positive')]",[O] strategis [A] lokasi [S] positive,True
OSA,kamar kotor .,"[('kamar', 'kotor', 'negative')]",[O] kotor [S] negative [A] kamar,lokasi strategis .,"[('lokasi', 'strategis', 'positive')]",[O] strategis [S] positive [A] lokasi,True
AOS,"lokasi bagus , dekat stasiun mangga besar .","[('lokasi', 'bagus', 'positive')]",[A] lokasi [O] bagus [S] positive,"bangunan rusak , dekat stasiun mangga besar .","[('bangunan', 'rusak', 'negative')]",[A] bangunan [O] rusak [S] negative,True
ASO,"lokasi bagus , dekat stasiun mangga besar .","[('lokasi', 'bagus', 'positive')]",[A] lokasi [S] positive [O] bagus,"bangunan rusak , dekat stasiun mangga besar .","[('bangunan', 'rusak', 'negative')]",[A] bangunan [S] negative [O] rusak,True
SAO,"lokasi bagus , dekat stasiun mangga besar .","[('lokasi', 'bagus', 'positive')]",[S] positive [A] lokasi [O] bagus,"bangunan rusak , dekat stasiun mangga besar .","[('bangunan', 'rusak', 'negative')]",[S] negative [A] bangunan [O] rusak,True
OAS,"lokasi bagus , dekat stasiun mangga besar .","[('lokasi', 'bagus', 'positive')]",[O] bagus [A] lokasi [S] positive,"bangunan rusak , dekat stasiun mangga besar .","[('bangunan', 'rusak', 'negative')]",[O] rusak [A] bangunan [S] negative,True
OSA,"lokasi bagus , dekat stasiun mangga besar .","[('lokasi', 'bagus', 'positive')]",[O] bagus [S] positive [A] lokasi,"bangunan rusak , dekat stasiun mangga besar .","[('bangunan', 'rusak', 'negative')]",[O] rusak [S] negative [A] bangunan,True
AOS,"tempat enak buat persinggahan . dekat dengan bandara , bisa pesan antar .","[('tempat', 'enak', 'positive')]",[A] tempat [O] enak [S] positive,"kamar pengap buat persinggahan . dekat dengan bandara , bisa pesan antar .","[('kamar', 'pengap', 'negative')]",[A] kamar [O] pengap [S] negative,True
ASO,"tempat enak buat persinggahan . dekat dengan bandara , bisa pesan antar .","[('tempat', 'enak', 'positive')]",[A] tempat [S] positive [O] enak,"kamar pengap buat persinggahan . dekat dengan bandara , bisa pesan antar .","[('kamar', 'pengap', 'negative')]",[A] kamar [S] negative [O] pengap,True
SAO,"tempat enak buat persinggahan . dekat dengan bandara , bisa pesan antar .","[('tempat', 'enak', 'positive')]",[S] positive [A] tempat [O] enak,"kamar pengap buat persinggahan . dekat dengan bandara , bisa pesan antar .","[('kamar', 'pengap', 'negative')]",[S] negative [A] kamar [O] pengap,True
OAS,"tempat enak buat persinggahan . dekat dengan bandara , bisa pesan antar .","[('tempat', 'enak', 'positive')]",[O] enak [A] tempat [S] positive,"kamar pengap buat persinggahan . dekat dengan bandara , bisa pesan antar .","[('kamar', 'pengap', 'negative')]",[O] pengap [A] kamar [S] negative,True
OSA,"tempat enak buat persinggahan . dekat dengan bandara , bisa pesan antar .","[('tempat', 'enak', 'positive')]",[O] enak [S] positive [A] tempat,"kamar pengap buat persinggahan . dekat dengan bandara , bisa pesan antar .","[('kamar', 'pengap', 'negative')]",[O] pengap [S] negative [A] kamar,True
AOS,pelayanan baik selama 24jam .,"[('pelayanan', 'baik', 'positive')]",[A] pelayanan [O] baik [S] positive,makanan keras selama 24jam .,"[('makanan', 'keras', 'negative')]",[A] makanan [O] keras [S] negative,True
ASO,pelayanan baik selama 24jam .,"[('pelayanan', 'baik', 'positive')]",[A] pelayanan [S] positive [O] baik,makanan keras selama 24jam .,"[('makanan', 'keras', 'negative')]",[A] makanan [S] negative [O] keras,True
SAO,pelayanan baik selama 24jam .,"[('pelayanan', 'baik', 'positive')]",[S] positive [A] pelayanan [O] baik,makanan keras selama 24jam .,"[('makanan', 'keras', 'negative')]",[S] negative [A] makanan [O] keras,True
OAS,pelayanan baik selama 24jam .,"[('pelayanan', 'baik', 'positive')]",[O] baik [A] pelayanan [S] positive,makanan keras selama 24jam .,"[('makanan', 'keras', 'negative')]",[O] keras [A] makanan [S] negative,True
OSA,pelayanan baik selama 24jam .,"[('pelayanan', 'baik', 'positive')]",[O] baik [S] positive [A] pelayanan,makanan keras selama 24jam .,"[('makanan', 'keras', 'negative')]",[O] keras [S] negative [A] makanan,True
AOS,kasurnya keras : ( .,"[('kasurnya', 'keras', 'negative')]",[A] kasurnya [O] keras [S] negative,tempatnya baik : ( .,"[('tempatnya', 'baik', 'positive')]",[A] tempatnya [O] baik [S] positive,True
ASO,kasurnya keras : ( .,"[('kasurnya', 'keras', 'negative')]",[A] kasurnya [S] negative [O] keras,tempatnya baik : ( .,"[('tempatnya', 'baik', 'positive')]",[A] tempatnya [S] positive [O] baik,True
SAO,kasurnya keras : ( .,"[('kasurnya', 'keras', 'negative')]",[S] negative [A] kasurnya [O] keras,tempatnya baik : ( .,"[('tempatnya', 'baik', 'positive')]",[S] positive [A] tempatnya [O] baik,True
OAS,kasurnya keras : ( .,"[('kasurnya', 'keras', 'negative')]",[O] keras [A] kasurnya [S] negative,tempatnya baik : ( .,"[('tempatnya', 'baik', 'positive')]",[O] baik [A] tempatnya [S] positive,True
OSA,kasurnya keras : ( .,"[('kasurnya', 'keras', 'negative')]",[O] keras [S] negative [A] kasurnya,tempatnya baik : ( .,"[('tempatnya', 'baik', 'positive')]",[O] baik [S] positive [A] tempatnya,True
AOS,penjaganya kurang ramah .,"[('penjaganya', 'kurang ramah', 'negative')]",[A] penjaganya [O] kurang ramah [S] negative,kebersihan hotel sangat terjaga .,"[('kebersihan hotel', 'sangat terjaga', 'positive')]",[A] kebersihan hotel [O] sangat terjaga [S] positive,True
ASO,penjaganya kurang ramah .,"[('penjaganya', 'kurang ramah', 'negative')]",[A] penjaganya [S] negative [O] kurang ramah,kebersihan hotel sangat terjaga .,"[('kebersihan hotel', 'sangat terjaga', 'positive')]",[A] kebersihan hotel [S] positive [O] sangat terjaga,True
SAO,penjaganya kurang ramah .,"[('penjaganya', 'kurang ramah', 'negative')]",[S] negative [A] penjaganya [O] kurang ramah,kebersihan hotel sangat terjaga .,"[('kebersihan hotel', 'sangat terjaga', 'positive')]",[S] positive [A] kebersihan hotel [O] sangat terjaga,True
OAS,penjaganya kurang ramah .,"[('penjaganya', 'kurang ramah', 'negative')]",[O] kurang ramah [A] penjaganya [S] negative,kebersihan hotel sangat terjaga .,"[('kebersihan hotel', 'sangat terjaga', 'positive')]",[O] sangat terjaga [A] kebersihan hotel [S] positive,True
OSA,penjaganya kurang ramah .,"[('penjaganya', 'kurang ramah', 'negative')]",[O] kurang ramah [S] negative [A] penjaganya,kebersihan hotel sangat terjaga .,"[('kebersihan hotel', 'sangat terjaga', 'positive')]",[O] sangat terjaga [S] positive [A] kebersihan hotel,True
AOS,menu breakfast kurang lengkap .,"[('menu breakfast', 'kurang lengkap', 'negative')]",[A] menu breakfast [O] kurang lengkap [S] negative,lokasi cukup strategis .,"[('lokasi', 'cukup strategis', 'positive')]",[A] lokasi [O] cukup strategis [S] positive,True
ASO,menu breakfast kurang lengkap .,"[('menu breakfast', 'kurang lengkap', 'negative')]",[A] menu breakfast [S] negative [O] kurang lengkap,lokasi cukup strategis .,"[('lokasi', 'cukup strategis', 'positive')]",[A] lokasi [S] positive [O] cukup strategis,True
SAO,menu breakfast kurang lengkap .,"[('menu breakfast', 'kurang lengkap', 'negative')]",[S] negative [A] menu breakfast [O] kurang lengkap,lokasi cukup strategis .,"[('lokasi', 'cukup strategis', 'positive')]",[S] positive [A] lokasi [O] cukup strategis,True
OAS,menu breakfast kurang lengkap .,"[('menu breakfast', 'kurang lengkap', 'negative')]",[O] kurang lengkap [A] menu breakfast [S] negative,lokasi cukup strategis .,"[('lokasi', 'cukup strategis', 'positive')]",[O] cukup strategis [A] lokasi [S] positive,True
OSA,menu breakfast kurang lengkap .,"[('menu breakfast', 'kurang lengkap', 'negative')]",[O] kurang lengkap [S] negative [A] menu breakfast,lokasi cukup strategis .,"[('lokasi', 'cukup strategis', 'positive')]",[O] cukup strategis [S] positive [A] lokasi,True
AOS,resepsionis kurang ramah .,"[('resepsionis', 'kurang ramah', 'negative')]",[A] resepsionis [O] kurang ramah [S] negative,pegawai tokonya baik dan lucu .,"[('pegawai tokonya', 'baik dan lucu', 'positive')]",[A] pegawai tokonya [O] baik dan lucu [S] positive,True
ASO,resepsionis kurang ramah .,"[('resepsionis', 'kurang ramah', 'negative')]",[A] resepsionis [S] negative [O] kurang ramah,pegawai tokonya baik dan lucu .,"[('pegawai tokonya', 'baik dan lucu', 'positive')]",[A] pegawai tokonya [S] positive [O] baik dan lucu,True
SAO,resepsionis kurang ramah .,"[('resepsionis', 'kurang ramah', 'negative')]",[S] negative [A] resepsionis [O] kurang ramah,pegawai tokonya baik dan lucu .,"[('pegawai tokonya', 'baik dan lucu', 'positive')]",[S] positive [A] pegawai tokonya [O] baik dan lucu,True
OAS,resepsionis kurang ramah .,"[('resepsionis', 'kurang ramah', 'negative')]",[O] kurang ramah [A] resepsionis [S] negative,pegawai tokonya baik dan lucu .,"[('pegawai tokonya', 'baik dan lucu', 'positive')]",[O] baik dan lucu [A] pegawai tokonya [S] positive,True
OSA,resepsionis kurang ramah .,"[('resepsionis', 'kurang ramah', 'negative')]",[O] kurang ramah [S] negative [A] resepsionis,pegawai tokonya baik dan lucu .,"[('pegawai tokonya', 'baik dan lucu', 'positive')]",[O] baik dan lucu [S] positive [A] pegawai tokonya,True
AOS,wifi tidak hidup nya .,"[('wifi', 'tidak hidup', 'negative')]",[A] wifi [O] tidak hidup [S] negative,ac sangat dingin nya .,"[('ac', 'sangat dingin', 'positive')]",[A] ac [O] sangat dingin [S] positive,True
ASO,wifi tidak hidup nya .,"[('wifi', 'tidak hidup', 'negative')]",[A] wifi [S] negative [O] tidak hidup,ac sangat dingin nya .,"[('ac', 'sangat dingin', 'positive')]",[A] ac [S] positive [O] sangat dingin,True
SAO,wifi tidak hidup nya .,"[('wifi', 'tidak hidup', 'negative')]",[S] negative [A] wifi [O] tidak hidup,ac sangat dingin nya .,"[('ac', 'sangat dingin', 'positive')]",[S] positive [A] ac [O] sangat dingin,True
OAS,wifi tidak hidup nya .,"[('wifi', 'tidak hidup', 'negative')]",[O] tidak hidup [A] wifi [S] negative,ac sangat dingin nya .,"[('ac', 'sangat dingin', 'positive')]",[O] sangat dingin [A] ac [S] positive,True
OSA,wifi tidak hidup nya .,"[('wifi', 'tidak hidup', 'negative')]",[O] tidak hidup [S] negative [A] wifi,ac sangat dingin nya .,"[('ac', 'sangat dingin', 'positive')]",[O] sangat dingin [S] positive [A] ac,True
AOS,lokasi oke . dekat dengan pusat kota .,"[('lokasi', 'oke', 'positive')]",[A] lokasi [O] oke [S] positive,parkiran sempit . dekat dengan pusat kota .,"[('parkiran', 'sempit', 'negative')]",[A] parkiran [O] sempit [S] negative,True
ASO,lokasi oke . dekat dengan pusat kota .,"[('lokasi', 'oke', 'positive')]",[A] lokasi [S] positive [O] oke,parkiran sempit . dekat dengan pusat kota .,"[('parkiran', 'sempit', 'negative')]",[A] parkiran [S] negative [O] sempit,True
SAO,lokasi oke . dekat dengan pusat kota .,"[('lokasi', 'oke', 'positive')]",[S] positive [A] lokasi [O] oke,parkiran sempit . dekat dengan pusat kota .,"[('parkiran', 'sempit', 'negative')]",[S] negative [A] parkiran [O] sempit,True
OAS,lokasi oke . dekat dengan pusat kota .,"[('lokasi', 'oke', 'positive')]",[O] oke [A] lokasi [S] positive,parkiran sempit . dekat dengan pusat kota .,"[('parkiran', 'sempit', 'negative')]",[O] sempit [A] parkiran [S] negative,True
OSA,lokasi oke . dekat dengan pusat kota .,"[('lokasi', 'oke', 'positive')]",[O] oke [S] positive [A] lokasi,parkiran sempit . dekat dengan pusat kota .,"[('parkiran', 'sempit', 'negative')]",[O] sempit [S] negative [A] parkiran,True
AOS,kamarnya kecil banget .,"[('kamarnya', 'kecil banget', 'negative')]",[A] kamarnya [O] kecil banget [S] negative,suasana nya cukup tenang .,"[('suasana nya', 'cukup tenang', 'positive')]",[A] suasana nya [O] cukup tenang [S] positive,True
ASO,kamarnya kecil banget .,"[('kamarnya', 'kecil banget', 'negative')]",[A] kamarnya [S] negative [O] kecil banget,suasana nya cukup tenang .,"[('suasana nya', 'cukup tenang', 'positive')]",[A] suasana nya [S] positive [O] cukup tenang,True
SAO,kamarnya kecil banget .,"[('kamarnya', 'kecil banget', 'negative')]",[S] negative [A] kamarnya [O] kecil banget,suasana nya cukup tenang .,"[('suasana nya', 'cukup tenang', 'positive')]",[S] positive [A] suasana nya [O] cukup tenang,True
OAS,kamarnya kecil banget .,"[('kamarnya', 'kecil banget', 'negative')]",[O] kecil banget [A] kamarnya [S] negative,suasana nya cukup tenang .,"[('suasana nya', 'cukup tenang', 'positive')]",[O] cukup tenang [A] suasana nya [S] positive,True
OSA,kamarnya kecil banget .,"[('kamarnya', 'kecil banget', 'negative')]",[O] kecil banget [S] negative [A] kamarnya,suasana nya cukup tenang .,"[('suasana nya', 'cukup tenang', 'positive')]",[O] cukup tenang [S] positive [A] suasana nya,True
AOS,secara keseluruhan sangat memuaskan .,"[('secara keseluruhan', 'sangat memuaskan', 'positive')]",[A] secara keseluruhan [O] sangat memuaskan [S] positive,suasana lingkungan menyedihkan .,"[('suasana lingkungan', 'menyedihkan', 'negative')]",[A] suasana lingkungan [O] menyedihkan [S] negative,True
ASO,secara keseluruhan sangat memuaskan .,"[('secara keseluruhan', 'sangat memuaskan', 'positive')]",[A] secara keseluruhan [S] positive [O] sangat memuaskan,suasana lingkungan menyedihkan .,"[('suasana lingkungan', 'menyedihkan', 'negative')]",[A] suasana lingkungan [S] negative [O] menyedihkan,True
SAO,secara keseluruhan sangat memuaskan .,"[('secara keseluruhan', 'sangat memuaskan', 'positive')]",[S] positive [A] secara keseluruhan [O] sangat memuaskan,suasana lingkungan menyedihkan .,"[('suasana lingkungan', 'menyedihkan', 'negative')]",[S] negative [A] suasana lingkungan [O] menyedihkan,True
OAS,secara keseluruhan sangat memuaskan .,"[('secara keseluruhan', 'sangat memuaskan', 'positive')]",[O] sangat memuaskan [A] secara keseluruhan [S] positive,suasana lingkungan menyedihkan .,"[('suasana lingkungan', 'menyedihkan', 'negative')]",[O] menyedihkan [A] suasana lingkungan [S] negative,True
OSA,secara keseluruhan sangat memuaskan .,"[('secara keseluruhan', 'sangat memuaskan', 'positive')]",[O] sangat memuaskan [S] positive [A] secara keseluruhan,suasana lingkungan menyedihkan .,"[('suasana lingkungan', 'menyedihkan', 'negative')]",[O] menyedihkan [S] negative [A] suasana lingkungan,True
AOS,untuk inap yang kemarin tempat tidur kurang bersih .,"[('tempat tidur', 'kurang bersih', 'negative')]",[A] tempat tidur [O] kurang bersih [S] negative,untuk inap yang kemarin kamar mandi cukup bersih .,"[('kamar mandi', 'cukup bersih', 'positive')]",[A] kamar mandi [O] cukup bersih [S] positive,True
ASO,untuk inap yang kemarin tempat tidur kurang bersih .,"[('tempat tidur', 'kurang bersih', 'negative')]",[A] tempat tidur [S] negative [O] kurang bersih,untuk inap yang kemarin kamar mandi cukup bersih .,"[('kamar mandi', 'cukup bersih', 'positive')]",[A] kamar mandi [S] positive [O] cukup bersih,True
SAO,untuk inap yang kemarin tempat tidur kurang bersih .,"[('tempat tidur', 'kurang bersih', 'negative')]",[S] negative [A] tempat tidur [O] kurang bersih,untuk inap yang kemarin kamar mandi cukup bersih .,"[('kamar mandi', 'cukup bersih', 'positive')]",[S] positive [A] kamar mandi [O] cukup bersih,True
OAS,untuk inap yang kemarin tempat tidur kurang bersih .,"[('tempat tidur', 'kurang bersih', 'negative')]",[O] kurang bersih [A] tempat tidur [S] negative,untuk inap yang kemarin kamar mandi cukup bersih .,"[('kamar mandi', 'cukup bersih', 'positive')]",[O] cukup bersih [A] kamar mandi [S] positive,True
OSA,untuk inap yang kemarin tempat tidur kurang bersih .,"[('tempat tidur', 'kurang bersih', 'negative')]",[O] kurang bersih [S] negative [A] tempat tidur,untuk inap yang kemarin kamar mandi cukup bersih .,"[('kamar mandi', 'cukup bersih', 'positive')]",[O] cukup bersih [S] positive [A] kamar mandi,True
AOS,"handuknya cuma satu , sementara kami berdua .","[('handuknya', 'cuma satu', 'negative')]",[A] handuknya [O] cuma satu [S] negative,"sandalnya lebih dari dua , sementara kami berdua .","[('sandalnya', 'lebih dari dua', 'positive')]",[A] sandalnya [O] lebih dari dua [S] positive,True
ASO,"handuknya cuma satu , sementara kami berdua .","[('handuknya', 'cuma satu', 'negative')]",[A] handuknya [S] negative [O] cuma satu,"sandalnya lebih dari dua , sementara kami berdua .","[('sandalnya', 'lebih dari dua', 'positive')]",[A] sandalnya [S] positive [O] lebih dari dua,True
SAO,"handuknya cuma satu , sementara kami berdua .","[('handuknya', 'cuma satu', 'negative')]",[S] negative [A] handuknya [O] cuma satu,"sandalnya lebih dari dua , sementara kami berdua .","[('sandalnya', 'lebih dari dua', 'positive')]",[S] positive [A] sandalnya [O] lebih dari dua,True
OAS,"handuknya cuma satu , sementara kami berdua .","[('handuknya', 'cuma satu', 'negative')]",[O] cuma satu [A] handuknya [S] negative,"sandalnya lebih dari dua , sementara kami berdua .","[('sandalnya', 'lebih dari dua', 'positive')]",[O] lebih dari dua [A] sandalnya [S] positive,True
OSA,"handuknya cuma satu , sementara kami berdua .","[('handuknya', 'cuma satu', 'negative')]",[O] cuma satu [S] negative [A] handuknya,"sandalnya lebih dari dua , sementara kami berdua .","[('sandalnya', 'lebih dari dua', 'positive')]",[O] lebih dari dua [S] positive [A] sandalnya,True
AOS,wifi kurang baik .,"[('wifi', 'kurang baik', 'negative')]",[A] wifi [O] kurang baik [S] negative,ac sangat dingin .,"[('ac', 'sangat dingin', 'positive')]",[A] ac [O] sangat dingin [S] positive,True
ASO,wifi kurang baik .,"[('wifi', 'kurang baik', 'negative')]",[A] wifi [S] negative [O] kurang baik,ac sangat dingin .,"[('ac', 'sangat dingin', 'positive')]",[A] ac [S] positive [O] sangat dingin,True
SAO,wifi kurang baik .,"[('wifi', 'kurang baik', 'negative')]",[S] negative [A] wifi [O] kurang baik,ac sangat dingin .,"[('ac', 'sangat dingin', 'positive')]",[S] positive [A] ac [O] sangat dingin,True
OAS,wifi kurang baik .,"[('wifi', 'kurang baik', 'negative')]",[O] kurang baik [A] wifi [S] negative,ac sangat dingin .,"[('ac', 'sangat dingin', 'positive')]",[O] sangat dingin [A] ac [S] positive,True
OSA,wifi kurang baik .,"[('wifi', 'kurang baik', 'negative')]",[O] kurang baik [S] negative [A] wifi,ac sangat dingin .,"[('ac', 'sangat dingin', 'positive')]",[O] sangat dingin [S] positive [A] ac,True
AOS,tempat tdr kurang nyaman .,"[('tempat tdr', 'kurang nyaman', 'negative')]",[A] tempat tdr [O] kurang nyaman [S] negative,sarapan pagi sangat lezat .,"[('sarapan pagi', 'sangat lezat', 'positive')]",[A] sarapan pagi [O] sangat lezat [S] positive,True
ASO,tempat tdr kurang nyaman .,"[('tempat tdr', 'kurang nyaman', 'negative')]",[A] tempat tdr [S] negative [O] kurang nyaman,sarapan pagi sangat lezat .,"[('sarapan pagi', 'sangat lezat', 'positive')]",[A] sarapan pagi [S] positive [O] sangat lezat,True
SAO,tempat tdr kurang nyaman .,"[('tempat tdr', 'kurang nyaman', 'negative')]",[S] negative [A] tempat tdr [O] kurang nyaman,sarapan pagi sangat lezat .,"[('sarapan pagi', 'sangat lezat', 'positive')]",[S] positive [A] sarapan pagi [O] sangat lezat,True
OAS,tempat tdr kurang nyaman .,"[('tempat tdr', 'kurang nyaman', 'negative')]",[O] kurang nyaman [A] tempat tdr [S] negative,sarapan pagi sangat lezat .,"[('sarapan pagi', 'sangat lezat', 'positive')]",[O] sangat lezat [A] sarapan pagi [S] positive,True
OSA,tempat tdr kurang nyaman .,"[('tempat tdr', 'kurang nyaman', 'negative')]",[O] kurang nyaman [S] negative [A] tempat tdr,sarapan pagi sangat lezat .,"[('sarapan pagi', 'sangat lezat', 'positive')]",[O] sangat lezat [S] positive [A] sarapan pagi,True
AOS,pelayanan bagus . terimakasih airy !,"[('pelayanan', 'bagus', 'positive')]",[A] pelayanan [O] bagus [S] positive,makanan buruk . terimakasih airy !,"[('makanan', 'buruk', 'negative')]",[A] makanan [O] buruk [S] negative,True
ASO,pelayanan bagus . terimakasih airy !,"[('pelayanan', 'bagus', 'positive')]",[A] pelayanan [S] positive [O] bagus,makanan buruk . terimakasih airy !,"[('makanan', 'buruk', 'negative')]",[A] makanan [S] negative [O] buruk,True
SAO,pelayanan bagus . terimakasih airy !,"[('pelayanan', 'bagus', 'positive')]",[S] positive [A] pelayanan [O] bagus,makanan buruk . terimakasih airy !,"[('makanan', 'buruk', 'negative')]",[S] negative [A] makanan [O] buruk,True
OAS,pelayanan bagus . terimakasih airy !,"[('pelayanan', 'bagus', 'positive')]",[O] bagus [A] pelayanan [S] positive,makanan buruk . terimakasih airy !,"[('makanan', 'buruk', 'negative')]",[O] buruk [A] makanan [S] negative,True
OSA,pelayanan bagus . terimakasih airy !,"[('pelayanan', 'bagus', 'positive')]",[O] bagus [S] positive [A] pelayanan,makanan buruk . terimakasih airy !,"[('makanan', 'buruk', 'negative')]",[O] buruk [S] negative [A] makanan,True
AOS,semua lengkap .,"[('semua', 'lengkap', 'positive')]",[A] semua [O] lengkap [S] positive,sauna buruk .,"[('sauna', 'buruk', 'negative')]",[A] sauna [O] buruk [S] negative,True
ASO,semua lengkap .,"[('semua', 'lengkap', 'positive')]",[A] semua [S] positive [O] lengkap,sauna buruk .,"[('sauna', 'buruk', 'negative')]",[A] sauna [S] negative [O] buruk,True
SAO,semua lengkap .,"[('semua', 'lengkap', 'positive')]",[S] positive [A] semua [O] lengkap,sauna buruk .,"[('sauna', 'buruk', 'negative')]",[S] negative [A] sauna [O] buruk,True
OAS,semua lengkap .,"[('semua', 'lengkap', 'positive')]",[O] lengkap [A] semua [S] positive,sauna buruk .,"[('sauna', 'buruk', 'negative')]",[O] buruk [A] sauna [S] negative,True
OSA,semua lengkap .,"[('semua', 'lengkap', 'positive')]",[O] lengkap [S] positive [A] semua,sauna buruk .,"[('sauna', 'buruk', 'negative')]",[O] buruk [S] negative [A] sauna,True
AOS,kamar sempit banget .,"[('kamar', 'sempit banget', 'negative')]",[A] kamar [O] sempit banget [S] negative,parkiran luas sekali .,"[('parkiran', 'luas sekali', 'positive')]",[A] parkiran [O] luas sekali [S] positive,True
ASO,kamar sempit banget .,"[('kamar', 'sempit banget', 'negative')]",[A] kamar [S] negative [O] sempit banget,parkiran luas sekali .,"[('parkiran', 'luas sekali', 'positive')]",[A] parkiran [S] positive [O] luas sekali,True
SAO,kamar sempit banget .,"[('kamar', 'sempit banget', 'negative')]",[S] negative [A] kamar [O] sempit banget,parkiran luas sekali .,"[('parkiran', 'luas sekali', 'positive')]",[S] positive [A] parkiran [O] luas sekali,True
OAS,kamar sempit banget .,"[('kamar', 'sempit banget', 'negative')]",[O] sempit banget [A] kamar [S] negative,parkiran luas sekali .,"[('parkiran', 'luas sekali', 'positive')]",[O] luas sekali [A] parkiran [S] positive,True
OSA,kamar sempit banget .,"[('kamar', 'sempit banget', 'negative')]",[O] sempit banget [S] negative [A] kamar,parkiran luas sekali .,"[('parkiran', 'luas sekali', 'positive')]",[O] luas sekali [S] positive [A] parkiran,True
AOS,kamar luas dekat stasiun balapan .,"[('kamar', 'luas', 'positive')]",[A] kamar [O] luas [S] positive,lampu rusak dekat stasiun balapan .,"[('lampu', 'rusak', 'negative')]",[A] lampu [O] rusak [S] negative,True
ASO,kamar luas dekat stasiun balapan .,"[('kamar', 'luas', 'positive')]",[A] kamar [S] positive [O] luas,lampu rusak dekat stasiun balapan .,"[('lampu', 'rusak', 'negative')]",[A] lampu [S] negative [O] rusak,True
SAO,kamar luas dekat stasiun balapan .,"[('kamar', 'luas', 'positive')]",[S] positive [A] kamar [O] luas,lampu rusak dekat stasiun balapan .,"[('lampu', 'rusak', 'negative')]",[S] negative [A] lampu [O] rusak,True
OAS,kamar luas dekat stasiun balapan .,"[('kamar', 'luas', 'positive')]",[O] luas [A] kamar [S] positive,lampu rusak dekat stasiun balapan .,"[('lampu', 'rusak', 'negative')]",[O] rusak [A] lampu [S] negative,True
OSA,kamar luas dekat stasiun balapan .,"[('kamar', 'luas', 'positive')]",[O] luas [S] positive [A] kamar,lampu rusak dekat stasiun balapan .,"[('lampu', 'rusak', 'negative')]",[O] rusak [S] negative [A] lampu,True
AOS,wastafel macet .,"[('wastafel', 'macet', 'negative')]",[A] wastafel [O] macet [S] negative,suasana nya buruk .,"[('suasana nya', 'buruk', 'negative')]",[A] suasana nya [O] buruk [S] negative,True
ASO,wastafel macet .,"[('wastafel', 'macet', 'negative')]",[A] wastafel [S] negative [O] macet,suasana nya buruk .,"[('suasana nya', 'buruk', 'negative')]",[A] suasana nya [S] negative [O] buruk,True
SAO,wastafel macet .,"[('wastafel', 'macet', 'negative')]",[S] negative [A] wastafel [O] macet,suasana nya buruk .,"[('suasana nya', 'buruk', 'negative')]",[S] negative [A] suasana nya [O] buruk,True
OAS,wastafel macet .,"[('wastafel', 'macet', 'negative')]",[O] macet [A] wastafel [S] negative,suasana nya buruk .,"[('suasana nya', 'buruk', 'negative')]",[O] buruk [A] suasana nya [S] negative,True
OSA,wastafel macet .,"[('wastafel', 'macet', 'negative')]",[O] macet [S] negative [A] wastafel,suasana nya buruk .,"[('suasana nya', 'buruk', 'negative')]",[O] buruk [S] negative [A] suasana nya,True
AOS,tetapi tidak disediakan air mineral di dalam kamar .,"[('air mineral', 'tidak disediakan', 'negative')]",[A] air mineral [O] tidak disediakan [S] negative,tetapi kasur terasa empuk di dalam kamar .,"[('kasur', 'terasa empuk', 'positive')]",[A] kasur [O] terasa empuk [S] positive,True
ASO,tetapi tidak disediakan air mineral di dalam kamar .,"[('air mineral', 'tidak disediakan', 'negative')]",[A] air mineral [S] negative [O] tidak disediakan,tetapi kasur terasa empuk di dalam kamar .,"[('kasur', 'terasa empuk', 'positive')]",[A] kasur [S] positive [O] terasa empuk,True
SAO,tetapi tidak disediakan air mineral di dalam kamar .,"[('air mineral', 'tidak disediakan', 'negative')]",[S] negative [A] air mineral [O] tidak disediakan,tetapi kasur terasa empuk di dalam kamar .,"[('kasur', 'terasa empuk', 'positive')]",[S] positive [A] kasur [O] terasa empuk,True
OAS,tetapi tidak disediakan air mineral di dalam kamar .,"[('air mineral', 'tidak disediakan', 'negative')]",[O] tidak disediakan [A] air mineral [S] negative,tetapi kasur terasa empuk di dalam kamar .,"[('kasur', 'terasa empuk', 'positive')]",[O] terasa empuk [A] kasur [S] positive,True
OSA,tetapi tidak disediakan air mineral di dalam kamar .,"[('air mineral', 'tidak disediakan', 'negative')]",[O] tidak disediakan [S] negative [A] air mineral,tetapi kasur terasa empuk di dalam kamar .,"[('kasur', 'terasa empuk', 'positive')]",[O] terasa empuk [S] positive [A] kasur,True
AOS,pelayanan resepsionis cepat .,"[('pelayanan resepsionis', 'cepat', 'positive')]",[A] pelayanan resepsionis [O] cepat [S] positive,suara kendaraan di luar bising .,"[('suara kendaraan di luar', 'bising', 'negative')]",[A] suara kendaraan di luar [O] bising [S] negative,True
ASO,pelayanan resepsionis cepat .,"[('pelayanan resepsionis', 'cepat', 'positive')]",[A] pelayanan resepsionis [S] positive [O] cepat,suara kendaraan di luar bising .,"[('suara kendaraan di luar', 'bising', 'negative')]",[A] suara kendaraan di luar [S] negative [O] bising,True
SAO,pelayanan resepsionis cepat .,"[('pelayanan resepsionis', 'cepat', 'positive')]",[S] positive [A] pelayanan resepsionis [O] cepat,suara kendaraan di luar bising .,"[('suara kendaraan di luar', 'bising', 'negative')]",[S] negative [A] suara kendaraan di luar [O] bising,True
OAS,pelayanan resepsionis cepat .,"[('pelayanan resepsionis', 'cepat', 'positive')]",[O] cepat [A] pelayanan resepsionis [S] positive,suara kendaraan di luar bising .,"[('suara kendaraan di luar', 'bising', 'negative')]",[O] bising [A] suara kendaraan di luar [S] negative,True
OSA,pelayanan resepsionis cepat .,"[('pelayanan resepsionis', 'cepat', 'positive')]",[O] cepat [S] positive [A] pelayanan resepsionis,suara kendaraan di luar bising .,"[('suara kendaraan di luar', 'bising', 'negative')]",[O] bising [S] negative [A] suara kendaraan di luar,True
AOS,resepsionisnya ramah .,"[('resepsionisnya', 'ramah', 'positive')]",[A] resepsionisnya [O] ramah [S] positive,pegawai cleaning servisnya buruk .,"[('pegawai cleaning servisnya', 'buruk', 'negative')]",[A] pegawai cleaning servisnya [O] buruk [S] negative,True
ASO,resepsionisnya ramah .,"[('resepsionisnya', 'ramah', 'positive')]",[A] resepsionisnya [S] positive [O] ramah,pegawai cleaning servisnya buruk .,"[('pegawai cleaning servisnya', 'buruk', 'negative')]",[A] pegawai cleaning servisnya [S] negative [O] buruk,True
SAO,resepsionisnya ramah .,"[('resepsionisnya', 'ramah', 'positive')]",[S] positive [A] resepsionisnya [O] ramah,pegawai cleaning servisnya buruk .,"[('pegawai cleaning servisnya', 'buruk', 'negative')]",[S] negative [A] pegawai cleaning servisnya [O] buruk,True
OAS,resepsionisnya ramah .,"[('resepsionisnya', 'ramah', 'positive')]",[O] ramah [A] resepsionisnya [S] positive,pegawai cleaning servisnya buruk .,"[('pegawai cleaning servisnya', 'buruk', 'negative')]",[O] buruk [A] pegawai cleaning servisnya [S] negative,True
OSA,resepsionisnya ramah .,"[('resepsionisnya', 'ramah', 'positive')]",[O] ramah [S] positive [A] resepsionisnya,pegawai cleaning servisnya buruk .,"[('pegawai cleaning servisnya', 'buruk', 'negative')]",[O] buruk [S] negative [A] pegawai cleaning servisnya,True
AOS,sayang sekali tidak ada sarapan apaapa .,"[('sarapan', 'tidak ada', 'negative')]",[A] sarapan [O] tidak ada [S] negative,sayang sekali ramah pegawai apaapa .,"[('pegawai', 'ramah', 'positive')]",[A] pegawai [O] ramah [S] positive,True
ASO,sayang sekali tidak ada sarapan apaapa .,"[('sarapan', 'tidak ada', 'negative')]",[A] sarapan [S] negative [O] tidak ada,sayang sekali ramah pegawai apaapa .,"[('pegawai', 'ramah', 'positive')]",[A] pegawai [S] positive [O] ramah,True
SAO,sayang sekali tidak ada sarapan apaapa .,"[('sarapan', 'tidak ada', 'negative')]",[S] negative [A] sarapan [O] tidak ada,sayang sekali ramah pegawai apaapa .,"[('pegawai', 'ramah', 'positive')]",[S] positive [A] pegawai [O] ramah,True
OAS,sayang sekali tidak ada sarapan apaapa .,"[('sarapan', 'tidak ada', 'negative')]",[O] tidak ada [A] sarapan [S] negative,sayang sekali ramah pegawai apaapa .,"[('pegawai', 'ramah', 'positive')]",[O] ramah [A] pegawai [S] positive,True
OSA,sayang sekali tidak ada sarapan apaapa .,"[('sarapan', 'tidak ada', 'negative')]",[O] tidak ada [S] negative [A] sarapan,sayang sekali ramah pegawai apaapa .,"[('pegawai', 'ramah', 'positive')]",[O] ramah [S] positive [A] pegawai,True
AOS,untuk sarapan kurang memuaskan .,"[('sarapan', 'kurang memuaskan', 'negative')]",[A] sarapan [O] kurang memuaskan [S] negative,untuk kamar bersih dan nyaman .,"[('kamar', 'bersih dan nyaman', 'positive')]",[A] kamar [O] bersih dan nyaman [S] positive,True
ASO,untuk sarapan kurang memuaskan .,"[('sarapan', 'kurang memuaskan', 'negative')]",[A] sarapan [S] negative [O] kurang memuaskan,untuk kamar bersih dan nyaman .,"[('kamar', 'bersih dan nyaman', 'positive')]",[A] kamar [S] positive [O] bersih dan nyaman,True
SAO,untuk sarapan kurang memuaskan .,"[('sarapan', 'kurang memuaskan', 'negative')]",[S] negative [A] sarapan [O] kurang memuaskan,untuk kamar bersih dan nyaman .,"[('kamar', 'bersih dan nyaman', 'positive')]",[S] positive [A] kamar [O] bersih dan nyaman,True
OAS,untuk sarapan kurang memuaskan .,"[('sarapan', 'kurang memuaskan', 'negative')]",[O] kurang memuaskan [A] sarapan [S] negative,untuk kamar bersih dan nyaman .,"[('kamar', 'bersih dan nyaman', 'positive')]",[O] bersih dan nyaman [A] kamar [S] positive,True
OSA,untuk sarapan kurang memuaskan .,"[('sarapan', 'kurang memuaskan', 'negative')]",[O] kurang memuaskan [S] negative [A] sarapan,untuk kamar bersih dan nyaman .,"[('kamar', 'bersih dan nyaman', 'positive')]",[O] bersih dan nyaman [S] positive [A] kamar,True
AOS,hotel nyaman . terimakasih airy .,"[('hotel', 'nyaman', 'positive')]",[A] hotel [O] nyaman [S] positive,wifi lemot . terimakasih airy .,"[('wifi', 'lemot', 'negative')]",[A] wifi [O] lemot [S] negative,True
ASO,hotel nyaman . terimakasih airy .,"[('hotel', 'nyaman', 'positive')]",[A] hotel [S] positive [O] nyaman,wifi lemot . terimakasih airy .,"[('wifi', 'lemot', 'negative')]",[A] wifi [S] negative [O] lemot,True
SAO,hotel nyaman . terimakasih airy .,"[('hotel', 'nyaman', 'positive')]",[S] positive [A] hotel [O] nyaman,wifi lemot . terimakasih airy .,"[('wifi', 'lemot', 'negative')]",[S] negative [A] wifi [O] lemot,True
OAS,hotel nyaman . terimakasih airy .,"[('hotel', 'nyaman', 'positive')]",[O] nyaman [A] hotel [S] positive,wifi lemot . terimakasih airy .,"[('wifi', 'lemot', 'negative')]",[O] lemot [A] wifi [S] negative,True
OSA,hotel nyaman . terimakasih airy .,"[('hotel', 'nyaman', 'positive')]",[O] nyaman [S] positive [A] hotel,wifi lemot . terimakasih airy .,"[('wifi', 'lemot', 'negative')]",[O] lemot [S] negative [A] wifi,True
AOS,shower nya rusak .,"[('shower nya', 'rusak', 'negative')]",[A] shower nya [O] rusak [S] negative,toilet nya bersih .,"[('toilet nya', 'bersih', 'positive')]",[A] toilet nya [O] bersih [S] positive,True
ASO,shower nya rusak .,"[('shower nya', 'rusak', 'negative')]",[A] shower nya [S] negative [O] rusak,toilet nya bersih .,"[('toilet nya', 'bersih', 'positive')]",[A] toilet nya [S] positive [O] bersih,True
SAO,shower nya rusak .,"[('shower nya', 'rusak', 'negative')]",[S] negative [A] shower nya [O] rusak,toilet nya bersih .,"[('toilet nya', 'bersih', 'positive')]",[S] positive [A] toilet nya [O] bersih,True
OAS,shower nya rusak .,"[('shower nya', 'rusak', 'negative')]",[O] rusak [A] shower nya [S] negative,toilet nya bersih .,"[('toilet nya', 'bersih', 'positive')]",[O] bersih [A] toilet nya [S] positive,True
OSA,shower nya rusak .,"[('shower nya', 'rusak', 'negative')]",[O] rusak [S] negative [A] shower nya,toilet nya bersih .,"[('toilet nya', 'bersih', 'positive')]",[O] bersih [S] positive [A] toilet nya,True
AOS,sudah 2 kali menginap disana dan pelayanannya memuaskan .,"[('pelayanannya', 'memuaskan', 'positive')]",[A] pelayanannya [O] memuaskan [S] positive,sudah 2 kali menginap disana dan kamar mandinya tidak bersih .,"[('kamar mandinya', 'tidak bersih', 'negative')]",[A] kamar mandinya [O] tidak bersih [S] negative,True
ASO,sudah 2 kali menginap disana dan pelayanannya memuaskan .,"[('pelayanannya', 'memuaskan', 'positive')]",[A] pelayanannya [S] positive [O] memuaskan,sudah 2 kali menginap disana dan kamar mandinya tidak bersih .,"[('kamar mandinya', 'tidak bersih', 'negative')]",[A] kamar mandinya [S] negative [O] tidak bersih,True
SAO,sudah 2 kali menginap disana dan pelayanannya memuaskan .,"[('pelayanannya', 'memuaskan', 'positive')]",[S] positive [A] pelayanannya [O] memuaskan,sudah 2 kali menginap disana dan kamar mandinya tidak bersih .,"[('kamar mandinya', 'tidak bersih', 'negative')]",[S] negative [A] kamar mandinya [O] tidak bersih,True
OAS,sudah 2 kali menginap disana dan pelayanannya memuaskan .,"[('pelayanannya', 'memuaskan', 'positive')]",[O] memuaskan [A] pelayanannya [S] positive,sudah 2 kali menginap disana dan kamar mandinya tidak bersih .,"[('kamar mandinya', 'tidak bersih', 'negative')]",[O] tidak bersih [A] kamar mandinya [S] negative,True
OSA,sudah 2 kali menginap disana dan pelayanannya memuaskan .,"[('pelayanannya', 'memuaskan', 'positive')]",[O] memuaskan [S] positive [A] pelayanannya,sudah 2 kali menginap disana dan kamar mandinya tidak bersih .,"[('kamar mandinya', 'tidak bersih', 'negative')]",[O] tidak bersih [S] negative [A] kamar mandinya,True
AOS,handuk cuma 1 .,"[('handuk', 'cuma 1', 'negative')]",[A] handuk [O] cuma 1 [S] negative,sarapan cukup enak .,"[('sarapan', 'cukup enak', 'positive')]",[A] sarapan [O] cukup enak [S] positive,True
ASO,handuk cuma 1 .,"[('handuk', 'cuma 1', 'negative')]",[A] handuk [S] negative [O] cuma 1,sarapan cukup enak .,"[('sarapan', 'cukup enak', 'positive')]",[A] sarapan [S] positive [O] cukup enak,True
SAO,handuk cuma 1 .,"[('handuk', 'cuma 1', 'negative')]",[S] negative [A] handuk [O] cuma 1,sarapan cukup enak .,"[('sarapan', 'cukup enak', 'positive')]",[S] positive [A] sarapan [O] cukup enak,True
OAS,handuk cuma 1 .,"[('handuk', 'cuma 1', 'negative')]",[O] cuma 1 [A] handuk [S] negative,sarapan cukup enak .,"[('sarapan', 'cukup enak', 'positive')]",[O] cukup enak [A] sarapan [S] positive,True
OSA,handuk cuma 1 .,"[('handuk', 'cuma 1', 'negative')]",[O] cuma 1 [S] negative [A] handuk,sarapan cukup enak .,"[('sarapan', 'cukup enak', 'positive')]",[O] cukup enak [S] positive [A] sarapan,True
AOS,"proses check in nya lama , padahal sudah mau istirahat .","[('proses check in nya', 'lama', 'negative')]",[A] proses check in nya [O] lama [S] negative,"akses kamarnya cepat , padahal sudah mau istirahat .","[('akses kamarnya', 'cepat', 'positive')]",[A] akses kamarnya [O] cepat [S] positive,True
ASO,"proses check in nya lama , padahal sudah mau istirahat .","[('proses check in nya', 'lama', 'negative')]",[A] proses check in nya [S] negative [O] lama,"akses kamarnya cepat , padahal sudah mau istirahat .","[('akses kamarnya', 'cepat', 'positive')]",[A] akses kamarnya [S] positive [O] cepat,True
SAO,"proses check in nya lama , padahal sudah mau istirahat .","[('proses check in nya', 'lama', 'negative')]",[S] negative [A] proses check in nya [O] lama,"akses kamarnya cepat , padahal sudah mau istirahat .","[('akses kamarnya', 'cepat', 'positive')]",[S] positive [A] akses kamarnya [O] cepat,True
OAS,"proses check in nya lama , padahal sudah mau istirahat .","[('proses check in nya', 'lama', 'negative')]",[O] lama [A] proses check in nya [S] negative,"akses kamarnya cepat , padahal sudah mau istirahat .","[('akses kamarnya', 'cepat', 'positive')]",[O] cepat [A] akses kamarnya [S] positive,True
OSA,"proses check in nya lama , padahal sudah mau istirahat .","[('proses check in nya', 'lama', 'negative')]",[O] lama [S] negative [A] proses check in nya,"akses kamarnya cepat , padahal sudah mau istirahat .","[('akses kamarnya', 'cepat', 'positive')]",[O] cepat [S] positive [A] akses kamarnya,True
AOS,kamar mandi sempit .,"[('kamar mandi', 'sempit', 'negative')]",[A] kamar mandi [O] sempit [S] negative,view jendela bagus .,"[('view jendela', 'bagus', 'positive')]",[A] view jendela [O] bagus [S] positive,True
ASO,kamar mandi sempit .,"[('kamar mandi', 'sempit', 'negative')]",[A] kamar mandi [S] negative [O] sempit,view jendela bagus .,"[('view jendela', 'bagus', 'positive')]",[A] view jendela [S] positive [O] bagus,True
SAO,kamar mandi sempit .,"[('kamar mandi', 'sempit', 'negative')]",[S] negative [A] kamar mandi [O] sempit,view jendela bagus .,"[('view jendela', 'bagus', 'positive')]",[S] positive [A] view jendela [O] bagus,True
OAS,kamar mandi sempit .,"[('kamar mandi', 'sempit', 'negative')]",[O] sempit [A] kamar mandi [S] negative,view jendela bagus .,"[('view jendela', 'bagus', 'positive')]",[O] bagus [A] view jendela [S] positive,True
OSA,kamar mandi sempit .,"[('kamar mandi', 'sempit', 'negative')]",[O] sempit [S] negative [A] kamar mandi,view jendela bagus .,"[('view jendela', 'bagus', 'positive')]",[O] bagus [S] positive [A] view jendela,True
AOS,ac kurang dingin .,"[('ac', 'kurang dingin', 'negative')]",[A] ac [O] kurang dingin [S] negative,api lumayan dingin .,"[('api', 'lumayan dingin', 'positive')]",[A] api [O] lumayan dingin [S] positive,True
ASO,ac kurang dingin .,"[('ac', 'kurang dingin', 'negative')]",[A] ac [S] negative [O] kurang dingin,api lumayan dingin .,"[('api', 'lumayan dingin', 'positive')]",[A] api [S] positive [O] lumayan dingin,True
SAO,ac kurang dingin .,"[('ac', 'kurang dingin', 'negative')]",[S] negative [A] ac [O] kurang dingin,api lumayan dingin .,"[('api', 'lumayan dingin', 'positive')]",[S] positive [A] api [O] lumayan dingin,True
OAS,ac kurang dingin .,"[('ac', 'kurang dingin', 'negative')]",[O] kurang dingin [A] ac [S] negative,api lumayan dingin .,"[('api', 'lumayan dingin', 'positive')]",[O] lumayan dingin [A] api [S] positive,True
OSA,ac kurang dingin .,"[('ac', 'kurang dingin', 'negative')]",[O] kurang dingin [S] negative [A] ac,api lumayan dingin .,"[('api', 'lumayan dingin', 'positive')]",[O] lumayan dingin [S] positive [A] api,True
AOS,"setiap mau check in pasti dihotel ini , karena pelayanannya sangat baik .","[('pelayanannya', 'sangat baik', 'positive')]",[A] pelayanannya [O] sangat baik [S] positive,"setiap mau check in pasti dihotel ini , karena fasilitasnya sangat minim .","[('fasilitasnya', 'sangat minim', 'negative')]",[A] fasilitasnya [O] sangat minim [S] negative,True
ASO,"setiap mau check in pasti dihotel ini , karena pelayanannya sangat baik .","[('pelayanannya', 'sangat baik', 'positive')]",[A] pelayanannya [S] positive [O] sangat baik,"setiap mau check in pasti dihotel ini , karena fasilitasnya sangat minim .","[('fasilitasnya', 'sangat minim', 'negative')]",[A] fasilitasnya [S] negative [O] sangat minim,True
SAO,"setiap mau check in pasti dihotel ini , karena pelayanannya sangat baik .","[('pelayanannya', 'sangat baik', 'positive')]",[S] positive [A] pelayanannya [O] sangat baik,"setiap mau check in pasti dihotel ini , karena fasilitasnya sangat minim .","[('fasilitasnya', 'sangat minim', 'negative')]",[S] negative [A] fasilitasnya [O] sangat minim,True
OAS,"setiap mau check in pasti dihotel ini , karena pelayanannya sangat baik .","[('pelayanannya', 'sangat baik', 'positive')]",[O] sangat baik [A] pelayanannya [S] positive,"setiap mau check in pasti dihotel ini , karena fasilitasnya sangat minim .","[('fasilitasnya', 'sangat minim', 'negative')]",[O] sangat minim [A] fasilitasnya [S] negative,True
OSA,"setiap mau check in pasti dihotel ini , karena pelayanannya sangat baik .","[('pelayanannya', 'sangat baik', 'positive')]",[O] sangat baik [S] positive [A] pelayanannya,"setiap mau check in pasti dihotel ini , karena fasilitasnya sangat minim .","[('fasilitasnya', 'sangat minim', 'negative')]",[O] sangat minim [S] negative [A] fasilitasnya,True
AOS,hanya saja ruangan terlalu sempit .,"[('ruangan', 'terlalu sempit', 'negative')]",[A] ruangan [O] terlalu sempit [S] negative,hanya saja internetnya lancar dan cepat .,"[('internetnya', 'lancar dan cepat', 'positive')]",[A] internetnya [O] lancar dan cepat [S] positive,True
ASO,hanya saja ruangan terlalu sempit .,"[('ruangan', 'terlalu sempit', 'negative')]",[A] ruangan [S] negative [O] terlalu sempit,hanya saja internetnya lancar dan cepat .,"[('internetnya', 'lancar dan cepat', 'positive')]",[A] internetnya [S] positive [O] lancar dan cepat,True
SAO,hanya saja ruangan terlalu sempit .,"[('ruangan', 'terlalu sempit', 'negative')]",[S] negative [A] ruangan [O] terlalu sempit,hanya saja internetnya lancar dan cepat .,"[('internetnya', 'lancar dan cepat', 'positive')]",[S] positive [A] internetnya [O] lancar dan cepat,True
OAS,hanya saja ruangan terlalu sempit .,"[('ruangan', 'terlalu sempit', 'negative')]",[O] terlalu sempit [A] ruangan [S] negative,hanya saja internetnya lancar dan cepat .,"[('internetnya', 'lancar dan cepat', 'positive')]",[O] lancar dan cepat [A] internetnya [S] positive,True
OSA,hanya saja ruangan terlalu sempit .,"[('ruangan', 'terlalu sempit', 'negative')]",[O] terlalu sempit [S] negative [A] ruangan,hanya saja internetnya lancar dan cepat .,"[('internetnya', 'lancar dan cepat', 'positive')]",[O] lancar dan cepat [S] positive [A] internetnya,True
AOS,ac nya kurang dingin di kamar 515 .,"[('ac nya', 'kurang dingin', 'negative')]",[A] ac nya [O] kurang dingin [S] negative,view nya luar biasa di kamar 515 .,"[('view nya', 'luar biasa', 'positive')]",[A] view nya [O] luar biasa [S] positive,True
ASO,ac nya kurang dingin di kamar 515 .,"[('ac nya', 'kurang dingin', 'negative')]",[A] ac nya [S] negative [O] kurang dingin,view nya luar biasa di kamar 515 .,"[('view nya', 'luar biasa', 'positive')]",[A] view nya [S] positive [O] luar biasa,True
SAO,ac nya kurang dingin di kamar 515 .,"[('ac nya', 'kurang dingin', 'negative')]",[S] negative [A] ac nya [O] kurang dingin,view nya luar biasa di kamar 515 .,"[('view nya', 'luar biasa', 'positive')]",[S] positive [A] view nya [O] luar biasa,True
OAS,ac nya kurang dingin di kamar 515 .,"[('ac nya', 'kurang dingin', 'negative')]",[O] kurang dingin [A] ac nya [S] negative,view nya luar biasa di kamar 515 .,"[('view nya', 'luar biasa', 'positive')]",[O] luar biasa [A] view nya [S] positive,True
OSA,ac nya kurang dingin di kamar 515 .,"[('ac nya', 'kurang dingin', 'negative')]",[O] kurang dingin [S] negative [A] ac nya,view nya luar biasa di kamar 515 .,"[('view nya', 'luar biasa', 'positive')]",[O] luar biasa [S] positive [A] view nya,True
AOS,alhamdulillah baik pelayanannya .,"[('pelayanannya', 'baik', 'positive')]",[A] pelayanannya [O] baik [S] positive,alhamdulillah keras roti isinya .,"[('roti isinya', 'keras', 'negative')]",[A] roti isinya [O] keras [S] negative,True
ASO,alhamdulillah baik pelayanannya .,"[('pelayanannya', 'baik', 'positive')]",[A] pelayanannya [S] positive [O] baik,alhamdulillah keras roti isinya .,"[('roti isinya', 'keras', 'negative')]",[A] roti isinya [S] negative [O] keras,True
SAO,alhamdulillah baik pelayanannya .,"[('pelayanannya', 'baik', 'positive')]",[S] positive [A] pelayanannya [O] baik,alhamdulillah keras roti isinya .,"[('roti isinya', 'keras', 'negative')]",[S] negative [A] roti isinya [O] keras,True
OAS,alhamdulillah baik pelayanannya .,"[('pelayanannya', 'baik', 'positive')]",[O] baik [A] pelayanannya [S] positive,alhamdulillah keras roti isinya .,"[('roti isinya', 'keras', 'negative')]",[O] keras [A] roti isinya [S] negative,True
OSA,alhamdulillah baik pelayanannya .,"[('pelayanannya', 'baik', 'positive')]",[O] baik [S] positive [A] pelayanannya,alhamdulillah keras roti isinya .,"[('roti isinya', 'keras', 'negative')]",[O] keras [S] negative [A] roti isinya,True
AOS,parkiran cukup luas .,"[('parkiran', 'cukup luas', 'positive')]",[A] parkiran [O] cukup luas [S] positive,sarapan kurang bersih .,"[('sarapan', 'kurang bersih', 'negative')]",[A] sarapan [O] kurang bersih [S] negative,True
ASO,parkiran cukup luas .,"[('parkiran', 'cukup luas', 'positive')]",[A] parkiran [S] positive [O] cukup luas,sarapan kurang bersih .,"[('sarapan', 'kurang bersih', 'negative')]",[A] sarapan [S] negative [O] kurang bersih,True
SAO,parkiran cukup luas .,"[('parkiran', 'cukup luas', 'positive')]",[S] positive [A] parkiran [O] cukup luas,sarapan kurang bersih .,"[('sarapan', 'kurang bersih', 'negative')]",[S] negative [A] sarapan [O] kurang bersih,True
OAS,parkiran cukup luas .,"[('parkiran', 'cukup luas', 'positive')]",[O] cukup luas [A] parkiran [S] positive,sarapan kurang bersih .,"[('sarapan', 'kurang bersih', 'negative')]",[O] kurang bersih [A] sarapan [S] negative,True
OSA,parkiran cukup luas .,"[('parkiran', 'cukup luas', 'positive')]",[O] cukup luas [S] positive [A] parkiran,sarapan kurang bersih .,"[('sarapan', 'kurang bersih', 'negative')]",[O] kurang bersih [S] negative [A] sarapan,True
AOS,ac tidak dingin .,"[('ac', 'tidak dingin', 'negative')]",[A] ac [O] tidak dingin [S] negative,staff sangat membantu .,"[('staff', 'sangat membantu', 'positive')]",[A] staff [O] sangat membantu [S] positive,True
ASO,ac tidak dingin .,"[('ac', 'tidak dingin', 'negative')]",[A] ac [S] negative [O] tidak dingin,staff sangat membantu .,"[('staff', 'sangat membantu', 'positive')]",[A] staff [S] positive [O] sangat membantu,True
SAO,ac tidak dingin .,"[('ac', 'tidak dingin', 'negative')]",[S] negative [A] ac [O] tidak dingin,staff sangat membantu .,"[('staff', 'sangat membantu', 'positive')]",[S] positive [A] staff [O] sangat membantu,True
OAS,ac tidak dingin .,"[('ac', 'tidak dingin', 'negative')]",[O] tidak dingin [A] ac [S] negative,staff sangat membantu .,"[('staff', 'sangat membantu', 'positive')]",[O] sangat membantu [A] staff [S] positive,True
OSA,ac tidak dingin .,"[('ac', 'tidak dingin', 'negative')]",[O] tidak dingin [S] negative [A] ac,staff sangat membantu .,"[('staff', 'sangat membantu', 'positive')]",[O] sangat membantu [S] positive [A] staff,True
AOS,semuanya oke .,"[('semuanya', 'oke', 'positive')]",[A] semuanya [O] oke [S] positive,pelayanan buruk .,"[('pelayanan', 'buruk', 'negative')]",[A] pelayanan [O] buruk [S] negative,True
ASO,semuanya oke .,"[('semuanya', 'oke', 'positive')]",[A] semuanya [S] positive [O] oke,pelayanan buruk .,"[('pelayanan', 'buruk', 'negative')]",[A] pelayanan [S] negative [O] buruk,True
SAO,semuanya oke .,"[('semuanya', 'oke', 'positive')]",[S] positive [A] semuanya [O] oke,pelayanan buruk .,"[('pelayanan', 'buruk', 'negative')]",[S] negative [A] pelayanan [O] buruk,True
OAS,semuanya oke .,"[('semuanya', 'oke', 'positive')]",[O] oke [A] semuanya [S] positive,pelayanan buruk .,"[('pelayanan', 'buruk', 'negative')]",[O] buruk [A] pelayanan [S] negative,True
OSA,semuanya oke .,"[('semuanya', 'oke', 'positive')]",[O] oke [S] positive [A] semuanya,pelayanan buruk .,"[('pelayanan', 'buruk', 'negative')]",[O] buruk [S] negative [A] pelayanan,True
AOS,pelayanan kurang baik .,"[('pelayanan', 'kurang baik', 'negative')]",[A] pelayanan [O] kurang baik [S] negative,lokasi nya sangat strategis .,"[('lokasi nya', 'sangat strategis', 'positive')]",[A] lokasi nya [O] sangat strategis [S] positive,True
ASO,pelayanan kurang baik .,"[('pelayanan', 'kurang baik', 'negative')]",[A] pelayanan [S] negative [O] kurang baik,lokasi nya sangat strategis .,"[('lokasi nya', 'sangat strategis', 'positive')]",[A] lokasi nya [S] positive [O] sangat strategis,True
SAO,pelayanan kurang baik .,"[('pelayanan', 'kurang baik', 'negative')]",[S] negative [A] pelayanan [O] kurang baik,lokasi nya sangat strategis .,"[('lokasi nya', 'sangat strategis', 'positive')]",[S] positive [A] lokasi nya [O] sangat strategis,True
OAS,pelayanan kurang baik .,"[('pelayanan', 'kurang baik', 'negative')]",[O] kurang baik [A] pelayanan [S] negative,lokasi nya sangat strategis .,"[('lokasi nya', 'sangat strategis', 'positive')]",[O] sangat strategis [A] lokasi nya [S] positive,True
OSA,pelayanan kurang baik .,"[('pelayanan', 'kurang baik', 'negative')]",[O] kurang baik [S] negative [A] pelayanan,lokasi nya sangat strategis .,"[('lokasi nya', 'sangat strategis', 'positive')]",[O] sangat strategis [S] positive [A] lokasi nya,True
AOS,kamar terlalu sempit .,"[('kamar', 'terlalu sempit', 'negative')]",[A] kamar [O] terlalu sempit [S] negative,lokasi dekat dan strategis .,"[('lokasi', 'dekat dan strategis', 'positive')]",[A] lokasi [O] dekat dan strategis [S] positive,True
ASO,kamar terlalu sempit .,"[('kamar', 'terlalu sempit', 'negative')]",[A] kamar [S] negative [O] terlalu sempit,lokasi dekat dan strategis .,"[('lokasi', 'dekat dan strategis', 'positive')]",[A] lokasi [S] positive [O] dekat dan strategis,True
SAO,kamar terlalu sempit .,"[('kamar', 'terlalu sempit', 'negative')]",[S] negative [A] kamar [O] terlalu sempit,lokasi dekat dan strategis .,"[('lokasi', 'dekat dan strategis', 'positive')]",[S] positive [A] lokasi [O] dekat dan strategis,True
OAS,kamar terlalu sempit .,"[('kamar', 'terlalu sempit', 'negative')]",[O] terlalu sempit [A] kamar [S] negative,lokasi dekat dan strategis .,"[('lokasi', 'dekat dan strategis', 'positive')]",[O] dekat dan strategis [A] lokasi [S] positive,True
OSA,kamar terlalu sempit .,"[('kamar', 'terlalu sempit', 'negative')]",[O] terlalu sempit [S] negative [A] kamar,lokasi dekat dan strategis .,"[('lokasi', 'dekat dan strategis', 'positive')]",[O] dekat dan strategis [S] positive [A] lokasi,True
AOS,tidak ada snack .,"[('snack', 'tidak ada', 'negative')]",[A] snack [O] tidak ada [S] negative,cukup bar .,"[('bar', 'cukup', 'positive')]",[A] bar [O] cukup [S] positive,True
ASO,tidak ada snack .,"[('snack', 'tidak ada', 'negative')]",[A] snack [S] negative [O] tidak ada,cukup bar .,"[('bar', 'cukup', 'positive')]",[A] bar [S] positive [O] cukup,True
SAO,tidak ada snack .,"[('snack', 'tidak ada', 'negative')]",[S] negative [A] snack [O] tidak ada,cukup bar .,"[('bar', 'cukup', 'positive')]",[S] positive [A] bar [O] cukup,True
OAS,tidak ada snack .,"[('snack', 'tidak ada', 'negative')]",[O] tidak ada [A] snack [S] negative,cukup bar .,"[('bar', 'cukup', 'positive')]",[O] cukup [A] bar [S] positive,True
OSA,tidak ada snack .,"[('snack', 'tidak ada', 'negative')]",[O] tidak ada [S] negative [A] snack,cukup bar .,"[('bar', 'cukup', 'positive')]",[O] cukup [S] positive [A] bar,True
AOS,pelayanannya kurang .,"[('pelayanannya', 'kurang', 'negative')]",[A] pelayanannya [O] kurang [S] negative,fasilitasnya cukup .,"[('fasilitasnya', 'cukup', 'positive')]",[A] fasilitasnya [O] cukup [S] positive,True
ASO,pelayanannya kurang .,"[('pelayanannya', 'kurang', 'negative')]",[A] pelayanannya [S] negative [O] kurang,fasilitasnya cukup .,"[('fasilitasnya', 'cukup', 'positive')]",[A] fasilitasnya [S] positive [O] cukup,True
SAO,pelayanannya kurang .,"[('pelayanannya', 'kurang', 'negative')]",[S] negative [A] pelayanannya [O] kurang,fasilitasnya cukup .,"[('fasilitasnya', 'cukup', 'positive')]",[S] positive [A] fasilitasnya [O] cukup,True
OAS,pelayanannya kurang .,"[('pelayanannya', 'kurang', 'negative')]",[O] kurang [A] pelayanannya [S] negative,fasilitasnya cukup .,"[('fasilitasnya', 'cukup', 'positive')]",[O] cukup [A] fasilitasnya [S] positive,True
OSA,pelayanannya kurang .,"[('pelayanannya', 'kurang', 'negative')]",[O] kurang [S] negative [A] pelayanannya,fasilitasnya cukup .,"[('fasilitasnya', 'cukup', 'positive')]",[O] cukup [S] positive [A] fasilitasnya,True
AOS,pelayanannya bagus . sampai diantar ke bandara dengan juga .,"[('pelayanannya', 'bagus', 'positive')]",[A] pelayanannya [O] bagus [S] positive,fasilitasnya buruk . sampai diantar ke bandara dengan juga .,"[('fasilitasnya', 'buruk', 'negative')]",[A] fasilitasnya [O] buruk [S] negative,True
ASO,pelayanannya bagus . sampai diantar ke bandara dengan juga .,"[('pelayanannya', 'bagus', 'positive')]",[A] pelayanannya [S] positive [O] bagus,fasilitasnya buruk . sampai diantar ke bandara dengan juga .,"[('fasilitasnya', 'buruk', 'negative')]",[A] fasilitasnya [S] negative [O] buruk,True
SAO,pelayanannya bagus . sampai diantar ke bandara dengan juga .,"[('pelayanannya', 'bagus', 'positive')]",[S] positive [A] pelayanannya [O] bagus,fasilitasnya buruk . sampai diantar ke bandara dengan juga .,"[('fasilitasnya', 'buruk', 'negative')]",[S] negative [A] fasilitasnya [O] buruk,True
OAS,pelayanannya bagus . sampai diantar ke bandara dengan juga .,"[('pelayanannya', 'bagus', 'positive')]",[O] bagus [A] pelayanannya [S] positive,fasilitasnya buruk . sampai diantar ke bandara dengan juga .,"[('fasilitasnya', 'buruk', 'negative')]",[O] buruk [A] fasilitasnya [S] negative,True
OSA,pelayanannya bagus . sampai diantar ke bandara dengan juga .,"[('pelayanannya', 'bagus', 'positive')]",[O] bagus [S] positive [A] pelayanannya,fasilitasnya buruk . sampai diantar ke bandara dengan juga .,"[('fasilitasnya', 'buruk', 'negative')]",[O] buruk [S] negative [A] fasilitasnya,True
AOS,"bagus tempatnya , dekat rumah makan .","[('tempatnya', 'bagus', 'positive')]",[A] tempatnya [O] bagus [S] positive,"mahal tarifnya , dekat rumah makan .","[('tarifnya', 'mahal', 'negative')]",[A] tarifnya [O] mahal [S] negative,True
ASO,"bagus tempatnya , dekat rumah makan .","[('tempatnya', 'bagus', 'positive')]",[A] tempatnya [S] positive [O] bagus,"mahal tarifnya , dekat rumah makan .","[('tarifnya', 'mahal', 'negative')]",[A] tarifnya [S] negative [O] mahal,True
SAO,"bagus tempatnya , dekat rumah makan .","[('tempatnya', 'bagus', 'positive')]",[S] positive [A] tempatnya [O] bagus,"mahal tarifnya , dekat rumah makan .","[('tarifnya', 'mahal', 'negative')]",[S] negative [A] tarifnya [O] mahal,True
OAS,"bagus tempatnya , dekat rumah makan .","[('tempatnya', 'bagus', 'positive')]",[O] bagus [A] tempatnya [S] positive,"mahal tarifnya , dekat rumah makan .","[('tarifnya', 'mahal', 'negative')]",[O] mahal [A] tarifnya [S] negative,True
OSA,"bagus tempatnya , dekat rumah makan .","[('tempatnya', 'bagus', 'positive')]",[O] bagus [S] positive [A] tempatnya,"mahal tarifnya , dekat rumah makan .","[('tarifnya', 'mahal', 'negative')]",[O] mahal [S] negative [A] tarifnya,True
AOS,sayang lift tidak bekerja .,"[('lift', 'tidak bekerja', 'negative')]",[A] lift [O] tidak bekerja [S] negative,sayang staff sangat ramah .,"[('staff', 'sangat ramah', 'positive')]",[A] staff [O] sangat ramah [S] positive,True
ASO,sayang lift tidak bekerja .,"[('lift', 'tidak bekerja', 'negative')]",[A] lift [S] negative [O] tidak bekerja,sayang staff sangat ramah .,"[('staff', 'sangat ramah', 'positive')]",[A] staff [S] positive [O] sangat ramah,True
SAO,sayang lift tidak bekerja .,"[('lift', 'tidak bekerja', 'negative')]",[S] negative [A] lift [O] tidak bekerja,sayang staff sangat ramah .,"[('staff', 'sangat ramah', 'positive')]",[S] positive [A] staff [O] sangat ramah,True
OAS,sayang lift tidak bekerja .,"[('lift', 'tidak bekerja', 'negative')]",[O] tidak bekerja [A] lift [S] negative,sayang staff sangat ramah .,"[('staff', 'sangat ramah', 'positive')]",[O] sangat ramah [A] staff [S] positive,True
OSA,sayang lift tidak bekerja .,"[('lift', 'tidak bekerja', 'negative')]",[O] tidak bekerja [S] negative [A] lift,sayang staff sangat ramah .,"[('staff', 'sangat ramah', 'positive')]",[O] sangat ramah [S] positive [A] staff,True
AOS,airnya kurang kencang .,"[('airnya', 'kurang kencang', 'negative')]",[A] airnya [O] kurang kencang [S] negative,kuku lumayan kencang .,"[('kuku', 'lumayan kencang', 'positive')]",[A] kuku [O] lumayan kencang [S] positive,True
ASO,airnya kurang kencang .,"[('airnya', 'kurang kencang', 'negative')]",[A] airnya [S] negative [O] kurang kencang,kuku lumayan kencang .,"[('kuku', 'lumayan kencang', 'positive')]",[A] kuku [S] positive [O] lumayan kencang,True
SAO,airnya kurang kencang .,"[('airnya', 'kurang kencang', 'negative')]",[S] negative [A] airnya [O] kurang kencang,kuku lumayan kencang .,"[('kuku', 'lumayan kencang', 'positive')]",[S] positive [A] kuku [O] lumayan kencang,True
OAS,airnya kurang kencang .,"[('airnya', 'kurang kencang', 'negative')]",[O] kurang kencang [A] airnya [S] negative,kuku lumayan kencang .,"[('kuku', 'lumayan kencang', 'positive')]",[O] lumayan kencang [A] kuku [S] positive,True
OSA,airnya kurang kencang .,"[('airnya', 'kurang kencang', 'negative')]",[O] kurang kencang [S] negative [A] airnya,kuku lumayan kencang .,"[('kuku', 'lumayan kencang', 'positive')]",[O] lumayan kencang [S] positive [A] kuku,True
AOS,pelayan cepat .,"[('pelayan', 'cepat', 'positive')]",[A] pelayan [O] cepat [S] positive,seprei lambat .,"[('seprei', 'lambat', 'negative')]",[A] seprei [O] lambat [S] negative,True
ASO,pelayan cepat .,"[('pelayan', 'cepat', 'positive')]",[A] pelayan [S] positive [O] cepat,seprei lambat .,"[('seprei', 'lambat', 'negative')]",[A] seprei [S] negative [O] lambat,True
SAO,pelayan cepat .,"[('pelayan', 'cepat', 'positive')]",[S] positive [A] pelayan [O] cepat,seprei lambat .,"[('seprei', 'lambat', 'negative')]",[S] negative [A] seprei [O] lambat,True
OAS,pelayan cepat .,"[('pelayan', 'cepat', 'positive')]",[O] cepat [A] pelayan [S] positive,seprei lambat .,"[('seprei', 'lambat', 'negative')]",[O] lambat [A] seprei [S] negative,True
OSA,pelayan cepat .,"[('pelayan', 'cepat', 'positive')]",[O] cepat [S] positive [A] pelayan,seprei lambat .,"[('seprei', 'lambat', 'negative')]",[O] lambat [S] negative [A] seprei,True
AOS,tidak ada sabun di dalam kamar .,"[('sabun', 'tidak ada', 'negative')]",[A] sabun [O] tidak ada [S] negative,banyaknya kue di dalam kamar .,"[('kue', 'banyaknya', 'positive')]",[A] kue [O] banyaknya [S] positive,True
ASO,tidak ada sabun di dalam kamar .,"[('sabun', 'tidak ada', 'negative')]",[A] sabun [S] negative [O] tidak ada,banyaknya kue di dalam kamar .,"[('kue', 'banyaknya', 'positive')]",[A] kue [S] positive [O] banyaknya,True
SAO,tidak ada sabun di dalam kamar .,"[('sabun', 'tidak ada', 'negative')]",[S] negative [A] sabun [O] tidak ada,banyaknya kue di dalam kamar .,"[('kue', 'banyaknya', 'positive')]",[S] positive [A] kue [O] banyaknya,True
OAS,tidak ada sabun di dalam kamar .,"[('sabun', 'tidak ada', 'negative')]",[O] tidak ada [A] sabun [S] negative,banyaknya kue di dalam kamar .,"[('kue', 'banyaknya', 'positive')]",[O] banyaknya [A] kue [S] positive,True
OSA,tidak ada sabun di dalam kamar .,"[('sabun', 'tidak ada', 'negative')]",[O] tidak ada [S] negative [A] sabun,banyaknya kue di dalam kamar .,"[('kue', 'banyaknya', 'positive')]",[O] banyaknya [S] positive [A] kue,True
AOS,wifi nya kurang memuaskan : ) .,"[('wifi nya', 'kurang memuaskan', 'negative')]",[A] wifi nya [O] kurang memuaskan [S] negative,layanan cukup memuaskan : ) .,"[('layanan', 'cukup memuaskan', 'positive')]",[A] layanan [O] cukup memuaskan [S] positive,True
ASO,wifi nya kurang memuaskan : ) .,"[('wifi nya', 'kurang memuaskan', 'negative')]",[A] wifi nya [S] negative [O] kurang memuaskan,layanan cukup memuaskan : ) .,"[('layanan', 'cukup memuaskan', 'positive')]",[A] layanan [S] positive [O] cukup memuaskan,True
SAO,wifi nya kurang memuaskan : ) .,"[('wifi nya', 'kurang memuaskan', 'negative')]",[S] negative [A] wifi nya [O] kurang memuaskan,layanan cukup memuaskan : ) .,"[('layanan', 'cukup memuaskan', 'positive')]",[S] positive [A] layanan [O] cukup memuaskan,True
OAS,wifi nya kurang memuaskan : ) .,"[('wifi nya', 'kurang memuaskan', 'negative')]",[O] kurang memuaskan [A] wifi nya [S] negative,layanan cukup memuaskan : ) .,"[('layanan', 'cukup memuaskan', 'positive')]",[O] cukup memuaskan [A] layanan [S] positive,True
OSA,wifi nya kurang memuaskan : ) .,"[('wifi nya', 'kurang memuaskan', 'negative')]",[O] kurang memuaskan [S] negative [A] wifi nya,layanan cukup memuaskan : ) .,"[('layanan', 'cukup memuaskan', 'positive')]",[O] cukup memuaskan [S] positive [A] layanan,True
AOS,"sudah 3x menginap di sini , selalu jadi langganan . tempat nyaman kok .","[('tempat', 'nyaman', 'positive')]",[A] tempat [O] nyaman [S] positive,"sudah 3x menginap di sini , calon langganan . tapi sapu jadi risih .","[('sapu', 'risih', 'negative')]",[A] sapu [O] risih [S] negative,True
ASO,"sudah 3x menginap di sini , selalu jadi langganan . tempat nyaman kok .","[('tempat', 'nyaman', 'positive')]",[A] tempat [S] positive [O] nyaman,"sudah 3x menginap di sini , calon langganan . tapi sapu jadi risih .","[('sapu', 'risih', 'negative')]",[A] sapu [S] negative [O] risih,True
SAO,"sudah 3x menginap di sini , selalu jadi langganan . tempat nyaman kok .","[('tempat', 'nyaman', 'positive')]",[S] positive [A] tempat [O] nyaman,"sudah 3x menginap di sini , calon langganan . tapi sapu jadi risih .","[('sapu', 'risih', 'negative')]",[S] negative [A] sapu [O] risih,True
OAS,"sudah 3x menginap di sini , selalu jadi langganan . tempat nyaman kok .","[('tempat', 'nyaman', 'positive')]",[O] nyaman [A] tempat [S] positive,"sudah 3x menginap di sini , calon langganan . tapi sapu jadi risih .","[('sapu', 'risih', 'negative')]",[O] risih [A] sapu [S] negative,True
OSA,"sudah 3x menginap di sini , selalu jadi langganan . tempat nyaman kok .","[('tempat', 'nyaman', 'positive')]",[O] nyaman [S] positive [A] tempat,"sudah 3x menginap di sini , calon langganan . tapi sapu jadi risih .","[('sapu', 'risih', 'negative')]",[O] risih [S] negative [A] sapu,True
AOS,tempat buat istirahat yang sangat nyaman sekali .,"[('tempat', 'sangat nyaman sekali', 'positive')]",[A] tempat [O] sangat nyaman sekali [S] positive,kunci buat istirahat yang amat sangat berisik .,"[('kunci', 'amat sangat berisik', 'negative')]",[A] kunci [O] amat sangat berisik [S] negative,True
ASO,tempat buat istirahat yang sangat nyaman sekali .,"[('tempat', 'sangat nyaman sekali', 'positive')]",[A] tempat [S] positive [O] sangat nyaman sekali,kunci buat istirahat yang amat sangat berisik .,"[('kunci', 'amat sangat berisik', 'negative')]",[A] kunci [S] negative [O] amat sangat berisik,True
SAO,tempat buat istirahat yang sangat nyaman sekali .,"[('tempat', 'sangat nyaman sekali', 'positive')]",[S] positive [A] tempat [O] sangat nyaman sekali,kunci buat istirahat yang amat sangat berisik .,"[('kunci', 'amat sangat berisik', 'negative')]",[S] negative [A] kunci [O] amat sangat berisik,True
OAS,tempat buat istirahat yang sangat nyaman sekali .,"[('tempat', 'sangat nyaman sekali', 'positive')]",[O] sangat nyaman sekali [A] tempat [S] positive,kunci buat istirahat yang amat sangat berisik .,"[('kunci', 'amat sangat berisik', 'negative')]",[O] amat sangat berisik [A] kunci [S] negative,True
OSA,tempat buat istirahat yang sangat nyaman sekali .,"[('tempat', 'sangat nyaman sekali', 'positive')]",[O] sangat nyaman sekali [S] positive [A] tempat,kunci buat istirahat yang amat sangat berisik .,"[('kunci', 'amat sangat berisik', 'negative')]",[O] amat sangat berisik [S] negative [A] kunci,True
AOS,hot shower tidak berfungsi .,"[('hot shower', 'tidak berfungsi', 'negative')]",[A] hot shower [O] tidak berfungsi [S] negative,lemari berfungsi baik .,"[('lemari', 'berfungsi baik', 'positive')]",[A] lemari [O] berfungsi baik [S] positive,True
ASO,hot shower tidak berfungsi .,"[('hot shower', 'tidak berfungsi', 'negative')]",[A] hot shower [S] negative [O] tidak berfungsi,lemari berfungsi baik .,"[('lemari', 'berfungsi baik', 'positive')]",[A] lemari [S] positive [O] berfungsi baik,True
SAO,hot shower tidak berfungsi .,"[('hot shower', 'tidak berfungsi', 'negative')]",[S] negative [A] hot shower [O] tidak berfungsi,lemari berfungsi baik .,"[('lemari', 'berfungsi baik', 'positive')]",[S] positive [A] lemari [O] berfungsi baik,True
OAS,hot shower tidak berfungsi .,"[('hot shower', 'tidak berfungsi', 'negative')]",[O] tidak berfungsi [A] hot shower [S] negative,lemari berfungsi baik .,"[('lemari', 'berfungsi baik', 'positive')]",[O] berfungsi baik [A] lemari [S] positive,True
OSA,hot shower tidak berfungsi .,"[('hot shower', 'tidak berfungsi', 'negative')]",[O] tidak berfungsi [S] negative [A] hot shower,lemari berfungsi baik .,"[('lemari', 'berfungsi baik', 'positive')]",[O] berfungsi baik [S] positive [A] lemari,True
AOS,lokasi strategis dekat stasiun blitar dan alun alun .,"[('lokasi', 'strategis', 'positive')]",[A] lokasi [O] strategis [S] positive,jalanan macet dekat stasiun blitar dan alun alun .,"[('jalanan', 'macet', 'negative')]",[A] jalanan [O] macet [S] negative,True
ASO,lokasi strategis dekat stasiun blitar dan alun alun .,"[('lokasi', 'strategis', 'positive')]",[A] lokasi [S] positive [O] strategis,jalanan macet dekat stasiun blitar dan alun alun .,"[('jalanan', 'macet', 'negative')]",[A] jalanan [S] negative [O] macet,True
SAO,lokasi strategis dekat stasiun blitar dan alun alun .,"[('lokasi', 'strategis', 'positive')]",[S] positive [A] lokasi [O] strategis,jalanan macet dekat stasiun blitar dan alun alun .,"[('jalanan', 'macet', 'negative')]",[S] negative [A] jalanan [O] macet,True
OAS,lokasi strategis dekat stasiun blitar dan alun alun .,"[('lokasi', 'strategis', 'positive')]",[O] strategis [A] lokasi [S] positive,jalanan macet dekat stasiun blitar dan alun alun .,"[('jalanan', 'macet', 'negative')]",[O] macet [A] jalanan [S] negative,True
OSA,lokasi strategis dekat stasiun blitar dan alun alun .,"[('lokasi', 'strategis', 'positive')]",[O] strategis [S] positive [A] lokasi,jalanan macet dekat stasiun blitar dan alun alun .,"[('jalanan', 'macet', 'negative')]",[O] macet [S] negative [A] jalanan,True
AOS,seprai nya kurang bersih .,"[('seprai nya', 'kurang bersih', 'negative')]",[A] seprai nya [O] kurang bersih [S] negative,pelayanan nya cukup ramah .,"[('pelayanan nya', 'cukup ramah', 'positive')]",[A] pelayanan nya [O] cukup ramah [S] positive,True
ASO,seprai nya kurang bersih .,"[('seprai nya', 'kurang bersih', 'negative')]",[A] seprai nya [S] negative [O] kurang bersih,pelayanan nya cukup ramah .,"[('pelayanan nya', 'cukup ramah', 'positive')]",[A] pelayanan nya [S] positive [O] cukup ramah,True
SAO,seprai nya kurang bersih .,"[('seprai nya', 'kurang bersih', 'negative')]",[S] negative [A] seprai nya [O] kurang bersih,pelayanan nya cukup ramah .,"[('pelayanan nya', 'cukup ramah', 'positive')]",[S] positive [A] pelayanan nya [O] cukup ramah,True
OAS,seprai nya kurang bersih .,"[('seprai nya', 'kurang bersih', 'negative')]",[O] kurang bersih [A] seprai nya [S] negative,pelayanan nya cukup ramah .,"[('pelayanan nya', 'cukup ramah', 'positive')]",[O] cukup ramah [A] pelayanan nya [S] positive,True
OSA,seprai nya kurang bersih .,"[('seprai nya', 'kurang bersih', 'negative')]",[O] kurang bersih [S] negative [A] seprai nya,pelayanan nya cukup ramah .,"[('pelayanan nya', 'cukup ramah', 'positive')]",[O] cukup ramah [S] positive [A] pelayanan nya,True
AOS,kamarnya tidak kedap suara . jadi kamar sebelah berbicara biasa pun bisa terdengar . 2 malam saya mengin .,"[('kamarnya', 'tidak kedap suara', 'negative')]",[A] kamarnya [O] tidak kedap suara [S] negative,suasana nya tenang dan bersih . jadi kamar sebelah berbicara biasa pun bisa terdengar . 2 malam saya mengin .,"[('suasana nya', 'tenang dan bersih', 'positive')]",[A] suasana nya [O] tenang dan bersih [S] positive,True
ASO,kamarnya tidak kedap suara . jadi kamar sebelah berbicara biasa pun bisa terdengar . 2 malam saya mengin .,"[('kamarnya', 'tidak kedap suara', 'negative')]",[A] kamarnya [S] negative [O] tidak kedap suara,suasana nya tenang dan bersih . jadi kamar sebelah berbicara biasa pun bisa terdengar . 2 malam saya mengin .,"[('suasana nya', 'tenang dan bersih', 'positive')]",[A] suasana nya [S] positive [O] tenang dan bersih,True
SAO,kamarnya tidak kedap suara . jadi kamar sebelah berbicara biasa pun bisa terdengar . 2 malam saya mengin .,"[('kamarnya', 'tidak kedap suara', 'negative')]",[S] negative [A] kamarnya [O] tidak kedap suara,suasana nya tenang dan bersih . jadi kamar sebelah berbicara biasa pun bisa terdengar . 2 malam saya mengin .,"[('suasana nya', 'tenang dan bersih', 'positive')]",[S] positive [A] suasana nya [O] tenang dan bersih,True
OAS,kamarnya tidak kedap suara . jadi kamar sebelah berbicara biasa pun bisa terdengar . 2 malam saya mengin .,"[('kamarnya', 'tidak kedap suara', 'negative')]",[O] tidak kedap suara [A] kamarnya [S] negative,suasana nya tenang dan bersih . jadi kamar sebelah berbicara biasa pun bisa terdengar . 2 malam saya mengin .,"[('suasana nya', 'tenang dan bersih', 'positive')]",[O] tenang dan bersih [A] suasana nya [S] positive,True
OSA,kamarnya tidak kedap suara . jadi kamar sebelah berbicara biasa pun bisa terdengar . 2 malam saya mengin .,"[('kamarnya', 'tidak kedap suara', 'negative')]",[O] tidak kedap suara [S] negative [A] kamarnya,suasana nya tenang dan bersih . jadi kamar sebelah berbicara biasa pun bisa terdengar . 2 malam saya mengin .,"[('suasana nya', 'tenang dan bersih', 'positive')]",[O] tenang dan bersih [S] positive [A] suasana nya,True
AOS,tempat enak banget .,"[('tempat', 'enak banget', 'positive')]",[A] tempat [O] enak banget [S] positive,staf buruk sekali .,"[('staf', 'buruk sekali', 'positive')]",[A] staf [O] buruk sekali [S] positive,True
ASO,tempat enak banget .,"[('tempat', 'enak banget', 'positive')]",[A] tempat [S] positive [O] enak banget,staf buruk sekali .,"[('staf', 'buruk sekali', 'positive')]",[A] staf [S] positive [O] buruk sekali,True
SAO,tempat enak banget .,"[('tempat', 'enak banget', 'positive')]",[S] positive [A] tempat [O] enak banget,staf buruk sekali .,"[('staf', 'buruk sekali', 'positive')]",[S] positive [A] staf [O] buruk sekali,True
OAS,tempat enak banget .,"[('tempat', 'enak banget', 'positive')]",[O] enak banget [A] tempat [S] positive,staf buruk sekali .,"[('staf', 'buruk sekali', 'positive')]",[O] buruk sekali [A] staf [S] positive,True
OSA,tempat enak banget .,"[('tempat', 'enak banget', 'positive')]",[O] enak banget [S] positive [A] tempat,staf buruk sekali .,"[('staf', 'buruk sekali', 'positive')]",[O] buruk sekali [S] positive [A] staf,True
AOS,petugas yang ramah .,"[('petugas', 'ramah', 'positive')]",[A] petugas [O] ramah [S] positive,kamar yang sempit .,"[('kamar', 'sempit', 'negative')]",[A] kamar [O] sempit [S] negative,True
ASO,petugas yang ramah .,"[('petugas', 'ramah', 'positive')]",[A] petugas [S] positive [O] ramah,kamar yang sempit .,"[('kamar', 'sempit', 'negative')]",[A] kamar [S] negative [O] sempit,True
SAO,petugas yang ramah .,"[('petugas', 'ramah', 'positive')]",[S] positive [A] petugas [O] ramah,kamar yang sempit .,"[('kamar', 'sempit', 'negative')]",[S] negative [A] kamar [O] sempit,True
OAS,petugas yang ramah .,"[('petugas', 'ramah', 'positive')]",[O] ramah [A] petugas [S] positive,kamar yang sempit .,"[('kamar', 'sempit', 'negative')]",[O] sempit [A] kamar [S] negative,True
OSA,petugas yang ramah .,"[('petugas', 'ramah', 'positive')]",[O] ramah [S] positive [A] petugas,kamar yang sempit .,"[('kamar', 'sempit', 'negative')]",[O] sempit [S] negative [A] kamar,True
AOS,air tidak jalan .,"[('air', 'tidak jalan', 'negative')]",[A] air [O] tidak jalan [S] negative,wifi sangat lancar.,"[('wifi', 'sangat lancar', 'positive')]",[A] wifi [O] sangat lancar [S] positive,True
ASO,air tidak jalan .,"[('air', 'tidak jalan', 'negative')]",[A] air [S] negative [O] tidak jalan,wifi sangat lancar.,"[('wifi', 'sangat lancar', 'positive')]",[A] wifi [S] positive [O] sangat lancar,True
SAO,air tidak jalan .,"[('air', 'tidak jalan', 'negative')]",[S] negative [A] air [O] tidak jalan,wifi sangat lancar.,"[('wifi', 'sangat lancar', 'positive')]",[S] positive [A] wifi [O] sangat lancar,True
OAS,air tidak jalan .,"[('air', 'tidak jalan', 'negative')]",[O] tidak jalan [A] air [S] negative,wifi sangat lancar.,"[('wifi', 'sangat lancar', 'positive')]",[O] sangat lancar [A] wifi [S] positive,True
OSA,air tidak jalan .,"[('air', 'tidak jalan', 'negative')]",[O] tidak jalan [S] negative [A] air,wifi sangat lancar.,"[('wifi', 'sangat lancar', 'positive')]",[O] sangat lancar [S] positive [A] wifi,True
AOS,pelayannya kurang ramah .,"[('pelayannya', 'kurang ramah', 'negative')]",[A] pelayannya [O] kurang ramah [S] negative,makanannya sangat lezat .,"[('makanannya', 'sangat lezat', 'positive')]",[A] makanannya [O] sangat lezat [S] positive,True
ASO,pelayannya kurang ramah .,"[('pelayannya', 'kurang ramah', 'negative')]",[A] pelayannya [S] negative [O] kurang ramah,makanannya sangat lezat .,"[('makanannya', 'sangat lezat', 'positive')]",[A] makanannya [S] positive [O] sangat lezat,True
SAO,pelayannya kurang ramah .,"[('pelayannya', 'kurang ramah', 'negative')]",[S] negative [A] pelayannya [O] kurang ramah,makanannya sangat lezat .,"[('makanannya', 'sangat lezat', 'positive')]",[S] positive [A] makanannya [O] sangat lezat,True
OAS,pelayannya kurang ramah .,"[('pelayannya', 'kurang ramah', 'negative')]",[O] kurang ramah [A] pelayannya [S] negative,makanannya sangat lezat .,"[('makanannya', 'sangat lezat', 'positive')]",[O] sangat lezat [A] makanannya [S] positive,True
OSA,pelayannya kurang ramah .,"[('pelayannya', 'kurang ramah', 'negative')]",[O] kurang ramah [S] negative [A] pelayannya,makanannya sangat lezat .,"[('makanannya', 'sangat lezat', 'positive')]",[O] sangat lezat [S] positive [A] makanannya,True
AOS,kamarnya kurang bersih .,"[('kamarnya', 'kurang bersih', 'negative')]",[A] kamarnya [O] kurang bersih [S] negative,suasana nya sangat menarik .,"[('suasana nya', 'sangat menarik', 'positive')]",[A] suasana nya [O] sangat menarik [S] positive,True
ASO,kamarnya kurang bersih .,"[('kamarnya', 'kurang bersih', 'negative')]",[A] kamarnya [S] negative [O] kurang bersih,suasana nya sangat menarik .,"[('suasana nya', 'sangat menarik', 'positive')]",[A] suasana nya [S] positive [O] sangat menarik,True
SAO,kamarnya kurang bersih .,"[('kamarnya', 'kurang bersih', 'negative')]",[S] negative [A] kamarnya [O] kurang bersih,suasana nya sangat menarik .,"[('suasana nya', 'sangat menarik', 'positive')]",[S] positive [A] suasana nya [O] sangat menarik,True
OAS,kamarnya kurang bersih .,"[('kamarnya', 'kurang bersih', 'negative')]",[O] kurang bersih [A] kamarnya [S] negative,suasana nya sangat menarik .,"[('suasana nya', 'sangat menarik', 'positive')]",[O] sangat menarik [A] suasana nya [S] positive,True
OSA,kamarnya kurang bersih .,"[('kamarnya', 'kurang bersih', 'negative')]",[O] kurang bersih [S] negative [A] kamarnya,suasana nya sangat menarik .,"[('suasana nya', 'sangat menarik', 'positive')]",[O] sangat menarik [S] positive [A] suasana nya,True
AOS,kamar tidak kedap suara .,"[('kamar', 'tidak kedap suara', 'negative')]",[A] kamar [O] tidak kedap suara [S] negative,layar meredam suara .,"[('layar', 'meredam suara', 'positive')]",[A] layar [O] meredam suara [S] positive,True
ASO,kamar tidak kedap suara .,"[('kamar', 'tidak kedap suara', 'negative')]",[A] kamar [S] negative [O] tidak kedap suara,layar meredam suara .,"[('layar', 'meredam suara', 'positive')]",[A] layar [S] positive [O] meredam suara,True
SAO,kamar tidak kedap suara .,"[('kamar', 'tidak kedap suara', 'negative')]",[S] negative [A] kamar [O] tidak kedap suara,layar meredam suara .,"[('layar', 'meredam suara', 'positive')]",[S] positive [A] layar [O] meredam suara,True
OAS,kamar tidak kedap suara .,"[('kamar', 'tidak kedap suara', 'negative')]",[O] tidak kedap suara [A] kamar [S] negative,layar meredam suara .,"[('layar', 'meredam suara', 'positive')]",[O] meredam suara [A] layar [S] positive,True
OSA,kamar tidak kedap suara .,"[('kamar', 'tidak kedap suara', 'negative')]",[O] tidak kedap suara [S] negative [A] kamar,layar meredam suara .,"[('layar', 'meredam suara', 'positive')]",[O] meredam suara [S] positive [A] layar,True
AOS,sarapan yang kurang menarik .,"[('sarapan', 'kurang menarik', 'negative')]",[A] sarapan [O] kurang menarik [S] negative,ruangan yang bagus dan tenang .,"[('ruangan', 'bagus dan tenang', 'positive')]",[A] ruangan [O] bagus dan tenang [S] positive,True
ASO,sarapan yang kurang menarik .,"[('sarapan', 'kurang menarik', 'negative')]",[A] sarapan [S] negative [O] kurang menarik,ruangan yang bagus dan tenang .,"[('ruangan', 'bagus dan tenang', 'positive')]",[A] ruangan [S] positive [O] bagus dan tenang,True
SAO,sarapan yang kurang menarik .,"[('sarapan', 'kurang menarik', 'negative')]",[S] negative [A] sarapan [O] kurang menarik,ruangan yang bagus dan tenang .,"[('ruangan', 'bagus dan tenang', 'positive')]",[S] positive [A] ruangan [O] bagus dan tenang,True
OAS,sarapan yang kurang menarik .,"[('sarapan', 'kurang menarik', 'negative')]",[O] kurang menarik [A] sarapan [S] negative,ruangan yang bagus dan tenang .,"[('ruangan', 'bagus dan tenang', 'positive')]",[O] bagus dan tenang [A] ruangan [S] positive,True
OSA,sarapan yang kurang menarik .,"[('sarapan', 'kurang menarik', 'negative')]",[O] kurang menarik [S] negative [A] sarapan,ruangan yang bagus dan tenang .,"[('ruangan', 'bagus dan tenang', 'positive')]",[O] bagus dan tenang [S] positive [A] ruangan,True
AOS,menu sarapan kurang enak .,"[('menu sarapan', 'kurang enak', 'negative')]",[A] menu sarapan [O] kurang enak [S] negative,timbangannya lumayan enak .,"[('timbangannya', 'lumayan enak', 'positive')]",[A] timbangannya [O] lumayan enak [S] positive,True
ASO,menu sarapan kurang enak .,"[('menu sarapan', 'kurang enak', 'negative')]",[A] menu sarapan [S] negative [O] kurang enak,timbangannya lumayan enak .,"[('timbangannya', 'lumayan enak', 'positive')]",[A] timbangannya [S] positive [O] lumayan enak,True
SAO,menu sarapan kurang enak .,"[('menu sarapan', 'kurang enak', 'negative')]",[S] negative [A] menu sarapan [O] kurang enak,timbangannya lumayan enak .,"[('timbangannya', 'lumayan enak', 'positive')]",[S] positive [A] timbangannya [O] lumayan enak,True
OAS,menu sarapan kurang enak .,"[('menu sarapan', 'kurang enak', 'negative')]",[O] kurang enak [A] menu sarapan [S] negative,timbangannya lumayan enak .,"[('timbangannya', 'lumayan enak', 'positive')]",[O] lumayan enak [A] timbangannya [S] positive,True
OSA,menu sarapan kurang enak .,"[('menu sarapan', 'kurang enak', 'negative')]",[O] kurang enak [S] negative [A] menu sarapan,timbangannya lumayan enak .,"[('timbangannya', 'lumayan enak', 'positive')]",[O] lumayan enak [S] positive [A] timbangannya,True
AOS,kamar mandi terlalu sempit .,"[('kamar mandi', 'terlalu sempit', 'negative')]",[A] kamar mandi [O] terlalu sempit [S] negative,otomotif cukup leluasa .,"[('otomotif', 'cukup leluasa', 'positive')]",[A] otomotif [O] cukup leluasa [S] positive,True
ASO,kamar mandi terlalu sempit .,"[('kamar mandi', 'terlalu sempit', 'negative')]",[A] kamar mandi [S] negative [O] terlalu sempit,otomotif cukup leluasa .,"[('otomotif', 'cukup leluasa', 'positive')]",[A] otomotif [S] positive [O] cukup leluasa,True
SAO,kamar mandi terlalu sempit .,"[('kamar mandi', 'terlalu sempit', 'negative')]",[S] negative [A] kamar mandi [O] terlalu sempit,otomotif cukup leluasa .,"[('otomotif', 'cukup leluasa', 'positive')]",[S] positive [A] otomotif [O] cukup leluasa,True
OAS,kamar mandi terlalu sempit .,"[('kamar mandi', 'terlalu sempit', 'negative')]",[O] terlalu sempit [A] kamar mandi [S] negative,otomotif cukup leluasa .,"[('otomotif', 'cukup leluasa', 'positive')]",[O] cukup leluasa [A] otomotif [S] positive,True
OSA,kamar mandi terlalu sempit .,"[('kamar mandi', 'terlalu sempit', 'negative')]",[O] terlalu sempit [S] negative [A] kamar mandi,otomotif cukup leluasa .,"[('otomotif', 'cukup leluasa', 'positive')]",[O] cukup leluasa [S] positive [A] otomotif,True
AOS,parkiran luas .,"[('parkiran', 'luas', 'positive')]",[A] parkiran [O] luas [S] positive,jaket sempit .,"[('jaket', 'sempit', 'negative')]",[A] jaket [O] sempit [S] negative,True
ASO,parkiran luas .,"[('parkiran', 'luas', 'positive')]",[A] parkiran [S] positive [O] luas,jaket sempit .,"[('jaket', 'sempit', 'negative')]",[A] jaket [S] negative [O] sempit,True
SAO,parkiran luas .,"[('parkiran', 'luas', 'positive')]",[S] positive [A] parkiran [O] luas,jaket sempit .,"[('jaket', 'sempit', 'negative')]",[S] negative [A] jaket [O] sempit,True
OAS,parkiran luas .,"[('parkiran', 'luas', 'positive')]",[O] luas [A] parkiran [S] positive,jaket sempit .,"[('jaket', 'sempit', 'negative')]",[O] sempit [A] jaket [S] negative,True
OSA,parkiran luas .,"[('parkiran', 'luas', 'positive')]",[O] luas [S] positive [A] parkiran,jaket sempit .,"[('jaket', 'sempit', 'negative')]",[O] sempit [S] negative [A] jaket,True
AOS,menu sarapannya enak .,"[('menu sarapannya', 'enak', 'positive')]",[A] menu sarapannya [O] enak [S] positive,pengadilannya hambar .,"[('pengadilannya', 'hambar', 'negative')]",[A] pengadilannya [O] hambar [S] negative,True
ASO,menu sarapannya enak .,"[('menu sarapannya', 'enak', 'positive')]",[A] menu sarapannya [S] positive [O] enak,pengadilannya hambar .,"[('pengadilannya', 'hambar', 'negative')]",[A] pengadilannya [S] negative [O] hambar,True
SAO,menu sarapannya enak .,"[('menu sarapannya', 'enak', 'positive')]",[S] positive [A] menu sarapannya [O] enak,pengadilannya hambar .,"[('pengadilannya', 'hambar', 'negative')]",[S] negative [A] pengadilannya [O] hambar,True
OAS,menu sarapannya enak .,"[('menu sarapannya', 'enak', 'positive')]",[O] enak [A] menu sarapannya [S] positive,pengadilannya hambar .,"[('pengadilannya', 'hambar', 'negative')]",[O] hambar [A] pengadilannya [S] negative,True
OSA,menu sarapannya enak .,"[('menu sarapannya', 'enak', 'positive')]",[O] enak [S] positive [A] menu sarapannya,pengadilannya hambar .,"[('pengadilannya', 'hambar', 'negative')]",[O] hambar [S] negative [A] pengadilannya,True
AOS,ac di kamar nomor 10 tidak dingin .,"[('ac', 'tidak dingin', 'negative')]",[A] ac [O] tidak dingin [S] negative,motor di kamar nomor 10 sangat dingin .,"[('motor', 'sangat dingin', 'positive')]",[A] motor [O] sangat dingin [S] positive,True
ASO,ac di kamar nomor 10 tidak dingin .,"[('ac', 'tidak dingin', 'negative')]",[A] ac [S] negative [O] tidak dingin,motor di kamar nomor 10 sangat dingin .,"[('motor', 'sangat dingin', 'positive')]",[A] motor [S] positive [O] sangat dingin,True
SAO,ac di kamar nomor 10 tidak dingin .,"[('ac', 'tidak dingin', 'negative')]",[S] negative [A] ac [O] tidak dingin,motor di kamar nomor 10 sangat dingin .,"[('motor', 'sangat dingin', 'positive')]",[S] positive [A] motor [O] sangat dingin,True
OAS,ac di kamar nomor 10 tidak dingin .,"[('ac', 'tidak dingin', 'negative')]",[O] tidak dingin [A] ac [S] negative,motor di kamar nomor 10 sangat dingin .,"[('motor', 'sangat dingin', 'positive')]",[O] sangat dingin [A] motor [S] positive,True
OSA,ac di kamar nomor 10 tidak dingin .,"[('ac', 'tidak dingin', 'negative')]",[O] tidak dingin [S] negative [A] ac,motor di kamar nomor 10 sangat dingin .,"[('motor', 'sangat dingin', 'positive')]",[O] sangat dingin [S] positive [A] motor,True
AOS,air panasnya tidak stabil .,"[('air panasnya', 'tidak stabil', 'negative')]",[A] air panasnya [O] tidak stabil [S] negative,alat tulis sudah stabil .,"[('alat tulis', 'sudah stabil', 'positive')]",[A] alat tulis [O] sudah stabil [S] positive,True
ASO,air panasnya tidak stabil .,"[('air panasnya', 'tidak stabil', 'negative')]",[A] air panasnya [S] negative [O] tidak stabil,alat tulis sudah stabil .,"[('alat tulis', 'sudah stabil', 'positive')]",[A] alat tulis [S] positive [O] sudah stabil,True
SAO,air panasnya tidak stabil .,"[('air panasnya', 'tidak stabil', 'negative')]",[S] negative [A] air panasnya [O] tidak stabil,alat tulis sudah stabil .,"[('alat tulis', 'sudah stabil', 'positive')]",[S] positive [A] alat tulis [O] sudah stabil,True
OAS,air panasnya tidak stabil .,"[('air panasnya', 'tidak stabil', 'negative')]",[O] tidak stabil [A] air panasnya [S] negative,alat tulis sudah stabil .,"[('alat tulis', 'sudah stabil', 'positive')]",[O] sudah stabil [A] alat tulis [S] positive,True
OSA,air panasnya tidak stabil .,"[('air panasnya', 'tidak stabil', 'negative')]",[O] tidak stabil [S] negative [A] air panasnya,alat tulis sudah stabil .,"[('alat tulis', 'sudah stabil', 'positive')]",[O] sudah stabil [S] positive [A] alat tulis,True
AOS,tempatnya di tengah kota dan sangat tenang .,"[('tempatnya', 'sangat tenang', 'positive')]",[A] tempatnya [O] sangat tenang [S] positive,ruangannya di tengah kota dan berisik .,"[('ruangannya', 'berisik', 'negative')]",[A] ruangannya [O] berisik [S] negative,True
ASO,tempatnya di tengah kota dan sangat tenang .,"[('tempatnya', 'sangat tenang', 'positive')]",[A] tempatnya [S] positive [O] sangat tenang,ruangannya di tengah kota dan berisik .,"[('ruangannya', 'berisik', 'negative')]",[A] ruangannya [S] negative [O] berisik,True
SAO,tempatnya di tengah kota dan sangat tenang .,"[('tempatnya', 'sangat tenang', 'positive')]",[S] positive [A] tempatnya [O] sangat tenang,ruangannya di tengah kota dan berisik .,"[('ruangannya', 'berisik', 'negative')]",[S] negative [A] ruangannya [O] berisik,True
OAS,tempatnya di tengah kota dan sangat tenang .,"[('tempatnya', 'sangat tenang', 'positive')]",[O] sangat tenang [A] tempatnya [S] positive,ruangannya di tengah kota dan berisik .,"[('ruangannya', 'berisik', 'negative')]",[O] berisik [A] ruangannya [S] negative,True
OSA,tempatnya di tengah kota dan sangat tenang .,"[('tempatnya', 'sangat tenang', 'positive')]",[O] sangat tenang [S] positive [A] tempatnya,ruangannya di tengah kota dan berisik .,"[('ruangannya', 'berisik', 'negative')]",[O] berisik [S] negative [A] ruangannya,True
AOS,tidak ada tisu .,"[('tisu', 'tidak ada', 'negative')]",[A] tisu [O] tidak ada [S] negative,banyak juga minuman .,"[('minuman', 'banyak juga', 'positive')]",[A] minuman [O] banyak juga [S] positive,True
ASO,tidak ada tisu .,"[('tisu', 'tidak ada', 'negative')]",[A] tisu [S] negative [O] tidak ada,banyak juga minuman .,"[('minuman', 'banyak juga', 'positive')]",[A] minuman [S] positive [O] banyak juga,True
SAO,tidak ada tisu .,"[('tisu', 'tidak ada', 'negative')]",[S] negative [A] tisu [O] tidak ada,banyak juga minuman .,"[('minuman', 'banyak juga', 'positive')]",[S] positive [A] minuman [O] banyak juga,True
OAS,tidak ada tisu .,"[('tisu', 'tidak ada', 'negative')]",[O] tidak ada [A] tisu [S] negative,banyak juga minuman .,"[('minuman', 'banyak juga', 'positive')]",[O] banyak juga [A] minuman [S] positive,True
OSA,tidak ada tisu .,"[('tisu', 'tidak ada', 'negative')]",[O] tidak ada [S] negative [A] tisu,banyak juga minuman .,"[('minuman', 'banyak juga', 'positive')]",[O] banyak juga [S] positive [A] minuman,True
AOS,sarapannya kurang enak .,"[('sarapannya', 'kurang enak', 'negative')]",[A] sarapannya [O] kurang enak [S] negative,pohonnya sangat lezat .,"[('pohonnya', 'sangat lezat', 'positive')]",[A] pohonnya [O] sangat lezat [S] positive,True
ASO,sarapannya kurang enak .,"[('sarapannya', 'kurang enak', 'negative')]",[A] sarapannya [S] negative [O] kurang enak,pohonnya sangat lezat .,"[('pohonnya', 'sangat lezat', 'positive')]",[A] pohonnya [S] positive [O] sangat lezat,True
SAO,sarapannya kurang enak .,"[('sarapannya', 'kurang enak', 'negative')]",[S] negative [A] sarapannya [O] kurang enak,pohonnya sangat lezat .,"[('pohonnya', 'sangat lezat', 'positive')]",[S] positive [A] pohonnya [O] sangat lezat,True
OAS,sarapannya kurang enak .,"[('sarapannya', 'kurang enak', 'negative')]",[O] kurang enak [A] sarapannya [S] negative,pohonnya sangat lezat .,"[('pohonnya', 'sangat lezat', 'positive')]",[O] sangat lezat [A] pohonnya [S] positive,True
OSA,sarapannya kurang enak .,"[('sarapannya', 'kurang enak', 'negative')]",[O] kurang enak [S] negative [A] sarapannya,pohonnya sangat lezat .,"[('pohonnya', 'sangat lezat', 'positive')]",[O] sangat lezat [S] positive [A] pohonnya,True
AOS,ac nya panas .,"[('ac nya', 'panas', 'negative')]",[A] ac nya [O] panas [S] negative,es nya dingin .,"[('es nya', 'dingin', 'positive')]",[A] es nya [O] dingin [S] positive,True
ASO,ac nya panas .,"[('ac nya', 'panas', 'negative')]",[A] ac nya [S] negative [O] panas,es nya dingin .,"[('es nya', 'dingin', 'positive')]",[A] es nya [S] positive [O] dingin,True
SAO,ac nya panas .,"[('ac nya', 'panas', 'negative')]",[S] negative [A] ac nya [O] panas,es nya dingin .,"[('es nya', 'dingin', 'positive')]",[S] positive [A] es nya [O] dingin,True
OAS,ac nya panas .,"[('ac nya', 'panas', 'negative')]",[O] panas [A] ac nya [S] negative,es nya dingin .,"[('es nya', 'dingin', 'positive')]",[O] dingin [A] es nya [S] positive,True
OSA,ac nya panas .,"[('ac nya', 'panas', 'negative')]",[O] panas [S] negative [A] ac nya,es nya dingin .,"[('es nya', 'dingin', 'positive')]",[O] dingin [S] positive [A] es nya,True
AOS,resepsionis sangat tidak ramah . jatah cek in jam 2 siang tetapi katanya baru bisa masuk jam 3 sore .,"[('resepsionis', 'sangat tidak ramah', 'negative')]",[A] resepsionis [O] sangat tidak ramah [S] negative,pegawai tokonya terlalu baik . jatah cek in jam 2 siang tetapi katanya baru bisa masuk jam 3 sore .,"[('pegawai tokonya', 'terlalu baik', 'positive')]",[A] pegawai tokonya [O] terlalu baik [S] positive,True
ASO,resepsionis sangat tidak ramah . jatah cek in jam 2 siang tetapi katanya baru bisa masuk jam 3 sore .,"[('resepsionis', 'sangat tidak ramah', 'negative')]",[A] resepsionis [S] negative [O] sangat tidak ramah,pegawai tokonya terlalu baik . jatah cek in jam 2 siang tetapi katanya baru bisa masuk jam 3 sore .,"[('pegawai tokonya', 'terlalu baik', 'positive')]",[A] pegawai tokonya [S] positive [O] terlalu baik,True
SAO,resepsionis sangat tidak ramah . jatah cek in jam 2 siang tetapi katanya baru bisa masuk jam 3 sore .,"[('resepsionis', 'sangat tidak ramah', 'negative')]",[S] negative [A] resepsionis [O] sangat tidak ramah,pegawai tokonya terlalu baik . jatah cek in jam 2 siang tetapi katanya baru bisa masuk jam 3 sore .,"[('pegawai tokonya', 'terlalu baik', 'positive')]",[S] positive [A] pegawai tokonya [O] terlalu baik,True
OAS,resepsionis sangat tidak ramah . jatah cek in jam 2 siang tetapi katanya baru bisa masuk jam 3 sore .,"[('resepsionis', 'sangat tidak ramah', 'negative')]",[O] sangat tidak ramah [A] resepsionis [S] negative,pegawai tokonya terlalu baik . jatah cek in jam 2 siang tetapi katanya baru bisa masuk jam 3 sore .,"[('pegawai tokonya', 'terlalu baik', 'positive')]",[O] terlalu baik [A] pegawai tokonya [S] positive,True
OSA,resepsionis sangat tidak ramah . jatah cek in jam 2 siang tetapi katanya baru bisa masuk jam 3 sore .,"[('resepsionis', 'sangat tidak ramah', 'negative')]",[O] sangat tidak ramah [S] negative [A] resepsionis,pegawai tokonya terlalu baik . jatah cek in jam 2 siang tetapi katanya baru bisa masuk jam 3 sore .,"[('pegawai tokonya', 'terlalu baik', 'positive')]",[O] terlalu baik [S] positive [A] pegawai tokonya,True
AOS,wifi kurang kencang .,"[('wifi', 'kurang kencang', 'negative')]",[A] wifi [O] kurang kencang [S] negative,bon cukup kencang .,"[('bon', 'cukup kencang', 'positive')]",[A] bon [O] cukup kencang [S] positive,True
ASO,wifi kurang kencang .,"[('wifi', 'kurang kencang', 'negative')]",[A] wifi [S] negative [O] kurang kencang,bon cukup kencang .,"[('bon', 'cukup kencang', 'positive')]",[A] bon [S] positive [O] cukup kencang,True
SAO,wifi kurang kencang .,"[('wifi', 'kurang kencang', 'negative')]",[S] negative [A] wifi [O] kurang kencang,bon cukup kencang .,"[('bon', 'cukup kencang', 'positive')]",[S] positive [A] bon [O] cukup kencang,True
OAS,wifi kurang kencang .,"[('wifi', 'kurang kencang', 'negative')]",[O] kurang kencang [A] wifi [S] negative,bon cukup kencang .,"[('bon', 'cukup kencang', 'positive')]",[O] cukup kencang [A] bon [S] positive,True
OSA,wifi kurang kencang .,"[('wifi', 'kurang kencang', 'negative')]",[O] kurang kencang [S] negative [A] wifi,bon cukup kencang .,"[('bon', 'cukup kencang', 'positive')]",[O] cukup kencang [S] positive [A] bon,True
