order,original_sentence,original_triplet,original_label_variant,counterfact4_replaced,counterfact_triplet4_replaced,counterfact_label_variant,is_match
AOS,"tidak dapat snack . setelah di keluhan , baru dikasik snacknya .","[('snack', 'tidak dapat', 'negative')]",[A] snack [O] tidak dapat [S] negative,"baik sangat radio . setelah di keluhan , baru dikasik snacknya .","[('radio', 'baik sangat', 'positive')]",[A] radio [O] baik sangat [S] positive,True
ASO,"tidak dapat snack . setelah di keluhan , baru dikasik snacknya .","[('snack', 'tidak dapat', 'negative')]",[A] snack [S] negative [O] tidak dapat,"baik sangat radio . setelah di keluhan , baru dikasik snacknya .","[('radio', 'baik sangat', 'positive')]",[A] radio [S] positive [O] baik sangat,True
SAO,"tidak dapat snack . setelah di keluhan , baru dikasik snacknya .","[('snack', 'tidak dapat', 'negative')]",[S] negative [A] snack [O] tidak dapat,"baik sangat radio . setelah di keluhan , baru dikasik snacknya .","[('radio', 'baik sangat', 'positive')]",[S] positive [A] radio [O] baik sangat,True
OAS,"tidak dapat snack . setelah di keluhan , baru dikasik snacknya .","[('snack', 'tidak dapat', 'negative')]",[O] tidak dapat [A] snack [S] negative,"baik sangat radio . setelah di keluhan , baru dikasik snacknya .","[('radio', 'baik sangat', 'positive')]",[O] baik sangat [A] radio [S] positive,True
OSA,"tidak dapat snack . setelah di keluhan , baru dikasik snacknya .","[('snack', 'tidak dapat', 'negative')]",[O] tidak dapat [S] negative [A] snack,"baik sangat radio . setelah di keluhan , baru dikasik snacknya .","[('radio', 'baik sangat', 'positive')]",[O] baik sangat [S] positive [A] radio,True
AOS,kamarnya oke .,"[('kamarnya', 'oke', 'positive')]",[A] kamarnya [O] oke [S] positive,pot bunga  busuk .,"[('pot bunga', 'busuk', 'negative')]",[A] pot bunga [O] busuk [S] negative,True
ASO,kamarnya oke .,"[('kamarnya', 'oke', 'positive')]",[A] kamarnya [S] positive [O] oke,pot bunga  busuk .,"[('pot bunga', 'busuk', 'negative')]",[A] pot bunga [S] negative [O] busuk,True
SAO,kamarnya oke .,"[('kamarnya', 'oke', 'positive')]",[S] positive [A] kamarnya [O] oke,pot bunga  busuk .,"[('pot bunga', 'busuk', 'negative')]",[S] negative [A] pot bunga [O] busuk,True
OAS,kamarnya oke .,"[('kamarnya', 'oke', 'positive')]",[O] oke [A] kamarnya [S] positive,pot bunga  busuk .,"[('pot bunga', 'busuk', 'negative')]",[O] busuk [A] pot bunga [S] negative,True
OSA,kamarnya oke .,"[('kamarnya', 'oke', 'positive')]",[O] oke [S] positive [A] kamarnya,pot bunga  busuk .,"[('pot bunga', 'busuk', 'negative')]",[O] busuk [S] negative [A] pot bunga,True
AOS,tempat tdr kurang bersih .,"[('tempat tidur', 'kurang bersih', 'negative')]",[A] tempat tidur [O] kurang bersih [S] negative,baju anakku cukup cepat .,"[('baju anakku', 'cukup cepat', 'positive')]",[A] baju anakku [O] cukup cepat [S] positive,True
ASO,tempat tdr kurang bersih .,"[('tempat tidur', 'kurang bersih', 'negative')]",[A] tempat tidur [S] negative [O] kurang bersih,baju anakku cukup cepat .,"[('baju anakku', 'cukup cepat', 'positive')]",[A] baju anakku [S] positive [O] cukup cepat,True
SAO,tempat tdr kurang bersih .,"[('tempat tidur', 'kurang bersih', 'negative')]",[S] negative [A] tempat tidur [O] kurang bersih,baju anakku cukup cepat .,"[('baju anakku', 'cukup cepat', 'positive')]",[S] positive [A] baju anakku [O] cukup cepat,True
OAS,tempat tdr kurang bersih .,"[('tempat tidur', 'kurang bersih', 'negative')]",[O] kurang bersih [A] tempat tidur [S] negative,baju anakku cukup cepat .,"[('baju anakku', 'cukup cepat', 'positive')]",[O] cukup cepat [A] baju anakku [S] positive,True
OSA,tempat tdr kurang bersih .,"[('tempat tidur', 'kurang bersih', 'negative')]",[O] kurang bersih [S] negative [A] tempat tidur,baju anakku cukup cepat .,"[('baju anakku', 'cukup cepat', 'positive')]",[O] cukup cepat [S] positive [A] baju anakku,True
AOS,tetapi sayangnya di kamar yang saya tempati tidak terdapat lampu tidur .,"[('lampu tidur', 'tidak terdapat', 'negative')]",[A] lampu tidur [O] tidak terdapat [S] negative,tetapi sayangnya di kamar yang saya tempati cepat sekali rekening tabungan .,"[('rekening tabungan', 'cepat sekali', 'positive')]",[A] rekening tabungan [O] cepat sekali [S] positive,True
ASO,tetapi sayangnya di kamar yang saya tempati tidak terdapat lampu tidur .,"[('lampu tidur', 'tidak terdapat', 'negative')]",[A] lampu tidur [S] negative [O] tidak terdapat,tetapi sayangnya di kamar yang saya tempati cepat sekali rekening tabungan .,"[('rekening tabungan', 'cepat sekali', 'positive')]",[A] rekening tabungan [S] positive [O] cepat sekali,True
SAO,tetapi sayangnya di kamar yang saya tempati tidak terdapat lampu tidur .,"[('lampu tidur', 'tidak terdapat', 'negative')]",[S] negative [A] lampu tidur [O] tidak terdapat,tetapi sayangnya di kamar yang saya tempati cepat sekali rekening tabungan .,"[('rekening tabungan', 'cepat sekali', 'positive')]",[S] positive [A] rekening tabungan [O] cepat sekali,True
OAS,tetapi sayangnya di kamar yang saya tempati tidak terdapat lampu tidur .,"[('lampu tidur', 'tidak terdapat', 'negative')]",[O] tidak terdapat [A] lampu tidur [S] negative,tetapi sayangnya di kamar yang saya tempati cepat sekali rekening tabungan .,"[('rekening tabungan', 'cepat sekali', 'positive')]",[O] cepat sekali [A] rekening tabungan [S] positive,True
OSA,tetapi sayangnya di kamar yang saya tempati tidak terdapat lampu tidur .,"[('lampu tidur', 'tidak terdapat', 'negative')]",[O] tidak terdapat [S] negative [A] lampu tidur,tetapi sayangnya di kamar yang saya tempati cepat sekali rekening tabungan .,"[('rekening tabungan', 'cepat sekali', 'positive')]",[O] cepat sekali [S] positive [A] rekening tabungan,True
AOS,tidak ada sarapan .,"[('sarapan', 'tidak ada', 'negative')]",[A] sarapan [O] tidak ada [S] negative,baik sangat lilin .,"[('lilin', 'baik sangat', 'positive')]",[A] lilin [O] baik sangat [S] positive,True
ASO,tidak ada sarapan .,"[('sarapan', 'tidak ada', 'negative')]",[A] sarapan [S] negative [O] tidak ada,baik sangat lilin .,"[('lilin', 'baik sangat', 'positive')]",[A] lilin [S] positive [O] baik sangat,True
SAO,tidak ada sarapan .,"[('sarapan', 'tidak ada', 'negative')]",[S] negative [A] sarapan [O] tidak ada,baik sangat lilin .,"[('lilin', 'baik sangat', 'positive')]",[S] positive [A] lilin [O] baik sangat,True
OAS,tidak ada sarapan .,"[('sarapan', 'tidak ada', 'negative')]",[O] tidak ada [A] sarapan [S] negative,baik sangat lilin .,"[('lilin', 'baik sangat', 'positive')]",[O] baik sangat [A] lilin [S] positive,True
OSA,tidak ada sarapan .,"[('sarapan', 'tidak ada', 'negative')]",[O] tidak ada [S] negative [A] sarapan,baik sangat lilin .,"[('lilin', 'baik sangat', 'positive')]",[O] baik sangat [S] positive [A] lilin,True
AOS,banyak para pengunjung yang berpenampilan kurang sopan . anakanak pada takut .,"[('pengunjung', 'berpenampilan kurang sopan', 'negative')]",[A] pengunjung [O] berpenampilan kurang sopan [S] negative,banyak para gitar mini yang rasa nya sangat empuk sekali . anakanak pada takut .,"[('gitar mini', 'rasa nya sangat empuk sekali', 'positive')]",[A] gitar mini [O] rasa nya sangat empuk sekali [S] positive,True
ASO,banyak para pengunjung yang berpenampilan kurang sopan . anakanak pada takut .,"[('pengunjung', 'berpenampilan kurang sopan', 'negative')]",[A] pengunjung [S] negative [O] berpenampilan kurang sopan,banyak para gitar mini yang rasa nya sangat empuk sekali . anakanak pada takut .,"[('gitar mini', 'rasa nya sangat empuk sekali', 'positive')]",[A] gitar mini [S] positive [O] rasa nya sangat empuk sekali,True
SAO,banyak para pengunjung yang berpenampilan kurang sopan . anakanak pada takut .,"[('pengunjung', 'berpenampilan kurang sopan', 'negative')]",[S] negative [A] pengunjung [O] berpenampilan kurang sopan,banyak para gitar mini yang rasa nya sangat empuk sekali . anakanak pada takut .,"[('gitar mini', 'rasa nya sangat empuk sekali', 'positive')]",[S] positive [A] gitar mini [O] rasa nya sangat empuk sekali,True
OAS,banyak para pengunjung yang berpenampilan kurang sopan . anakanak pada takut .,"[('pengunjung', 'berpenampilan kurang sopan', 'negative')]",[O] berpenampilan kurang sopan [A] pengunjung [S] negative,banyak para gitar mini yang rasa nya sangat empuk sekali . anakanak pada takut .,"[('gitar mini', 'rasa nya sangat empuk sekali', 'positive')]",[O] rasa nya sangat empuk sekali [A] gitar mini [S] positive,True
OSA,banyak para pengunjung yang berpenampilan kurang sopan . anakanak pada takut .,"[('pengunjung', 'berpenampilan kurang sopan', 'negative')]",[O] berpenampilan kurang sopan [S] negative [A] pengunjung,banyak para gitar mini yang rasa nya sangat empuk sekali . anakanak pada takut .,"[('gitar mini', 'rasa nya sangat empuk sekali', 'positive')]",[O] rasa nya sangat empuk sekali [S] positive [A] gitar mini,True
AOS,di kamar saya tidak ada air hangat .,"[('air hangat', 'tidak ada', 'negative')]",[A] air hangat [O] tidak ada [S] negative,di kamar saya sangat ok daunnya .,"[('daunnya', 'sangat ok', 'positive')]",[A] daunnya [O] sangat ok [S] positive,True
ASO,di kamar saya tidak ada air hangat .,"[('air hangat', 'tidak ada', 'negative')]",[A] air hangat [S] negative [O] tidak ada,di kamar saya sangat ok daunnya .,"[('daunnya', 'sangat ok', 'positive')]",[A] daunnya [S] positive [O] sangat ok,True
SAO,di kamar saya tidak ada air hangat .,"[('air hangat', 'tidak ada', 'negative')]",[S] negative [A] air hangat [O] tidak ada,di kamar saya sangat ok daunnya .,"[('daunnya', 'sangat ok', 'positive')]",[S] positive [A] daunnya [O] sangat ok,True
OAS,di kamar saya tidak ada air hangat .,"[('air hangat', 'tidak ada', 'negative')]",[O] tidak ada [A] air hangat [S] negative,di kamar saya sangat ok daunnya .,"[('daunnya', 'sangat ok', 'positive')]",[O] sangat ok [A] daunnya [S] positive,True
OSA,di kamar saya tidak ada air hangat .,"[('air hangat', 'tidak ada', 'negative')]",[O] tidak ada [S] negative [A] air hangat,di kamar saya sangat ok daunnya .,"[('daunnya', 'sangat ok', 'positive')]",[O] sangat ok [S] positive [A] daunnya,True
AOS,tv nya saja yang tidak bagus karena siaran tvnya tidak jelas .,"[('tv nya', 'tidak bagus karena siaran tvnya tidak jelas', 'negative')]",[A] tv nya [O] tidak bagus karena siaran tvnya tidak jelas [S] negative,komputer saja yang sangat nyaman dan damai setiap saat selalu .,"[('komputer', 'sangat nyaman dan damai setiap saat selalu', 'positive')]",[A] komputer [O] sangat nyaman dan damai setiap saat selalu [S] positive,True
ASO,tv nya saja yang tidak bagus karena siaran tvnya tidak jelas .,"[('tv nya', 'tidak bagus karena siaran tvnya tidak jelas', 'negative')]",[A] tv nya [S] negative [O] tidak bagus karena siaran tvnya tidak jelas,komputer saja yang sangat nyaman dan damai setiap saat selalu .,"[('komputer', 'sangat nyaman dan damai setiap saat selalu', 'positive')]",[A] komputer [S] positive [O] sangat nyaman dan damai setiap saat selalu,True
SAO,tv nya saja yang tidak bagus karena siaran tvnya tidak jelas .,"[('tv nya', 'tidak bagus karena siaran tvnya tidak jelas', 'negative')]",[S] negative [A] tv nya [O] tidak bagus karena siaran tvnya tidak jelas,komputer saja yang sangat nyaman dan damai setiap saat selalu .,"[('komputer', 'sangat nyaman dan damai setiap saat selalu', 'positive')]",[S] positive [A] komputer [O] sangat nyaman dan damai setiap saat selalu,True
OAS,tv nya saja yang tidak bagus karena siaran tvnya tidak jelas .,"[('tv nya', 'tidak bagus karena siaran tvnya tidak jelas', 'negative')]",[O] tidak bagus karena siaran tvnya tidak jelas [A] tv nya [S] negative,komputer saja yang sangat nyaman dan damai setiap saat selalu .,"[('komputer', 'sangat nyaman dan damai setiap saat selalu', 'positive')]",[O] sangat nyaman dan damai setiap saat selalu [A] komputer [S] positive,True
OSA,tv nya saja yang tidak bagus karena siaran tvnya tidak jelas .,"[('tv nya', 'tidak bagus karena siaran tvnya tidak jelas', 'negative')]",[O] tidak bagus karena siaran tvnya tidak jelas [S] negative [A] tv nya,komputer saja yang sangat nyaman dan damai setiap saat selalu .,"[('komputer', 'sangat nyaman dan damai setiap saat selalu', 'positive')]",[O] sangat nyaman dan damai setiap saat selalu [S] positive [A] komputer,True
AOS,air panas sering tidak mengalir .,"[('air panas', 'sering tidak mengalir', 'negative')]",[A] air panas [O] sering tidak mengalir [S] negative,kunci motor manis sekali rasanya .,"[('kunci motor', 'manis sekali rasanya', 'positive')]",[A] kunci motor [O] manis sekali rasanya [S] positive,True
ASO,air panas sering tidak mengalir .,"[('air panas', 'sering tidak mengalir', 'negative')]",[A] air panas [S] negative [O] sering tidak mengalir,kunci motor manis sekali rasanya .,"[('kunci motor', 'manis sekali rasanya', 'positive')]",[A] kunci motor [S] positive [O] manis sekali rasanya,True
SAO,air panas sering tidak mengalir .,"[('air panas', 'sering tidak mengalir', 'negative')]",[S] negative [A] air panas [O] sering tidak mengalir,kunci motor manis sekali rasanya .,"[('kunci motor', 'manis sekali rasanya', 'positive')]",[S] positive [A] kunci motor [O] manis sekali rasanya,True
OAS,air panas sering tidak mengalir .,"[('air panas', 'sering tidak mengalir', 'negative')]",[O] sering tidak mengalir [A] air panas [S] negative,kunci motor manis sekali rasanya .,"[('kunci motor', 'manis sekali rasanya', 'positive')]",[O] manis sekali rasanya [A] kunci motor [S] positive,True
OSA,air panas sering tidak mengalir .,"[('air panas', 'sering tidak mengalir', 'negative')]",[O] sering tidak mengalir [S] negative [A] air panas,kunci motor manis sekali rasanya .,"[('kunci motor', 'manis sekali rasanya', 'positive')]",[O] manis sekali rasanya [S] positive [A] kunci motor,True
AOS,"kasurnya buat tidur buat sakit dada , jadi saya pindah ke tempat lain .","[('kasurnya', 'buat sakit dada', 'negative')]",[A] kasurnya [O] buat sakit dada [S] negative,"mie rebus buat tidur benar benar cantik , jadi saya pindah ke tempat lain .","[('mie rebus', 'benar benar cantik', 'positive')]",[A] mie rebus [O] benar benar cantik [S] positive,True
ASO,"kasurnya buat tidur buat sakit dada , jadi saya pindah ke tempat lain .","[('kasurnya', 'buat sakit dada', 'negative')]",[A] kasurnya [S] negative [O] buat sakit dada,"mie rebus buat tidur benar benar cantik , jadi saya pindah ke tempat lain .","[('mie rebus', 'benar benar cantik', 'positive')]",[A] mie rebus [S] positive [O] benar benar cantik,True
SAO,"kasurnya buat tidur buat sakit dada , jadi saya pindah ke tempat lain .","[('kasurnya', 'buat sakit dada', 'negative')]",[S] negative [A] kasurnya [O] buat sakit dada,"mie rebus buat tidur benar benar cantik , jadi saya pindah ke tempat lain .","[('mie rebus', 'benar benar cantik', 'positive')]",[S] positive [A] mie rebus [O] benar benar cantik,True
OAS,"kasurnya buat tidur buat sakit dada , jadi saya pindah ke tempat lain .","[('kasurnya', 'buat sakit dada', 'negative')]",[O] buat sakit dada [A] kasurnya [S] negative,"mie rebus buat tidur benar benar cantik , jadi saya pindah ke tempat lain .","[('mie rebus', 'benar benar cantik', 'positive')]",[O] benar benar cantik [A] mie rebus [S] positive,True
OSA,"kasurnya buat tidur buat sakit dada , jadi saya pindah ke tempat lain .","[('kasurnya', 'buat sakit dada', 'negative')]",[O] buat sakit dada [S] negative [A] kasurnya,"mie rebus buat tidur benar benar cantik , jadi saya pindah ke tempat lain .","[('mie rebus', 'benar benar cantik', 'positive')]",[O] benar benar cantik [S] positive [A] mie rebus,True
AOS,kurang lampu saja ini yang kurang terang .,"[('lampu', 'kurang terang', 'negative')]",[A] lampu [O] kurang terang [S] negative,kurang baju saja ini yang cepat sekali .,"[('baju', 'cepat sekali', 'positive')]",[A] baju [O] cepat sekali [S] positive,True
ASO,kurang lampu saja ini yang kurang terang .,"[('lampu', 'kurang terang', 'negative')]",[A] lampu [S] negative [O] kurang terang,kurang baju saja ini yang cepat sekali .,"[('baju', 'cepat sekali', 'positive')]",[A] baju [S] positive [O] cepat sekali,True
SAO,kurang lampu saja ini yang kurang terang .,"[('lampu', 'kurang terang', 'negative')]",[S] negative [A] lampu [O] kurang terang,kurang baju saja ini yang cepat sekali .,"[('baju', 'cepat sekali', 'positive')]",[S] positive [A] baju [O] cepat sekali,True
OAS,kurang lampu saja ini yang kurang terang .,"[('lampu', 'kurang terang', 'negative')]",[O] kurang terang [A] lampu [S] negative,kurang baju saja ini yang cepat sekali .,"[('baju', 'cepat sekali', 'positive')]",[O] cepat sekali [A] baju [S] positive,True
OSA,kurang lampu saja ini yang kurang terang .,"[('lampu', 'kurang terang', 'negative')]",[O] kurang terang [S] negative [A] lampu,kurang baju saja ini yang cepat sekali .,"[('baju', 'cepat sekali', 'positive')]",[O] cepat sekali [S] positive [A] baju,True
AOS,air panas kamar mandi kurang panas .,"[('air panas kamar mandi', 'kurang panas', 'negative')]",[A] air panas kamar mandi [O] kurang panas [S] negative,harga tiket kereta cepat enak sekali .,"[('harga tiket kereta cepat', 'enak sekali', 'positive')]",[A] harga tiket kereta cepat [O] enak sekali [S] positive,True
ASO,air panas kamar mandi kurang panas .,"[('air panas kamar mandi', 'kurang panas', 'negative')]",[A] air panas kamar mandi [S] negative [O] kurang panas,harga tiket kereta cepat enak sekali .,"[('harga tiket kereta cepat', 'enak sekali', 'positive')]",[A] harga tiket kereta cepat [S] positive [O] enak sekali,True
SAO,air panas kamar mandi kurang panas .,"[('air panas kamar mandi', 'kurang panas', 'negative')]",[S] negative [A] air panas kamar mandi [O] kurang panas,harga tiket kereta cepat enak sekali .,"[('harga tiket kereta cepat', 'enak sekali', 'positive')]",[S] positive [A] harga tiket kereta cepat [O] enak sekali,True
OAS,air panas kamar mandi kurang panas .,"[('air panas kamar mandi', 'kurang panas', 'negative')]",[O] kurang panas [A] air panas kamar mandi [S] negative,harga tiket kereta cepat enak sekali .,"[('harga tiket kereta cepat', 'enak sekali', 'positive')]",[O] enak sekali [A] harga tiket kereta cepat [S] positive,True
OSA,air panas kamar mandi kurang panas .,"[('air panas kamar mandi', 'kurang panas', 'negative')]",[O] kurang panas [S] negative [A] air panas kamar mandi,harga tiket kereta cepat enak sekali .,"[('harga tiket kereta cepat', 'enak sekali', 'positive')]",[O] enak sekali [S] positive [A] harga tiket kereta cepat,True
AOS,di kamar basement sinyal hp tidak ada .,"[('sinyal hp', 'tidak ada', 'negative')]",[A] sinyal hp [O] tidak ada [S] negative,di kamar basement kucing hitam sangat keras .,"[('kucing hitam', 'sangat keras', 'positive')]",[A] kucing hitam [O] sangat keras [S] positive,True
ASO,di kamar basement sinyal hp tidak ada .,"[('sinyal hp', 'tidak ada', 'negative')]",[A] sinyal hp [S] negative [O] tidak ada,di kamar basement kucing hitam sangat keras .,"[('kucing hitam', 'sangat keras', 'positive')]",[A] kucing hitam [S] positive [O] sangat keras,True
SAO,di kamar basement sinyal hp tidak ada .,"[('sinyal hp', 'tidak ada', 'negative')]",[S] negative [A] sinyal hp [O] tidak ada,di kamar basement kucing hitam sangat keras .,"[('kucing hitam', 'sangat keras', 'positive')]",[S] positive [A] kucing hitam [O] sangat keras,True
OAS,di kamar basement sinyal hp tidak ada .,"[('sinyal hp', 'tidak ada', 'negative')]",[O] tidak ada [A] sinyal hp [S] negative,di kamar basement kucing hitam sangat keras .,"[('kucing hitam', 'sangat keras', 'positive')]",[O] sangat keras [A] kucing hitam [S] positive,True
OSA,di kamar basement sinyal hp tidak ada .,"[('sinyal hp', 'tidak ada', 'negative')]",[O] tidak ada [S] negative [A] sinyal hp,di kamar basement kucing hitam sangat keras .,"[('kucing hitam', 'sangat keras', 'positive')]",[O] sangat keras [S] positive [A] kucing hitam,True
AOS,overall is oke lah .,"[('overall', 'oke', 'positive')]",[A] overall [O] oke [S] positive,air is mahal lah .,"[('air', 'mahal', 'negative')]",[A] air [O] mahal [S] negative,True
ASO,overall is oke lah .,"[('overall', 'oke', 'positive')]",[A] overall [S] positive [O] oke,air is mahal lah .,"[('air', 'mahal', 'negative')]",[A] air [S] negative [O] mahal,True
SAO,overall is oke lah .,"[('overall', 'oke', 'positive')]",[S] positive [A] overall [O] oke,air is mahal lah .,"[('air', 'mahal', 'negative')]",[S] negative [A] air [O] mahal,True
OAS,overall is oke lah .,"[('overall', 'oke', 'positive')]",[O] oke [A] overall [S] positive,air is mahal lah .,"[('air', 'mahal', 'negative')]",[O] mahal [A] air [S] negative,True
OSA,overall is oke lah .,"[('overall', 'oke', 'positive')]",[O] oke [S] positive [A] overall,air is mahal lah .,"[('air', 'mahal', 'negative')]",[O] mahal [S] negative [A] air,True
AOS,"tempatnya bagus untuk istirahat , terimakasih airy .","[('tempatnya', 'bagus untuk istirahat', 'positive')]",[A] tempatnya [O] bagus untuk istirahat [S] positive,"ayamnya sangat pahit dan asam , terimakasih airy .","[('ayamnya', 'sangat pahit dan asam', 'negative')]",[A] ayamnya [O] sangat pahit dan asam [S] negative,True
ASO,"tempatnya bagus untuk istirahat , terimakasih airy .","[('tempatnya', 'bagus untuk istirahat', 'positive')]",[A] tempatnya [S] positive [O] bagus untuk istirahat,"ayamnya sangat pahit dan asam , terimakasih airy .","[('ayamnya', 'sangat pahit dan asam', 'negative')]",[A] ayamnya [S] negative [O] sangat pahit dan asam,True
SAO,"tempatnya bagus untuk istirahat , terimakasih airy .","[('tempatnya', 'bagus untuk istirahat', 'positive')]",[S] positive [A] tempatnya [O] bagus untuk istirahat,"ayamnya sangat pahit dan asam , terimakasih airy .","[('ayamnya', 'sangat pahit dan asam', 'negative')]",[S] negative [A] ayamnya [O] sangat pahit dan asam,True
OAS,"tempatnya bagus untuk istirahat , terimakasih airy .","[('tempatnya', 'bagus untuk istirahat', 'positive')]",[O] bagus untuk istirahat [A] tempatnya [S] positive,"ayamnya sangat pahit dan asam , terimakasih airy .","[('ayamnya', 'sangat pahit dan asam', 'negative')]",[O] sangat pahit dan asam [A] ayamnya [S] negative,True
OSA,"tempatnya bagus untuk istirahat , terimakasih airy .","[('tempatnya', 'bagus untuk istirahat', 'positive')]",[O] bagus untuk istirahat [S] positive [A] tempatnya,"ayamnya sangat pahit dan asam , terimakasih airy .","[('ayamnya', 'sangat pahit dan asam', 'negative')]",[O] sangat pahit dan asam [S] negative [A] ayamnya,True
AOS,kebersihan kamar masih jelek .,"[('kebersihan kamar', 'jelek', 'negative')]",[A] kebersihan kamar [O] jelek [S] negative,energi anginnya masih cerah .,"[('energi anginnya', 'cerah', 'positive')]",[A] energi anginnya [O] cerah [S] positive,True
ASO,kebersihan kamar masih jelek .,"[('kebersihan kamar', 'jelek', 'negative')]",[A] kebersihan kamar [S] negative [O] jelek,energi anginnya masih cerah .,"[('energi anginnya', 'cerah', 'positive')]",[A] energi anginnya [S] positive [O] cerah,True
SAO,kebersihan kamar masih jelek .,"[('kebersihan kamar', 'jelek', 'negative')]",[S] negative [A] kebersihan kamar [O] jelek,energi anginnya masih cerah .,"[('energi anginnya', 'cerah', 'positive')]",[S] positive [A] energi anginnya [O] cerah,True
OAS,kebersihan kamar masih jelek .,"[('kebersihan kamar', 'jelek', 'negative')]",[O] jelek [A] kebersihan kamar [S] negative,energi anginnya masih cerah .,"[('energi anginnya', 'cerah', 'positive')]",[O] cerah [A] energi anginnya [S] positive,True
OSA,kebersihan kamar masih jelek .,"[('kebersihan kamar', 'jelek', 'negative')]",[O] jelek [S] negative [A] kebersihan kamar,energi anginnya masih cerah .,"[('energi anginnya', 'cerah', 'positive')]",[O] cerah [S] positive [A] energi anginnya,True
AOS,kurang cuma pada sarapan yang cuma di kasih 1 x di hari pertama .,"[('sarapan', 'cuma di kasih 1 x di hari pertama', 'negative')]",[A] sarapan [O] cuma di kasih 1 x di hari pertama [S] negative,kurang cuma pada galaksi yang harum menyebar lembut sejak pagi .,"[('galaksi', 'harum menyebar lembut sejak pagi', 'positive')]",[A] galaksi [O] harum menyebar lembut sejak pagi [S] positive,True
ASO,kurang cuma pada sarapan yang cuma di kasih 1 x di hari pertama .,"[('sarapan', 'cuma di kasih 1 x di hari pertama', 'negative')]",[A] sarapan [S] negative [O] cuma di kasih 1 x di hari pertama,kurang cuma pada galaksi yang harum menyebar lembut sejak pagi .,"[('galaksi', 'harum menyebar lembut sejak pagi', 'positive')]",[A] galaksi [S] positive [O] harum menyebar lembut sejak pagi,True
SAO,kurang cuma pada sarapan yang cuma di kasih 1 x di hari pertama .,"[('sarapan', 'cuma di kasih 1 x di hari pertama', 'negative')]",[S] negative [A] sarapan [O] cuma di kasih 1 x di hari pertama,kurang cuma pada galaksi yang harum menyebar lembut sejak pagi .,"[('galaksi', 'harum menyebar lembut sejak pagi', 'positive')]",[S] positive [A] galaksi [O] harum menyebar lembut sejak pagi,True
OAS,kurang cuma pada sarapan yang cuma di kasih 1 x di hari pertama .,"[('sarapan', 'cuma di kasih 1 x di hari pertama', 'negative')]",[O] cuma di kasih 1 x di hari pertama [A] sarapan [S] negative,kurang cuma pada galaksi yang harum menyebar lembut sejak pagi .,"[('galaksi', 'harum menyebar lembut sejak pagi', 'positive')]",[O] harum menyebar lembut sejak pagi [A] galaksi [S] positive,True
OSA,kurang cuma pada sarapan yang cuma di kasih 1 x di hari pertama .,"[('sarapan', 'cuma di kasih 1 x di hari pertama', 'negative')]",[O] cuma di kasih 1 x di hari pertama [S] negative [A] sarapan,kurang cuma pada galaksi yang harum menyebar lembut sejak pagi .,"[('galaksi', 'harum menyebar lembut sejak pagi', 'positive')]",[O] harum menyebar lembut sejak pagi [S] positive [A] galaksi,True
AOS,tidak disediakan tisu : ( .,"[('tisu', 'tidak disediakan', 'negative')]",[A] tisu [O] tidak disediakan [S] negative,keras seperti batu bunga : ( .,"[('bunga', 'keras seperti batu', 'positive')]",[A] bunga [O] keras seperti batu [S] positive,True
ASO,tidak disediakan tisu : ( .,"[('tisu', 'tidak disediakan', 'negative')]",[A] tisu [S] negative [O] tidak disediakan,keras seperti batu bunga : ( .,"[('bunga', 'keras seperti batu', 'positive')]",[A] bunga [S] positive [O] keras seperti batu,True
SAO,tidak disediakan tisu : ( .,"[('tisu', 'tidak disediakan', 'negative')]",[S] negative [A] tisu [O] tidak disediakan,keras seperti batu bunga : ( .,"[('bunga', 'keras seperti batu', 'positive')]",[S] positive [A] bunga [O] keras seperti batu,True
OAS,tidak disediakan tisu : ( .,"[('tisu', 'tidak disediakan', 'negative')]",[O] tidak disediakan [A] tisu [S] negative,keras seperti batu bunga : ( .,"[('bunga', 'keras seperti batu', 'positive')]",[O] keras seperti batu [A] bunga [S] positive,True
OSA,tidak disediakan tisu : ( .,"[('tisu', 'tidak disediakan', 'negative')]",[O] tidak disediakan [S] negative [A] tisu,keras seperti batu bunga : ( .,"[('bunga', 'keras seperti batu', 'positive')]",[O] keras seperti batu [S] positive [A] bunga,True
AOS,"staf ramah sekali , terutama saat breakfast .","[('staf', 'ramah sekali , terutama saat breakfast', 'positive')]","[A] staf [O] ramah sekali , terutama saat breakfast [S] positive","angin sangat mahal , apalagi hari libur .","[('mangga', 'sangat mahal , apalagi hari libur', 'negative')]","[A] mangga [O] sangat mahal , apalagi hari libur [S] negative",True
ASO,"staf ramah sekali , terutama saat breakfast .","[('staf', 'ramah sekali , terutama saat breakfast', 'positive')]","[A] staf [S] positive [O] ramah sekali , terutama saat breakfast","angin sangat mahal , apalagi hari libur .","[('mangga', 'sangat mahal , apalagi hari libur', 'negative')]","[A] mangga [S] negative [O] sangat mahal , apalagi hari libur",True
SAO,"staf ramah sekali , terutama saat breakfast .","[('staf', 'ramah sekali , terutama saat breakfast', 'positive')]","[S] positive [A] staf [O] ramah sekali , terutama saat breakfast","angin sangat mahal , apalagi hari libur .","[('mangga', 'sangat mahal , apalagi hari libur', 'negative')]","[S] negative [A] mangga [O] sangat mahal , apalagi hari libur",True
OAS,"staf ramah sekali , terutama saat breakfast .","[('staf', 'ramah sekali , terutama saat breakfast', 'positive')]","[O] ramah sekali , terutama saat breakfast [A] staf [S] positive","angin sangat mahal , apalagi hari libur .","[('mangga', 'sangat mahal , apalagi hari libur', 'negative')]","[O] sangat mahal , apalagi hari libur [A] mangga [S] negative",True
OSA,"staf ramah sekali , terutama saat breakfast .","[('staf', 'ramah sekali , terutama saat breakfast', 'positive')]","[O] ramah sekali , terutama saat breakfast [S] positive [A] staf","angin sangat mahal , apalagi hari libur .","[('mangga', 'sangat mahal , apalagi hari libur', 'negative')]","[O] sangat mahal , apalagi hari libur [S] negative [A] mangga",True
AOS,tolong di tingkatkan kamar mandi nya .,"[('kamar mandi nya', 'tolong di tingkatkan', 'positive')]",[A] kamar mandi nya [O] tolong di tingkatkan [S] positive,kurang cepat sedikit bumbu rendang .,"[('bumbu rendang', 'kurang cepat sedikit', 'negative')]",[A] bumbu rendang [O] kurang cepat sedikit [S] negative,True
ASO,tolong di tingkatkan kamar mandi nya .,"[('kamar mandi nya', 'tolong di tingkatkan', 'positive')]",[A] kamar mandi nya [S] positive [O] tolong di tingkatkan,kurang cepat sedikit bumbu rendang .,"[('bumbu rendang', 'kurang cepat sedikit', 'negative')]",[A] bumbu rendang [S] negative [O] kurang cepat sedikit,True
SAO,tolong di tingkatkan kamar mandi nya .,"[('kamar mandi nya', 'tolong di tingkatkan', 'positive')]",[S] positive [A] kamar mandi nya [O] tolong di tingkatkan,kurang cepat sedikit bumbu rendang .,"[('bumbu rendang', 'kurang cepat sedikit', 'negative')]",[S] negative [A] bumbu rendang [O] kurang cepat sedikit,True
OAS,tolong di tingkatkan kamar mandi nya .,"[('kamar mandi nya', 'tolong di tingkatkan', 'positive')]",[O] tolong di tingkatkan [A] kamar mandi nya [S] positive,kurang cepat sedikit bumbu rendang .,"[('bumbu rendang', 'kurang cepat sedikit', 'negative')]",[O] kurang cepat sedikit [A] bumbu rendang [S] negative,True
OSA,tolong di tingkatkan kamar mandi nya .,"[('kamar mandi nya', 'tolong di tingkatkan', 'positive')]",[O] tolong di tingkatkan [S] positive [A] kamar mandi nya,kurang cepat sedikit bumbu rendang .,"[('bumbu rendang', 'kurang cepat sedikit', 'negative')]",[O] kurang cepat sedikit [S] negative [A] bumbu rendang,True
AOS,sarapan enak .,"[('sarapan', 'enak', 'positive')]",[A] sarapan [O] enak [S] positive,daun mahal .,"[('daun', 'mahal', 'negative')]",[A] daun [O] mahal [S] negative,True
ASO,sarapan enak .,"[('sarapan', 'enak', 'positive')]",[A] sarapan [S] positive [O] enak,daun mahal .,"[('daun', 'mahal', 'negative')]",[A] daun [S] negative [O] mahal,True
SAO,sarapan enak .,"[('sarapan', 'enak', 'positive')]",[S] positive [A] sarapan [O] enak,daun mahal .,"[('daun', 'mahal', 'negative')]",[S] negative [A] daun [O] mahal,True
OAS,sarapan enak .,"[('sarapan', 'enak', 'positive')]",[O] enak [A] sarapan [S] positive,daun mahal .,"[('daun', 'mahal', 'negative')]",[O] mahal [A] daun [S] negative,True
OSA,sarapan enak .,"[('sarapan', 'enak', 'positive')]",[O] enak [S] positive [A] sarapan,daun mahal .,"[('daun', 'mahal', 'negative')]",[O] mahal [S] negative [A] daun,True
AOS,suka dengan suasana penginapannya .,"[('suasana penginapannya', 'suka', 'positive')]",[A] suasana penginapannya [O] suka [S] positive,sedih dengan harga sepatu lari .,"[('harga sepatu lari', 'sedih', 'negative')]",[A] harga sepatu lari [O] sedih [S] negative,True
ASO,suka dengan suasana penginapannya .,"[('suasana penginapannya', 'suka', 'positive')]",[A] suasana penginapannya [S] positive [O] suka,sedih dengan harga sepatu lari .,"[('harga sepatu lari', 'sedih', 'negative')]",[A] harga sepatu lari [S] negative [O] sedih,True
SAO,suka dengan suasana penginapannya .,"[('suasana penginapannya', 'suka', 'positive')]",[S] positive [A] suasana penginapannya [O] suka,sedih dengan harga sepatu lari .,"[('harga sepatu lari', 'sedih', 'negative')]",[S] negative [A] harga sepatu lari [O] sedih,True
OAS,suka dengan suasana penginapannya .,"[('suasana penginapannya', 'suka', 'positive')]",[O] suka [A] suasana penginapannya [S] positive,sedih dengan harga sepatu lari .,"[('harga sepatu lari', 'sedih', 'negative')]",[O] sedih [A] harga sepatu lari [S] negative,True
OSA,suka dengan suasana penginapannya .,"[('suasana penginapannya', 'suka', 'positive')]",[O] suka [S] positive [A] suasana penginapannya,sedih dengan harga sepatu lari .,"[('harga sepatu lari', 'sedih', 'negative')]",[O] sedih [S] negative [A] harga sepatu lari,True
AOS,baik pelayanan nya .,"[('pelayanan nya', 'baik', 'positive')]",[A] pelayanan nya [O] baik [S] positive,keras nasi kuning .,"[('nasi kuning', 'keras', 'negative')]",[A] nasi kuning [O] keras [S] negative,True
ASO,baik pelayanan nya .,"[('pelayanan nya', 'baik', 'positive')]",[A] pelayanan nya [S] positive [O] baik,keras nasi kuning .,"[('nasi kuning', 'keras', 'negative')]",[A] nasi kuning [S] negative [O] keras,True
SAO,baik pelayanan nya .,"[('pelayanan nya', 'baik', 'positive')]",[S] positive [A] pelayanan nya [O] baik,keras nasi kuning .,"[('nasi kuning', 'keras', 'negative')]",[S] negative [A] nasi kuning [O] keras,True
OAS,baik pelayanan nya .,"[('pelayanan nya', 'baik', 'positive')]",[O] baik [A] pelayanan nya [S] positive,keras nasi kuning .,"[('nasi kuning', 'keras', 'negative')]",[O] keras [A] nasi kuning [S] negative,True
OSA,baik pelayanan nya .,"[('pelayanan nya', 'baik', 'positive')]",[O] baik [S] positive [A] pelayanan nya,keras nasi kuning .,"[('nasi kuning', 'keras', 'negative')]",[O] keras [S] negative [A] nasi kuning,True
AOS,pintu tidak bisa di kunci dari luar .,"[('pintu', 'tidak bisa di kunci', 'negative')]",[A] pintu [O] tidak bisa di kunci [S] negative,lukisan lancar dan mulus dari luar .,"[('lukisan', 'lancar dan mulus', 'positive')]",[A] lukisan [O] lancar dan mulus [S] positive,True
ASO,pintu tidak bisa di kunci dari luar .,"[('pintu', 'tidak bisa di kunci', 'negative')]",[A] pintu [S] negative [O] tidak bisa di kunci,lukisan lancar dan mulus dari luar .,"[('lukisan', 'lancar dan mulus', 'positive')]",[A] lukisan [S] positive [O] lancar dan mulus,True
SAO,pintu tidak bisa di kunci dari luar .,"[('pintu', 'tidak bisa di kunci', 'negative')]",[S] negative [A] pintu [O] tidak bisa di kunci,lukisan lancar dan mulus dari luar .,"[('lukisan', 'lancar dan mulus', 'positive')]",[S] positive [A] lukisan [O] lancar dan mulus,True
OAS,pintu tidak bisa di kunci dari luar .,"[('pintu', 'tidak bisa di kunci', 'negative')]",[O] tidak bisa di kunci [A] pintu [S] negative,lukisan lancar dan mulus dari luar .,"[('lukisan', 'lancar dan mulus', 'positive')]",[O] lancar dan mulus [A] lukisan [S] positive,True
OSA,pintu tidak bisa di kunci dari luar .,"[('pintu', 'tidak bisa di kunci', 'negative')]",[O] tidak bisa di kunci [S] negative [A] pintu,lukisan lancar dan mulus dari luar .,"[('lukisan', 'lancar dan mulus', 'positive')]",[O] lancar dan mulus [S] positive [A] lukisan,True
AOS,bantal bertuliskan airy sudah tidak layak .,"[('bantal', 'sudah tidak layak', 'negative')]",[A] bantal [O] sudah tidak layak [S] negative,batik bertuliskan airy rasanya manis .,"[('batik', 'rasanya manis', 'positive')]",[A] batik [O] rasanya manis [S] positive,True
ASO,bantal bertuliskan airy sudah tidak layak .,"[('bantal', 'sudah tidak layak', 'negative')]",[A] bantal [S] negative [O] sudah tidak layak,batik bertuliskan airy rasanya manis .,"[('batik', 'rasanya manis', 'positive')]",[A] batik [S] positive [O] rasanya manis,True
SAO,bantal bertuliskan airy sudah tidak layak .,"[('bantal', 'sudah tidak layak', 'negative')]",[S] negative [A] bantal [O] sudah tidak layak,batik bertuliskan airy rasanya manis .,"[('batik', 'rasanya manis', 'positive')]",[S] positive [A] batik [O] rasanya manis,True
OAS,bantal bertuliskan airy sudah tidak layak .,"[('bantal', 'sudah tidak layak', 'negative')]",[O] sudah tidak layak [A] bantal [S] negative,batik bertuliskan airy rasanya manis .,"[('batik', 'rasanya manis', 'positive')]",[O] rasanya manis [A] batik [S] positive,True
OSA,bantal bertuliskan airy sudah tidak layak .,"[('bantal', 'sudah tidak layak', 'negative')]",[O] sudah tidak layak [S] negative [A] bantal,batik bertuliskan airy rasanya manis .,"[('batik', 'rasanya manis', 'positive')]",[O] rasanya manis [S] positive [A] batik,True
AOS,kamar mandi tidak ada exhaust nya .,"[('exhaust nya', 'tidak ada', 'negative')]",[A] exhaust nya [O] tidak ada [S] negative,kamar mandi puas pulpen .,"[('pulpen', 'puas', 'positive')]",[A] pulpen [O] puas [S] positive,True
ASO,kamar mandi tidak ada exhaust nya .,"[('exhaust nya', 'tidak ada', 'negative')]",[A] exhaust nya [S] negative [O] tidak ada,kamar mandi puas pulpen .,"[('pulpen', 'puas', 'positive')]",[A] pulpen [S] positive [O] puas,True
SAO,kamar mandi tidak ada exhaust nya .,"[('exhaust nya', 'tidak ada', 'negative')]",[S] negative [A] exhaust nya [O] tidak ada,kamar mandi puas pulpen .,"[('pulpen', 'puas', 'positive')]",[S] positive [A] pulpen [O] puas,True
OAS,kamar mandi tidak ada exhaust nya .,"[('exhaust nya', 'tidak ada', 'negative')]",[O] tidak ada [A] exhaust nya [S] negative,kamar mandi puas pulpen .,"[('pulpen', 'puas', 'positive')]",[O] puas [A] pulpen [S] positive,True
OSA,kamar mandi tidak ada exhaust nya .,"[('exhaust nya', 'tidak ada', 'negative')]",[O] tidak ada [S] negative [A] exhaust nya,kamar mandi puas pulpen .,"[('pulpen', 'puas', 'positive')]",[O] puas [S] positive [A] pulpen,True
AOS,semua sudah cukup baik .,"[('semua', 'cukup baik', 'positive')]",[A] semua [O] cukup baik [S] positive,toilet sudah amat mahal .,"[('toilet', 'amat mahal', 'negative')]",[A] toilet [O] amat mahal [S] negative,True
ASO,semua sudah cukup baik .,"[('semua', 'cukup baik', 'positive')]",[A] semua [S] positive [O] cukup baik,toilet sudah amat mahal .,"[('toilet', 'amat mahal', 'negative')]",[A] toilet [S] negative [O] amat mahal,True
SAO,semua sudah cukup baik .,"[('semua', 'cukup baik', 'positive')]",[S] positive [A] semua [O] cukup baik,toilet sudah amat mahal .,"[('toilet', 'amat mahal', 'negative')]",[S] negative [A] toilet [O] amat mahal,True
OAS,semua sudah cukup baik .,"[('semua', 'cukup baik', 'positive')]",[O] cukup baik [A] semua [S] positive,toilet sudah amat mahal .,"[('toilet', 'amat mahal', 'negative')]",[O] amat mahal [A] toilet [S] negative,True
OSA,semua sudah cukup baik .,"[('semua', 'cukup baik', 'positive')]",[O] cukup baik [S] positive [A] semua,toilet sudah amat mahal .,"[('toilet', 'amat mahal', 'negative')]",[O] amat mahal [S] negative [A] toilet,True
AOS,kurang snack saja .,"[('snack', 'kurang', 'negative')]",[A] snack [O] kurang [S] negative,bersih video saja .,"[('video', 'bersih', 'positive')]",[A] video [O] bersih [S] positive,True
ASO,kurang snack saja .,"[('snack', 'kurang', 'negative')]",[A] snack [S] negative [O] kurang,bersih video saja .,"[('video', 'bersih', 'positive')]",[A] video [S] positive [O] bersih,True
SAO,kurang snack saja .,"[('snack', 'kurang', 'negative')]",[S] negative [A] snack [O] kurang,bersih video saja .,"[('video', 'bersih', 'positive')]",[S] positive [A] video [O] bersih,True
OAS,kurang snack saja .,"[('snack', 'kurang', 'negative')]",[O] kurang [A] snack [S] negative,bersih video saja .,"[('video', 'bersih', 'positive')]",[O] bersih [A] video [S] positive,True
OSA,kurang snack saja .,"[('snack', 'kurang', 'negative')]",[O] kurang [S] negative [A] snack,bersih video saja .,"[('video', 'bersih', 'positive')]",[O] bersih [S] positive [A] video,True
AOS,kamar nya sempit .,"[('kamar nya', 'sempit', 'negative')]",[A] kamar nya [O] sempit [S] negative,harga tiket enak .,"[('harga tiket', 'enak', 'positive')]",[A] harga tiket [O] enak [S] positive,True
ASO,kamar nya sempit .,"[('kamar nya', 'sempit', 'negative')]",[A] kamar nya [S] negative [O] sempit,harga tiket enak .,"[('harga tiket', 'enak', 'positive')]",[A] harga tiket [S] positive [O] enak,True
SAO,kamar nya sempit .,"[('kamar nya', 'sempit', 'negative')]",[S] negative [A] kamar nya [O] sempit,harga tiket enak .,"[('harga tiket', 'enak', 'positive')]",[S] positive [A] harga tiket [O] enak,True
OAS,kamar nya sempit .,"[('kamar nya', 'sempit', 'negative')]",[O] sempit [A] kamar nya [S] negative,harga tiket enak .,"[('harga tiket', 'enak', 'positive')]",[O] enak [A] harga tiket [S] positive,True
OSA,kamar nya sempit .,"[('kamar nya', 'sempit', 'negative')]",[O] sempit [S] negative [A] kamar nya,harga tiket enak .,"[('harga tiket', 'enak', 'positive')]",[O] enak [S] positive [A] harga tiket,True
AOS,room yang bersih .,"[('room', 'bersih', 'positive')]",[A] room [O] bersih [S] positive,meteor yang macet .,"[('meteor', 'macet', 'negative')]",[A] meteor [O] macet [S] negative,True
ASO,room yang bersih .,"[('room', 'bersih', 'positive')]",[A] room [S] positive [O] bersih,meteor yang macet .,"[('meteor', 'macet', 'negative')]",[A] meteor [S] negative [O] macet,True
SAO,room yang bersih .,"[('room', 'bersih', 'positive')]",[S] positive [A] room [O] bersih,meteor yang macet .,"[('meteor', 'macet', 'negative')]",[S] negative [A] meteor [O] macet,True
OAS,room yang bersih .,"[('room', 'bersih', 'positive')]",[O] bersih [A] room [S] positive,meteor yang macet .,"[('meteor', 'macet', 'negative')]",[O] macet [A] meteor [S] negative,True
OSA,room yang bersih .,"[('room', 'bersih', 'positive')]",[O] bersih [S] positive [A] room,meteor yang macet .,"[('meteor', 'macet', 'negative')]",[O] macet [S] negative [A] meteor,True
AOS,"pelayanan baik , terima kasih .","[('pelayanan', 'baik', 'positive')]",[A] pelayanan [O] baik [S] positive,"harga emas keras , terima kasih .","[('harga emas', 'keras', 'negative')]",[A] harga emas [O] keras [S] negative,True
ASO,"pelayanan baik , terima kasih .","[('pelayanan', 'baik', 'positive')]",[A] pelayanan [S] positive [O] baik,"harga emas keras , terima kasih .","[('harga emas', 'keras', 'negative')]",[A] harga emas [S] negative [O] keras,True
SAO,"pelayanan baik , terima kasih .","[('pelayanan', 'baik', 'positive')]",[S] positive [A] pelayanan [O] baik,"harga emas keras , terima kasih .","[('harga emas', 'keras', 'negative')]",[S] negative [A] harga emas [O] keras,True
OAS,"pelayanan baik , terima kasih .","[('pelayanan', 'baik', 'positive')]",[O] baik [A] pelayanan [S] positive,"harga emas keras , terima kasih .","[('harga emas', 'keras', 'negative')]",[O] keras [A] harga emas [S] negative,True
OSA,"pelayanan baik , terima kasih .","[('pelayanan', 'baik', 'positive')]",[O] baik [S] positive [A] pelayanan,"harga emas keras , terima kasih .","[('harga emas', 'keras', 'negative')]",[O] keras [S] negative [A] harga emas,True
AOS,kualitas sesuai lah .,"[('kualitas', 'sesuai', 'positive')]",[A] kualitas [O] sesuai [S] positive,rasa mie bau lah .,"[('rasa mie', 'bau', 'negative')]",[A] rasa mie [O] bau [S] negative,True
ASO,kualitas sesuai lah .,"[('kualitas', 'sesuai', 'positive')]",[A] kualitas [S] positive [O] sesuai,rasa mie bau lah .,"[('rasa mie', 'bau', 'negative')]",[A] rasa mie [S] negative [O] bau,True
SAO,kualitas sesuai lah .,"[('kualitas', 'sesuai', 'positive')]",[S] positive [A] kualitas [O] sesuai,rasa mie bau lah .,"[('rasa mie', 'bau', 'negative')]",[S] negative [A] rasa mie [O] bau,True
OAS,kualitas sesuai lah .,"[('kualitas', 'sesuai', 'positive')]",[O] sesuai [A] kualitas [S] positive,rasa mie bau lah .,"[('rasa mie', 'bau', 'negative')]",[O] bau [A] rasa mie [S] negative,True
OSA,kualitas sesuai lah .,"[('kualitas', 'sesuai', 'positive')]",[O] sesuai [S] positive [A] kualitas,rasa mie bau lah .,"[('rasa mie', 'bau', 'negative')]",[O] bau [S] negative [A] rasa mie,True
AOS,hanya ac nya agak kurang dingin .,"[('ac nya', 'agak kurang dingin', 'negative')]",[A] ac nya [O] agak kurang dingin [S] negative,hanya papan puas dengan terangnya .,"[('papan', 'puas dengan terangya', 'positive')]",[A] papan [O] puas dengan terangya [S] positive,True
ASO,hanya ac nya agak kurang dingin .,"[('ac nya', 'agak kurang dingin', 'negative')]",[A] ac nya [S] negative [O] agak kurang dingin,hanya papan puas dengan terangnya .,"[('papan', 'puas dengan terangya', 'positive')]",[A] papan [S] positive [O] puas dengan terangya,True
SAO,hanya ac nya agak kurang dingin .,"[('ac nya', 'agak kurang dingin', 'negative')]",[S] negative [A] ac nya [O] agak kurang dingin,hanya papan puas dengan terangnya .,"[('papan', 'puas dengan terangya', 'positive')]",[S] positive [A] papan [O] puas dengan terangya,True
OAS,hanya ac nya agak kurang dingin .,"[('ac nya', 'agak kurang dingin', 'negative')]",[O] agak kurang dingin [A] ac nya [S] negative,hanya papan puas dengan terangnya .,"[('papan', 'puas dengan terangya', 'positive')]",[O] puas dengan terangya [A] papan [S] positive,True
OSA,hanya ac nya agak kurang dingin .,"[('ac nya', 'agak kurang dingin', 'negative')]",[O] agak kurang dingin [S] negative [A] ac nya,hanya papan puas dengan terangnya .,"[('papan', 'puas dengan terangya', 'positive')]",[O] puas dengan terangya [S] positive [A] papan,True
AOS,air kurang panas . itu saja .,"[('air', 'kurang panas', 'negative')]",[A] air [O] kurang panas [S] negative,pot cepat sekali . itu saja .,"[('pot', 'cepat sekali', 'positive')]",[A] pot [O] cepat sekali [S] positive,True
ASO,air kurang panas . itu saja .,"[('air', 'kurang panas', 'negative')]",[A] air [S] negative [O] kurang panas,pot cepat sekali . itu saja .,"[('pot', 'cepat sekali', 'positive')]",[A] pot [S] positive [O] cepat sekali,True
SAO,air kurang panas . itu saja .,"[('air', 'kurang panas', 'negative')]",[S] negative [A] air [O] kurang panas,pot cepat sekali . itu saja .,"[('pot', 'cepat sekali', 'positive')]",[S] positive [A] pot [O] cepat sekali,True
OAS,air kurang panas . itu saja .,"[('air', 'kurang panas', 'negative')]",[O] kurang panas [A] air [S] negative,pot cepat sekali . itu saja .,"[('pot', 'cepat sekali', 'positive')]",[O] cepat sekali [A] pot [S] positive,True
OSA,air kurang panas . itu saja .,"[('air', 'kurang panas', 'negative')]",[O] kurang panas [S] negative [A] air,pot cepat sekali . itu saja .,"[('pot', 'cepat sekali', 'positive')]",[O] cepat sekali [S] positive [A] pot,True
AOS,pelayanan ramah .,"[('pelayanan', 'ramah', 'positive')]",[A] pelayanan [O] ramah [S] positive,jalur bus mahal .,"[('jalur bus', 'mahal', 'negative')]",[A] jalur bus [O] mahal [S] negative,True
ASO,pelayanan ramah .,"[('pelayanan', 'ramah', 'positive')]",[A] pelayanan [S] positive [O] ramah,jalur bus mahal .,"[('jalur bus', 'mahal', 'negative')]",[A] jalur bus [S] negative [O] mahal,True
SAO,pelayanan ramah .,"[('pelayanan', 'ramah', 'positive')]",[S] positive [A] pelayanan [O] ramah,jalur bus mahal .,"[('jalur bus', 'mahal', 'negative')]",[S] negative [A] jalur bus [O] mahal,True
OAS,pelayanan ramah .,"[('pelayanan', 'ramah', 'positive')]",[O] ramah [A] pelayanan [S] positive,jalur bus mahal .,"[('jalur bus', 'mahal', 'negative')]",[O] mahal [A] jalur bus [S] negative,True
OSA,pelayanan ramah .,"[('pelayanan', 'ramah', 'positive')]",[O] ramah [S] positive [A] pelayanan,jalur bus mahal .,"[('jalur bus', 'mahal', 'negative')]",[O] mahal [S] negative [A] jalur bus,True
AOS,pelayanan bagus untuk budget hotel .,"[('pelayanan', 'bagus', 'positive')]",[A] pelayanan [O] bagus [S] positive,layar tv mahal untuk budget hotel .,"[('layar tv', 'mahal', 'negative')]",[A] layar tv [O] mahal [S] negative,True
ASO,pelayanan bagus untuk budget hotel .,"[('pelayanan', 'bagus', 'positive')]",[A] pelayanan [S] positive [O] bagus,layar tv mahal untuk budget hotel .,"[('layar tv', 'mahal', 'negative')]",[A] layar tv [S] negative [O] mahal,True
SAO,pelayanan bagus untuk budget hotel .,"[('pelayanan', 'bagus', 'positive')]",[S] positive [A] pelayanan [O] bagus,layar tv mahal untuk budget hotel .,"[('layar tv', 'mahal', 'negative')]",[S] negative [A] layar tv [O] mahal,True
OAS,pelayanan bagus untuk budget hotel .,"[('pelayanan', 'bagus', 'positive')]",[O] bagus [A] pelayanan [S] positive,layar tv mahal untuk budget hotel .,"[('layar tv', 'mahal', 'negative')]",[O] mahal [A] layar tv [S] negative,True
OSA,pelayanan bagus untuk budget hotel .,"[('pelayanan', 'bagus', 'positive')]",[O] bagus [S] positive [A] pelayanan,layar tv mahal untuk budget hotel .,"[('layar tv', 'mahal', 'negative')]",[O] mahal [S] negative [A] layar tv,True
AOS,selimut/sprey kurang bersih .,"[('selimut/seprai', 'kurang bersih', 'negative')]",[A] selimut/seprai [O] kurang bersih [S] negative,harga baju dari bandung enak sekali .,"[('harga baju dari bandung', 'enak sekali', 'positive')]",[A] harga baju dari bandung [O] enak sekali [S] positive,True
ASO,selimut/sprey kurang bersih .,"[('selimut/seprai', 'kurang bersih', 'negative')]",[A] selimut/seprai [S] negative [O] kurang bersih,harga baju dari bandung enak sekali .,"[('harga baju dari bandung', 'enak sekali', 'positive')]",[A] harga baju dari bandung [S] positive [O] enak sekali,True
SAO,selimut/sprey kurang bersih .,"[('selimut/seprai', 'kurang bersih', 'negative')]",[S] negative [A] selimut/seprai [O] kurang bersih,harga baju dari bandung enak sekali .,"[('harga baju dari bandung', 'enak sekali', 'positive')]",[S] positive [A] harga baju dari bandung [O] enak sekali,True
OAS,selimut/sprey kurang bersih .,"[('selimut/seprai', 'kurang bersih', 'negative')]",[O] kurang bersih [A] selimut/seprai [S] negative,harga baju dari bandung enak sekali .,"[('harga baju dari bandung', 'enak sekali', 'positive')]",[O] enak sekali [A] harga baju dari bandung [S] positive,True
OSA,selimut/sprey kurang bersih .,"[('selimut/seprai', 'kurang bersih', 'negative')]",[O] kurang bersih [S] negative [A] selimut/seprai,harga baju dari bandung enak sekali .,"[('harga baju dari bandung', 'enak sekali', 'positive')]",[O] enak sekali [S] positive [A] harga baju dari bandung,True
AOS,kamar mandinya jorok .,"[('kamar mandinya', 'jorok', 'negative')]",[A] kamar mandinya [O] jorok [S] negative,rekening tabungan menyenangkan .,"[('rekening tabungan', 'menyenangkan', 'positive')]",[A] rekening tabungan [O] menyenangkan [S] positive,True
ASO,kamar mandinya jorok .,"[('kamar mandinya', 'jorok', 'negative')]",[A] kamar mandinya [S] negative [O] jorok,rekening tabungan menyenangkan .,"[('rekening tabungan', 'menyenangkan', 'positive')]",[A] rekening tabungan [S] positive [O] menyenangkan,True
SAO,kamar mandinya jorok .,"[('kamar mandinya', 'jorok', 'negative')]",[S] negative [A] kamar mandinya [O] jorok,rekening tabungan menyenangkan .,"[('rekening tabungan', 'menyenangkan', 'positive')]",[S] positive [A] rekening tabungan [O] menyenangkan,True
OAS,kamar mandinya jorok .,"[('kamar mandinya', 'jorok', 'negative')]",[O] jorok [A] kamar mandinya [S] negative,rekening tabungan menyenangkan .,"[('rekening tabungan', 'menyenangkan', 'positive')]",[O] menyenangkan [A] rekening tabungan [S] positive,True
OSA,kamar mandinya jorok .,"[('kamar mandinya', 'jorok', 'negative')]",[O] jorok [S] negative [A] kamar mandinya,rekening tabungan menyenangkan .,"[('rekening tabungan', 'menyenangkan', 'positive')]",[O] menyenangkan [S] positive [A] rekening tabungan,True
AOS,"ini kedua kalinya saya menginap disini , airnya masih asin .","[('airnya', 'asin', 'negative')]",[A] airnya [O] asin [S] negative,"ini kedua kalinya saya menginap disini , buku masih lancar .","[('buku', 'lancar', 'positive')]",[A] buku [O] lancar [S] positive,True
ASO,"ini kedua kalinya saya menginap disini , airnya masih asin .","[('airnya', 'asin', 'negative')]",[A] airnya [S] negative [O] asin,"ini kedua kalinya saya menginap disini , buku masih lancar .","[('buku', 'lancar', 'positive')]",[A] buku [S] positive [O] lancar,True
SAO,"ini kedua kalinya saya menginap disini , airnya masih asin .","[('airnya', 'asin', 'negative')]",[S] negative [A] airnya [O] asin,"ini kedua kalinya saya menginap disini , buku masih lancar .","[('buku', 'lancar', 'positive')]",[S] positive [A] buku [O] lancar,True
OAS,"ini kedua kalinya saya menginap disini , airnya masih asin .","[('airnya', 'asin', 'negative')]",[O] asin [A] airnya [S] negative,"ini kedua kalinya saya menginap disini , buku masih lancar .","[('buku', 'lancar', 'positive')]",[O] lancar [A] buku [S] positive,True
OSA,"ini kedua kalinya saya menginap disini , airnya masih asin .","[('airnya', 'asin', 'negative')]",[O] asin [S] negative [A] airnya,"ini kedua kalinya saya menginap disini , buku masih lancar .","[('buku', 'lancar', 'positive')]",[O] lancar [S] positive [A] buku,True
AOS,airy oke punya .,"[('airy', 'oke', 'positive')]",[A] airy [O] oke [S] positive,radio lelet punya .,"[('radio', 'lelet', 'negative')]",[A] radio [O] lelet [S] negative,True
ASO,airy oke punya .,"[('airy', 'oke', 'positive')]",[A] airy [S] positive [O] oke,radio lelet punya .,"[('radio', 'lelet', 'negative')]",[A] radio [S] negative [O] lelet,True
SAO,airy oke punya .,"[('airy', 'oke', 'positive')]",[S] positive [A] airy [O] oke,radio lelet punya .,"[('radio', 'lelet', 'negative')]",[S] negative [A] radio [O] lelet,True
OAS,airy oke punya .,"[('airy', 'oke', 'positive')]",[O] oke [A] airy [S] positive,radio lelet punya .,"[('radio', 'lelet', 'negative')]",[O] lelet [A] radio [S] negative,True
OSA,airy oke punya .,"[('airy', 'oke', 'positive')]",[O] oke [S] positive [A] airy,radio lelet punya .,"[('radio', 'lelet', 'negative')]",[O] lelet [S] negative [A] radio,True
AOS,pintu kamar bawahnya kurang rapat . bisa di menjenguk . hadehh .,"[('pintu kamar bawahnya', 'kurang rapat . bisa di menjenguk', 'negative')]",[A] pintu kamar bawahnya [O] kurang rapat . bisa di menjenguk [S] negative,lukisan kanvas portabel mini sangat hangat . suasana terasa ramah . hadehh .,"[('lukisan kanvas portabel mini', 'sangat hangat . suasana terasa ramah', 'positive')]",[A] lukisan kanvas portabel mini [O] sangat hangat . suasana terasa ramah [S] positive,True
ASO,pintu kamar bawahnya kurang rapat . bisa di menjenguk . hadehh .,"[('pintu kamar bawahnya', 'kurang rapat . bisa di menjenguk', 'negative')]",[A] pintu kamar bawahnya [S] negative [O] kurang rapat . bisa di menjenguk,lukisan kanvas portabel mini sangat hangat . suasana terasa ramah . hadehh .,"[('lukisan kanvas portabel mini', 'sangat hangat . suasana terasa ramah', 'positive')]",[A] lukisan kanvas portabel mini [S] positive [O] sangat hangat . suasana terasa ramah,True
SAO,pintu kamar bawahnya kurang rapat . bisa di menjenguk . hadehh .,"[('pintu kamar bawahnya', 'kurang rapat . bisa di menjenguk', 'negative')]",[S] negative [A] pintu kamar bawahnya [O] kurang rapat . bisa di menjenguk,lukisan kanvas portabel mini sangat hangat . suasana terasa ramah . hadehh .,"[('lukisan kanvas portabel mini', 'sangat hangat . suasana terasa ramah', 'positive')]",[S] positive [A] lukisan kanvas portabel mini [O] sangat hangat . suasana terasa ramah,True
OAS,pintu kamar bawahnya kurang rapat . bisa di menjenguk . hadehh .,"[('pintu kamar bawahnya', 'kurang rapat . bisa di menjenguk', 'negative')]",[O] kurang rapat . bisa di menjenguk [A] pintu kamar bawahnya [S] negative,lukisan kanvas portabel mini sangat hangat . suasana terasa ramah . hadehh .,"[('lukisan kanvas portabel mini', 'sangat hangat . suasana terasa ramah', 'positive')]",[O] sangat hangat . suasana terasa ramah [A] lukisan kanvas portabel mini [S] positive,True
OSA,pintu kamar bawahnya kurang rapat . bisa di menjenguk . hadehh .,"[('pintu kamar bawahnya', 'kurang rapat . bisa di menjenguk', 'negative')]",[O] kurang rapat . bisa di menjenguk [S] negative [A] pintu kamar bawahnya,lukisan kanvas portabel mini sangat hangat . suasana terasa ramah . hadehh .,"[('lukisan kanvas portabel mini', 'sangat hangat . suasana terasa ramah', 'positive')]",[O] sangat hangat . suasana terasa ramah [S] positive [A] lukisan kanvas portabel mini,True
AOS,saya senang sama rooms nya .,"[('rooms', 'senang', 'positive')]",[A] rooms [O] senang [S] positive,saya kotor sama radio nya .,"[('radio', 'kotor', 'negative')]",[A] radio [O] kotor [S] negative,True
ASO,saya senang sama rooms nya .,"[('rooms', 'senang', 'positive')]",[A] rooms [S] positive [O] senang,saya kotor sama radio nya .,"[('radio', 'kotor', 'negative')]",[A] radio [S] negative [O] kotor,True
SAO,saya senang sama rooms nya .,"[('rooms', 'senang', 'positive')]",[S] positive [A] rooms [O] senang,saya kotor sama radio nya .,"[('radio', 'kotor', 'negative')]",[S] negative [A] radio [O] kotor,True
OAS,saya senang sama rooms nya .,"[('rooms', 'senang', 'positive')]",[O] senang [A] rooms [S] positive,saya kotor sama radio nya .,"[('radio', 'kotor', 'negative')]",[O] kotor [A] radio [S] negative,True
OSA,saya senang sama rooms nya .,"[('rooms', 'senang', 'positive')]",[O] senang [S] positive [A] rooms,saya kotor sama radio nya .,"[('radio', 'kotor', 'negative')]",[O] kotor [S] negative [A] radio,True
AOS,baiklah semuanya baik .,"[('semuanya', 'baik', 'positive')]",[A] semuanya [O] baik [S] positive,baiklah anggaran keras .,"[('anggaran', 'keras', 'negative')]",[A] anggaran [O] keras [S] negative,True
ASO,baiklah semuanya baik .,"[('semuanya', 'baik', 'positive')]",[A] semuanya [S] positive [O] baik,baiklah anggaran keras .,"[('anggaran', 'keras', 'negative')]",[A] anggaran [S] negative [O] keras,True
SAO,baiklah semuanya baik .,"[('semuanya', 'baik', 'positive')]",[S] positive [A] semuanya [O] baik,baiklah anggaran keras .,"[('anggaran', 'keras', 'negative')]",[S] negative [A] anggaran [O] keras,True
OAS,baiklah semuanya baik .,"[('semuanya', 'baik', 'positive')]",[O] baik [A] semuanya [S] positive,baiklah anggaran keras .,"[('anggaran', 'keras', 'negative')]",[O] keras [A] anggaran [S] negative,True
OSA,baiklah semuanya baik .,"[('semuanya', 'baik', 'positive')]",[O] baik [S] positive [A] semuanya,baiklah anggaran keras .,"[('anggaran', 'keras', 'negative')]",[O] keras [S] negative [A] anggaran,True
AOS,lokasinya yang sulit ditemukan .,"[('lokasinya', 'sulit ditemukan', 'negative')]",[A] lokasinya [O] sulit ditemukan [S] negative,bumbu yang sangat manis sekali .,"[('bumbu', 'sangat manis sekali', 'positive')]",[A] bumbu [O] sangat manis sekali [S] positive,True
ASO,lokasinya yang sulit ditemukan .,"[('lokasinya', 'sulit ditemukan', 'negative')]",[A] lokasinya [S] negative [O] sulit ditemukan,bumbu yang sangat manis sekali .,"[('bumbu', 'sangat manis sekali', 'positive')]",[A] bumbu [S] positive [O] sangat manis sekali,True
SAO,lokasinya yang sulit ditemukan .,"[('lokasinya', 'sulit ditemukan', 'negative')]",[S] negative [A] lokasinya [O] sulit ditemukan,bumbu yang sangat manis sekali .,"[('bumbu', 'sangat manis sekali', 'positive')]",[S] positive [A] bumbu [O] sangat manis sekali,True
OAS,lokasinya yang sulit ditemukan .,"[('lokasinya', 'sulit ditemukan', 'negative')]",[O] sulit ditemukan [A] lokasinya [S] negative,bumbu yang sangat manis sekali .,"[('bumbu', 'sangat manis sekali', 'positive')]",[O] sangat manis sekali [A] bumbu [S] positive,True
OSA,lokasinya yang sulit ditemukan .,"[('lokasinya', 'sulit ditemukan', 'negative')]",[O] sulit ditemukan [S] negative [A] lokasinya,bumbu yang sangat manis sekali .,"[('bumbu', 'sangat manis sekali', 'positive')]",[O] sangat manis sekali [S] positive [A] bumbu,True
AOS,tidak ada termos air panas .,"[('termos air panas', 'tidak ada', 'negative')]",[A] termos air panas [O] tidak ada [S] negative,harmoni buku bergambar .,"[('buku bergambar', 'harmoni', 'positive')]",[A] buku bergambar [O] harmoni [S] positive,True
ASO,tidak ada termos air panas .,"[('termos air panas', 'tidak ada', 'negative')]",[A] termos air panas [S] negative [O] tidak ada,harmoni buku bergambar .,"[('buku bergambar', 'harmoni', 'positive')]",[A] buku bergambar [S] positive [O] harmoni,True
SAO,tidak ada termos air panas .,"[('termos air panas', 'tidak ada', 'negative')]",[S] negative [A] termos air panas [O] tidak ada,harmoni buku bergambar .,"[('buku bergambar', 'harmoni', 'positive')]",[S] positive [A] buku bergambar [O] harmoni,True
OAS,tidak ada termos air panas .,"[('termos air panas', 'tidak ada', 'negative')]",[O] tidak ada [A] termos air panas [S] negative,harmoni buku bergambar .,"[('buku bergambar', 'harmoni', 'positive')]",[O] harmoni [A] buku bergambar [S] positive,True
OSA,tidak ada termos air panas .,"[('termos air panas', 'tidak ada', 'negative')]",[O] tidak ada [S] negative [A] termos air panas,harmoni buku bergambar .,"[('buku bergambar', 'harmoni', 'positive')]",[O] harmoni [S] positive [A] buku bergambar,True
AOS,yang kurang hanya airnya saja agak bau kalau awalawal digunakan .,"[('airnya', 'agak bau kalau awal awal digunakan', 'negative')]",[A] airnya [O] agak bau kalau awal awal digunakan [S] negative,yang kurang hanya patung saja terlihat cerah berkilau sepanjang hari .,"[('patung', 'terlihat cerah berkilau sepanjang hari', 'positive')]",[A] patung [O] terlihat cerah berkilau sepanjang hari [S] positive,True
ASO,yang kurang hanya airnya saja agak bau kalau awalawal digunakan .,"[('airnya', 'agak bau kalau awal awal digunakan', 'negative')]",[A] airnya [S] negative [O] agak bau kalau awal awal digunakan,yang kurang hanya patung saja terlihat cerah berkilau sepanjang hari .,"[('patung', 'terlihat cerah berkilau sepanjang hari', 'positive')]",[A] patung [S] positive [O] terlihat cerah berkilau sepanjang hari,True
SAO,yang kurang hanya airnya saja agak bau kalau awalawal digunakan .,"[('airnya', 'agak bau kalau awal awal digunakan', 'negative')]",[S] negative [A] airnya [O] agak bau kalau awal awal digunakan,yang kurang hanya patung saja terlihat cerah berkilau sepanjang hari .,"[('patung', 'terlihat cerah berkilau sepanjang hari', 'positive')]",[S] positive [A] patung [O] terlihat cerah berkilau sepanjang hari,True
OAS,yang kurang hanya airnya saja agak bau kalau awalawal digunakan .,"[('airnya', 'agak bau kalau awal awal digunakan', 'negative')]",[O] agak bau kalau awal awal digunakan [A] airnya [S] negative,yang kurang hanya patung saja terlihat cerah berkilau sepanjang hari .,"[('patung', 'terlihat cerah berkilau sepanjang hari', 'positive')]",[O] terlihat cerah berkilau sepanjang hari [A] patung [S] positive,True
OSA,yang kurang hanya airnya saja agak bau kalau awalawal digunakan .,"[('airnya', 'agak bau kalau awal awal digunakan', 'negative')]",[O] agak bau kalau awal awal digunakan [S] negative [A] airnya,yang kurang hanya patung saja terlihat cerah berkilau sepanjang hari .,"[('patung', 'terlihat cerah berkilau sepanjang hari', 'positive')]",[O] terlihat cerah berkilau sepanjang hari [S] positive [A] patung,True
AOS,1 . ruangan kamar gelap .,"[('ruangan kamar', 'gelap', 'negative')]",[A] ruangan kamar [O] gelap [S] negative,1 . jaket kulit tenang .,"[('jaket kulit', 'tenang', 'positive')]",[A] jaket kulit [O] tenang [S] positive,True
ASO,1 . ruangan kamar gelap .,"[('ruangan kamar', 'gelap', 'negative')]",[A] ruangan kamar [S] negative [O] gelap,1 . jaket kulit tenang .,"[('jaket kulit', 'tenang', 'positive')]",[A] jaket kulit [S] positive [O] tenang,True
SAO,1 . ruangan kamar gelap .,"[('ruangan kamar', 'gelap', 'negative')]",[S] negative [A] ruangan kamar [O] gelap,1 . jaket kulit tenang .,"[('jaket kulit', 'tenang', 'positive')]",[S] positive [A] jaket kulit [O] tenang,True
OAS,1 . ruangan kamar gelap .,"[('ruangan kamar', 'gelap', 'negative')]",[O] gelap [A] ruangan kamar [S] negative,1 . jaket kulit tenang .,"[('jaket kulit', 'tenang', 'positive')]",[O] tenang [A] jaket kulit [S] positive,True
OSA,1 . ruangan kamar gelap .,"[('ruangan kamar', 'gelap', 'negative')]",[O] gelap [S] negative [A] ruangan kamar,1 . jaket kulit tenang .,"[('jaket kulit', 'tenang', 'positive')]",[O] tenang [S] positive [A] jaket kulit,True
AOS,"hotel yang bagus , tetap pertahankan .","[('hotel', 'bagus , tetap pertahankan', 'positive')]","[A] hotel [O] bagus , tetap pertahankan [S] positive","bus yang pahit , jangan makan .","[('bus', 'pahit , jangan makan', 'negative')]","[A] bus [O] pahit , jangan makan [S] negative",True
ASO,"hotel yang bagus , tetap pertahankan .","[('hotel', 'bagus , tetap pertahankan', 'positive')]","[A] hotel [S] positive [O] bagus , tetap pertahankan","bus yang pahit , jangan makan .","[('bus', 'pahit , jangan makan', 'negative')]","[A] bus [S] negative [O] pahit , jangan makan",True
SAO,"hotel yang bagus , tetap pertahankan .","[('hotel', 'bagus , tetap pertahankan', 'positive')]","[S] positive [A] hotel [O] bagus , tetap pertahankan","bus yang pahit , jangan makan .","[('bus', 'pahit , jangan makan', 'negative')]","[S] negative [A] bus [O] pahit , jangan makan",True
OAS,"hotel yang bagus , tetap pertahankan .","[('hotel', 'bagus , tetap pertahankan', 'positive')]","[O] bagus , tetap pertahankan [A] hotel [S] positive","bus yang pahit , jangan makan .","[('bus', 'pahit , jangan makan', 'negative')]","[O] pahit , jangan makan [A] bus [S] negative",True
OSA,"hotel yang bagus , tetap pertahankan .","[('hotel', 'bagus , tetap pertahankan', 'positive')]","[O] bagus , tetap pertahankan [S] positive [A] hotel","bus yang pahit , jangan makan .","[('bus', 'pahit , jangan makan', 'negative')]","[O] pahit , jangan makan [S] negative [A] bus",True
AOS,kamar 215 nya seram banget .,"[('kamar', 'seram banget', 'negative')]",[A] kamar [O] seram banget [S] negative,roket 215 nya lancar sekali .,"[('roket', 'lancar sekali', 'positive')]",[A] roket [O] lancar sekali [S] positive,True
ASO,kamar 215 nya seram banget .,"[('kamar', 'seram banget', 'negative')]",[A] kamar [S] negative [O] seram banget,roket 215 nya lancar sekali .,"[('roket', 'lancar sekali', 'positive')]",[A] roket [S] positive [O] lancar sekali,True
SAO,kamar 215 nya seram banget .,"[('kamar', 'seram banget', 'negative')]",[S] negative [A] kamar [O] seram banget,roket 215 nya lancar sekali .,"[('roket', 'lancar sekali', 'positive')]",[S] positive [A] roket [O] lancar sekali,True
OAS,kamar 215 nya seram banget .,"[('kamar', 'seram banget', 'negative')]",[O] seram banget [A] kamar [S] negative,roket 215 nya lancar sekali .,"[('roket', 'lancar sekali', 'positive')]",[O] lancar sekali [A] roket [S] positive,True
OSA,kamar 215 nya seram banget .,"[('kamar', 'seram banget', 'negative')]",[O] seram banget [S] negative [A] kamar,roket 215 nya lancar sekali .,"[('roket', 'lancar sekali', 'positive')]",[O] lancar sekali [S] positive [A] roket,True
AOS,"kebersihan baik , teruskan .","[('kebersihan', 'baik', 'positive')]",[A] kebersihan [O] baik [S] positive,"komiknya keras , teruskan .","[('komiknya', 'keras', 'negative')]",[A] komiknya [O] keras [S] negative,True
ASO,"kebersihan baik , teruskan .","[('kebersihan', 'baik', 'positive')]",[A] kebersihan [S] positive [O] baik,"komiknya keras , teruskan .","[('komiknya', 'keras', 'negative')]",[A] komiknya [S] negative [O] keras,True
SAO,"kebersihan baik , teruskan .","[('kebersihan', 'baik', 'positive')]",[S] positive [A] kebersihan [O] baik,"komiknya keras , teruskan .","[('komiknya', 'keras', 'negative')]",[S] negative [A] komiknya [O] keras,True
OAS,"kebersihan baik , teruskan .","[('kebersihan', 'baik', 'positive')]",[O] baik [A] kebersihan [S] positive,"komiknya keras , teruskan .","[('komiknya', 'keras', 'negative')]",[O] keras [A] komiknya [S] negative,True
OSA,"kebersihan baik , teruskan .","[('kebersihan', 'baik', 'positive')]",[O] baik [S] positive [A] kebersihan,"komiknya keras , teruskan .","[('komiknya', 'keras', 'negative')]",[O] keras [S] negative [A] komiknya,True
AOS,pintu kamar mandi rusak 206 .,"[('pintu kamar mandi', 'rusak', 'negative')]",[A] pintu kamar mandi [O] rusak [S] negative,sistem perdagangan luar hangat 206 .,"[('sistem perdagangan luar', 'hangat', 'positive')]",[A] sistem perdagangan luar [O] hangat [S] positive,True
ASO,pintu kamar mandi rusak 206 .,"[('pintu kamar mandi', 'rusak', 'negative')]",[A] pintu kamar mandi [S] negative [O] rusak,sistem perdagangan luar hangat 206 .,"[('sistem perdagangan luar', 'hangat', 'positive')]",[A] sistem perdagangan luar [S] positive [O] hangat,True
SAO,pintu kamar mandi rusak 206 .,"[('pintu kamar mandi', 'rusak', 'negative')]",[S] negative [A] pintu kamar mandi [O] rusak,sistem perdagangan luar hangat 206 .,"[('sistem perdagangan luar', 'hangat', 'positive')]",[S] positive [A] sistem perdagangan luar [O] hangat,True
OAS,pintu kamar mandi rusak 206 .,"[('pintu kamar mandi', 'rusak', 'negative')]",[O] rusak [A] pintu kamar mandi [S] negative,sistem perdagangan luar hangat 206 .,"[('sistem perdagangan luar', 'hangat', 'positive')]",[O] hangat [A] sistem perdagangan luar [S] positive,True
OSA,pintu kamar mandi rusak 206 .,"[('pintu kamar mandi', 'rusak', 'negative')]",[O] rusak [S] negative [A] pintu kamar mandi,sistem perdagangan luar hangat 206 .,"[('sistem perdagangan luar', 'hangat', 'positive')]",[O] hangat [S] positive [A] sistem perdagangan luar,True
AOS,sangat kecewa dengan pelayan di hotel ini .,"[('pelayan', 'sangat kecewa', 'negative')]",[A] pelayan [O] sangat kecewa [S] negative,sangat lezat dengan kendaraan di hotel ini .,"[('kendaraan', 'sangat lezat', 'positive')]",[A] kendaraan [O] sangat lezat [S] positive,True
ASO,sangat kecewa dengan pelayan di hotel ini .,"[('pelayan', 'sangat kecewa', 'negative')]",[A] pelayan [S] negative [O] sangat kecewa,sangat lezat dengan kendaraan di hotel ini .,"[('kendaraan', 'sangat lezat', 'positive')]",[A] kendaraan [S] positive [O] sangat lezat,True
SAO,sangat kecewa dengan pelayan di hotel ini .,"[('pelayan', 'sangat kecewa', 'negative')]",[S] negative [A] pelayan [O] sangat kecewa,sangat lezat dengan kendaraan di hotel ini .,"[('kendaraan', 'sangat lezat', 'positive')]",[S] positive [A] kendaraan [O] sangat lezat,True
OAS,sangat kecewa dengan pelayan di hotel ini .,"[('pelayan', 'sangat kecewa', 'negative')]",[O] sangat kecewa [A] pelayan [S] negative,sangat lezat dengan kendaraan di hotel ini .,"[('kendaraan', 'sangat lezat', 'positive')]",[O] sangat lezat [A] kendaraan [S] positive,True
OSA,sangat kecewa dengan pelayan di hotel ini .,"[('pelayan', 'sangat kecewa', 'negative')]",[O] sangat kecewa [S] negative [A] pelayan,sangat lezat dengan kendaraan di hotel ini .,"[('kendaraan', 'sangat lezat', 'positive')]",[O] sangat lezat [S] positive [A] kendaraan,True
AOS,perasaan aku pesan ada sarapannya . tetapi tidak datang .,"[('sarapannya', 'tidak datang', 'negative')]",[A] sarapannya [O] tidak datang [S] negative,perasaan aku pesan ada saksi mata . tetapi sangat segar .,"[('saksi mata', 'sangat segar', 'positive')]",[A] saksi mata [O] sangat segar [S] positive,True
ASO,perasaan aku pesan ada sarapannya . tetapi tidak datang .,"[('sarapannya', 'tidak datang', 'negative')]",[A] sarapannya [S] negative [O] tidak datang,perasaan aku pesan ada saksi mata . tetapi sangat segar .,"[('saksi mata', 'sangat segar', 'positive')]",[A] saksi mata [S] positive [O] sangat segar,True
SAO,perasaan aku pesan ada sarapannya . tetapi tidak datang .,"[('sarapannya', 'tidak datang', 'negative')]",[S] negative [A] sarapannya [O] tidak datang,perasaan aku pesan ada saksi mata . tetapi sangat segar .,"[('saksi mata', 'sangat segar', 'positive')]",[S] positive [A] saksi mata [O] sangat segar,True
OAS,perasaan aku pesan ada sarapannya . tetapi tidak datang .,"[('sarapannya', 'tidak datang', 'negative')]",[O] tidak datang [A] sarapannya [S] negative,perasaan aku pesan ada saksi mata . tetapi sangat segar .,"[('saksi mata', 'sangat segar', 'positive')]",[O] sangat segar [A] saksi mata [S] positive,True
OSA,perasaan aku pesan ada sarapannya . tetapi tidak datang .,"[('sarapannya', 'tidak datang', 'negative')]",[O] tidak datang [S] negative [A] sarapannya,perasaan aku pesan ada saksi mata . tetapi sangat segar .,"[('saksi mata', 'sangat segar', 'positive')]",[O] sangat segar [S] positive [A] saksi mata,True
AOS,over all suka . semoga sering diskon . terimakasih airy rooms .,"[('over all', 'suka', 'positive')]",[A] over all [O] suka [S] positive,daun mahal . semoga sering diskon . terimakasih airy rooms .,"[('daun', 'mahal', 'negative')]",[A] daun [O] mahal [S] negative,True
ASO,over all suka . semoga sering diskon . terimakasih airy rooms .,"[('over all', 'suka', 'positive')]",[A] over all [S] positive [O] suka,daun mahal . semoga sering diskon . terimakasih airy rooms .,"[('daun', 'mahal', 'negative')]",[A] daun [S] negative [O] mahal,True
SAO,over all suka . semoga sering diskon . terimakasih airy rooms .,"[('over all', 'suka', 'positive')]",[S] positive [A] over all [O] suka,daun mahal . semoga sering diskon . terimakasih airy rooms .,"[('daun', 'mahal', 'negative')]",[S] negative [A] daun [O] mahal,True
OAS,over all suka . semoga sering diskon . terimakasih airy rooms .,"[('over all', 'suka', 'positive')]",[O] suka [A] over all [S] positive,daun mahal . semoga sering diskon . terimakasih airy rooms .,"[('daun', 'mahal', 'negative')]",[O] mahal [A] daun [S] negative,True
OSA,over all suka . semoga sering diskon . terimakasih airy rooms .,"[('over all', 'suka', 'positive')]",[O] suka [S] positive [A] over all,daun mahal . semoga sering diskon . terimakasih airy rooms .,"[('daun', 'mahal', 'negative')]",[O] mahal [S] negative [A] daun,True
AOS,pelayanan kurang mudah senyum . 1 10 : 7 .,"[('pelayanan', 'kurang mudah senyum', 'negative')]",[A] pelayanan [O] kurang mudah senyum [S] negative,pot bunga selalu cepat sampai . 1 10 : 7 .,"[('pot bunga', 'selalu cepat sampai', 'positive')]",[A] pot bunga [O] selalu cepat sampai [S] positive,True
ASO,pelayanan kurang mudah senyum . 1 10 : 7 .,"[('pelayanan', 'kurang mudah senyum', 'negative')]",[A] pelayanan [S] negative [O] kurang mudah senyum,pot bunga selalu cepat sampai . 1 10 : 7 .,"[('pot bunga', 'selalu cepat sampai', 'positive')]",[A] pot bunga [S] positive [O] selalu cepat sampai,True
SAO,pelayanan kurang mudah senyum . 1 10 : 7 .,"[('pelayanan', 'kurang mudah senyum', 'negative')]",[S] negative [A] pelayanan [O] kurang mudah senyum,pot bunga selalu cepat sampai . 1 10 : 7 .,"[('pot bunga', 'selalu cepat sampai', 'positive')]",[S] positive [A] pot bunga [O] selalu cepat sampai,True
OAS,pelayanan kurang mudah senyum . 1 10 : 7 .,"[('pelayanan', 'kurang mudah senyum', 'negative')]",[O] kurang mudah senyum [A] pelayanan [S] negative,pot bunga selalu cepat sampai . 1 10 : 7 .,"[('pot bunga', 'selalu cepat sampai', 'positive')]",[O] selalu cepat sampai [A] pot bunga [S] positive,True
OSA,pelayanan kurang mudah senyum . 1 10 : 7 .,"[('pelayanan', 'kurang mudah senyum', 'negative')]",[O] kurang mudah senyum [S] negative [A] pelayanan,pot bunga selalu cepat sampai . 1 10 : 7 .,"[('pot bunga', 'selalu cepat sampai', 'positive')]",[O] selalu cepat sampai [S] positive [A] pot bunga,True
AOS,cuma kamar mandi agak menggenang airnya setelah dipakai .,"[('kamar mandi', 'agak menggenang airnya setelah dipakai', 'negative')]",[A] kamar mandi [O] agak menggenang airnya setelah dipakai [S] negative,cuma seni rupa sangat aman nyaman proses berjalan mulus .,"[('seni rupa', 'sangat aman nyaman proses berjalan mulus', 'positive')]",[A] seni rupa [O] sangat aman nyaman proses berjalan mulus [S] positive,True
ASO,cuma kamar mandi agak menggenang airnya setelah dipakai .,"[('kamar mandi', 'agak menggenang airnya setelah dipakai', 'negative')]",[A] kamar mandi [S] negative [O] agak menggenang airnya setelah dipakai,cuma seni rupa sangat aman nyaman proses berjalan mulus .,"[('seni rupa', 'sangat aman nyaman proses berjalan mulus', 'positive')]",[A] seni rupa [S] positive [O] sangat aman nyaman proses berjalan mulus,True
SAO,cuma kamar mandi agak menggenang airnya setelah dipakai .,"[('kamar mandi', 'agak menggenang airnya setelah dipakai', 'negative')]",[S] negative [A] kamar mandi [O] agak menggenang airnya setelah dipakai,cuma seni rupa sangat aman nyaman proses berjalan mulus .,"[('seni rupa', 'sangat aman nyaman proses berjalan mulus', 'positive')]",[S] positive [A] seni rupa [O] sangat aman nyaman proses berjalan mulus,True
OAS,cuma kamar mandi agak menggenang airnya setelah dipakai .,"[('kamar mandi', 'agak menggenang airnya setelah dipakai', 'negative')]",[O] agak menggenang airnya setelah dipakai [A] kamar mandi [S] negative,cuma seni rupa sangat aman nyaman proses berjalan mulus .,"[('seni rupa', 'sangat aman nyaman proses berjalan mulus', 'positive')]",[O] sangat aman nyaman proses berjalan mulus [A] seni rupa [S] positive,True
OSA,cuma kamar mandi agak menggenang airnya setelah dipakai .,"[('kamar mandi', 'agak menggenang airnya setelah dipakai', 'negative')]",[O] agak menggenang airnya setelah dipakai [S] negative [A] kamar mandi,cuma seni rupa sangat aman nyaman proses berjalan mulus .,"[('seni rupa', 'sangat aman nyaman proses berjalan mulus', 'positive')]",[O] sangat aman nyaman proses berjalan mulus [S] positive [A] seni rupa,True
AOS,baik keseluruhan .,"[('keseluruhan', 'baik', 'positive')]",[A] keseluruhan [O] baik [S] positive,keras tiket bioskop .,"[('tiket bioskop', 'keras', 'negative')]",[A] tiket bioskop [O] keras [S] negative,True
ASO,baik keseluruhan .,"[('keseluruhan', 'baik', 'positive')]",[A] keseluruhan [S] positive [O] baik,keras tiket bioskop .,"[('tiket bioskop', 'keras', 'negative')]",[A] tiket bioskop [S] negative [O] keras,True
SAO,baik keseluruhan .,"[('keseluruhan', 'baik', 'positive')]",[S] positive [A] keseluruhan [O] baik,keras tiket bioskop .,"[('tiket bioskop', 'keras', 'negative')]",[S] negative [A] tiket bioskop [O] keras,True
OAS,baik keseluruhan .,"[('keseluruhan', 'baik', 'positive')]",[O] baik [A] keseluruhan [S] positive,keras tiket bioskop .,"[('tiket bioskop', 'keras', 'negative')]",[O] keras [A] tiket bioskop [S] negative,True
OSA,baik keseluruhan .,"[('keseluruhan', 'baik', 'positive')]",[O] baik [S] positive [A] keseluruhan,keras tiket bioskop .,"[('tiket bioskop', 'keras', 'negative')]",[O] keras [S] negative [A] tiket bioskop,True
AOS,kebersihan kamar tolong diperbaiki lagi iya .,"[('kebersihan kamar', 'tolong diperbaiki lagi', 'negative')]",[A] kebersihan kamar [O] tolong diperbaiki lagi [S] negative,surat elektronik amat nyaman mulus sekali iya .,"[('surat elektronik', 'amat nyaman mulus sekali', 'positive')]",[A] surat elektronik [O] amat nyaman mulus sekali [S] positive,True
ASO,kebersihan kamar tolong diperbaiki lagi iya .,"[('kebersihan kamar', 'tolong diperbaiki lagi', 'negative')]",[A] kebersihan kamar [S] negative [O] tolong diperbaiki lagi,surat elektronik amat nyaman mulus sekali iya .,"[('surat elektronik', 'amat nyaman mulus sekali', 'positive')]",[A] surat elektronik [S] positive [O] amat nyaman mulus sekali,True
SAO,kebersihan kamar tolong diperbaiki lagi iya .,"[('kebersihan kamar', 'tolong diperbaiki lagi', 'negative')]",[S] negative [A] kebersihan kamar [O] tolong diperbaiki lagi,surat elektronik amat nyaman mulus sekali iya .,"[('surat elektronik', 'amat nyaman mulus sekali', 'positive')]",[S] positive [A] surat elektronik [O] amat nyaman mulus sekali,True
OAS,kebersihan kamar tolong diperbaiki lagi iya .,"[('kebersihan kamar', 'tolong diperbaiki lagi', 'negative')]",[O] tolong diperbaiki lagi [A] kebersihan kamar [S] negative,surat elektronik amat nyaman mulus sekali iya .,"[('surat elektronik', 'amat nyaman mulus sekali', 'positive')]",[O] amat nyaman mulus sekali [A] surat elektronik [S] positive,True
OSA,kebersihan kamar tolong diperbaiki lagi iya .,"[('kebersihan kamar', 'tolong diperbaiki lagi', 'negative')]",[O] tolong diperbaiki lagi [S] negative [A] kebersihan kamar,surat elektronik amat nyaman mulus sekali iya .,"[('surat elektronik', 'amat nyaman mulus sekali', 'positive')]",[O] amat nyaman mulus sekali [S] positive [A] surat elektronik,True
AOS,harga murce deh .,"[('harga', 'murce', 'positive')]",[A] harga [O] murce [S] positive,video rusak deh .,"[('video', 'rusak', 'negative')]",[A] video [O] rusak [S] negative,True
ASO,harga murce deh .,"[('harga', 'murce', 'positive')]",[A] harga [S] positive [O] murce,video rusak deh .,"[('video', 'rusak', 'negative')]",[A] video [S] negative [O] rusak,True
SAO,harga murce deh .,"[('harga', 'murce', 'positive')]",[S] positive [A] harga [O] murce,video rusak deh .,"[('video', 'rusak', 'negative')]",[S] negative [A] video [O] rusak,True
OAS,harga murce deh .,"[('harga', 'murce', 'positive')]",[O] murce [A] harga [S] positive,video rusak deh .,"[('video', 'rusak', 'negative')]",[O] rusak [A] video [S] negative,True
OSA,harga murce deh .,"[('harga', 'murce', 'positive')]",[O] murce [S] positive [A] harga,video rusak deh .,"[('video', 'rusak', 'negative')]",[O] rusak [S] negative [A] video,True
AOS,airy yang sangat berkesan bagi saya dan keluarga . terimakasih !,"[('airy', 'sangat berkesan', 'positive')]",[A] airy [O] sangat berkesan [S] positive,radio yang sangat pahit bagi saya dan keluarga . terimakasih !,"[('radio', 'sangat pahit', 'negative')]",[A] radio [O] sangat pahit [S] negative,True
ASO,airy yang sangat berkesan bagi saya dan keluarga . terimakasih !,"[('airy', 'sangat berkesan', 'positive')]",[A] airy [S] positive [O] sangat berkesan,radio yang sangat pahit bagi saya dan keluarga . terimakasih !,"[('radio', 'sangat pahit', 'negative')]",[A] radio [S] negative [O] sangat pahit,True
SAO,airy yang sangat berkesan bagi saya dan keluarga . terimakasih !,"[('airy', 'sangat berkesan', 'positive')]",[S] positive [A] airy [O] sangat berkesan,radio yang sangat pahit bagi saya dan keluarga . terimakasih !,"[('radio', 'sangat pahit', 'negative')]",[S] negative [A] radio [O] sangat pahit,True
OAS,airy yang sangat berkesan bagi saya dan keluarga . terimakasih !,"[('airy', 'sangat berkesan', 'positive')]",[O] sangat berkesan [A] airy [S] positive,radio yang sangat pahit bagi saya dan keluarga . terimakasih !,"[('radio', 'sangat pahit', 'negative')]",[O] sangat pahit [A] radio [S] negative,True
OSA,airy yang sangat berkesan bagi saya dan keluarga . terimakasih !,"[('airy', 'sangat berkesan', 'positive')]",[O] sangat berkesan [S] positive [A] airy,radio yang sangat pahit bagi saya dan keluarga . terimakasih !,"[('radio', 'sangat pahit', 'negative')]",[O] sangat pahit [S] negative [A] radio,True
AOS,air di bathup kotor .,"[('air', 'kotor', 'negative')]",[A] air [O] kotor [S] negative,email di bathup cepat .,"[('email', 'cepat', 'positive')]",[A] email [O] cepat [S] positive,True
ASO,air di bathup kotor .,"[('air', 'kotor', 'negative')]",[A] air [S] negative [O] kotor,email di bathup cepat .,"[('email', 'cepat', 'positive')]",[A] email [S] positive [O] cepat,True
SAO,air di bathup kotor .,"[('air', 'kotor', 'negative')]",[S] negative [A] air [O] kotor,email di bathup cepat .,"[('email', 'cepat', 'positive')]",[S] positive [A] email [O] cepat,True
OAS,air di bathup kotor .,"[('air', 'kotor', 'negative')]",[O] kotor [A] air [S] negative,email di bathup cepat .,"[('email', 'cepat', 'positive')]",[O] cepat [A] email [S] positive,True
OSA,air di bathup kotor .,"[('air', 'kotor', 'negative')]",[O] kotor [S] negative [A] air,email di bathup cepat .,"[('email', 'cepat', 'positive')]",[O] cepat [S] positive [A] email,True
AOS,"sangat baik untuk pelayanan kamar hotelnya , semoga kedepannya tetap menjaga pelayanan kamarnya iya !","[('pelayanan', 'sangat baik', 'positive')]",[A] pelayanan [O] sangat baik [S] positive,"sangat tua untuk rumusnya kamar hotelnya , semoga kedepannya tetap menjaga pelayanan kamarnya iya !","[('rumusnya', 'sangat tua', 'negative')]",[A] rumusnya [O] sangat tua [S] negative,True
ASO,"sangat baik untuk pelayanan kamar hotelnya , semoga kedepannya tetap menjaga pelayanan kamarnya iya !","[('pelayanan', 'sangat baik', 'positive')]",[A] pelayanan [S] positive [O] sangat baik,"sangat tua untuk rumusnya kamar hotelnya , semoga kedepannya tetap menjaga pelayanan kamarnya iya !","[('rumusnya', 'sangat tua', 'negative')]",[A] rumusnya [S] negative [O] sangat tua,True
SAO,"sangat baik untuk pelayanan kamar hotelnya , semoga kedepannya tetap menjaga pelayanan kamarnya iya !","[('pelayanan', 'sangat baik', 'positive')]",[S] positive [A] pelayanan [O] sangat baik,"sangat tua untuk rumusnya kamar hotelnya , semoga kedepannya tetap menjaga pelayanan kamarnya iya !","[('rumusnya', 'sangat tua', 'negative')]",[S] negative [A] rumusnya [O] sangat tua,True
OAS,"sangat baik untuk pelayanan kamar hotelnya , semoga kedepannya tetap menjaga pelayanan kamarnya iya !","[('pelayanan', 'sangat baik', 'positive')]",[O] sangat baik [A] pelayanan [S] positive,"sangat tua untuk rumusnya kamar hotelnya , semoga kedepannya tetap menjaga pelayanan kamarnya iya !","[('rumusnya', 'sangat tua', 'negative')]",[O] sangat tua [A] rumusnya [S] negative,True
OSA,"sangat baik untuk pelayanan kamar hotelnya , semoga kedepannya tetap menjaga pelayanan kamarnya iya !","[('pelayanan', 'sangat baik', 'positive')]",[O] sangat baik [S] positive [A] pelayanan,"sangat tua untuk rumusnya kamar hotelnya , semoga kedepannya tetap menjaga pelayanan kamarnya iya !","[('rumusnya', 'sangat tua', 'negative')]",[O] sangat tua [S] negative [A] rumusnya,True
AOS,kamar yang saya dapat kurang bersih .,"[('kamar', 'kurang bersih', 'negative')]",[A] kamar [O] kurang bersih [S] negative,buku yang saya dapat cepat sekali .,"[('buku', 'cepat sekali', 'positive')]",[A] buku [O] cepat sekali [S] positive,True
ASO,kamar yang saya dapat kurang bersih .,"[('kamar', 'kurang bersih', 'negative')]",[A] kamar [S] negative [O] kurang bersih,buku yang saya dapat cepat sekali .,"[('buku', 'cepat sekali', 'positive')]",[A] buku [S] positive [O] cepat sekali,True
SAO,kamar yang saya dapat kurang bersih .,"[('kamar', 'kurang bersih', 'negative')]",[S] negative [A] kamar [O] kurang bersih,buku yang saya dapat cepat sekali .,"[('buku', 'cepat sekali', 'positive')]",[S] positive [A] buku [O] cepat sekali,True
OAS,kamar yang saya dapat kurang bersih .,"[('kamar', 'kurang bersih', 'negative')]",[O] kurang bersih [A] kamar [S] negative,buku yang saya dapat cepat sekali .,"[('buku', 'cepat sekali', 'positive')]",[O] cepat sekali [A] buku [S] positive,True
OSA,kamar yang saya dapat kurang bersih .,"[('kamar', 'kurang bersih', 'negative')]",[O] kurang bersih [S] negative [A] kamar,buku yang saya dapat cepat sekali .,"[('buku', 'cepat sekali', 'positive')]",[O] cepat sekali [S] positive [A] buku,True
AOS,airnya berbau .,"[('airnya', 'berbau', 'negative')]",[A] airnya [O] berbau [S] negative,buku manis .,"[('buku', 'manis', 'positive')]",[A] buku [O] manis [S] positive,True
ASO,airnya berbau .,"[('airnya', 'berbau', 'negative')]",[A] airnya [S] negative [O] berbau,buku manis .,"[('buku', 'manis', 'positive')]",[A] buku [S] positive [O] manis,True
SAO,airnya berbau .,"[('airnya', 'berbau', 'negative')]",[S] negative [A] airnya [O] berbau,buku manis .,"[('buku', 'manis', 'positive')]",[S] positive [A] buku [O] manis,True
OAS,airnya berbau .,"[('airnya', 'berbau', 'negative')]",[O] berbau [A] airnya [S] negative,buku manis .,"[('buku', 'manis', 'positive')]",[O] manis [A] buku [S] positive,True
OSA,airnya berbau .,"[('airnya', 'berbau', 'negative')]",[O] berbau [S] negative [A] airnya,buku manis .,"[('buku', 'manis', 'positive')]",[O] manis [S] positive [A] buku,True
AOS,bapak ibu pemiliknya baik .,"[('pemiliknya', 'baik', 'positive')]",[A] pemiliknya [O] baik [S] positive,bapak ibu komputer mini keras .,"[('komputer mini', 'keras', 'negative')]",[A] komputer mini [O] keras [S] negative,True
ASO,bapak ibu pemiliknya baik .,"[('pemiliknya', 'baik', 'positive')]",[A] pemiliknya [S] positive [O] baik,bapak ibu komputer mini keras .,"[('komputer mini', 'keras', 'negative')]",[A] komputer mini [S] negative [O] keras,True
SAO,bapak ibu pemiliknya baik .,"[('pemiliknya', 'baik', 'positive')]",[S] positive [A] pemiliknya [O] baik,bapak ibu komputer mini keras .,"[('komputer mini', 'keras', 'negative')]",[S] negative [A] komputer mini [O] keras,True
OAS,bapak ibu pemiliknya baik .,"[('pemiliknya', 'baik', 'positive')]",[O] baik [A] pemiliknya [S] positive,bapak ibu komputer mini keras .,"[('komputer mini', 'keras', 'negative')]",[O] keras [A] komputer mini [S] negative,True
OSA,bapak ibu pemiliknya baik .,"[('pemiliknya', 'baik', 'positive')]",[O] baik [S] positive [A] pemiliknya,bapak ibu komputer mini keras .,"[('komputer mini', 'keras', 'negative')]",[O] keras [S] negative [A] komputer mini,True
AOS,sarapan pagi seharusnya ada .,"[('sarapan pagi', 'seharusnya ada', 'negative')]",[A] sarapan pagi [O] seharusnya ada [S] negative,gitar kecil amat cepat sekali .,"[('gitar kecil', 'amat cepat sekali', 'positive')]",[A] gitar kecil [O] amat cepat sekali [S] positive,True
ASO,sarapan pagi seharusnya ada .,"[('sarapan pagi', 'seharusnya ada', 'negative')]",[A] sarapan pagi [S] negative [O] seharusnya ada,gitar kecil amat cepat sekali .,"[('gitar kecil', 'amat cepat sekali', 'positive')]",[A] gitar kecil [S] positive [O] amat cepat sekali,True
SAO,sarapan pagi seharusnya ada .,"[('sarapan pagi', 'seharusnya ada', 'negative')]",[S] negative [A] sarapan pagi [O] seharusnya ada,gitar kecil amat cepat sekali .,"[('gitar kecil', 'amat cepat sekali', 'positive')]",[S] positive [A] gitar kecil [O] amat cepat sekali,True
OAS,sarapan pagi seharusnya ada .,"[('sarapan pagi', 'seharusnya ada', 'negative')]",[O] seharusnya ada [A] sarapan pagi [S] negative,gitar kecil amat cepat sekali .,"[('gitar kecil', 'amat cepat sekali', 'positive')]",[O] amat cepat sekali [A] gitar kecil [S] positive,True
OSA,sarapan pagi seharusnya ada .,"[('sarapan pagi', 'seharusnya ada', 'negative')]",[O] seharusnya ada [S] negative [A] sarapan pagi,gitar kecil amat cepat sekali .,"[('gitar kecil', 'amat cepat sekali', 'positive')]",[O] amat cepat sekali [S] positive [A] gitar kecil,True
AOS,pelayanan yang kurang baik .,"[('pelayanan', 'kurang baik', 'negative')]",[A] pelayanan [O] kurang baik [S] negative,harga tiket yang sangat manis .,"[('harga tiket', 'sangat manis', 'positive')]",[A] harga tiket [O] sangat manis [S] positive,True
ASO,pelayanan yang kurang baik .,"[('pelayanan', 'kurang baik', 'negative')]",[A] pelayanan [S] negative [O] kurang baik,harga tiket yang sangat manis .,"[('harga tiket', 'sangat manis', 'positive')]",[A] harga tiket [S] positive [O] sangat manis,True
SAO,pelayanan yang kurang baik .,"[('pelayanan', 'kurang baik', 'negative')]",[S] negative [A] pelayanan [O] kurang baik,harga tiket yang sangat manis .,"[('harga tiket', 'sangat manis', 'positive')]",[S] positive [A] harga tiket [O] sangat manis,True
OAS,pelayanan yang kurang baik .,"[('pelayanan', 'kurang baik', 'negative')]",[O] kurang baik [A] pelayanan [S] negative,harga tiket yang sangat manis .,"[('harga tiket', 'sangat manis', 'positive')]",[O] sangat manis [A] harga tiket [S] positive,True
OSA,pelayanan yang kurang baik .,"[('pelayanan', 'kurang baik', 'negative')]",[O] kurang baik [S] negative [A] pelayanan,harga tiket yang sangat manis .,"[('harga tiket', 'sangat manis', 'positive')]",[O] sangat manis [S] positive [A] harga tiket,True
AOS,peralatan kamar mandi kurang lengkap .,"[('peralatan kamar mandi', 'kurang lengkap', 'negative')]",[A] peralatan kamar mandi [O] kurang lengkap [S] negative,senar gitar klasik wangi sekali .,"[('senar gitar klasik', 'wangi sekali', 'positive')]",[A] senar gitar klasik [O] wangi sekali [S] positive,True
ASO,peralatan kamar mandi kurang lengkap .,"[('peralatan kamar mandi', 'kurang lengkap', 'negative')]",[A] peralatan kamar mandi [S] negative [O] kurang lengkap,senar gitar klasik wangi sekali .,"[('senar gitar klasik', 'wangi sekali', 'positive')]",[A] senar gitar klasik [S] positive [O] wangi sekali,True
SAO,peralatan kamar mandi kurang lengkap .,"[('peralatan kamar mandi', 'kurang lengkap', 'negative')]",[S] negative [A] peralatan kamar mandi [O] kurang lengkap,senar gitar klasik wangi sekali .,"[('senar gitar klasik', 'wangi sekali', 'positive')]",[S] positive [A] senar gitar klasik [O] wangi sekali,True
OAS,peralatan kamar mandi kurang lengkap .,"[('peralatan kamar mandi', 'kurang lengkap', 'negative')]",[O] kurang lengkap [A] peralatan kamar mandi [S] negative,senar gitar klasik wangi sekali .,"[('senar gitar klasik', 'wangi sekali', 'positive')]",[O] wangi sekali [A] senar gitar klasik [S] positive,True
OSA,peralatan kamar mandi kurang lengkap .,"[('peralatan kamar mandi', 'kurang lengkap', 'negative')]",[O] kurang lengkap [S] negative [A] peralatan kamar mandi,senar gitar klasik wangi sekali .,"[('senar gitar klasik', 'wangi sekali', 'positive')]",[O] wangi sekali [S] positive [A] senar gitar klasik,True
AOS,waktu menginap tidak dapat handuknya .,"[('handuknya', 'tidak dapat', 'negative')]",[A] handuknya [O] tidak dapat [S] negative,waktu menginap cepat sekolahnya .,"[('sekolahnya', 'cepat', 'positive')]",[A] sekolahnya [O] cepat [S] positive,True
ASO,waktu menginap tidak dapat handuknya .,"[('handuknya', 'tidak dapat', 'negative')]",[A] handuknya [S] negative [O] tidak dapat,waktu menginap cepat sekolahnya .,"[('sekolahnya', 'cepat', 'positive')]",[A] sekolahnya [S] positive [O] cepat,True
SAO,waktu menginap tidak dapat handuknya .,"[('handuknya', 'tidak dapat', 'negative')]",[S] negative [A] handuknya [O] tidak dapat,waktu menginap cepat sekolahnya .,"[('sekolahnya', 'cepat', 'positive')]",[S] positive [A] sekolahnya [O] cepat,True
OAS,waktu menginap tidak dapat handuknya .,"[('handuknya', 'tidak dapat', 'negative')]",[O] tidak dapat [A] handuknya [S] negative,waktu menginap cepat sekolahnya .,"[('sekolahnya', 'cepat', 'positive')]",[O] cepat [A] sekolahnya [S] positive,True
OSA,waktu menginap tidak dapat handuknya .,"[('handuknya', 'tidak dapat', 'negative')]",[O] tidak dapat [S] negative [A] handuknya,waktu menginap cepat sekolahnya .,"[('sekolahnya', 'cepat', 'positive')]",[O] cepat [S] positive [A] sekolahnya,True
AOS,"air panas nya tidak banget panas , saya bawa anak bayi kasihan jadi mandi air dingin .","[('air panas nya', 'tidak banget panas , saya bawa anak bayi kasihan jadi mandi air dingin', 'negative')]","[A] air panas nya [O] tidak banget panas , saya bawa anak bayi kasihan jadi mandi air dingin [S] negative","harga tiketnya sangat empuk sekali , saya beli puluhan tiket jadi semua nya terasa nyaman .","[('harga tiketnya', 'sangat empuk sekali , saya beli puluhan tiket jadi semua nya terasa nyaman', 'positive')]","[A] harga tiketnya [O] sangat empuk sekali , saya beli puluhan tiket jadi semua nya terasa nyaman [S] positive",True
ASO,"air panas nya tidak banget panas , saya bawa anak bayi kasihan jadi mandi air dingin .","[('air panas nya', 'tidak banget panas , saya bawa anak bayi kasihan jadi mandi air dingin', 'negative')]","[A] air panas nya [S] negative [O] tidak banget panas , saya bawa anak bayi kasihan jadi mandi air dingin","harga tiketnya sangat empuk sekali , saya beli puluhan tiket jadi semua nya terasa nyaman .","[('harga tiketnya', 'sangat empuk sekali , saya beli puluhan tiket jadi semua nya terasa nyaman', 'positive')]","[A] harga tiketnya [S] positive [O] sangat empuk sekali , saya beli puluhan tiket jadi semua nya terasa nyaman",True
SAO,"air panas nya tidak banget panas , saya bawa anak bayi kasihan jadi mandi air dingin .","[('air panas nya', 'tidak banget panas , saya bawa anak bayi kasihan jadi mandi air dingin', 'negative')]","[S] negative [A] air panas nya [O] tidak banget panas , saya bawa anak bayi kasihan jadi mandi air dingin","harga tiketnya sangat empuk sekali , saya beli puluhan tiket jadi semua nya terasa nyaman .","[('harga tiketnya', 'sangat empuk sekali , saya beli puluhan tiket jadi semua nya terasa nyaman', 'positive')]","[S] positive [A] harga tiketnya [O] sangat empuk sekali , saya beli puluhan tiket jadi semua nya terasa nyaman",True
OAS,"air panas nya tidak banget panas , saya bawa anak bayi kasihan jadi mandi air dingin .","[('air panas nya', 'tidak banget panas , saya bawa anak bayi kasihan jadi mandi air dingin', 'negative')]","[O] tidak banget panas , saya bawa anak bayi kasihan jadi mandi air dingin [A] air panas nya [S] negative","harga tiketnya sangat empuk sekali , saya beli puluhan tiket jadi semua nya terasa nyaman .","[('harga tiketnya', 'sangat empuk sekali , saya beli puluhan tiket jadi semua nya terasa nyaman', 'positive')]","[O] sangat empuk sekali , saya beli puluhan tiket jadi semua nya terasa nyaman [A] harga tiketnya [S] positive",True
OSA,"air panas nya tidak banget panas , saya bawa anak bayi kasihan jadi mandi air dingin .","[('air panas nya', 'tidak banget panas , saya bawa anak bayi kasihan jadi mandi air dingin', 'negative')]","[O] tidak banget panas , saya bawa anak bayi kasihan jadi mandi air dingin [S] negative [A] air panas nya","harga tiketnya sangat empuk sekali , saya beli puluhan tiket jadi semua nya terasa nyaman .","[('harga tiketnya', 'sangat empuk sekali , saya beli puluhan tiket jadi semua nya terasa nyaman', 'positive')]","[O] sangat empuk sekali , saya beli puluhan tiket jadi semua nya terasa nyaman [S] positive [A] harga tiketnya",True
AOS,hanya kurang di handuk yang kotor .,"[('handuk', 'kotor', 'negative')]",[A] handuk [O] kotor [S] negative,hanya kurang di lukisan yang enak .,"[('lukisan', 'enak', 'positive')]",[A] lukisan [O] enak [S] positive,True
ASO,hanya kurang di handuk yang kotor .,"[('handuk', 'kotor', 'negative')]",[A] handuk [S] negative [O] kotor,hanya kurang di lukisan yang enak .,"[('lukisan', 'enak', 'positive')]",[A] lukisan [S] positive [O] enak,True
SAO,hanya kurang di handuk yang kotor .,"[('handuk', 'kotor', 'negative')]",[S] negative [A] handuk [O] kotor,hanya kurang di lukisan yang enak .,"[('lukisan', 'enak', 'positive')]",[S] positive [A] lukisan [O] enak,True
OAS,hanya kurang di handuk yang kotor .,"[('handuk', 'kotor', 'negative')]",[O] kotor [A] handuk [S] negative,hanya kurang di lukisan yang enak .,"[('lukisan', 'enak', 'positive')]",[O] enak [A] lukisan [S] positive,True
OSA,hanya kurang di handuk yang kotor .,"[('handuk', 'kotor', 'negative')]",[O] kotor [S] negative [A] handuk,hanya kurang di lukisan yang enak .,"[('lukisan', 'enak', 'positive')]",[O] enak [S] positive [A] lukisan,True
AOS,ac kamar nya mengeluarkan suara berisik .,"[('ac', 'berisik', 'negative')]",[A] ac [O] berisik [S] negative,gen kamar nya mengeluarkan suara sangat manis .,"[('gen', 'sangat manis', 'positive')]",[A] gen [O] sangat manis [S] positive,True
ASO,ac kamar nya mengeluarkan suara berisik .,"[('ac', 'berisik', 'negative')]",[A] ac [S] negative [O] berisik,gen kamar nya mengeluarkan suara sangat manis .,"[('gen', 'sangat manis', 'positive')]",[A] gen [S] positive [O] sangat manis,True
SAO,ac kamar nya mengeluarkan suara berisik .,"[('ac', 'berisik', 'negative')]",[S] negative [A] ac [O] berisik,gen kamar nya mengeluarkan suara sangat manis .,"[('gen', 'sangat manis', 'positive')]",[S] positive [A] gen [O] sangat manis,True
OAS,ac kamar nya mengeluarkan suara berisik .,"[('ac', 'berisik', 'negative')]",[O] berisik [A] ac [S] negative,gen kamar nya mengeluarkan suara sangat manis .,"[('gen', 'sangat manis', 'positive')]",[O] sangat manis [A] gen [S] positive,True
OSA,ac kamar nya mengeluarkan suara berisik .,"[('ac', 'berisik', 'negative')]",[O] berisik [S] negative [A] ac,gen kamar nya mengeluarkan suara sangat manis .,"[('gen', 'sangat manis', 'positive')]",[O] sangat manis [S] positive [A] gen,True
AOS,di kamar tidak tersedia handuk .,"[('handuk', 'tidak tersedia', 'negative')]",[A] handuk [O] tidak tersedia [S] negative,di kamar sangat murah motor tua .,"[('motor tua', 'sangat murah', 'positive')]",[A] motor tua [O] sangat murah [S] positive,True
ASO,di kamar tidak tersedia handuk .,"[('handuk', 'tidak tersedia', 'negative')]",[A] handuk [S] negative [O] tidak tersedia,di kamar sangat murah motor tua .,"[('motor tua', 'sangat murah', 'positive')]",[A] motor tua [S] positive [O] sangat murah,True
SAO,di kamar tidak tersedia handuk .,"[('handuk', 'tidak tersedia', 'negative')]",[S] negative [A] handuk [O] tidak tersedia,di kamar sangat murah motor tua .,"[('motor tua', 'sangat murah', 'positive')]",[S] positive [A] motor tua [O] sangat murah,True
OAS,di kamar tidak tersedia handuk .,"[('handuk', 'tidak tersedia', 'negative')]",[O] tidak tersedia [A] handuk [S] negative,di kamar sangat murah motor tua .,"[('motor tua', 'sangat murah', 'positive')]",[O] sangat murah [A] motor tua [S] positive,True
OSA,di kamar tidak tersedia handuk .,"[('handuk', 'tidak tersedia', 'negative')]",[O] tidak tersedia [S] negative [A] handuk,di kamar sangat murah motor tua .,"[('motor tua', 'sangat murah', 'positive')]",[O] sangat murah [S] positive [A] motor tua,True
AOS,secara keseluruhan semuanya sudah baik .,"[('secara keseluruhan semuanya', 'baik', 'positive')]",[A] secara keseluruhan semuanya [O] baik [S] positive,lukisan cat air tradisionalnya sudah keras .,"[('lukisan cat air tradisionalnya', 'keras', 'negative')]",[A] lukisan cat air tradisionalnya [O] keras [S] negative,True
ASO,secara keseluruhan semuanya sudah baik .,"[('secara keseluruhan semuanya', 'baik', 'positive')]",[A] secara keseluruhan semuanya [S] positive [O] baik,lukisan cat air tradisionalnya sudah keras .,"[('lukisan cat air tradisionalnya', 'keras', 'negative')]",[A] lukisan cat air tradisionalnya [S] negative [O] keras,True
SAO,secara keseluruhan semuanya sudah baik .,"[('secara keseluruhan semuanya', 'baik', 'positive')]",[S] positive [A] secara keseluruhan semuanya [O] baik,lukisan cat air tradisionalnya sudah keras .,"[('lukisan cat air tradisionalnya', 'keras', 'negative')]",[S] negative [A] lukisan cat air tradisionalnya [O] keras,True
OAS,secara keseluruhan semuanya sudah baik .,"[('secara keseluruhan semuanya', 'baik', 'positive')]",[O] baik [A] secara keseluruhan semuanya [S] positive,lukisan cat air tradisionalnya sudah keras .,"[('lukisan cat air tradisionalnya', 'keras', 'negative')]",[O] keras [A] lukisan cat air tradisionalnya [S] negative,True
OSA,secara keseluruhan semuanya sudah baik .,"[('secara keseluruhan semuanya', 'baik', 'positive')]",[O] baik [S] positive [A] secara keseluruhan semuanya,lukisan cat air tradisionalnya sudah keras .,"[('lukisan cat air tradisionalnya', 'keras', 'negative')]",[O] keras [S] negative [A] lukisan cat air tradisionalnya,True
AOS,"untuk kamar disini tidak recommended , lebih baik cari yang lain .","[('kamar', 'tidak recommended , lebih baik cari yang lain', 'negative')]","[A] kamar [O] tidak recommended , lebih baik cari yang lain [S] negative","untuk uang disini sangat puas , cocok untuk koleksi .","[('uang', 'sangat puas , cocok untuk koleksi', 'positive')]","[A] uang [O] sangat puas , cocok untuk koleksi [S] positive",True
ASO,"untuk kamar disini tidak recommended , lebih baik cari yang lain .","[('kamar', 'tidak recommended , lebih baik cari yang lain', 'negative')]","[A] kamar [S] negative [O] tidak recommended , lebih baik cari yang lain","untuk uang disini sangat puas , cocok untuk koleksi .","[('uang', 'sangat puas , cocok untuk koleksi', 'positive')]","[A] uang [S] positive [O] sangat puas , cocok untuk koleksi",True
SAO,"untuk kamar disini tidak recommended , lebih baik cari yang lain .","[('kamar', 'tidak recommended , lebih baik cari yang lain', 'negative')]","[S] negative [A] kamar [O] tidak recommended , lebih baik cari yang lain","untuk uang disini sangat puas , cocok untuk koleksi .","[('uang', 'sangat puas , cocok untuk koleksi', 'positive')]","[S] positive [A] uang [O] sangat puas , cocok untuk koleksi",True
OAS,"untuk kamar disini tidak recommended , lebih baik cari yang lain .","[('kamar', 'tidak recommended , lebih baik cari yang lain', 'negative')]","[O] tidak recommended , lebih baik cari yang lain [A] kamar [S] negative","untuk uang disini sangat puas , cocok untuk koleksi .","[('uang', 'sangat puas , cocok untuk koleksi', 'positive')]","[O] sangat puas , cocok untuk koleksi [A] uang [S] positive",True
OSA,"untuk kamar disini tidak recommended , lebih baik cari yang lain .","[('kamar', 'tidak recommended , lebih baik cari yang lain', 'negative')]","[O] tidak recommended , lebih baik cari yang lain [S] negative [A] kamar","untuk uang disini sangat puas , cocok untuk koleksi .","[('uang', 'sangat puas , cocok untuk koleksi', 'positive')]","[O] sangat puas , cocok untuk koleksi [S] positive [A] uang",True
AOS,tempat tidur kotor .,"[('tempat tidur', 'kotor', 'negative')]",[A] tempat tidur [O] kotor [S] negative,kuas cat air wangi .,"[('kuas cat air', 'wangi', 'positive')]",[A] kuas cat air [O] wangi [S] positive,True
ASO,tempat tidur kotor .,"[('tempat tidur', 'kotor', 'negative')]",[A] tempat tidur [S] negative [O] kotor,kuas cat air wangi .,"[('kuas cat air', 'wangi', 'positive')]",[A] kuas cat air [S] positive [O] wangi,True
SAO,tempat tidur kotor .,"[('tempat tidur', 'kotor', 'negative')]",[S] negative [A] tempat tidur [O] kotor,kuas cat air wangi .,"[('kuas cat air', 'wangi', 'positive')]",[S] positive [A] kuas cat air [O] wangi,True
OAS,tempat tidur kotor .,"[('tempat tidur', 'kotor', 'negative')]",[O] kotor [A] tempat tidur [S] negative,kuas cat air wangi .,"[('kuas cat air', 'wangi', 'positive')]",[O] wangi [A] kuas cat air [S] positive,True
OSA,tempat tidur kotor .,"[('tempat tidur', 'kotor', 'negative')]",[O] kotor [S] negative [A] tempat tidur,kuas cat air wangi .,"[('kuas cat air', 'wangi', 'positive')]",[O] wangi [S] positive [A] kuas cat air,True
AOS,selalu suka dengan pelayanannya .,"[('pelayanannya', 'selalu suka', 'positive')]",[A] pelayanannya [O] selalu suka [S] positive,kurang cepat dengan jalan raya .,"[('jalan raya', 'kurang cepat', 'negative')]",[A] jalan raya [O] kurang cepat [S] negative,True
ASO,selalu suka dengan pelayanannya .,"[('pelayanannya', 'selalu suka', 'positive')]",[A] pelayanannya [S] positive [O] selalu suka,kurang cepat dengan jalan raya .,"[('jalan raya', 'kurang cepat', 'negative')]",[A] jalan raya [S] negative [O] kurang cepat,True
SAO,selalu suka dengan pelayanannya .,"[('pelayanannya', 'selalu suka', 'positive')]",[S] positive [A] pelayanannya [O] selalu suka,kurang cepat dengan jalan raya .,"[('jalan raya', 'kurang cepat', 'negative')]",[S] negative [A] jalan raya [O] kurang cepat,True
OAS,selalu suka dengan pelayanannya .,"[('pelayanannya', 'selalu suka', 'positive')]",[O] selalu suka [A] pelayanannya [S] positive,kurang cepat dengan jalan raya .,"[('jalan raya', 'kurang cepat', 'negative')]",[O] kurang cepat [A] jalan raya [S] negative,True
OSA,selalu suka dengan pelayanannya .,"[('pelayanannya', 'selalu suka', 'positive')]",[O] selalu suka [S] positive [A] pelayanannya,kurang cepat dengan jalan raya .,"[('jalan raya', 'kurang cepat', 'negative')]",[O] kurang cepat [S] negative [A] jalan raya,True
AOS,fasilitas hotel harus lebih diperhatikan .,"[('fasilitas hotel', 'lebih diperhatikan', 'negative')]",[A] fasilitas hotel [O] lebih diperhatikan [S] negative,kucing persia harus amat cepat sampai .,"[('kucing persia', 'amat cepat sampai', 'positive')]",[A] kucing persia [O] amat cepat sampai [S] positive,True
ASO,fasilitas hotel harus lebih diperhatikan .,"[('fasilitas hotel', 'lebih diperhatikan', 'negative')]",[A] fasilitas hotel [S] negative [O] lebih diperhatikan,kucing persia harus amat cepat sampai .,"[('kucing persia', 'amat cepat sampai', 'positive')]",[A] kucing persia [S] positive [O] amat cepat sampai,True
SAO,fasilitas hotel harus lebih diperhatikan .,"[('fasilitas hotel', 'lebih diperhatikan', 'negative')]",[S] negative [A] fasilitas hotel [O] lebih diperhatikan,kucing persia harus amat cepat sampai .,"[('kucing persia', 'amat cepat sampai', 'positive')]",[S] positive [A] kucing persia [O] amat cepat sampai,True
OAS,fasilitas hotel harus lebih diperhatikan .,"[('fasilitas hotel', 'lebih diperhatikan', 'negative')]",[O] lebih diperhatikan [A] fasilitas hotel [S] negative,kucing persia harus amat cepat sampai .,"[('kucing persia', 'amat cepat sampai', 'positive')]",[O] amat cepat sampai [A] kucing persia [S] positive,True
OSA,fasilitas hotel harus lebih diperhatikan .,"[('fasilitas hotel', 'lebih diperhatikan', 'negative')]",[O] lebih diperhatikan [S] negative [A] fasilitas hotel,kucing persia harus amat cepat sampai .,"[('kucing persia', 'amat cepat sampai', 'positive')]",[O] amat cepat sampai [S] positive [A] kucing persia,True
AOS,"air nya sempat mati , sehingga saya harus pindah kamar .","[('air nya', 'sempat mati , sehingga saya harus pindah kamar', 'negative')]","[A] air nya [O] sempat mati , sehingga saya harus pindah kamar [S] negative","sampah sangat wangi sekali , sehingga semua orang ingin memilikinya .","[('sampah', 'sangat wangi sekali , sehingga semua orang ingin memilikinya', 'positive')]","[A] sampah [O] sangat wangi sekali , sehingga semua orang ingin memilikinya [S] positive",True
ASO,"air nya sempat mati , sehingga saya harus pindah kamar .","[('air nya', 'sempat mati , sehingga saya harus pindah kamar', 'negative')]","[A] air nya [S] negative [O] sempat mati , sehingga saya harus pindah kamar","sampah sangat wangi sekali , sehingga semua orang ingin memilikinya .","[('sampah', 'sangat wangi sekali , sehingga semua orang ingin memilikinya', 'positive')]","[A] sampah [S] positive [O] sangat wangi sekali , sehingga semua orang ingin memilikinya",True
SAO,"air nya sempat mati , sehingga saya harus pindah kamar .","[('air nya', 'sempat mati , sehingga saya harus pindah kamar', 'negative')]","[S] negative [A] air nya [O] sempat mati , sehingga saya harus pindah kamar","sampah sangat wangi sekali , sehingga semua orang ingin memilikinya .","[('sampah', 'sangat wangi sekali , sehingga semua orang ingin memilikinya', 'positive')]","[S] positive [A] sampah [O] sangat wangi sekali , sehingga semua orang ingin memilikinya",True
OAS,"air nya sempat mati , sehingga saya harus pindah kamar .","[('air nya', 'sempat mati , sehingga saya harus pindah kamar', 'negative')]","[O] sempat mati , sehingga saya harus pindah kamar [A] air nya [S] negative","sampah sangat wangi sekali , sehingga semua orang ingin memilikinya .","[('sampah', 'sangat wangi sekali , sehingga semua orang ingin memilikinya', 'positive')]","[O] sangat wangi sekali , sehingga semua orang ingin memilikinya [A] sampah [S] positive",True
OSA,"air nya sempat mati , sehingga saya harus pindah kamar .","[('air nya', 'sempat mati , sehingga saya harus pindah kamar', 'negative')]","[O] sempat mati , sehingga saya harus pindah kamar [S] negative [A] air nya","sampah sangat wangi sekali , sehingga semua orang ingin memilikinya .","[('sampah', 'sangat wangi sekali , sehingga semua orang ingin memilikinya', 'positive')]","[O] sangat wangi sekali , sehingga semua orang ingin memilikinya [S] positive [A] sampah",True
AOS,makanan enak .,"[('makanan', 'enak', 'positive')]",[A] makanan [O] enak [S] positive,botolnya lambat .,"[('botolnya', 'lambat', 'negative')]",[A] botolnya [O] lambat [S] negative,True
ASO,makanan enak .,"[('makanan', 'enak', 'positive')]",[A] makanan [S] positive [O] enak,botolnya lambat .,"[('botolnya', 'lambat', 'negative')]",[A] botolnya [S] negative [O] lambat,True
SAO,makanan enak .,"[('makanan', 'enak', 'positive')]",[S] positive [A] makanan [O] enak,botolnya lambat .,"[('botolnya', 'lambat', 'negative')]",[S] negative [A] botolnya [O] lambat,True
OAS,makanan enak .,"[('makanan', 'enak', 'positive')]",[O] enak [A] makanan [S] positive,botolnya lambat .,"[('botolnya', 'lambat', 'negative')]",[O] lambat [A] botolnya [S] negative,True
OSA,makanan enak .,"[('makanan', 'enak', 'positive')]",[O] enak [S] positive [A] makanan,botolnya lambat .,"[('botolnya', 'lambat', 'negative')]",[O] lambat [S] negative [A] botolnya,True
AOS,kamar panas karena ac tidak dingin .,"[('kamar', 'panas karena ac tidak dingin', 'negative')]",[A] kamar [O] panas karena ac tidak dingin [S] negative,angin sangat murah karena diskon besar .,"[('angin', 'sangat murah karena diskon besar', 'positive')]",[A] angin [O] sangat murah karena diskon besar [S] positive,True
ASO,kamar panas karena ac tidak dingin .,"[('kamar', 'panas karena ac tidak dingin', 'negative')]",[A] kamar [S] negative [O] panas karena ac tidak dingin,angin sangat murah karena diskon besar .,"[('angin', 'sangat murah karena diskon besar', 'positive')]",[A] angin [S] positive [O] sangat murah karena diskon besar,True
SAO,kamar panas karena ac tidak dingin .,"[('kamar', 'panas karena ac tidak dingin', 'negative')]",[S] negative [A] kamar [O] panas karena ac tidak dingin,angin sangat murah karena diskon besar .,"[('angin', 'sangat murah karena diskon besar', 'positive')]",[S] positive [A] angin [O] sangat murah karena diskon besar,True
OAS,kamar panas karena ac tidak dingin .,"[('kamar', 'panas karena ac tidak dingin', 'negative')]",[O] panas karena ac tidak dingin [A] kamar [S] negative,angin sangat murah karena diskon besar .,"[('angin', 'sangat murah karena diskon besar', 'positive')]",[O] sangat murah karena diskon besar [A] angin [S] positive,True
OSA,kamar panas karena ac tidak dingin .,"[('kamar', 'panas karena ac tidak dingin', 'negative')]",[O] panas karena ac tidak dingin [S] negative [A] kamar,angin sangat murah karena diskon besar .,"[('angin', 'sangat murah karena diskon besar', 'positive')]",[O] sangat murah karena diskon besar [S] positive [A] angin,True
AOS,karena harga terjangkau .,"[('harga', 'terjangkau', 'positive')]",[A] harga [O] terjangkau [S] positive,karena meteor sangat pahit .,"[('meteor', 'sangat pahit', 'negative')]",[A] meteor [O] sangat pahit [S] negative,True
ASO,karena harga terjangkau .,"[('harga', 'terjangkau', 'positive')]",[A] harga [S] positive [O] terjangkau,karena meteor sangat pahit .,"[('meteor', 'sangat pahit', 'negative')]",[A] meteor [S] negative [O] sangat pahit,True
SAO,karena harga terjangkau .,"[('harga', 'terjangkau', 'positive')]",[S] positive [A] harga [O] terjangkau,karena meteor sangat pahit .,"[('meteor', 'sangat pahit', 'negative')]",[S] negative [A] meteor [O] sangat pahit,True
OAS,karena harga terjangkau .,"[('harga', 'terjangkau', 'positive')]",[O] terjangkau [A] harga [S] positive,karena meteor sangat pahit .,"[('meteor', 'sangat pahit', 'negative')]",[O] sangat pahit [A] meteor [S] negative,True
OSA,karena harga terjangkau .,"[('harga', 'terjangkau', 'positive')]",[O] terjangkau [S] positive [A] harga,karena meteor sangat pahit .,"[('meteor', 'sangat pahit', 'negative')]",[O] sangat pahit [S] negative [A] meteor,True
AOS,nyaman hotelnya apalagi dapat promo dari airy . kalau ke malang ingin menginap disini lagi .,"[('hotelnya', 'nyaman', 'positive')]",[A] hotelnya [O] nyaman [S] positive,busuk potnya apalagi dapat promo dari airy . kalau ke malang ingin menginap disini lagi .,"[('potnya', 'busuk', 'negative')]",[A] potnya [O] busuk [S] negative,True
ASO,nyaman hotelnya apalagi dapat promo dari airy . kalau ke malang ingin menginap disini lagi .,"[('hotelnya', 'nyaman', 'positive')]",[A] hotelnya [S] positive [O] nyaman,busuk potnya apalagi dapat promo dari airy . kalau ke malang ingin menginap disini lagi .,"[('potnya', 'busuk', 'negative')]",[A] potnya [S] negative [O] busuk,True
SAO,nyaman hotelnya apalagi dapat promo dari airy . kalau ke malang ingin menginap disini lagi .,"[('hotelnya', 'nyaman', 'positive')]",[S] positive [A] hotelnya [O] nyaman,busuk potnya apalagi dapat promo dari airy . kalau ke malang ingin menginap disini lagi .,"[('potnya', 'busuk', 'negative')]",[S] negative [A] potnya [O] busuk,True
OAS,nyaman hotelnya apalagi dapat promo dari airy . kalau ke malang ingin menginap disini lagi .,"[('hotelnya', 'nyaman', 'positive')]",[O] nyaman [A] hotelnya [S] positive,busuk potnya apalagi dapat promo dari airy . kalau ke malang ingin menginap disini lagi .,"[('potnya', 'busuk', 'negative')]",[O] busuk [A] potnya [S] negative,True
OSA,nyaman hotelnya apalagi dapat promo dari airy . kalau ke malang ingin menginap disini lagi .,"[('hotelnya', 'nyaman', 'positive')]",[O] nyaman [S] positive [A] hotelnya,busuk potnya apalagi dapat promo dari airy . kalau ke malang ingin menginap disini lagi .,"[('potnya', 'busuk', 'negative')]",[O] busuk [S] negative [A] potnya,True
AOS,pelayanan cek in lama .,"[('pelayanan cek in', 'lama', 'negative')]",[A] pelayanan cek in [O] lama [S] negative,harga emas murni manis .,"[('harga emas murni', 'manis', 'positive')]",[A] harga emas murni [O] manis [S] positive,True
ASO,pelayanan cek in lama .,"[('pelayanan cek in', 'lama', 'negative')]",[A] pelayanan cek in [S] negative [O] lama,harga emas murni manis .,"[('harga emas murni', 'manis', 'positive')]",[A] harga emas murni [S] positive [O] manis,True
SAO,pelayanan cek in lama .,"[('pelayanan cek in', 'lama', 'negative')]",[S] negative [A] pelayanan cek in [O] lama,harga emas murni manis .,"[('harga emas murni', 'manis', 'positive')]",[S] positive [A] harga emas murni [O] manis,True
OAS,pelayanan cek in lama .,"[('pelayanan cek in', 'lama', 'negative')]",[O] lama [A] pelayanan cek in [S] negative,harga emas murni manis .,"[('harga emas murni', 'manis', 'positive')]",[O] manis [A] harga emas murni [S] positive,True
OSA,pelayanan cek in lama .,"[('pelayanan cek in', 'lama', 'negative')]",[O] lama [S] negative [A] pelayanan cek in,harga emas murni manis .,"[('harga emas murni', 'manis', 'positive')]",[O] manis [S] positive [A] harga emas murni,True
AOS,keamanan terjaga karena ada cctv dan keamanan .,"[('keamanan', 'terjaga karena ada cctv dan keamanan', 'positive')]",[A] keamanan [O] terjaga karena ada cctv dan keamanan [S] positive,komoditas terlalu pahit karena gula habis total .,"[('komoditas', 'terlalu pahit karena gula habis total', 'negative')]",[A] komoditas [O] terlalu pahit karena gula habis total [S] negative,True
ASO,keamanan terjaga karena ada cctv dan keamanan .,"[('keamanan', 'terjaga karena ada cctv dan keamanan', 'positive')]",[A] keamanan [S] positive [O] terjaga karena ada cctv dan keamanan,komoditas terlalu pahit karena gula habis total .,"[('komoditas', 'terlalu pahit karena gula habis total', 'negative')]",[A] komoditas [S] negative [O] terlalu pahit karena gula habis total,True
SAO,keamanan terjaga karena ada cctv dan keamanan .,"[('keamanan', 'terjaga karena ada cctv dan keamanan', 'positive')]",[S] positive [A] keamanan [O] terjaga karena ada cctv dan keamanan,komoditas terlalu pahit karena gula habis total .,"[('komoditas', 'terlalu pahit karena gula habis total', 'negative')]",[S] negative [A] komoditas [O] terlalu pahit karena gula habis total,True
OAS,keamanan terjaga karena ada cctv dan keamanan .,"[('keamanan', 'terjaga karena ada cctv dan keamanan', 'positive')]",[O] terjaga karena ada cctv dan keamanan [A] keamanan [S] positive,komoditas terlalu pahit karena gula habis total .,"[('komoditas', 'terlalu pahit karena gula habis total', 'negative')]",[O] terlalu pahit karena gula habis total [A] komoditas [S] negative,True
OSA,keamanan terjaga karena ada cctv dan keamanan .,"[('keamanan', 'terjaga karena ada cctv dan keamanan', 'positive')]",[O] terjaga karena ada cctv dan keamanan [S] positive [A] keamanan,komoditas terlalu pahit karena gula habis total .,"[('komoditas', 'terlalu pahit karena gula habis total', 'negative')]",[O] terlalu pahit karena gula habis total [S] negative [A] komoditas,True
AOS,fasilitas oke punya .,"[('fasilitas', 'oke', 'positive')]",[A] fasilitas [O] oke [S] positive,patungnya anyir punya .,"[('patungnya', 'anyir', 'negative')]",[A] patungnya [O] anyir [S] negative,True
ASO,fasilitas oke punya .,"[('fasilitas', 'oke', 'positive')]",[A] fasilitas [S] positive [O] oke,patungnya anyir punya .,"[('patungnya', 'anyir', 'negative')]",[A] patungnya [S] negative [O] anyir,True
SAO,fasilitas oke punya .,"[('fasilitas', 'oke', 'positive')]",[S] positive [A] fasilitas [O] oke,patungnya anyir punya .,"[('patungnya', 'anyir', 'negative')]",[S] negative [A] patungnya [O] anyir,True
OAS,fasilitas oke punya .,"[('fasilitas', 'oke', 'positive')]",[O] oke [A] fasilitas [S] positive,patungnya anyir punya .,"[('patungnya', 'anyir', 'negative')]",[O] anyir [A] patungnya [S] negative,True
OSA,fasilitas oke punya .,"[('fasilitas', 'oke', 'positive')]",[O] oke [S] positive [A] fasilitas,patungnya anyir punya .,"[('patungnya', 'anyir', 'negative')]",[O] anyir [S] negative [A] patungnya,True
AOS,kasurnya agak reot jadi diganjal pakai batu .,"[('kasurnya', 'agak reot jadi diganjal pakai batu', 'negative')]",[A] kasurnya [O] agak reot jadi diganjal pakai batu [S] negative,angin nya sangat bagus jadi langsung dibeli pakai kartu .,"[('angin nya', 'sangat bagus jadi langsung dibeli pakai kartu', 'positive')]",[A] angin nya [O] sangat bagus jadi langsung dibeli pakai kartu [S] positive,True
ASO,kasurnya agak reot jadi diganjal pakai batu .,"[('kasurnya', 'agak reot jadi diganjal pakai batu', 'negative')]",[A] kasurnya [S] negative [O] agak reot jadi diganjal pakai batu,angin nya sangat bagus jadi langsung dibeli pakai kartu .,"[('angin nya', 'sangat bagus jadi langsung dibeli pakai kartu', 'positive')]",[A] angin nya [S] positive [O] sangat bagus jadi langsung dibeli pakai kartu,True
SAO,kasurnya agak reot jadi diganjal pakai batu .,"[('kasurnya', 'agak reot jadi diganjal pakai batu', 'negative')]",[S] negative [A] kasurnya [O] agak reot jadi diganjal pakai batu,angin nya sangat bagus jadi langsung dibeli pakai kartu .,"[('angin nya', 'sangat bagus jadi langsung dibeli pakai kartu', 'positive')]",[S] positive [A] angin nya [O] sangat bagus jadi langsung dibeli pakai kartu,True
OAS,kasurnya agak reot jadi diganjal pakai batu .,"[('kasurnya', 'agak reot jadi diganjal pakai batu', 'negative')]",[O] agak reot jadi diganjal pakai batu [A] kasurnya [S] negative,angin nya sangat bagus jadi langsung dibeli pakai kartu .,"[('angin nya', 'sangat bagus jadi langsung dibeli pakai kartu', 'positive')]",[O] sangat bagus jadi langsung dibeli pakai kartu [A] angin nya [S] positive,True
OSA,kasurnya agak reot jadi diganjal pakai batu .,"[('kasurnya', 'agak reot jadi diganjal pakai batu', 'negative')]",[O] agak reot jadi diganjal pakai batu [S] negative [A] kasurnya,angin nya sangat bagus jadi langsung dibeli pakai kartu .,"[('angin nya', 'sangat bagus jadi langsung dibeli pakai kartu', 'positive')]",[O] sangat bagus jadi langsung dibeli pakai kartu [S] positive [A] angin nya,True
AOS,minus : resepsionis yang lakilaki kurang ramah .,"[('resepsionis', 'kurang ramah', 'negative')]",[A] resepsionis [O] kurang ramah [S] negative,minus : pohon mangga besar yang lakilaki wangi sekali .,"[('pohon mangga besar', 'wangi sekali', 'positive')]",[A] pohon mangga besar [O] wangi sekali [S] positive,True
ASO,minus : resepsionis yang lakilaki kurang ramah .,"[('resepsionis', 'kurang ramah', 'negative')]",[A] resepsionis [S] negative [O] kurang ramah,minus : pohon mangga besar yang lakilaki wangi sekali .,"[('pohon mangga besar', 'wangi sekali', 'positive')]",[A] pohon mangga besar [S] positive [O] wangi sekali,True
SAO,minus : resepsionis yang lakilaki kurang ramah .,"[('resepsionis', 'kurang ramah', 'negative')]",[S] negative [A] resepsionis [O] kurang ramah,minus : pohon mangga besar yang lakilaki wangi sekali .,"[('pohon mangga besar', 'wangi sekali', 'positive')]",[S] positive [A] pohon mangga besar [O] wangi sekali,True
OAS,minus : resepsionis yang lakilaki kurang ramah .,"[('resepsionis', 'kurang ramah', 'negative')]",[O] kurang ramah [A] resepsionis [S] negative,minus : pohon mangga besar yang lakilaki wangi sekali .,"[('pohon mangga besar', 'wangi sekali', 'positive')]",[O] wangi sekali [A] pohon mangga besar [S] positive,True
OSA,minus : resepsionis yang lakilaki kurang ramah .,"[('resepsionis', 'kurang ramah', 'negative')]",[O] kurang ramah [S] negative [A] resepsionis,minus : pohon mangga besar yang lakilaki wangi sekali .,"[('pohon mangga besar', 'wangi sekali', 'positive')]",[O] wangi sekali [S] positive [A] pohon mangga besar,True
AOS,fasilitas oke .,"[('fasilitas', 'oke', 'positive')]",[A] fasilitas [O] oke [S] positive,hujan mahal .,"[('hujan', 'mahal', 'negative')]",[A] hujan [O] mahal [S] negative,True
ASO,fasilitas oke .,"[('fasilitas', 'oke', 'positive')]",[A] fasilitas [S] positive [O] oke,hujan mahal .,"[('hujan', 'mahal', 'negative')]",[A] hujan [S] negative [O] mahal,True
SAO,fasilitas oke .,"[('fasilitas', 'oke', 'positive')]",[S] positive [A] fasilitas [O] oke,hujan mahal .,"[('hujan', 'mahal', 'negative')]",[S] negative [A] hujan [O] mahal,True
OAS,fasilitas oke .,"[('fasilitas', 'oke', 'positive')]",[O] oke [A] fasilitas [S] positive,hujan mahal .,"[('hujan', 'mahal', 'negative')]",[O] mahal [A] hujan [S] negative,True
OSA,fasilitas oke .,"[('fasilitas', 'oke', 'positive')]",[O] oke [S] positive [A] fasilitas,hujan mahal .,"[('hujan', 'mahal', 'negative')]",[O] mahal [S] negative [A] hujan,True
AOS,dpet kamar yang kurang menarik . semoga next dapat kamar yang seperti dgmbar .,"[('kamar', 'kurang menarik', 'negative')]",[A] kamar [O] kurang menarik [S] negative,dpet kucing yang mengenyangkan sekali . semoga next dapat kamar yang seperti dgmbar .,"[('kucing', 'mengenyangkan sekali', 'positive')]",[A] kucing [O] mengenyangkan sekali [S] positive,True
ASO,dpet kamar yang kurang menarik . semoga next dapat kamar yang seperti dgmbar .,"[('kamar', 'kurang menarik', 'negative')]",[A] kamar [S] negative [O] kurang menarik,dpet kucing yang mengenyangkan sekali . semoga next dapat kamar yang seperti dgmbar .,"[('kucing', 'mengenyangkan sekali', 'positive')]",[A] kucing [S] positive [O] mengenyangkan sekali,True
SAO,dpet kamar yang kurang menarik . semoga next dapat kamar yang seperti dgmbar .,"[('kamar', 'kurang menarik', 'negative')]",[S] negative [A] kamar [O] kurang menarik,dpet kucing yang mengenyangkan sekali . semoga next dapat kamar yang seperti dgmbar .,"[('kucing', 'mengenyangkan sekali', 'positive')]",[S] positive [A] kucing [O] mengenyangkan sekali,True
OAS,dpet kamar yang kurang menarik . semoga next dapat kamar yang seperti dgmbar .,"[('kamar', 'kurang menarik', 'negative')]",[O] kurang menarik [A] kamar [S] negative,dpet kucing yang mengenyangkan sekali . semoga next dapat kamar yang seperti dgmbar .,"[('kucing', 'mengenyangkan sekali', 'positive')]",[O] mengenyangkan sekali [A] kucing [S] positive,True
OSA,dpet kamar yang kurang menarik . semoga next dapat kamar yang seperti dgmbar .,"[('kamar', 'kurang menarik', 'negative')]",[O] kurang menarik [S] negative [A] kamar,dpet kucing yang mengenyangkan sekali . semoga next dapat kamar yang seperti dgmbar .,"[('kucing', 'mengenyangkan sekali', 'positive')]",[O] mengenyangkan sekali [S] positive [A] kucing,True
AOS,kamarnya benar benar sesuai dengan yang ada di photo .,"[('kamarnya', 'benar benar sesuai dengan yang ada di photo', 'positive')]",[A] kamarnya [O] benar benar sesuai dengan yang ada di photo [S] positive,pianonya sangat pahit kotor tidak berbau enak .,"[('pianonya', 'sangat pahit kotor tidak berbau enak', 'negative')]",[A] pianonya [O] sangat pahit kotor tidak berbau enak [S] negative,True
ASO,kamarnya benar benar sesuai dengan yang ada di photo .,"[('kamarnya', 'benar benar sesuai dengan yang ada di photo', 'positive')]",[A] kamarnya [S] positive [O] benar benar sesuai dengan yang ada di photo,pianonya sangat pahit kotor tidak berbau enak .,"[('pianonya', 'sangat pahit kotor tidak berbau enak', 'negative')]",[A] pianonya [S] negative [O] sangat pahit kotor tidak berbau enak,True
SAO,kamarnya benar benar sesuai dengan yang ada di photo .,"[('kamarnya', 'benar benar sesuai dengan yang ada di photo', 'positive')]",[S] positive [A] kamarnya [O] benar benar sesuai dengan yang ada di photo,pianonya sangat pahit kotor tidak berbau enak .,"[('pianonya', 'sangat pahit kotor tidak berbau enak', 'negative')]",[S] negative [A] pianonya [O] sangat pahit kotor tidak berbau enak,True
OAS,kamarnya benar benar sesuai dengan yang ada di photo .,"[('kamarnya', 'benar benar sesuai dengan yang ada di photo', 'positive')]",[O] benar benar sesuai dengan yang ada di photo [A] kamarnya [S] positive,pianonya sangat pahit kotor tidak berbau enak .,"[('pianonya', 'sangat pahit kotor tidak berbau enak', 'negative')]",[O] sangat pahit kotor tidak berbau enak [A] pianonya [S] negative,True
OSA,kamarnya benar benar sesuai dengan yang ada di photo .,"[('kamarnya', 'benar benar sesuai dengan yang ada di photo', 'positive')]",[O] benar benar sesuai dengan yang ada di photo [S] positive [A] kamarnya,pianonya sangat pahit kotor tidak berbau enak .,"[('pianonya', 'sangat pahit kotor tidak berbau enak', 'negative')]",[O] sangat pahit kotor tidak berbau enak [S] negative [A] pianonya,True
AOS,"tempat transit , makanannya enak .","[('makanannya', 'enak', 'positive')]",[A] makanannya [O] enak [S] positive,"tempat transit , lukisannya bau .","[('lukisannya', 'bau', 'negative')]",[A] lukisannya [O] bau [S] negative,True
ASO,"tempat transit , makanannya enak .","[('makanannya', 'enak', 'positive')]",[A] makanannya [S] positive [O] enak,"tempat transit , lukisannya bau .","[('lukisannya', 'bau', 'negative')]",[A] lukisannya [S] negative [O] bau,True
SAO,"tempat transit , makanannya enak .","[('makanannya', 'enak', 'positive')]",[S] positive [A] makanannya [O] enak,"tempat transit , lukisannya bau .","[('lukisannya', 'bau', 'negative')]",[S] negative [A] lukisannya [O] bau,True
OAS,"tempat transit , makanannya enak .","[('makanannya', 'enak', 'positive')]",[O] enak [A] makanannya [S] positive,"tempat transit , lukisannya bau .","[('lukisannya', 'bau', 'negative')]",[O] bau [A] lukisannya [S] negative,True
OSA,"tempat transit , makanannya enak .","[('makanannya', 'enak', 'positive')]",[O] enak [S] positive [A] makanannya,"tempat transit , lukisannya bau .","[('lukisannya', 'bau', 'negative')]",[O] bau [S] negative [A] lukisannya,True
AOS,"terimakasih airy , layanannya sangat sangat baik , moga kedepannya airy semakin sukses . amien .","[('layanannya', 'sangat sangat baik', 'positive')]",[A] layanannya [O] sangat sangat baik [S] positive,"erimakasih airy , peraturan pahit, moga kedepannya airy semakin sukses . amien .","[('peraturan', 'pahit', 'negative')]",[A] peraturan [O] pahit [S] negative,True
ASO,"terimakasih airy , layanannya sangat sangat baik , moga kedepannya airy semakin sukses . amien .","[('layanannya', 'sangat sangat baik', 'positive')]",[A] layanannya [S] positive [O] sangat sangat baik,"erimakasih airy , peraturan pahit, moga kedepannya airy semakin sukses . amien .","[('peraturan', 'pahit', 'negative')]",[A] peraturan [S] negative [O] pahit,True
SAO,"terimakasih airy , layanannya sangat sangat baik , moga kedepannya airy semakin sukses . amien .","[('layanannya', 'sangat sangat baik', 'positive')]",[S] positive [A] layanannya [O] sangat sangat baik,"erimakasih airy , peraturan pahit, moga kedepannya airy semakin sukses . amien .","[('peraturan', 'pahit', 'negative')]",[S] negative [A] peraturan [O] pahit,True
OAS,"terimakasih airy , layanannya sangat sangat baik , moga kedepannya airy semakin sukses . amien .","[('layanannya', 'sangat sangat baik', 'positive')]",[O] sangat sangat baik [A] layanannya [S] positive,"erimakasih airy , peraturan pahit, moga kedepannya airy semakin sukses . amien .","[('peraturan', 'pahit', 'negative')]",[O] pahit [A] peraturan [S] negative,True
OSA,"terimakasih airy , layanannya sangat sangat baik , moga kedepannya airy semakin sukses . amien .","[('layanannya', 'sangat sangat baik', 'positive')]",[O] sangat sangat baik [S] positive [A] layanannya,"erimakasih airy , peraturan pahit, moga kedepannya airy semakin sukses . amien .","[('peraturan', 'pahit', 'negative')]",[O] pahit [S] negative [A] peraturan,True
AOS,tidak ada lift . kesulitannya hanya mengangkut koper tetapi ada porter yang siap membantu .,"[('lift', 'tidak ada', 'negative')]",[A] lift [O] tidak ada [S] negative,baik amat radio . kesulitannya hanya mengangkut koper tetapi ada porter yang siap membantu .,"[('radio', 'baik amat', 'positive')]",[A] radio [O] baik amat [S] positive,True
ASO,tidak ada lift . kesulitannya hanya mengangkut koper tetapi ada porter yang siap membantu .,"[('lift', 'tidak ada', 'negative')]",[A] lift [S] negative [O] tidak ada,baik amat radio . kesulitannya hanya mengangkut koper tetapi ada porter yang siap membantu .,"[('radio', 'baik amat', 'positive')]",[A] radio [S] positive [O] baik amat,True
SAO,tidak ada lift . kesulitannya hanya mengangkut koper tetapi ada porter yang siap membantu .,"[('lift', 'tidak ada', 'negative')]",[S] negative [A] lift [O] tidak ada,baik amat radio . kesulitannya hanya mengangkut koper tetapi ada porter yang siap membantu .,"[('radio', 'baik amat', 'positive')]",[S] positive [A] radio [O] baik amat,True
OAS,tidak ada lift . kesulitannya hanya mengangkut koper tetapi ada porter yang siap membantu .,"[('lift', 'tidak ada', 'negative')]",[O] tidak ada [A] lift [S] negative,baik amat radio . kesulitannya hanya mengangkut koper tetapi ada porter yang siap membantu .,"[('radio', 'baik amat', 'positive')]",[O] baik amat [A] radio [S] positive,True
OSA,tidak ada lift . kesulitannya hanya mengangkut koper tetapi ada porter yang siap membantu .,"[('lift', 'tidak ada', 'negative')]",[O] tidak ada [S] negative [A] lift,baik amat radio . kesulitannya hanya mengangkut koper tetapi ada porter yang siap membantu .,"[('radio', 'baik amat', 'positive')]",[O] baik amat [S] positive [A] radio,True
AOS,kamar bersih hotel berada disamping gran mall batangase yang megah dan mewah .,"[('kamar', 'bersih', 'positive')]",[A] kamar [O] bersih [S] positive,angin kotor hotel berada disamping gran mall batangase yang megah dan mewah .,"[('angin', 'kotor', 'negative')]",[A] angin [O] kotor [S] negative,True
ASO,kamar bersih hotel berada disamping gran mall batangase yang megah dan mewah .,"[('kamar', 'bersih', 'positive')]",[A] kamar [S] positive [O] bersih,angin kotor hotel berada disamping gran mall batangase yang megah dan mewah .,"[('angin', 'kotor', 'negative')]",[A] angin [S] negative [O] kotor,True
SAO,kamar bersih hotel berada disamping gran mall batangase yang megah dan mewah .,"[('kamar', 'bersih', 'positive')]",[S] positive [A] kamar [O] bersih,angin kotor hotel berada disamping gran mall batangase yang megah dan mewah .,"[('angin', 'kotor', 'negative')]",[S] negative [A] angin [O] kotor,True
OAS,kamar bersih hotel berada disamping gran mall batangase yang megah dan mewah .,"[('kamar', 'bersih', 'positive')]",[O] bersih [A] kamar [S] positive,angin kotor hotel berada disamping gran mall batangase yang megah dan mewah .,"[('angin', 'kotor', 'negative')]",[O] kotor [A] angin [S] negative,True
OSA,kamar bersih hotel berada disamping gran mall batangase yang megah dan mewah .,"[('kamar', 'bersih', 'positive')]",[O] bersih [S] positive [A] kamar,angin kotor hotel berada disamping gran mall batangase yang megah dan mewah .,"[('angin', 'kotor', 'negative')]",[O] kotor [S] negative [A] angin,True
AOS,karena terlalu banyak kamar jadi tidak diperhatikan masalah kebersihan .,"[('kebersihan', 'karena terlalu banyak kamar jadi tidak diperhatikan', 'negative')]",[A] kebersihan [O] karena terlalu banyak kamar jadi tidak diperhatikan [S] negative,"tabil sekali , jadi proses berjalan sangat mulus masalah ekonomi .","[('ekonomi', 'stabil sekali , jadi proses berjalan sangat mulus', 'positive')]","[A] ekonomi [O] stabil sekali , jadi proses berjalan sangat mulus [S] positive",True
ASO,karena terlalu banyak kamar jadi tidak diperhatikan masalah kebersihan .,"[('kebersihan', 'karena terlalu banyak kamar jadi tidak diperhatikan', 'negative')]",[A] kebersihan [S] negative [O] karena terlalu banyak kamar jadi tidak diperhatikan,"tabil sekali , jadi proses berjalan sangat mulus masalah ekonomi .","[('ekonomi', 'stabil sekali , jadi proses berjalan sangat mulus', 'positive')]","[A] ekonomi [S] positive [O] stabil sekali , jadi proses berjalan sangat mulus",True
SAO,karena terlalu banyak kamar jadi tidak diperhatikan masalah kebersihan .,"[('kebersihan', 'karena terlalu banyak kamar jadi tidak diperhatikan', 'negative')]",[S] negative [A] kebersihan [O] karena terlalu banyak kamar jadi tidak diperhatikan,"tabil sekali , jadi proses berjalan sangat mulus masalah ekonomi .","[('ekonomi', 'stabil sekali , jadi proses berjalan sangat mulus', 'positive')]","[S] positive [A] ekonomi [O] stabil sekali , jadi proses berjalan sangat mulus",True
OAS,karena terlalu banyak kamar jadi tidak diperhatikan masalah kebersihan .,"[('kebersihan', 'karena terlalu banyak kamar jadi tidak diperhatikan', 'negative')]",[O] karena terlalu banyak kamar jadi tidak diperhatikan [A] kebersihan [S] negative,"tabil sekali , jadi proses berjalan sangat mulus masalah ekonomi .","[('ekonomi', 'stabil sekali , jadi proses berjalan sangat mulus', 'positive')]","[O] stabil sekali , jadi proses berjalan sangat mulus [A] ekonomi [S] positive",True
OSA,karena terlalu banyak kamar jadi tidak diperhatikan masalah kebersihan .,"[('kebersihan', 'karena terlalu banyak kamar jadi tidak diperhatikan', 'negative')]",[O] karena terlalu banyak kamar jadi tidak diperhatikan [S] negative [A] kebersihan,"tabil sekali , jadi proses berjalan sangat mulus masalah ekonomi .","[('ekonomi', 'stabil sekali , jadi proses berjalan sangat mulus', 'positive')]","[O] stabil sekali , jadi proses berjalan sangat mulus [S] positive [A] ekonomi",True
AOS,tidak ada wifi sesuai yang di iklankan .,"[('wifi', 'tidak ada', 'negative')]",[A] wifi [O] tidak ada [S] negative,baiknya drum sesuai yang di iklankan .,"[('drum', 'baiknya', 'positive')]",[A] drum [O] baiknya [S] positive,True
ASO,tidak ada wifi sesuai yang di iklankan .,"[('wifi', 'tidak ada', 'negative')]",[A] wifi [S] negative [O] tidak ada,baiknya drum sesuai yang di iklankan .,"[('drum', 'baiknya', 'positive')]",[A] drum [S] positive [O] baiknya,True
SAO,tidak ada wifi sesuai yang di iklankan .,"[('wifi', 'tidak ada', 'negative')]",[S] negative [A] wifi [O] tidak ada,baiknya drum sesuai yang di iklankan .,"[('drum', 'baiknya', 'positive')]",[S] positive [A] drum [O] baiknya,True
OAS,tidak ada wifi sesuai yang di iklankan .,"[('wifi', 'tidak ada', 'negative')]",[O] tidak ada [A] wifi [S] negative,baiknya drum sesuai yang di iklankan .,"[('drum', 'baiknya', 'positive')]",[O] baiknya [A] drum [S] positive,True
OSA,tidak ada wifi sesuai yang di iklankan .,"[('wifi', 'tidak ada', 'negative')]",[O] tidak ada [S] negative [A] wifi,baiknya drum sesuai yang di iklankan .,"[('drum', 'baiknya', 'positive')]",[O] baiknya [S] positive [A] drum,True
