order,original_sentence,original_triplet,original_label_variant,counterfact4_replaced,counterfact_triplet4_replaced,counterfact_label_variant,is_match
AOS,palayanan lumayan alus .,"[('palayanan', 'lumayan alus', 'positive')]",[A] palayanan [O] lumayan alus [S] positive,pananyana goreng pisan .,"[('pananyana', 'goreng pisan', 'negative')]",[A] pananyana [O] goreng pisan [S] negative,True
ASO,palayanan lumayan alus .,"[('palayanan', 'lumayan alus', 'positive')]",[A] palayanan [S] positive [O] lumayan alus,pananyana goreng pisan .,"[('pananyana', 'goreng pisan', 'negative')]",[A] pananyana [S] negative [O] goreng pisan,True
SAO,palayanan lumayan alus .,"[('palayanan', 'lumayan alus', 'positive')]",[S] positive [A] palayanan [O] lumayan alus,pananyana goreng pisan .,"[('pananyana', 'goreng pisan', 'negative')]",[S] negative [A] pananyana [O] goreng pisan,True
OAS,palayanan lumayan alus .,"[('palayanan', 'lumayan alus', 'positive')]",[O] lumayan alus [A] palayanan [S] positive,pananyana goreng pisan .,"[('pananyana', 'goreng pisan', 'negative')]",[O] goreng pisan [A] pananyana [S] negative,True
OSA,palayanan lumayan alus .,"[('palayanan', 'lumayan alus', 'positive')]",[O] lumayan alus [S] positive [A] palayanan,pananyana goreng pisan .,"[('pananyana', 'goreng pisan', 'negative')]",[O] goreng pisan [S] negative [A] pananyana,True
AOS,suasanana kurang ngeunaheun . lamun ngendong kudu deposit 300 rébu . ngan bisa diganti ku ktp .,"[('suasanana', 'kurang ngeunaheun', 'negative')]",[A] suasanana [O] kurang ngeunaheun [S] negative,baturanna pikabetaheun pisan . lamun ngendong kudu deposit 300 rébu . ngan bisa diganti ku ktp .,"[('baturanna', 'pikabetaheun pisan', 'positive')]",[A] baturanna [O] pikabetaheun pisan [S] positive,True
ASO,suasanana kurang ngeunaheun . lamun ngendong kudu deposit 300 rébu . ngan bisa diganti ku ktp .,"[('suasanana', 'kurang ngeunaheun', 'negative')]",[A] suasanana [S] negative [O] kurang ngeunaheun,baturanna pikabetaheun pisan . lamun ngendong kudu deposit 300 rébu . ngan bisa diganti ku ktp .,"[('baturanna', 'pikabetaheun pisan', 'positive')]",[A] baturanna [S] positive [O] pikabetaheun pisan,True
SAO,suasanana kurang ngeunaheun . lamun ngendong kudu deposit 300 rébu . ngan bisa diganti ku ktp .,"[('suasanana', 'kurang ngeunaheun', 'negative')]",[S] negative [A] suasanana [O] kurang ngeunaheun,baturanna pikabetaheun pisan . lamun ngendong kudu deposit 300 rébu . ngan bisa diganti ku ktp .,"[('baturanna', 'pikabetaheun pisan', 'positive')]",[S] positive [A] baturanna [O] pikabetaheun pisan,True
OAS,suasanana kurang ngeunaheun . lamun ngendong kudu deposit 300 rébu . ngan bisa diganti ku ktp .,"[('suasanana', 'kurang ngeunaheun', 'negative')]",[O] kurang ngeunaheun [A] suasanana [S] negative,baturanna pikabetaheun pisan . lamun ngendong kudu deposit 300 rébu . ngan bisa diganti ku ktp .,"[('baturanna', 'pikabetaheun pisan', 'positive')]",[O] pikabetaheun pisan [A] baturanna [S] positive,True
OSA,suasanana kurang ngeunaheun . lamun ngendong kudu deposit 300 rébu . ngan bisa diganti ku ktp .,"[('suasanana', 'kurang ngeunaheun', 'negative')]",[O] kurang ngeunaheun [S] negative [A] suasanana,baturanna pikabetaheun pisan . lamun ngendong kudu deposit 300 rébu . ngan bisa diganti ku ktp .,"[('baturanna', 'pikabetaheun pisan', 'positive')]",[O] pikabetaheun pisan [S] positive [A] baturanna,True
AOS,dahareun kurang muaskeun .,"[('dahareun', 'kurang muaskeun', 'negative')]",[A] dahareun [O] kurang muaskeun [S] negative,dangdaunan muaskeun pisan .,"[('dangdaunan', 'muaskeun pisan', 'positive')]",[A] dangdaunan [O] muaskeun pisan [S] positive,True
ASO,dahareun kurang muaskeun .,"[('dahareun', 'kurang muaskeun', 'negative')]",[A] dahareun [S] negative [O] kurang muaskeun,dangdaunan muaskeun pisan .,"[('dangdaunan', 'muaskeun pisan', 'positive')]",[A] dangdaunan [S] positive [O] muaskeun pisan,True
SAO,dahareun kurang muaskeun .,"[('dahareun', 'kurang muaskeun', 'negative')]",[S] negative [A] dahareun [O] kurang muaskeun,dangdaunan muaskeun pisan .,"[('dangdaunan', 'muaskeun pisan', 'positive')]",[S] positive [A] dangdaunan [O] muaskeun pisan,True
OAS,dahareun kurang muaskeun .,"[('dahareun', 'kurang muaskeun', 'negative')]",[O] kurang muaskeun [A] dahareun [S] negative,dangdaunan muaskeun pisan .,"[('dangdaunan', 'muaskeun pisan', 'positive')]",[O] muaskeun pisan [A] dangdaunan [S] positive,True
OSA,dahareun kurang muaskeun .,"[('dahareun', 'kurang muaskeun', 'negative')]",[O] kurang muaskeun [S] negative [A] dahareun,dangdaunan muaskeun pisan .,"[('dangdaunan', 'muaskeun pisan', 'positive')]",[O] muaskeun pisan [S] positive [A] dangdaunan,True
AOS,tempatna mah ngeunaheun keur istirahat .,"[('tempatna', 'ngeunaheun', 'positive')]",[A] tempatna [O] ngeunaheun [S] positive,kesetna mah kurang beresih keur istirahat .,"[('kesetna', 'kurang beresih', 'negative')]",[A] kesetna [O] kurang beresih [S] negative,True
ASO,tempatna mah ngeunaheun keur istirahat .,"[('tempatna', 'ngeunaheun', 'positive')]",[A] tempatna [S] positive [O] ngeunaheun,kesetna mah kurang beresih keur istirahat .,"[('kesetna', 'kurang beresih', 'negative')]",[A] kesetna [S] negative [O] kurang beresih,True
SAO,tempatna mah ngeunaheun keur istirahat .,"[('tempatna', 'ngeunaheun', 'positive')]",[S] positive [A] tempatna [O] ngeunaheun,kesetna mah kurang beresih keur istirahat .,"[('kesetna', 'kurang beresih', 'negative')]",[S] negative [A] kesetna [O] kurang beresih,True
OAS,tempatna mah ngeunaheun keur istirahat .,"[('tempatna', 'ngeunaheun', 'positive')]",[O] ngeunaheun [A] tempatna [S] positive,kesetna mah kurang beresih keur istirahat .,"[('kesetna', 'kurang beresih', 'negative')]",[O] kurang beresih [A] kesetna [S] negative,True
OSA,tempatna mah ngeunaheun keur istirahat .,"[('tempatna', 'ngeunaheun', 'positive')]",[O] ngeunaheun [S] positive [A] tempatna,kesetna mah kurang beresih keur istirahat .,"[('kesetna', 'kurang beresih', 'negative')]",[O] kurang beresih [S] negative [A] kesetna,True
AOS,kamarna beresih .,"[('kamarna', 'beresih', 'positive')]",[A] kamarna [O] beresih [S] positive,mobilna rujit .,"[('mobilna', 'rujit', 'negative')]",[A] mobilna [O] rujit [S] negative,True
ASO,kamarna beresih .,"[('kamarna', 'beresih', 'positive')]",[A] kamarna [S] positive [O] beresih,mobilna rujit .,"[('mobilna', 'rujit', 'negative')]",[A] mobilna [S] negative [O] rujit,True
SAO,kamarna beresih .,"[('kamarna', 'beresih', 'positive')]",[S] positive [A] kamarna [O] beresih,mobilna rujit .,"[('mobilna', 'rujit', 'negative')]",[S] negative [A] mobilna [O] rujit,True
OAS,kamarna beresih .,"[('kamarna', 'beresih', 'positive')]",[O] beresih [A] kamarna [S] positive,mobilna rujit .,"[('mobilna', 'rujit', 'negative')]",[O] rujit [A] mobilna [S] negative,True
OSA,kamarna beresih .,"[('kamarna', 'beresih', 'positive')]",[O] beresih [S] positive [A] kamarna,mobilna rujit .,"[('mobilna', 'rujit', 'negative')]",[O] rujit [S] negative [A] mobilna,True
AOS,hargana kajangkau jeung deukeut ka tengah kota bandung .,"[('hargana', 'kajangkau', 'positive')]",[A] hargana [O] kajangkau [S] positive,kacamata marahal pisan jeung deukeut ka tengah kota bandung .,"[('kacamata', 'marahal pisan', 'negative')]",[A] kacamata [O] marahal pisan [S] negative,True
ASO,hargana kajangkau jeung deukeut ka tengah kota bandung .,"[('hargana', 'kajangkau', 'positive')]",[A] hargana [S] positive [O] kajangkau,kacamata marahal pisan jeung deukeut ka tengah kota bandung .,"[('kacamata', 'marahal pisan', 'negative')]",[A] kacamata [S] negative [O] marahal pisan,True
SAO,hargana kajangkau jeung deukeut ka tengah kota bandung .,"[('hargana', 'kajangkau', 'positive')]",[S] positive [A] hargana [O] kajangkau,kacamata marahal pisan jeung deukeut ka tengah kota bandung .,"[('kacamata', 'marahal pisan', 'negative')]",[S] negative [A] kacamata [O] marahal pisan,True
OAS,hargana kajangkau jeung deukeut ka tengah kota bandung .,"[('hargana', 'kajangkau', 'positive')]",[O] kajangkau [A] hargana [S] positive,kacamata marahal pisan jeung deukeut ka tengah kota bandung .,"[('kacamata', 'marahal pisan', 'negative')]",[O] marahal pisan [A] kacamata [S] negative,True
OSA,hargana kajangkau jeung deukeut ka tengah kota bandung .,"[('hargana', 'kajangkau', 'positive')]",[O] kajangkau [S] positive [A] hargana,kacamata marahal pisan jeung deukeut ka tengah kota bandung .,"[('kacamata', 'marahal pisan', 'negative')]",[O] marahal pisan [S] negative [A] kacamata,True
AOS,kamar nu katarima téh teu pati beresih .,"[('kamar', 'teu pati beresih', 'negative')]",[A] kamar [O] teu pati beresih [S] negative,lapangan nu katarima téh meni lalega pisan .,"[('lapangan', 'meni lalega pisan', 'positive')]",[A] lapangan [O] meni lalega pisan [S] positive,True
ASO,kamar nu katarima téh teu pati beresih .,"[('kamar', 'teu pati beresih', 'negative')]",[A] kamar [S] negative [O] teu pati beresih,lapangan nu katarima téh meni lalega pisan .,"[('lapangan', 'meni lalega pisan', 'positive')]",[A] lapangan [S] positive [O] meni lalega pisan,True
SAO,kamar nu katarima téh teu pati beresih .,"[('kamar', 'teu pati beresih', 'negative')]",[S] negative [A] kamar [O] teu pati beresih,lapangan nu katarima téh meni lalega pisan .,"[('lapangan', 'meni lalega pisan', 'positive')]",[S] positive [A] lapangan [O] meni lalega pisan,True
OAS,kamar nu katarima téh teu pati beresih .,"[('kamar', 'teu pati beresih', 'negative')]",[O] teu pati beresih [A] kamar [S] negative,lapangan nu katarima téh meni lalega pisan .,"[('lapangan', 'meni lalega pisan', 'positive')]",[O] meni lalega pisan [A] lapangan [S] positive,True
OSA,kamar nu katarima téh teu pati beresih .,"[('kamar', 'teu pati beresih', 'negative')]",[O] teu pati beresih [S] negative [A] kamar,lapangan nu katarima téh meni lalega pisan .,"[('lapangan', 'meni lalega pisan', 'positive')]",[O] meni lalega pisan [S] positive [A] lapangan,True
AOS,hotél kurang ngeunaheun .,"[('hotél', 'kurang ngeunaheun', 'negative')]",[A] hotél [O] kurang ngeunaheun [S] negative,irung ngeunaheun pisan .,"[('irung', 'ngeunaheun pisan', 'positive')]",[A] irung [O] ngeunaheun pisan [S] positive,True
ASO,hotél kurang ngeunaheun .,"[('hotél', 'kurang ngeunaheun', 'negative')]",[A] hotél [S] negative [O] kurang ngeunaheun,irung ngeunaheun pisan .,"[('irung', 'ngeunaheun pisan', 'positive')]",[A] irung [S] positive [O] ngeunaheun pisan,True
SAO,hotél kurang ngeunaheun .,"[('hotél', 'kurang ngeunaheun', 'negative')]",[S] negative [A] hotél [O] kurang ngeunaheun,irung ngeunaheun pisan .,"[('irung', 'ngeunaheun pisan', 'positive')]",[S] positive [A] irung [O] ngeunaheun pisan,True
OAS,hotél kurang ngeunaheun .,"[('hotél', 'kurang ngeunaheun', 'negative')]",[O] kurang ngeunaheun [A] hotél [S] negative,irung ngeunaheun pisan .,"[('irung', 'ngeunaheun pisan', 'positive')]",[O] ngeunaheun pisan [A] irung [S] positive,True
OSA,hotél kurang ngeunaheun .,"[('hotél', 'kurang ngeunaheun', 'negative')]",[O] kurang ngeunaheun [S] negative [A] hotél,irung ngeunaheun pisan .,"[('irung', 'ngeunaheun pisan', 'positive')]",[O] ngeunaheun pisan [S] positive [A] irung,True
AOS,ieu tempatna oke .,"[('tempatna', 'oke', 'positive')]",[A] tempatna [O] oke [S] positive,ieu patlotna butut .,"[('patlotna', 'butut', 'negative')]",[A] patlotna [O] butut [S] negative,True
ASO,ieu tempatna oke .,"[('tempatna', 'oke', 'positive')]",[A] tempatna [S] positive [O] oke,ieu patlotna butut .,"[('patlotna', 'butut', 'negative')]",[A] patlotna [S] negative [O] butut,True
SAO,ieu tempatna oke .,"[('tempatna', 'oke', 'positive')]",[S] positive [A] tempatna [O] oke,ieu patlotna butut .,"[('patlotna', 'butut', 'negative')]",[S] negative [A] patlotna [O] butut,True
OAS,ieu tempatna oke .,"[('tempatna', 'oke', 'positive')]",[O] oke [A] tempatna [S] positive,ieu patlotna butut .,"[('patlotna', 'butut', 'negative')]",[O] butut [A] patlotna [S] negative,True
OSA,ieu tempatna oke .,"[('tempatna', 'oke', 'positive')]",[O] oke [S] positive [A] tempatna,ieu patlotna butut .,"[('patlotna', 'butut', 'negative')]",[O] butut [S] negative [A] patlotna,True
AOS,palayanan oke .,"[('palayanan', 'oke', 'positive')]",[A] palayanan [O] oke [S] positive,sawahna goreng .,"[('sawahna', 'goreng', 'negative')]",[A] sawahna [O] goreng [S] negative,True
ASO,palayanan oke .,"[('palayanan', 'oke', 'positive')]",[A] palayanan [S] positive [O] oke,sawahna goreng .,"[('sawahna', 'goreng', 'negative')]",[A] sawahna [S] negative [O] goreng,True
SAO,palayanan oke .,"[('palayanan', 'oke', 'positive')]",[S] positive [A] palayanan [O] oke,sawahna goreng .,"[('sawahna', 'goreng', 'negative')]",[S] negative [A] sawahna [O] goreng,True
OAS,palayanan oke .,"[('palayanan', 'oke', 'positive')]",[O] oke [A] palayanan [S] positive,sawahna goreng .,"[('sawahna', 'goreng', 'negative')]",[O] goreng [A] sawahna [S] negative,True
OSA,palayanan oke .,"[('palayanan', 'oke', 'positive')]",[O] oke [S] positive [A] palayanan,sawahna goreng .,"[('sawahna', 'goreng', 'negative')]",[O] goreng [S] negative [A] sawahna,True
AOS,kamar mandi nguyumbang .,"[('kamar mandi', 'nguyumbang', 'negative')]",[A] kamar mandi [O] nguyumbang [S] negative,buku tulis aralus pisan .,"[('buku tulis', 'aralus pisan', 'positive')]",[A] buku tulis [O] aralus pisan [S] positive,True
ASO,kamar mandi nguyumbang .,"[('kamar mandi', 'nguyumbang', 'negative')]",[A] kamar mandi [S] negative [O] nguyumbang,buku tulis aralus pisan .,"[('buku tulis', 'aralus pisan', 'positive')]",[A] buku tulis [S] positive [O] aralus pisan,True
SAO,kamar mandi nguyumbang .,"[('kamar mandi', 'nguyumbang', 'negative')]",[S] negative [A] kamar mandi [O] nguyumbang,buku tulis aralus pisan .,"[('buku tulis', 'aralus pisan', 'positive')]",[S] positive [A] buku tulis [O] aralus pisan,True
OAS,kamar mandi nguyumbang .,"[('kamar mandi', 'nguyumbang', 'negative')]",[O] nguyumbang [A] kamar mandi [S] negative,buku tulis aralus pisan .,"[('buku tulis', 'aralus pisan', 'positive')]",[O] aralus pisan [A] buku tulis [S] positive,True
OSA,kamar mandi nguyumbang .,"[('kamar mandi', 'nguyumbang', 'negative')]",[O] nguyumbang [S] negative [A] kamar mandi,buku tulis aralus pisan .,"[('buku tulis', 'aralus pisan', 'positive')]",[O] aralus pisan [S] positive [A] buku tulis,True
AOS,solusi hotél méwah harga murah .,"[('harga', 'murah', 'positive')]",[A] harga [O] murah [S] positive,solusi hotél méwah bal péot.,"[('bal', 'péot', 'negative')]",[A] bal [O] péot [S] negative,True
ASO,solusi hotél méwah harga murah .,"[('harga', 'murah', 'positive')]",[A] harga [S] positive [O] murah,solusi hotél méwah bal péot.,"[('bal', 'péot', 'negative')]",[A] bal [S] negative [O] péot,True
SAO,solusi hotél méwah harga murah .,"[('harga', 'murah', 'positive')]",[S] positive [A] harga [O] murah,solusi hotél méwah bal péot.,"[('bal', 'péot', 'negative')]",[S] negative [A] bal [O] péot,True
OAS,solusi hotél méwah harga murah .,"[('harga', 'murah', 'positive')]",[O] murah [A] harga [S] positive,solusi hotél méwah bal péot.,"[('bal', 'péot', 'negative')]",[O] péot [A] bal [S] negative,True
OSA,solusi hotél méwah harga murah .,"[('harga', 'murah', 'positive')]",[O] murah [S] positive [A] harga,solusi hotél méwah bal péot.,"[('bal', 'péot', 'negative')]",[O] péot [S] negative [A] bal,True
AOS,tempatna mah ngeunaheun .,"[('tempatna', 'ngeunaheun', 'positive')]",[A] tempatna [O] ngeunaheun [S] positive,inumanna mah geuleuh pisan .,"[('inumanna', 'geuleuh pisan', 'negative')]",[A] inumanna [O] geuleuh pisan [S] negative,True
ASO,tempatna mah ngeunaheun .,"[('tempatna', 'ngeunaheun', 'positive')]",[A] tempatna [S] positive [O] ngeunaheun,inumanna mah geuleuh pisan .,"[('inumanna', 'geuleuh pisan', 'negative')]",[A] inumanna [S] negative [O] geuleuh pisan,True
SAO,tempatna mah ngeunaheun .,"[('tempatna', 'ngeunaheun', 'positive')]",[S] positive [A] tempatna [O] ngeunaheun,inumanna mah geuleuh pisan .,"[('inumanna', 'geuleuh pisan', 'negative')]",[S] negative [A] inumanna [O] geuleuh pisan,True
OAS,tempatna mah ngeunaheun .,"[('tempatna', 'ngeunaheun', 'positive')]",[O] ngeunaheun [A] tempatna [S] positive,inumanna mah geuleuh pisan .,"[('inumanna', 'geuleuh pisan', 'negative')]",[O] geuleuh pisan [A] inumanna [S] negative,True
OSA,tempatna mah ngeunaheun .,"[('tempatna', 'ngeunaheun', 'positive')]",[O] ngeunaheun [S] positive [A] tempatna,inumanna mah geuleuh pisan .,"[('inumanna', 'geuleuh pisan', 'negative')]",[O] geuleuh pisan [S] negative [A] inumanna,True
AOS,kamar alus .,"[('kamar', 'alus', 'positive')]",[A] kamar [O] alus [S] positive,gelas butut .,"[('gelas', 'butut', 'negative')]",[A] gelas [O] butut [S] negative,True
ASO,kamar alus .,"[('kamar', 'alus', 'positive')]",[A] kamar [S] positive [O] alus,gelas butut .,"[('gelas', 'butut', 'negative')]",[A] gelas [S] negative [O] butut,True
SAO,kamar alus .,"[('kamar', 'alus', 'positive')]",[S] positive [A] kamar [O] alus,gelas butut .,"[('gelas', 'butut', 'negative')]",[S] negative [A] gelas [O] butut,True
OAS,kamar alus .,"[('kamar', 'alus', 'positive')]",[O] alus [A] kamar [S] positive,gelas butut .,"[('gelas', 'butut', 'negative')]",[O] butut [A] gelas [S] negative,True
OSA,kamar alus .,"[('kamar', 'alus', 'positive')]",[O] alus [S] positive [A] kamar,gelas butut .,"[('gelas', 'butut', 'negative')]",[O] butut [S] negative [A] gelas,True
AOS,tempat ngéndong anu ngeunaheun .,"[('tempat', 'ngeunaheun', 'positive')]",[A] tempat [O] ngeunaheun [S] positive,caina ngéndong anu barutek pisan .,"[('caina', 'barutek pisan', 'negative')]",[A] caina [O] barutek pisan [S] negative,True
ASO,tempat ngéndong anu ngeunaheun .,"[('tempat', 'ngeunaheun', 'positive')]",[A] tempat [S] positive [O] ngeunaheun,caina ngéndong anu barutek pisan .,"[('caina', 'barutek pisan', 'negative')]",[A] caina [S] negative [O] barutek pisan,True
SAO,tempat ngéndong anu ngeunaheun .,"[('tempat', 'ngeunaheun', 'positive')]",[S] positive [A] tempat [O] ngeunaheun,caina ngéndong anu barutek pisan .,"[('caina', 'barutek pisan', 'negative')]",[S] negative [A] caina [O] barutek pisan,True
OAS,tempat ngéndong anu ngeunaheun .,"[('tempat', 'ngeunaheun', 'positive')]",[O] ngeunaheun [A] tempat [S] positive,caina ngéndong anu barutek pisan .,"[('caina', 'barutek pisan', 'negative')]",[O] barutek pisan [A] caina [S] negative,True
OSA,tempat ngéndong anu ngeunaheun .,"[('tempat', 'ngeunaheun', 'positive')]",[O] ngeunaheun [S] positive [A] tempat,caina ngéndong anu barutek pisan .,"[('caina', 'barutek pisan', 'negative')]",[O] barutek pisan [S] negative [A] caina,True
AOS,kamar mandi kurang beresih .,"[('kamar mandi', 'kurang beresih', 'negative')]",[A] kamar mandi [O] kurang beresih [S] negative,selimutna beresih pisan .,"[('selimutna', 'beresih pisan', 'positive')]",[A] selimutna [O] beresih pisan [S] positive,True
ASO,kamar mandi kurang beresih .,"[('kamar mandi', 'kurang beresih', 'negative')]",[A] kamar mandi [S] negative [O] kurang beresih,selimutna beresih pisan .,"[('selimutna', 'beresih pisan', 'positive')]",[A] selimutna [S] positive [O] beresih pisan,True
SAO,kamar mandi kurang beresih .,"[('kamar mandi', 'kurang beresih', 'negative')]",[S] negative [A] kamar mandi [O] kurang beresih,selimutna beresih pisan .,"[('selimutna', 'beresih pisan', 'positive')]",[S] positive [A] selimutna [O] beresih pisan,True
OAS,kamar mandi kurang beresih .,"[('kamar mandi', 'kurang beresih', 'negative')]",[O] kurang beresih [A] kamar mandi [S] negative,selimutna beresih pisan .,"[('selimutna', 'beresih pisan', 'positive')]",[O] beresih pisan [A] selimutna [S] positive,True
OSA,kamar mandi kurang beresih .,"[('kamar mandi', 'kurang beresih', 'negative')]",[O] kurang beresih [S] negative [A] kamar mandi,selimutna beresih pisan .,"[('selimutna', 'beresih pisan', 'positive')]",[O] beresih pisan [S] positive [A] selimutna,True
AOS,palayanan alus . nuhun .,"[('palayanan', 'alus', 'positive')]",[A] palayanan [O] alus [S] positive,lemarina goreng . nuhun .,"[('lemarina', 'goreng', 'negative')]",[A] lemarina [O] goreng [S] negative,True
ASO,palayanan alus . nuhun .,"[('palayanan', 'alus', 'positive')]",[A] palayanan [S] positive [O] alus,lemarina goreng . nuhun .,"[('lemarina', 'goreng', 'negative')]",[A] lemarina [S] negative [O] goreng,True
SAO,palayanan alus . nuhun .,"[('palayanan', 'alus', 'positive')]",[S] positive [A] palayanan [O] alus,lemarina goreng . nuhun .,"[('lemarina', 'goreng', 'negative')]",[S] negative [A] lemarina [O] goreng,True
OAS,palayanan alus . nuhun .,"[('palayanan', 'alus', 'positive')]",[O] alus [A] palayanan [S] positive,lemarina goreng . nuhun .,"[('lemarina', 'goreng', 'negative')]",[O] goreng [A] lemarina [S] negative,True
OSA,palayanan alus . nuhun .,"[('palayanan', 'alus', 'positive')]",[O] alus [S] positive [A] palayanan,lemarina goreng . nuhun .,"[('lemarina', 'goreng', 'negative')]",[O] goreng [S] negative [A] lemarina,True
AOS,hotelna ngeunaheun pisan .,"[('hotelna', 'ngeunaheun pisan', 'positive')]",[A] hotelna [O] ngeunaheun pisan [S] positive,uyah teu ngeunaheun .,"[('uyah', 'teu ngeunaheun', 'negative')]",[A] uyah [O] teu ngeunaheun [S] negative,True
ASO,hotelna ngeunaheun pisan .,"[('hotelna', 'ngeunaheun pisan', 'positive')]",[A] hotelna [S] positive [O] ngeunaheun pisan,uyah teu ngeunaheun .,"[('uyah', 'teu ngeunaheun', 'negative')]",[A] uyah [S] negative [O] teu ngeunaheun,True
SAO,hotelna ngeunaheun pisan .,"[('hotelna', 'ngeunaheun pisan', 'positive')]",[S] positive [A] hotelna [O] ngeunaheun pisan,uyah teu ngeunaheun .,"[('uyah', 'teu ngeunaheun', 'negative')]",[S] negative [A] uyah [O] teu ngeunaheun,True
OAS,hotelna ngeunaheun pisan .,"[('hotelna', 'ngeunaheun pisan', 'positive')]",[O] ngeunaheun pisan [A] hotelna [S] positive,uyah teu ngeunaheun .,"[('uyah', 'teu ngeunaheun', 'negative')]",[O] teu ngeunaheun [A] uyah [S] negative,True
OSA,hotelna ngeunaheun pisan .,"[('hotelna', 'ngeunaheun pisan', 'positive')]",[O] ngeunaheun pisan [S] positive [A] hotelna,uyah teu ngeunaheun .,"[('uyah', 'teu ngeunaheun', 'negative')]",[O] teu ngeunaheun [S] negative [A] uyah,True
AOS,"lokasina strategis deukeut alun-alun malang , loba tempat dahar .","[('lokasina', 'strategis', 'positive')]",[A] lokasina [O] strategis [S] positive,"uyahna hese deukeut alun-alun malang , loba tempat dahar .","[('uyahna', 'hese', 'negative')]",[A] uyahna [O] hese [S] negative,True
ASO,"lokasina strategis deukeut alun-alun malang , loba tempat dahar .","[('lokasina', 'strategis', 'positive')]",[A] lokasina [S] positive [O] strategis,"uyahna hese deukeut alun-alun malang , loba tempat dahar .","[('uyahna', 'hese', 'negative')]",[A] uyahna [S] negative [O] hese,True
SAO,"lokasina strategis deukeut alun-alun malang , loba tempat dahar .","[('lokasina', 'strategis', 'positive')]",[S] positive [A] lokasina [O] strategis,"uyahna hese deukeut alun-alun malang , loba tempat dahar .","[('uyahna', 'hese', 'negative')]",[S] negative [A] uyahna [O] hese,True
OAS,"lokasina strategis deukeut alun-alun malang , loba tempat dahar .","[('lokasina', 'strategis', 'positive')]",[O] strategis [A] lokasina [S] positive,"uyahna hese deukeut alun-alun malang , loba tempat dahar .","[('uyahna', 'hese', 'negative')]",[O] hese [A] uyahna [S] negative,True
OSA,"lokasina strategis deukeut alun-alun malang , loba tempat dahar .","[('lokasina', 'strategis', 'positive')]",[O] strategis [S] positive [A] lokasina,"uyahna hese deukeut alun-alun malang , loba tempat dahar .","[('uyahna', 'hese', 'negative')]",[O] hese [S] negative [A] uyahna,True
AOS,résepsionisna ramah ka palangganna .,"[('résepsionisna', 'ramah', 'positive')]",[A] résepsionisna [O] ramah [S] positive,jelema nu meserna pedit ka palangganna .,"[('jelema nu meserna', 'pedit', 'negative')]",[A] jelema nu meserna [O] pedit [S] negative,True
ASO,résepsionisna ramah ka palangganna .,"[('résepsionisna', 'ramah', 'positive')]",[A] résepsionisna [S] positive [O] ramah,jelema nu meserna pedit ka palangganna .,"[('jelema nu meserna', 'pedit', 'negative')]",[A] jelema nu meserna [S] negative [O] pedit,True
SAO,résepsionisna ramah ka palangganna .,"[('résepsionisna', 'ramah', 'positive')]",[S] positive [A] résepsionisna [O] ramah,jelema nu meserna pedit ka palangganna .,"[('jelema nu meserna', 'pedit', 'negative')]",[S] negative [A] jelema nu meserna [O] pedit,True
OAS,résepsionisna ramah ka palangganna .,"[('résepsionisna', 'ramah', 'positive')]",[O] ramah [A] résepsionisna [S] positive,jelema nu meserna pedit ka palangganna .,"[('jelema nu meserna', 'pedit', 'negative')]",[O] pedit [A] jelema nu meserna [S] negative,True
OSA,résepsionisna ramah ka palangganna .,"[('résepsionisna', 'ramah', 'positive')]",[O] ramah [S] positive [A] résepsionisna,jelema nu meserna pedit ka palangganna .,"[('jelema nu meserna', 'pedit', 'negative')]",[O] pedit [S] negative [A] jelema nu meserna,True
AOS,"ngeunah tempatna , deukeut masjid , tinggal leumpang lamun rék solat . tuluy nu pasti , 7 garansi kapuasan kacumponan .","[('tempatna', 'ngeunah', 'positive')]",[A] tempatna [O] ngeunah [S] positive,"ngeupeul jelemana , deukeut masjid , tinggal leumpang lamun rék solat . tuluy nu pasti , 7 garansi kapuasan kacumponan .","[('jelemana', 'ngeupeul', 'negative')]",[A] jelemana [O] ngeupeul [S] negative,True
ASO,"ngeunah tempatna , deukeut masjid , tinggal leumpang lamun rék solat . tuluy nu pasti , 7 garansi kapuasan kacumponan .","[('tempatna', 'ngeunah', 'positive')]",[A] tempatna [S] positive [O] ngeunah,"ngeupeul jelemana , deukeut masjid , tinggal leumpang lamun rék solat . tuluy nu pasti , 7 garansi kapuasan kacumponan .","[('jelemana', 'ngeupeul', 'negative')]",[A] jelemana [S] negative [O] ngeupeul,True
SAO,"ngeunah tempatna , deukeut masjid , tinggal leumpang lamun rék solat . tuluy nu pasti , 7 garansi kapuasan kacumponan .","[('tempatna', 'ngeunah', 'positive')]",[S] positive [A] tempatna [O] ngeunah,"ngeupeul jelemana , deukeut masjid , tinggal leumpang lamun rék solat . tuluy nu pasti , 7 garansi kapuasan kacumponan .","[('jelemana', 'ngeupeul', 'negative')]",[S] negative [A] jelemana [O] ngeupeul,True
OAS,"ngeunah tempatna , deukeut masjid , tinggal leumpang lamun rék solat . tuluy nu pasti , 7 garansi kapuasan kacumponan .","[('tempatna', 'ngeunah', 'positive')]",[O] ngeunah [A] tempatna [S] positive,"ngeupeul jelemana , deukeut masjid , tinggal leumpang lamun rék solat . tuluy nu pasti , 7 garansi kapuasan kacumponan .","[('jelemana', 'ngeupeul', 'negative')]",[O] ngeupeul [A] jelemana [S] negative,True
OSA,"ngeunah tempatna , deukeut masjid , tinggal leumpang lamun rék solat . tuluy nu pasti , 7 garansi kapuasan kacumponan .","[('tempatna', 'ngeunah', 'positive')]",[O] ngeunah [S] positive [A] tempatna,"ngeupeul jelemana , deukeut masjid , tinggal leumpang lamun rék solat . tuluy nu pasti , 7 garansi kapuasan kacumponan .","[('jelemana', 'ngeupeul', 'negative')]",[O] ngeupeul [S] negative [A] jelemana,True
AOS,kamarna kotor .,"[('kamarna', 'kotor', 'negative')]",[A] kamarna [O] kotor [S] negative,daharna saé .,"[('daharna', 'saé', 'positive')]",[A] daharna [O] saé [S] positive,True
ASO,kamarna kotor .,"[('kamarna', 'kotor', 'negative')]",[A] kamarna [S] negative [O] kotor,daharna saé .,"[('daharna', 'saé', 'positive')]",[A] daharna [S] positive [O] saé,True
SAO,kamarna kotor .,"[('kamarna', 'kotor', 'negative')]",[S] negative [A] kamarna [O] kotor,daharna saé .,"[('daharna', 'saé', 'positive')]",[S] positive [A] daharna [O] saé,True
OAS,kamarna kotor .,"[('kamarna', 'kotor', 'negative')]",[O] kotor [A] kamarna [S] negative,daharna saé .,"[('daharna', 'saé', 'positive')]",[O] saé [A] daharna [S] positive,True
OSA,kamarna kotor .,"[('kamarna', 'kotor', 'negative')]",[O] kotor [S] negative [A] kamarna,daharna saé .,"[('daharna', 'saé', 'positive')]",[O] saé [S] positive [A] daharna,True
AOS,"lokasina alus , deukeut stasion mangga besar .","[('lokasina', 'alus', 'positive')]",[A] lokasina [O] alus [S] positive,"payungna butut , deukeut stasion mangga besar .","[('payungna', 'butut', 'negative')]",[A] payungna [O] butut [S] negative,True
ASO,"lokasina alus , deukeut stasion mangga besar .","[('lokasina', 'alus', 'positive')]",[A] lokasina [S] positive [O] alus,"payungna butut , deukeut stasion mangga besar .","[('payungna', 'butut', 'negative')]",[A] payungna [S] negative [O] butut,True
SAO,"lokasina alus , deukeut stasion mangga besar .","[('lokasina', 'alus', 'positive')]",[S] positive [A] lokasina [O] alus,"payungna butut , deukeut stasion mangga besar .","[('payungna', 'butut', 'negative')]",[S] negative [A] payungna [O] butut,True
OAS,"lokasina alus , deukeut stasion mangga besar .","[('lokasina', 'alus', 'positive')]",[O] alus [A] lokasina [S] positive,"payungna butut , deukeut stasion mangga besar .","[('payungna', 'butut', 'negative')]",[O] butut [A] payungna [S] negative,True
OSA,"lokasina alus , deukeut stasion mangga besar .","[('lokasina', 'alus', 'positive')]",[O] alus [S] positive [A] lokasina,"payungna butut , deukeut stasion mangga besar .","[('payungna', 'butut', 'negative')]",[O] butut [S] negative [A] payungna,True
AOS,"ieu tempat ngeunah keur persinggahan . deukeut ka bandara , bisa mesen dianterkeun .","[('tempat', 'ngeunah', 'positive')]",[A] tempat [O] ngeunah [S] positive,"ieu batur teu betah keur persinggahan . deukeut ka bandara , bisa mesen dianterkeun .","[('batur', 'teu betah', 'negative')]",[A] batur [O] teu betah [S] negative,True
ASO,"ieu tempat ngeunah keur persinggahan . deukeut ka bandara , bisa mesen dianterkeun .","[('tempat', 'ngeunah', 'positive')]",[A] tempat [S] positive [O] ngeunah,"ieu batur teu betah keur persinggahan . deukeut ka bandara , bisa mesen dianterkeun .","[('batur', 'teu betah', 'negative')]",[A] batur [S] negative [O] teu betah,True
SAO,"ieu tempat ngeunah keur persinggahan . deukeut ka bandara , bisa mesen dianterkeun .","[('tempat', 'ngeunah', 'positive')]",[S] positive [A] tempat [O] ngeunah,"ieu batur teu betah keur persinggahan . deukeut ka bandara , bisa mesen dianterkeun .","[('batur', 'teu betah', 'negative')]",[S] negative [A] batur [O] teu betah,True
OAS,"ieu tempat ngeunah keur persinggahan . deukeut ka bandara , bisa mesen dianterkeun .","[('tempat', 'ngeunah', 'positive')]",[O] ngeunah [A] tempat [S] positive,"ieu batur teu betah keur persinggahan . deukeut ka bandara , bisa mesen dianterkeun .","[('batur', 'teu betah', 'negative')]",[O] teu betah [A] batur [S] negative,True
OSA,"ieu tempat ngeunah keur persinggahan . deukeut ka bandara , bisa mesen dianterkeun .","[('tempat', 'ngeunah', 'positive')]",[O] ngeunah [S] positive [A] tempat,"ieu batur teu betah keur persinggahan . deukeut ka bandara , bisa mesen dianterkeun .","[('batur', 'teu betah', 'negative')]",[O] teu betah [S] negative [A] batur,True
AOS,palayanan mah alus salila 24 jam .,"[('palayanan', 'alus', 'positive')]",[A] palayanan [O] alus [S] positive,lapang bal mah goreng salila 24 jam .,"[('lapang bal', 'goreng', 'negative')]",[A] lapang bal [O] goreng [S] negative,True
ASO,palayanan mah alus salila 24 jam .,"[('palayanan', 'alus', 'positive')]",[A] palayanan [S] positive [O] alus,lapang bal mah goreng salila 24 jam .,"[('lapang bal', 'goreng', 'negative')]",[A] lapang bal [S] negative [O] goreng,True
SAO,palayanan mah alus salila 24 jam .,"[('palayanan', 'alus', 'positive')]",[S] positive [A] palayanan [O] alus,lapang bal mah goreng salila 24 jam .,"[('lapang bal', 'goreng', 'negative')]",[S] negative [A] lapang bal [O] goreng,True
OAS,palayanan mah alus salila 24 jam .,"[('palayanan', 'alus', 'positive')]",[O] alus [A] palayanan [S] positive,lapang bal mah goreng salila 24 jam .,"[('lapang bal', 'goreng', 'negative')]",[O] goreng [A] lapang bal [S] negative,True
OSA,palayanan mah alus salila 24 jam .,"[('palayanan', 'alus', 'positive')]",[O] alus [S] positive [A] palayanan,lapang bal mah goreng salila 24 jam .,"[('lapang bal', 'goreng', 'negative')]",[O] goreng [S] negative [A] lapang bal,True
AOS,kasurna teuas : ( .,"[('kasurna', 'teuas', 'negative')]",[A] kasurna [O] teuas [S] negative,bukuna rujit : ( .,"[('bukuna', 'rujit', 'negative')]",[A] bukuna [O] rujit [S] negative,True
ASO,kasurna teuas : ( .,"[('kasurna', 'teuas', 'negative')]",[A] kasurna [S] negative [O] teuas,bukuna rujit : ( .,"[('bukuna', 'rujit', 'negative')]",[A] bukuna [S] negative [O] rujit,True
SAO,kasurna teuas : ( .,"[('kasurna', 'teuas', 'negative')]",[S] negative [A] kasurna [O] teuas,bukuna rujit : ( .,"[('bukuna', 'rujit', 'negative')]",[S] negative [A] bukuna [O] rujit,True
OAS,kasurna teuas : ( .,"[('kasurna', 'teuas', 'negative')]",[O] teuas [A] kasurna [S] negative,bukuna rujit : ( .,"[('bukuna', 'rujit', 'negative')]",[O] rujit [A] bukuna [S] negative,True
OSA,kasurna teuas : ( .,"[('kasurna', 'teuas', 'negative')]",[O] teuas [S] negative [A] kasurna,bukuna rujit : ( .,"[('bukuna', 'rujit', 'negative')]",[O] rujit [S] negative [A] bukuna,True
AOS,nu ngajagana kurang ramah .,"[('nu ngajagana', 'kurang ramah', 'negative')]",[A] nu ngajagana [O] kurang ramah [S] negative,nu mésérna sopan pisan .,"[('nu mésérna', 'sopan pisan', 'positive')]",[A] nu mésérna [O] sopan pisan [S] positive,True
ASO,nu ngajagana kurang ramah .,"[('nu ngajagana', 'kurang ramah', 'negative')]",[A] nu ngajagana [S] negative [O] kurang ramah,nu mésérna sopan pisan .,"[('nu mésérna', 'sopan pisan', 'positive')]",[A] nu mésérna [S] positive [O] sopan pisan,True
SAO,nu ngajagana kurang ramah .,"[('nu ngajagana', 'kurang ramah', 'negative')]",[S] negative [A] nu ngajagana [O] kurang ramah,nu mésérna sopan pisan .,"[('nu mésérna', 'sopan pisan', 'positive')]",[S] positive [A] nu mésérna [O] sopan pisan,True
OAS,nu ngajagana kurang ramah .,"[('nu ngajagana', 'kurang ramah', 'negative')]",[O] kurang ramah [A] nu ngajagana [S] negative,nu mésérna sopan pisan .,"[('nu mésérna', 'sopan pisan', 'positive')]",[O] sopan pisan [A] nu mésérna [S] positive,True
OSA,nu ngajagana kurang ramah .,"[('nu ngajagana', 'kurang ramah', 'negative')]",[O] kurang ramah [S] negative [A] nu ngajagana,nu mésérna sopan pisan .,"[('nu mésérna', 'sopan pisan', 'positive')]",[O] sopan pisan [S] positive [A] nu mésérna,True
AOS,ménu sarapan téh kurang lengkep .,"[('ménu sarapan', 'kurang lengkep', 'negative')]",[A] ménu sarapan [O] kurang lengkep [S] negative,palayanan na téh lengkep pisan .,"[('palayanan na', 'lengkep pisan', 'positive')]",[A] palayanan na [O] lengkep pisan [S] positive,True
ASO,ménu sarapan téh kurang lengkep .,"[('ménu sarapan', 'kurang lengkep', 'negative')]",[A] ménu sarapan [S] negative [O] kurang lengkep,palayanan na téh lengkep pisan .,"[('palayanan na', 'lengkep pisan', 'positive')]",[A] palayanan na [S] positive [O] lengkep pisan,True
SAO,ménu sarapan téh kurang lengkep .,"[('ménu sarapan', 'kurang lengkep', 'negative')]",[S] negative [A] ménu sarapan [O] kurang lengkep,palayanan na téh lengkep pisan .,"[('palayanan na', 'lengkep pisan', 'positive')]",[S] positive [A] palayanan na [O] lengkep pisan,True
OAS,ménu sarapan téh kurang lengkep .,"[('ménu sarapan', 'kurang lengkep', 'negative')]",[O] kurang lengkep [A] ménu sarapan [S] negative,palayanan na téh lengkep pisan .,"[('palayanan na', 'lengkep pisan', 'positive')]",[O] lengkep pisan [A] palayanan na [S] positive,True
OSA,ménu sarapan téh kurang lengkep .,"[('ménu sarapan', 'kurang lengkep', 'negative')]",[O] kurang lengkep [S] negative [A] ménu sarapan,palayanan na téh lengkep pisan .,"[('palayanan na', 'lengkep pisan', 'positive')]",[O] lengkep pisan [S] positive [A] palayanan na,True
AOS,résepsionis kurang ramah .,"[('résepsionis', 'kurang ramah', 'negative')]",[A] résepsionis [O] kurang ramah [S] negative,pagawéanana alus pisan .,"[('pagawéanana', 'alus pisan', 'negative')]",[A] pagawéanana [O] alus pisan [S] negative,True
ASO,résepsionis kurang ramah .,"[('résepsionis', 'kurang ramah', 'negative')]",[A] résepsionis [S] negative [O] kurang ramah,pagawéanana alus pisan .,"[('pagawéanana', 'alus pisan', 'negative')]",[A] pagawéanana [S] negative [O] alus pisan,True
SAO,résepsionis kurang ramah .,"[('résepsionis', 'kurang ramah', 'negative')]",[S] negative [A] résepsionis [O] kurang ramah,pagawéanana alus pisan .,"[('pagawéanana', 'alus pisan', 'negative')]",[S] negative [A] pagawéanana [O] alus pisan,True
OAS,résepsionis kurang ramah .,"[('résepsionis', 'kurang ramah', 'negative')]",[O] kurang ramah [A] résepsionis [S] negative,pagawéanana alus pisan .,"[('pagawéanana', 'alus pisan', 'negative')]",[O] alus pisan [A] pagawéanana [S] negative,True
OSA,résepsionis kurang ramah .,"[('résepsionis', 'kurang ramah', 'negative')]",[O] kurang ramah [S] negative [A] résepsionis,pagawéanana alus pisan .,"[('pagawéanana', 'alus pisan', 'negative')]",[O] alus pisan [S] negative [A] pagawéanana,True
AOS,wifi-na teu hurung euy .,"[('wifi-na', 'teu hurung', 'negative')]",[A] wifi-na [O] teu hurung [S] negative,kaca caang pisan euy .,"[('kaca', 'caang pisan', 'positive')]",[A] kaca [O] caang pisan [S] positive,True
ASO,wifi-na teu hurung euy .,"[('wifi-na', 'teu hurung', 'negative')]",[A] wifi-na [S] negative [O] teu hurung,kaca caang pisan euy .,"[('kaca', 'caang pisan', 'positive')]",[A] kaca [S] positive [O] caang pisan,True
SAO,wifi-na teu hurung euy .,"[('wifi-na', 'teu hurung', 'negative')]",[S] negative [A] wifi-na [O] teu hurung,kaca caang pisan euy .,"[('kaca', 'caang pisan', 'positive')]",[S] positive [A] kaca [O] caang pisan,True
OAS,wifi-na teu hurung euy .,"[('wifi-na', 'teu hurung', 'negative')]",[O] teu hurung [A] wifi-na [S] negative,kaca caang pisan euy .,"[('kaca', 'caang pisan', 'positive')]",[O] caang pisan [A] kaca [S] positive,True
OSA,wifi-na teu hurung euy .,"[('wifi-na', 'teu hurung', 'negative')]",[O] teu hurung [S] negative [A] wifi-na,kaca caang pisan euy .,"[('kaca', 'caang pisan', 'positive')]",[O] caang pisan [S] positive [A] kaca,True
AOS,lokasina oké . deukeut jeung tengah kota .,"[('lokasina', 'oké', 'positive')]",[A] lokasina [O] oké [S] positive,garasina butut . deukeut jeung tengah kota .,"[('garasina', 'butut', 'negative')]",[A] garasina [O] butut [S] negative,True
ASO,lokasina oké . deukeut jeung tengah kota .,"[('lokasina', 'oké', 'positive')]",[A] lokasina [S] positive [O] oké,garasina butut . deukeut jeung tengah kota .,"[('garasina', 'butut', 'negative')]",[A] garasina [S] negative [O] butut,True
SAO,lokasina oké . deukeut jeung tengah kota .,"[('lokasina', 'oké', 'positive')]",[S] positive [A] lokasina [O] oké,garasina butut . deukeut jeung tengah kota .,"[('garasina', 'butut', 'negative')]",[S] negative [A] garasina [O] butut,True
OAS,lokasina oké . deukeut jeung tengah kota .,"[('lokasina', 'oké', 'positive')]",[O] oké [A] lokasina [S] positive,garasina butut . deukeut jeung tengah kota .,"[('garasina', 'butut', 'negative')]",[O] butut [A] garasina [S] negative,True
OSA,lokasina oké . deukeut jeung tengah kota .,"[('lokasina', 'oké', 'positive')]",[O] oké [S] positive [A] lokasina,garasina butut . deukeut jeung tengah kota .,"[('garasina', 'butut', 'negative')]",[O] butut [S] negative [A] garasina,True
AOS,kamarna leutik pisan .,"[('kamarna', 'leutik pisan', 'negative')]",[A] kamarna [O] leutik pisan [S] negative,mobilna lengkep pisan .,"[('motorna', 'lengkep pisan', 'positive')]",[A] motorna [O] lengkep pisan [S] positive,True
ASO,kamarna leutik pisan .,"[('kamarna', 'leutik pisan', 'negative')]",[A] kamarna [S] negative [O] leutik pisan,mobilna lengkep pisan .,"[('motorna', 'lengkep pisan', 'positive')]",[A] motorna [S] positive [O] lengkep pisan,True
SAO,kamarna leutik pisan .,"[('kamarna', 'leutik pisan', 'negative')]",[S] negative [A] kamarna [O] leutik pisan,mobilna lengkep pisan .,"[('motorna', 'lengkep pisan', 'positive')]",[S] positive [A] motorna [O] lengkep pisan,True
OAS,kamarna leutik pisan .,"[('kamarna', 'leutik pisan', 'negative')]",[O] leutik pisan [A] kamarna [S] negative,mobilna lengkep pisan .,"[('motorna', 'lengkep pisan', 'positive')]",[O] lengkep pisan [A] motorna [S] positive,True
OSA,kamarna leutik pisan .,"[('kamarna', 'leutik pisan', 'negative')]",[O] leutik pisan [S] negative [A] kamarna,mobilna lengkep pisan .,"[('motorna', 'lengkep pisan', 'positive')]",[O] lengkep pisan [S] positive [A] motorna,True
AOS,sakabehna mah muaskeun pisan .,"[('sakabehna', 'muaskeun pisan', 'positive')]",[A] sakabehna [O] muaskeun pisan [S] positive,wastafelna mah meuni karotor pisan .,"[('wastafelna', 'meuni karotor pisan', 'negative')]",[A] wastafelna [O] meuni karotor pisan [S] negative,True
ASO,sakabehna mah muaskeun pisan .,"[('sakabehna', 'muaskeun pisan', 'positive')]",[A] sakabehna [S] positive [O] muaskeun pisan,wastafelna mah meuni karotor pisan .,"[('wastafelna', 'meuni karotor pisan', 'negative')]",[A] wastafelna [S] negative [O] meuni karotor pisan,True
SAO,sakabehna mah muaskeun pisan .,"[('sakabehna', 'muaskeun pisan', 'positive')]",[S] positive [A] sakabehna [O] muaskeun pisan,wastafelna mah meuni karotor pisan .,"[('wastafelna', 'meuni karotor pisan', 'negative')]",[S] negative [A] wastafelna [O] meuni karotor pisan,True
OAS,sakabehna mah muaskeun pisan .,"[('sakabehna', 'muaskeun pisan', 'positive')]",[O] muaskeun pisan [A] sakabehna [S] positive,wastafelna mah meuni karotor pisan .,"[('wastafelna', 'meuni karotor pisan', 'negative')]",[O] meuni karotor pisan [A] wastafelna [S] negative,True
OSA,sakabehna mah muaskeun pisan .,"[('sakabehna', 'muaskeun pisan', 'positive')]",[O] muaskeun pisan [S] positive [A] sakabehna,wastafelna mah meuni karotor pisan .,"[('wastafelna', 'meuni karotor pisan', 'negative')]",[O] meuni karotor pisan [S] negative [A] wastafelna,True
AOS,"keur ngendong nu kamari mah , kasurna kurang beresih .","[('kasurna', 'kurang beresih', 'negative')]",[A] kasurna [O] kurang beresih [S] negative,"keur ngendong nu kamari mah , supirna balageur pisan .","[('supirna', 'balageur pisan', 'positive')]",[A] supirna [O] balageur pisan [S] positive,True
ASO,"keur ngendong nu kamari mah , kasurna kurang beresih .","[('kasurna', 'kurang beresih', 'negative')]",[A] kasurna [S] negative [O] kurang beresih,"keur ngendong nu kamari mah , supirna balageur pisan .","[('supirna', 'balageur pisan', 'positive')]",[A] supirna [S] positive [O] balageur pisan,True
SAO,"keur ngendong nu kamari mah , kasurna kurang beresih .","[('kasurna', 'kurang beresih', 'negative')]",[S] negative [A] kasurna [O] kurang beresih,"keur ngendong nu kamari mah , supirna balageur pisan .","[('supirna', 'balageur pisan', 'positive')]",[S] positive [A] supirna [O] balageur pisan,True
OAS,"keur ngendong nu kamari mah , kasurna kurang beresih .","[('kasurna', 'kurang beresih', 'negative')]",[O] kurang beresih [A] kasurna [S] negative,"keur ngendong nu kamari mah , supirna balageur pisan .","[('supirna', 'balageur pisan', 'positive')]",[O] balageur pisan [A] supirna [S] positive,True
OSA,"keur ngendong nu kamari mah , kasurna kurang beresih .","[('kasurna', 'kurang beresih', 'negative')]",[O] kurang beresih [S] negative [A] kasurna,"keur ngendong nu kamari mah , supirna balageur pisan .","[('supirna', 'balageur pisan', 'positive')]",[O] balageur pisan [S] positive [A] supirna,True
AOS,"andukna ngan hiji , padahal urang duaan .","[('andukna', 'ngan hiji', 'negative')]",[A] andukna [O] ngan hiji [S] negative,"sapedana alus pisan, padahal urang duaan .","[('sapedana', 'alus pisan', 'positive')]",[A] sapedana [O] alus pisan [S] positive,True
ASO,"andukna ngan hiji , padahal urang duaan .","[('andukna', 'ngan hiji', 'negative')]",[A] andukna [S] negative [O] ngan hiji,"sapedana alus pisan, padahal urang duaan .","[('sapedana', 'alus pisan', 'positive')]",[A] sapedana [S] positive [O] alus pisan,True
SAO,"andukna ngan hiji , padahal urang duaan .","[('andukna', 'ngan hiji', 'negative')]",[S] negative [A] andukna [O] ngan hiji,"sapedana alus pisan, padahal urang duaan .","[('sapedana', 'alus pisan', 'positive')]",[S] positive [A] sapedana [O] alus pisan,True
OAS,"andukna ngan hiji , padahal urang duaan .","[('andukna', 'ngan hiji', 'negative')]",[O] ngan hiji [A] andukna [S] negative,"sapedana alus pisan, padahal urang duaan .","[('sapedana', 'alus pisan', 'positive')]",[O] alus pisan [A] sapedana [S] positive,True
OSA,"andukna ngan hiji , padahal urang duaan .","[('andukna', 'ngan hiji', 'negative')]",[O] ngan hiji [S] negative [A] andukna,"sapedana alus pisan, padahal urang duaan .","[('sapedana', 'alus pisan', 'positive')]",[O] alus pisan [S] positive [A] sapedana,True
AOS,wifi kurang alus .,"[('wifi', 'kurang alus', 'negative')]",[A] wifi [O] kurang alus [S] negative,tas lega pisan .,"[('tas', 'lega pisan', 'positive')]",[A] tas [O] lega pisan [S] positive,True
ASO,wifi kurang alus .,"[('wifi', 'kurang alus', 'negative')]",[A] wifi [S] negative [O] kurang alus,tas lega pisan .,"[('tas', 'lega pisan', 'positive')]",[A] tas [S] positive [O] lega pisan,True
SAO,wifi kurang alus .,"[('wifi', 'kurang alus', 'negative')]",[S] negative [A] wifi [O] kurang alus,tas lega pisan .,"[('tas', 'lega pisan', 'positive')]",[S] positive [A] tas [O] lega pisan,True
OAS,wifi kurang alus .,"[('wifi', 'kurang alus', 'negative')]",[O] kurang alus [A] wifi [S] negative,tas lega pisan .,"[('tas', 'lega pisan', 'positive')]",[O] lega pisan [A] tas [S] positive,True
OSA,wifi kurang alus .,"[('wifi', 'kurang alus', 'negative')]",[O] kurang alus [S] negative [A] wifi,tas lega pisan .,"[('tas', 'lega pisan', 'positive')]",[O] lega pisan [S] positive [A] tas,True
AOS,tempat saré kurang ngeunaheun .,"[('tempat saré', 'kurang ngeunaheun', 'negative')]",[A] tempat saré [O] kurang ngeunaheun [S] negative,palayanan na ngeunaheun pisan .,"[('palayanan na', 'ngeunaheun pisan', 'positive')]",[A] palayanan na [O] ngeunaheun pisan [S] positive,True
ASO,tempat saré kurang ngeunaheun .,"[('tempat saré', 'kurang ngeunaheun', 'negative')]",[A] tempat saré [S] negative [O] kurang ngeunaheun,palayanan na ngeunaheun pisan .,"[('palayanan na', 'ngeunaheun pisan', 'positive')]",[A] palayanan na [S] positive [O] ngeunaheun pisan,True
SAO,tempat saré kurang ngeunaheun .,"[('tempat saré', 'kurang ngeunaheun', 'negative')]",[S] negative [A] tempat saré [O] kurang ngeunaheun,palayanan na ngeunaheun pisan .,"[('palayanan na', 'ngeunaheun pisan', 'positive')]",[S] positive [A] palayanan na [O] ngeunaheun pisan,True
OAS,tempat saré kurang ngeunaheun .,"[('tempat saré', 'kurang ngeunaheun', 'negative')]",[O] kurang ngeunaheun [A] tempat saré [S] negative,palayanan na ngeunaheun pisan .,"[('palayanan na', 'ngeunaheun pisan', 'positive')]",[O] ngeunaheun pisan [A] palayanan na [S] positive,True
OSA,tempat saré kurang ngeunaheun .,"[('tempat saré', 'kurang ngeunaheun', 'negative')]",[O] kurang ngeunaheun [S] negative [A] tempat saré,palayanan na ngeunaheun pisan .,"[('palayanan na', 'ngeunaheun pisan', 'positive')]",[O] ngeunaheun pisan [S] positive [A] palayanan na,True
AOS,palayanan alus . nuhun airy !,"[('palayanan', 'alus', 'positive')]",[A] palayanan [O] alus [S] positive,lampu na butut. nuhun airy !,"[('lampu na', 'butut', 'negative')]",[A] lampu na [O] butut [S] negative,True
ASO,palayanan alus . nuhun airy !,"[('palayanan', 'alus', 'positive')]",[A] palayanan [S] positive [O] alus,lampu na butut. nuhun airy !,"[('lampu na', 'butut', 'negative')]",[A] lampu na [S] negative [O] butut,True
SAO,palayanan alus . nuhun airy !,"[('palayanan', 'alus', 'positive')]",[S] positive [A] palayanan [O] alus,lampu na butut. nuhun airy !,"[('lampu na', 'butut', 'negative')]",[S] negative [A] lampu na [O] butut,True
OAS,palayanan alus . nuhun airy !,"[('palayanan', 'alus', 'positive')]",[O] alus [A] palayanan [S] positive,lampu na butut. nuhun airy !,"[('lampu na', 'butut', 'negative')]",[O] butut [A] lampu na [S] negative,True
OSA,palayanan alus . nuhun airy !,"[('palayanan', 'alus', 'positive')]",[O] alus [S] positive [A] palayanan,lampu na butut. nuhun airy !,"[('lampu na', 'butut', 'negative')]",[O] butut [S] negative [A] lampu na,True
AOS,kabeh lengkep .,"[('kabeh', 'lengkep', 'positive')]",[A] kabeh [O] lengkep [S] positive,pantona heurin .,"[('pantona', 'heurin', 'negative')]",[A] pantona [O] heurin [S] negative,True
ASO,kabeh lengkep .,"[('kabeh', 'lengkep', 'positive')]",[A] kabeh [S] positive [O] lengkep,pantona heurin .,"[('pantona', 'heurin', 'negative')]",[A] pantona [S] negative [O] heurin,True
SAO,kabeh lengkep .,"[('kabeh', 'lengkep', 'positive')]",[S] positive [A] kabeh [O] lengkep,pantona heurin .,"[('pantona', 'heurin', 'negative')]",[S] negative [A] pantona [O] heurin,True
OAS,kabeh lengkep .,"[('kabeh', 'lengkep', 'positive')]",[O] lengkep [A] kabeh [S] positive,pantona heurin .,"[('pantona', 'heurin', 'negative')]",[O] heurin [A] pantona [S] negative,True
OSA,kabeh lengkep .,"[('kabeh', 'lengkep', 'positive')]",[O] lengkep [S] positive [A] kabeh,pantona heurin .,"[('pantona', 'heurin', 'negative')]",[O] heurin [S] negative [A] pantona,True
AOS,kamarna heurin pisan .,"[('kamarna', 'heurin pisan', 'negative')]",[A] kamarna [O] heurin pisan [S] negative,mobilna garancang pisan .,"[('mobilna', 'garancang pisan', 'positive')]",[A] mobilna [O] garancang pisan [S] positive,True
ASO,kamarna heurin pisan .,"[('kamarna', 'heurin pisan', 'negative')]",[A] kamarna [S] negative [O] heurin pisan,mobilna garancang pisan .,"[('mobilna', 'garancang pisan', 'positive')]",[A] mobilna [S] positive [O] garancang pisan,True
SAO,kamarna heurin pisan .,"[('kamarna', 'heurin pisan', 'negative')]",[S] negative [A] kamarna [O] heurin pisan,mobilna garancang pisan .,"[('mobilna', 'garancang pisan', 'positive')]",[S] positive [A] mobilna [O] garancang pisan,True
OAS,kamarna heurin pisan .,"[('kamarna', 'heurin pisan', 'negative')]",[O] heurin pisan [A] kamarna [S] negative,mobilna garancang pisan .,"[('mobilna', 'garancang pisan', 'positive')]",[O] garancang pisan [A] mobilna [S] positive,True
OSA,kamarna heurin pisan .,"[('kamarna', 'heurin pisan', 'negative')]",[O] heurin pisan [S] negative [A] kamarna,mobilna garancang pisan .,"[('mobilna', 'garancang pisan', 'positive')]",[O] garancang pisan [S] positive [A] mobilna,True
AOS,kamarna lega deukeut stasion balapan .,"[('kamarna', 'lega', 'positive')]",[A] kamarna [O] lega [S] positive,mobilna laun deukeut stasion balapan .,"[('mobilna', 'laun', 'negative')]",[A] mobilna [O] laun [S] negative,True
ASO,kamarna lega deukeut stasion balapan .,"[('kamarna', 'lega', 'positive')]",[A] kamarna [S] positive [O] lega,mobilna laun deukeut stasion balapan .,"[('mobilna', 'laun', 'negative')]",[A] mobilna [S] negative [O] laun,True
SAO,kamarna lega deukeut stasion balapan .,"[('kamarna', 'lega', 'positive')]",[S] positive [A] kamarna [O] lega,mobilna laun deukeut stasion balapan .,"[('mobilna', 'laun', 'negative')]",[S] negative [A] mobilna [O] laun,True
OAS,kamarna lega deukeut stasion balapan .,"[('kamarna', 'lega', 'positive')]",[O] lega [A] kamarna [S] positive,mobilna laun deukeut stasion balapan .,"[('mobilna', 'laun', 'negative')]",[O] laun [A] mobilna [S] negative,True
OSA,kamarna lega deukeut stasion balapan .,"[('kamarna', 'lega', 'positive')]",[O] lega [S] positive [A] kamarna,mobilna laun deukeut stasion balapan .,"[('mobilna', 'laun', 'negative')]",[O] laun [S] negative [A] mobilna,True
AOS,wastafelna mengpet .,"[('wastafelna', 'mengpet', 'negative')]",[A] wastafelna [O] mengpet [S] negative,sakabehna lega .,"[('sakabehna', 'lega', 'positive')]",[A] sakabehna [O] lega [S] positive,True
ASO,wastafelna mengpet .,"[('wastafelna', 'mengpet', 'negative')]",[A] wastafelna [S] negative [O] mengpet,sakabehna lega .,"[('sakabehna', 'lega', 'positive')]",[A] sakabehna [S] positive [O] lega,True
SAO,wastafelna mengpet .,"[('wastafelna', 'mengpet', 'negative')]",[S] negative [A] wastafelna [O] mengpet,sakabehna lega .,"[('sakabehna', 'lega', 'positive')]",[S] positive [A] sakabehna [O] lega,True
OAS,wastafelna mengpet .,"[('wastafelna', 'mengpet', 'negative')]",[O] mengpet [A] wastafelna [S] negative,sakabehna lega .,"[('sakabehna', 'lega', 'positive')]",[O] lega [A] sakabehna [S] positive,True
OSA,wastafelna mengpet .,"[('wastafelna', 'mengpet', 'negative')]",[O] mengpet [S] negative [A] wastafelna,sakabehna lega .,"[('sakabehna', 'lega', 'positive')]",[O] lega [S] positive [A] sakabehna,True
AOS,ngan teu disadiakeun cai mineral di jero kamar .,"[('cai mineral', 'teu disadiakeun', 'negative')]",[A] cai mineral [O] teu disadiakeun [S] negative,ngan kacida alusna lomari di jero kamar .,"[('lomari', 'kacida alusna', 'positive')]",[A] lomari [O] kacida alusna [S] positive,True
ASO,ngan teu disadiakeun cai mineral di jero kamar .,"[('cai mineral', 'teu disadiakeun', 'negative')]",[A] cai mineral [S] negative [O] teu disadiakeun,ngan kacida alusna lomari di jero kamar .,"[('lomari', 'kacida alusna', 'positive')]",[A] lomari [S] positive [O] kacida alusna,True
SAO,ngan teu disadiakeun cai mineral di jero kamar .,"[('cai mineral', 'teu disadiakeun', 'negative')]",[S] negative [A] cai mineral [O] teu disadiakeun,ngan kacida alusna lomari di jero kamar .,"[('lomari', 'kacida alusna', 'positive')]",[S] positive [A] lomari [O] kacida alusna,True
OAS,ngan teu disadiakeun cai mineral di jero kamar .,"[('cai mineral', 'teu disadiakeun', 'negative')]",[O] teu disadiakeun [A] cai mineral [S] negative,ngan kacida alusna lomari di jero kamar .,"[('lomari', 'kacida alusna', 'positive')]",[O] kacida alusna [A] lomari [S] positive,True
OSA,ngan teu disadiakeun cai mineral di jero kamar .,"[('cai mineral', 'teu disadiakeun', 'negative')]",[O] teu disadiakeun [S] negative [A] cai mineral,ngan kacida alusna lomari di jero kamar .,"[('lomari', 'kacida alusna', 'positive')]",[O] kacida alusna [S] positive [A] lomari,True
AOS,palayanan résepsionis gancang .,"[('palayanan résepsionis', 'gancang', 'positive')]",[A] palayanan résepsionis [O] gancang [S] positive,lapangan keur olahragana heurin .,"[('lapangan keur olahragana', 'heurin', 'negative')]",[A] lapangan keur olahragana [O] heurin [S] negative,True
ASO,palayanan résepsionis gancang .,"[('palayanan résepsionis', 'gancang', 'positive')]",[A] palayanan résepsionis [S] positive [O] gancang,lapangan keur olahragana heurin .,"[('lapangan keur olahragana', 'heurin', 'negative')]",[A] lapangan keur olahragana [S] negative [O] heurin,True
SAO,palayanan résepsionis gancang .,"[('palayanan résepsionis', 'gancang', 'positive')]",[S] positive [A] palayanan résepsionis [O] gancang,lapangan keur olahragana heurin .,"[('lapangan keur olahragana', 'heurin', 'negative')]",[S] negative [A] lapangan keur olahragana [O] heurin,True
OAS,palayanan résepsionis gancang .,"[('palayanan résepsionis', 'gancang', 'positive')]",[O] gancang [A] palayanan résepsionis [S] positive,lapangan keur olahragana heurin .,"[('lapangan keur olahragana', 'heurin', 'negative')]",[O] heurin [A] lapangan keur olahragana [S] negative,True
OSA,palayanan résepsionis gancang .,"[('palayanan résepsionis', 'gancang', 'positive')]",[O] gancang [S] positive [A] palayanan résepsionis,lapangan keur olahragana heurin .,"[('lapangan keur olahragana', 'heurin', 'negative')]",[O] heurin [S] negative [A] lapangan keur olahragana,True
AOS,résepsionisna ramah .,"[('résepsionisna', 'ramah', 'positive')]",[A] résepsionisna [O] ramah [S] positive,nu nganteurkeun galak .,"[('nu nganteurkeun', 'galak', 'negative')]",[A] nu nganteurkeun [O] galak [S] negative,True
ASO,résepsionisna ramah .,"[('résepsionisna', 'ramah', 'positive')]",[A] résepsionisna [S] positive [O] ramah,nu nganteurkeun galak .,"[('nu nganteurkeun', 'galak', 'negative')]",[A] nu nganteurkeun [S] negative [O] galak,True
SAO,résepsionisna ramah .,"[('résepsionisna', 'ramah', 'positive')]",[S] positive [A] résepsionisna [O] ramah,nu nganteurkeun galak .,"[('nu nganteurkeun', 'galak', 'negative')]",[S] negative [A] nu nganteurkeun [O] galak,True
OAS,résepsionisna ramah .,"[('résepsionisna', 'ramah', 'positive')]",[O] ramah [A] résepsionisna [S] positive,nu nganteurkeun galak .,"[('nu nganteurkeun', 'galak', 'negative')]",[O] galak [A] nu nganteurkeun [S] negative,True
OSA,résepsionisna ramah .,"[('résepsionisna', 'ramah', 'positive')]",[O] ramah [S] positive [A] résepsionisna,nu nganteurkeun galak .,"[('nu nganteurkeun', 'galak', 'negative')]",[O] galak [S] negative [A] nu nganteurkeun,True
AOS,hanjakal pisan euweuh sarapan nanaon .,"[('sarapan', 'euweuh', 'negative')]",[A] sarapan [O] euweuh [S] negative,hanjakal pisan ayaan buku nanaon .,"[('buku', 'ayaan', 'positive')]",[A] buku [O] ayaan [S] positive,True
ASO,hanjakal pisan euweuh sarapan nanaon .,"[('sarapan', 'euweuh', 'negative')]",[A] sarapan [S] negative [O] euweuh,hanjakal pisan ayaan buku nanaon .,"[('buku', 'ayaan', 'positive')]",[A] buku [S] positive [O] ayaan,True
SAO,hanjakal pisan euweuh sarapan nanaon .,"[('sarapan', 'euweuh', 'negative')]",[S] negative [A] sarapan [O] euweuh,hanjakal pisan ayaan buku nanaon .,"[('buku', 'ayaan', 'positive')]",[S] positive [A] buku [O] ayaan,True
OAS,hanjakal pisan euweuh sarapan nanaon .,"[('sarapan', 'euweuh', 'negative')]",[O] euweuh [A] sarapan [S] negative,hanjakal pisan ayaan buku nanaon .,"[('buku', 'ayaan', 'positive')]",[O] ayaan [A] buku [S] positive,True
OSA,hanjakal pisan euweuh sarapan nanaon .,"[('sarapan', 'euweuh', 'negative')]",[O] euweuh [S] negative [A] sarapan,hanjakal pisan ayaan buku nanaon .,"[('buku', 'ayaan', 'positive')]",[O] ayaan [S] positive [A] buku,True
AOS,keur sarapan mah kurang muaskeun .,"[('sarapan', 'kurang muaskeun', 'negative')]",[A] sarapan [O] kurang muaskeun [S] negative,keur ulin mah piraméeun pisan.,"[('ulin', 'piraméeun pisan', 'positive')]",[A] ulin [O] piraméeun pisan [S] positive,True
ASO,keur sarapan mah kurang muaskeun .,"[('sarapan', 'kurang muaskeun', 'negative')]",[A] sarapan [S] negative [O] kurang muaskeun,keur ulin mah piraméeun pisan.,"[('ulin', 'piraméeun pisan', 'positive')]",[A] ulin [S] positive [O] piraméeun pisan,True
SAO,keur sarapan mah kurang muaskeun .,"[('sarapan', 'kurang muaskeun', 'negative')]",[S] negative [A] sarapan [O] kurang muaskeun,keur ulin mah piraméeun pisan.,"[('ulin', 'piraméeun pisan', 'positive')]",[S] positive [A] ulin [O] piraméeun pisan,True
OAS,keur sarapan mah kurang muaskeun .,"[('sarapan', 'kurang muaskeun', 'negative')]",[O] kurang muaskeun [A] sarapan [S] negative,keur ulin mah piraméeun pisan.,"[('ulin', 'piraméeun pisan', 'positive')]",[O] piraméeun pisan [A] ulin [S] positive,True
OSA,keur sarapan mah kurang muaskeun .,"[('sarapan', 'kurang muaskeun', 'negative')]",[O] kurang muaskeun [S] negative [A] sarapan,keur ulin mah piraméeun pisan.,"[('ulin', 'piraméeun pisan', 'positive')]",[O] piraméeun pisan [S] positive [A] ulin,True
AOS,hotel na ngeunaheun . nuhun airy .,"[('hotel', 'ngeunaheun', 'positive')]",[A] hotel [O] ngeunaheun [S] positive,tas na leutik pisan . nuhun airy .,"[('tas', 'leutik pisan', 'negative')]",[A] tas [O] leutik pisan [S] negative,True
ASO,hotel na ngeunaheun . nuhun airy .,"[('hotel', 'ngeunaheun', 'positive')]",[A] hotel [S] positive [O] ngeunaheun,tas na leutik pisan . nuhun airy .,"[('tas', 'leutik pisan', 'negative')]",[A] tas [S] negative [O] leutik pisan,True
SAO,hotel na ngeunaheun . nuhun airy .,"[('hotel', 'ngeunaheun', 'positive')]",[S] positive [A] hotel [O] ngeunaheun,tas na leutik pisan . nuhun airy .,"[('tas', 'leutik pisan', 'negative')]",[S] negative [A] tas [O] leutik pisan,True
OAS,hotel na ngeunaheun . nuhun airy .,"[('hotel', 'ngeunaheun', 'positive')]",[O] ngeunaheun [A] hotel [S] positive,tas na leutik pisan . nuhun airy .,"[('tas', 'leutik pisan', 'negative')]",[O] leutik pisan [A] tas [S] negative,True
OSA,hotel na ngeunaheun . nuhun airy .,"[('hotel', 'ngeunaheun', 'positive')]",[O] ngeunaheun [S] positive [A] hotel,tas na leutik pisan . nuhun airy .,"[('tas', 'leutik pisan', 'negative')]",[O] leutik pisan [S] negative [A] tas,True
AOS,pancuranna ruksak .,"[('pancuranna', 'ruksak', 'negative')]",[A] pancuranna [O] ruksak [S] negative,korsina aranyar .,"[('korsina', 'aranyar', 'positive')]",[A] korsina [O] aranyar [S] positive,True
ASO,pancuranna ruksak .,"[('pancuranna', 'ruksak', 'negative')]",[A] pancuranna [S] negative [O] ruksak,korsina aranyar .,"[('korsina', 'aranyar', 'positive')]",[A] korsina [S] positive [O] aranyar,True
SAO,pancuranna ruksak .,"[('pancuranna', 'ruksak', 'negative')]",[S] negative [A] pancuranna [O] ruksak,korsina aranyar .,"[('korsina', 'aranyar', 'positive')]",[S] positive [A] korsina [O] aranyar,True
OAS,pancuranna ruksak .,"[('pancuranna', 'ruksak', 'negative')]",[O] ruksak [A] pancuranna [S] negative,korsina aranyar .,"[('korsina', 'aranyar', 'positive')]",[O] aranyar [A] korsina [S] positive,True
OSA,pancuranna ruksak .,"[('pancuranna', 'ruksak', 'negative')]",[O] ruksak [S] negative [A] pancuranna,korsina aranyar .,"[('korsina', 'aranyar', 'positive')]",[O] aranyar [S] positive [A] korsina,True
AOS,"geus 2 kali ngendong di dinya , palayananna ogé muaskeun .","[('palayananna', 'muaskeun', 'positive')]",[A] palayananna [O] muaskeun [S] positive,"geus 2 kali ngendong di dinya , pasakanana ogé gareuleuh .","[('pasakanana', 'gareuleuh', 'negative')]",[A] pasakanana [O] gareuleuh [S] negative,True
ASO,"geus 2 kali ngendong di dinya , palayananna ogé muaskeun .","[('palayananna', 'muaskeun', 'positive')]",[A] palayananna [S] positive [O] muaskeun,"geus 2 kali ngendong di dinya , pasakanana ogé gareuleuh .","[('pasakanana', 'gareuleuh', 'negative')]",[A] pasakanana [S] negative [O] gareuleuh,True
SAO,"geus 2 kali ngendong di dinya , palayananna ogé muaskeun .","[('palayananna', 'muaskeun', 'positive')]",[S] positive [A] palayananna [O] muaskeun,"geus 2 kali ngendong di dinya , pasakanana ogé gareuleuh .","[('pasakanana', 'gareuleuh', 'negative')]",[S] negative [A] pasakanana [O] gareuleuh,True
OAS,"geus 2 kali ngendong di dinya , palayananna ogé muaskeun .","[('palayananna', 'muaskeun', 'positive')]",[O] muaskeun [A] palayananna [S] positive,"geus 2 kali ngendong di dinya , pasakanana ogé gareuleuh .","[('pasakanana', 'gareuleuh', 'negative')]",[O] gareuleuh [A] pasakanana [S] negative,True
OSA,"geus 2 kali ngendong di dinya , palayananna ogé muaskeun .","[('palayananna', 'muaskeun', 'positive')]",[O] muaskeun [S] positive [A] palayananna,"geus 2 kali ngendong di dinya , pasakanana ogé gareuleuh .","[('pasakanana', 'gareuleuh', 'negative')]",[O] gareuleuh [S] negative [A] pasakanana,True
AOS,anduk ngan hiji .,"[('anduk', 'ngan hiji', 'negative')]",[A] anduk [O] ngan hiji [S] negative,balna loba pisan .,"[('balna', 'loba pisan', 'positive')]",[A] balna [O] loba pisan [S] positive,True
ASO,anduk ngan hiji .,"[('anduk', 'ngan hiji', 'negative')]",[A] anduk [S] negative [O] ngan hiji,balna loba pisan .,"[('balna', 'loba pisan', 'positive')]",[A] balna [S] positive [O] loba pisan,True
SAO,anduk ngan hiji .,"[('anduk', 'ngan hiji', 'negative')]",[S] negative [A] anduk [O] ngan hiji,balna loba pisan .,"[('balna', 'loba pisan', 'positive')]",[S] positive [A] balna [O] loba pisan,True
OAS,anduk ngan hiji .,"[('anduk', 'ngan hiji', 'negative')]",[O] ngan hiji [A] anduk [S] negative,balna loba pisan .,"[('balna', 'loba pisan', 'positive')]",[O] loba pisan [A] balna [S] positive,True
OSA,anduk ngan hiji .,"[('anduk', 'ngan hiji', 'negative')]",[O] ngan hiji [S] negative [A] anduk,balna loba pisan .,"[('balna', 'loba pisan', 'positive')]",[O] loba pisan [S] positive [A] balna,True
AOS,"prosés asupna lila , padahal geus hayang reureuh .","[('prosés asupna', 'lila', 'negative')]",[A] prosés asupna [O] lila [S] negative,"prosés ngajarna saé , padahal geus hayang reureuh .","[('prosés ngajarna', 'saé', 'positive')]",[A] prosés ngajarna [O] saé [S] positive,True
ASO,"prosés asupna lila , padahal geus hayang reureuh .","[('prosés asupna', 'lila', 'negative')]",[A] prosés asupna [S] negative [O] lila,"prosés ngajarna saé , padahal geus hayang reureuh .","[('prosés ngajarna', 'saé', 'positive')]",[A] prosés ngajarna [S] positive [O] saé,True
SAO,"prosés asupna lila , padahal geus hayang reureuh .","[('prosés asupna', 'lila', 'negative')]",[S] negative [A] prosés asupna [O] lila,"prosés ngajarna saé , padahal geus hayang reureuh .","[('prosés ngajarna', 'saé', 'positive')]",[S] positive [A] prosés ngajarna [O] saé,True
OAS,"prosés asupna lila , padahal geus hayang reureuh .","[('prosés asupna', 'lila', 'negative')]",[O] lila [A] prosés asupna [S] negative,"prosés ngajarna saé , padahal geus hayang reureuh .","[('prosés ngajarna', 'saé', 'positive')]",[O] saé [A] prosés ngajarna [S] positive,True
OSA,"prosés asupna lila , padahal geus hayang reureuh .","[('prosés asupna', 'lila', 'negative')]",[O] lila [S] negative [A] prosés asupna,"prosés ngajarna saé , padahal geus hayang reureuh .","[('prosés ngajarna', 'saé', 'positive')]",[O] saé [S] positive [A] prosés ngajarna,True
AOS,kamar mandi heurin .,"[('kamar mandi', 'heurin', 'negative')]",[A] kamar mandi [O] heurin [S] negative,sasapuna beresih .,"[('sasapuna', 'beresih', 'positive')]",[A] sasapuna [O] beresih [S] positive,True
ASO,kamar mandi heurin .,"[('kamar mandi', 'heurin', 'negative')]",[A] kamar mandi [S] negative [O] heurin,sasapuna beresih .,"[('sasapuna', 'beresih', 'positive')]",[A] sasapuna [S] positive [O] beresih,True
SAO,kamar mandi heurin .,"[('kamar mandi', 'heurin', 'negative')]",[S] negative [A] kamar mandi [O] heurin,sasapuna beresih .,"[('sasapuna', 'beresih', 'positive')]",[S] positive [A] sasapuna [O] beresih,True
OAS,kamar mandi heurin .,"[('kamar mandi', 'heurin', 'negative')]",[O] heurin [A] kamar mandi [S] negative,sasapuna beresih .,"[('sasapuna', 'beresih', 'positive')]",[O] beresih [A] sasapuna [S] positive,True
OSA,kamar mandi heurin .,"[('kamar mandi', 'heurin', 'negative')]",[O] heurin [S] negative [A] kamar mandi,sasapuna beresih .,"[('sasapuna', 'beresih', 'positive')]",[O] beresih [S] positive [A] sasapuna,True
AOS,ac-na kurang tiis .,"[('ac-na', 'kurang tiis', 'negative')]",[A] ac-na [O] kurang tiis [S] negative,béas tiis pisan .,"[('béas', 'tiis pisan', 'positive')]",[A] béas [O] tiis pisan [S] positive,True
ASO,ac-na kurang tiis .,"[('ac-na', 'kurang tiis', 'negative')]",[A] ac-na [S] negative [O] kurang tiis,béas tiis pisan .,"[('béas', 'tiis pisan', 'positive')]",[A] béas [S] positive [O] tiis pisan,True
SAO,ac-na kurang tiis .,"[('ac-na', 'kurang tiis', 'negative')]",[S] negative [A] ac-na [O] kurang tiis,béas tiis pisan .,"[('béas', 'tiis pisan', 'positive')]",[S] positive [A] béas [O] tiis pisan,True
OAS,ac-na kurang tiis .,"[('ac-na', 'kurang tiis', 'negative')]",[O] kurang tiis [A] ac-na [S] negative,béas tiis pisan .,"[('béas', 'tiis pisan', 'positive')]",[O] tiis pisan [A] béas [S] positive,True
OSA,ac-na kurang tiis .,"[('ac-na', 'kurang tiis', 'negative')]",[O] kurang tiis [S] negative [A] ac-na,béas tiis pisan .,"[('béas', 'tiis pisan', 'positive')]",[O] tiis pisan [S] positive [A] béas,True
AOS,"unggal rék asup pasti di hotél ieu , da palayananna alus pisan .","[('palayananna', 'alus pisan', 'positive')]",[A] palayananna [O] alus pisan [S] positive,"unggal rék asup pasti di hotél ieu , da imahna butut pisan .","[('imahna', 'butut pisan', 'negative')]",[A] imahna [O] butut pisan [S] negative,True
ASO,"unggal rék asup pasti di hotél ieu , da palayananna alus pisan .","[('palayananna', 'alus pisan', 'positive')]",[A] palayananna [S] positive [O] alus pisan,"unggal rék asup pasti di hotél ieu , da imahna butut pisan .","[('imahna', 'butut pisan', 'negative')]",[A] imahna [S] negative [O] butut pisan,True
SAO,"unggal rék asup pasti di hotél ieu , da palayananna alus pisan .","[('palayananna', 'alus pisan', 'positive')]",[S] positive [A] palayananna [O] alus pisan,"unggal rék asup pasti di hotél ieu , da imahna butut pisan .","[('imahna', 'butut pisan', 'negative')]",[S] negative [A] imahna [O] butut pisan,True
OAS,"unggal rék asup pasti di hotél ieu , da palayananna alus pisan .","[('palayananna', 'alus pisan', 'positive')]",[O] alus pisan [A] palayananna [S] positive,"unggal rék asup pasti di hotél ieu , da imahna butut pisan .","[('imahna', 'butut pisan', 'negative')]",[O] butut pisan [A] imahna [S] negative,True
OSA,"unggal rék asup pasti di hotél ieu , da palayananna alus pisan .","[('palayananna', 'alus pisan', 'positive')]",[O] alus pisan [S] positive [A] palayananna,"unggal rék asup pasti di hotél ieu , da imahna butut pisan .","[('imahna', 'butut pisan', 'negative')]",[O] butut pisan [S] negative [A] imahna,True
AOS,ngan ukur ruangan téh heurin teuing .,"[('ruangan', 'heurin teuing', 'negative')]",[A] ruangan [O] heurin teuing [S] negative,ngan ukur pagawe téh balageur pisan .,"[('pagawe', 'balageur pisan', 'positive')]",[A] pagawe [O] balageur pisan [S] positive,True
ASO,ngan ukur ruangan téh heurin teuing .,"[('ruangan', 'heurin teuing', 'negative')]",[A] ruangan [S] negative [O] heurin teuing,ngan ukur pagawe téh balageur pisan .,"[('pagawe', 'balageur pisan', 'positive')]",[A] pagawe [S] positive [O] balageur pisan,True
SAO,ngan ukur ruangan téh heurin teuing .,"[('ruangan', 'heurin teuing', 'negative')]",[S] negative [A] ruangan [O] heurin teuing,ngan ukur pagawe téh balageur pisan .,"[('pagawe', 'balageur pisan', 'positive')]",[S] positive [A] pagawe [O] balageur pisan,True
OAS,ngan ukur ruangan téh heurin teuing .,"[('ruangan', 'heurin teuing', 'negative')]",[O] heurin teuing [A] ruangan [S] negative,ngan ukur pagawe téh balageur pisan .,"[('pagawe', 'balageur pisan', 'positive')]",[O] balageur pisan [A] pagawe [S] positive,True
OSA,ngan ukur ruangan téh heurin teuing .,"[('ruangan', 'heurin teuing', 'negative')]",[O] heurin teuing [S] negative [A] ruangan,ngan ukur pagawe téh balageur pisan .,"[('pagawe', 'balageur pisan', 'positive')]",[O] balageur pisan [S] positive [A] pagawe,True
AOS,ac-na karasa kurang tiis di kamar 515 .,"[('ac-na', 'kurang tiis', 'negative')]",[A] ac-na [O] kurang tiis [S] negative,caina karasa tiis pisan di kamar 515 .,"[('caina', 'tiis pisan', 'positive')]",[A] caina [O] tiis pisan [S] positive,True
ASO,ac-na karasa kurang tiis di kamar 515 .,"[('ac-na', 'kurang tiis', 'negative')]",[A] ac-na [S] negative [O] kurang tiis,caina karasa tiis pisan di kamar 515 .,"[('caina', 'tiis pisan', 'positive')]",[A] caina [S] positive [O] tiis pisan,True
SAO,ac-na karasa kurang tiis di kamar 515 .,"[('ac-na', 'kurang tiis', 'negative')]",[S] negative [A] ac-na [O] kurang tiis,caina karasa tiis pisan di kamar 515 .,"[('caina', 'tiis pisan', 'positive')]",[S] positive [A] caina [O] tiis pisan,True
OAS,ac-na karasa kurang tiis di kamar 515 .,"[('ac-na', 'kurang tiis', 'negative')]",[O] kurang tiis [A] ac-na [S] negative,caina karasa tiis pisan di kamar 515 .,"[('caina', 'tiis pisan', 'positive')]",[O] tiis pisan [A] caina [S] positive,True
OSA,ac-na karasa kurang tiis di kamar 515 .,"[('ac-na', 'kurang tiis', 'negative')]",[O] kurang tiis [S] negative [A] ac-na,caina karasa tiis pisan di kamar 515 .,"[('caina', 'tiis pisan', 'positive')]",[O] tiis pisan [S] positive [A] caina,True
AOS,"alhamdulillah , palayananna alus .","[('palayananna', 'alus', 'positive')]",[A] palayananna [O] alus [S] positive,"alhamdulillah , imahna butut .","[('imahna', 'butut', 'negative')]",[A] imahna [O] butut [S] negative,True
ASO,"alhamdulillah , palayananna alus .","[('palayananna', 'alus', 'positive')]",[A] palayananna [S] positive [O] alus,"alhamdulillah , imahna butut .","[('imahna', 'butut', 'negative')]",[A] imahna [S] negative [O] butut,True
SAO,"alhamdulillah , palayananna alus .","[('palayananna', 'alus', 'positive')]",[S] positive [A] palayananna [O] alus,"alhamdulillah , imahna butut .","[('imahna', 'butut', 'negative')]",[S] negative [A] imahna [O] butut,True
OAS,"alhamdulillah , palayananna alus .","[('palayananna', 'alus', 'positive')]",[O] alus [A] palayananna [S] positive,"alhamdulillah , imahna butut .","[('imahna', 'butut', 'negative')]",[O] butut [A] imahna [S] negative,True
OSA,"alhamdulillah , palayananna alus .","[('palayananna', 'alus', 'positive')]",[O] alus [S] positive [A] palayananna,"alhamdulillah , imahna butut .","[('imahna', 'butut', 'negative')]",[O] butut [S] negative [A] imahna,True
AOS,parkiran lumayan lega .,"[('parkiran', 'lumayan lega', 'positive')]",[A] parkiran [O] lumayan lega [S] positive,kantor rada sesek .,"[('kantor', 'rada sesek', 'negative')]",[A] kantor [O] rada sesek [S] negative,True
ASO,parkiran lumayan lega .,"[('parkiran', 'lumayan lega', 'positive')]",[A] parkiran [S] positive [O] lumayan lega,kantor rada sesek .,"[('kantor', 'rada sesek', 'negative')]",[A] kantor [S] negative [O] rada sesek,True
SAO,parkiran lumayan lega .,"[('parkiran', 'lumayan lega', 'positive')]",[S] positive [A] parkiran [O] lumayan lega,kantor rada sesek .,"[('kantor', 'rada sesek', 'negative')]",[S] negative [A] kantor [O] rada sesek,True
OAS,parkiran lumayan lega .,"[('parkiran', 'lumayan lega', 'positive')]",[O] lumayan lega [A] parkiran [S] positive,kantor rada sesek .,"[('kantor', 'rada sesek', 'negative')]",[O] rada sesek [A] kantor [S] negative,True
OSA,parkiran lumayan lega .,"[('parkiran', 'lumayan lega', 'positive')]",[O] lumayan lega [S] positive [A] parkiran,kantor rada sesek .,"[('kantor', 'rada sesek', 'negative')]",[O] rada sesek [S] negative [A] kantor,True
AOS,ac-na teu tiis .,"[('ac-na', 'teu tiis', 'negative')]",[A] ac-na [O] teu tiis [S] negative,kopina ngeunah .,"[('kopina', 'ngeunah', 'positive')]",[A] kopina [O] ngeunah [S] positive,True
ASO,ac-na teu tiis .,"[('ac-na', 'teu tiis', 'negative')]",[A] ac-na [S] negative [O] teu tiis,kopina ngeunah .,"[('kopina', 'ngeunah', 'positive')]",[A] kopina [S] positive [O] ngeunah,True
SAO,ac-na teu tiis .,"[('ac-na', 'teu tiis', 'negative')]",[S] negative [A] ac-na [O] teu tiis,kopina ngeunah .,"[('kopina', 'ngeunah', 'positive')]",[S] positive [A] kopina [O] ngeunah,True
OAS,ac-na teu tiis .,"[('ac-na', 'teu tiis', 'negative')]",[O] teu tiis [A] ac-na [S] negative,kopina ngeunah .,"[('kopina', 'ngeunah', 'positive')]",[O] ngeunah [A] kopina [S] positive,True
OSA,ac-na teu tiis .,"[('ac-na', 'teu tiis', 'negative')]",[O] teu tiis [S] negative [A] ac-na,kopina ngeunah .,"[('kopina', 'ngeunah', 'positive')]",[O] ngeunah [S] positive [A] kopina,True
AOS,sakabéh gé oke .,"[('sakabéh', 'oke', 'positive')]",[A] sakabéh [O] oke [S] positive,pancoran cai gé butut .,"[('pancoran cai', 'butut', 'negative')]",[A] pancoran cai [O] butut [S] negative,True
ASO,sakabéh gé oke .,"[('sakabéh', 'oke', 'positive')]",[A] sakabéh [S] positive [O] oke,pancoran cai gé butut .,"[('pancoran cai', 'butut', 'negative')]",[A] pancoran cai [S] negative [O] butut,True
SAO,sakabéh gé oke .,"[('sakabéh', 'oke', 'positive')]",[S] positive [A] sakabéh [O] oke,pancoran cai gé butut .,"[('pancoran cai', 'butut', 'negative')]",[S] negative [A] pancoran cai [O] butut,True
OAS,sakabéh gé oke .,"[('sakabéh', 'oke', 'positive')]",[O] oke [A] sakabéh [S] positive,pancoran cai gé butut .,"[('pancoran cai', 'butut', 'negative')]",[O] butut [A] pancoran cai [S] negative,True
OSA,sakabéh gé oke .,"[('sakabéh', 'oke', 'positive')]",[O] oke [S] positive [A] sakabéh,pancoran cai gé butut .,"[('pancoran cai', 'butut', 'negative')]",[O] butut [S] negative [A] pancoran cai,True
AOS,palayanan téh kurang alus .,"[('palayanan', 'kurang alus', 'negative')]",[A] palayanan [O] kurang alus [S] negative,pagawena téh tanginas pisan .,"[('pagawena', 'tanginas pisan', 'positive')]",[A] pagawena [O] tanginas pisan [S] positive,True
ASO,palayanan téh kurang alus .,"[('palayanan', 'kurang alus', 'negative')]",[A] palayanan [S] negative [O] kurang alus,pagawena téh tanginas pisan .,"[('pagawena', 'tanginas pisan', 'positive')]",[A] pagawena [S] positive [O] tanginas pisan,True
SAO,palayanan téh kurang alus .,"[('palayanan', 'kurang alus', 'negative')]",[S] negative [A] palayanan [O] kurang alus,pagawena téh tanginas pisan .,"[('pagawena', 'tanginas pisan', 'positive')]",[S] positive [A] pagawena [O] tanginas pisan,True
OAS,palayanan téh kurang alus .,"[('palayanan', 'kurang alus', 'negative')]",[O] kurang alus [A] palayanan [S] negative,pagawena téh tanginas pisan .,"[('pagawena', 'tanginas pisan', 'positive')]",[O] tanginas pisan [A] pagawena [S] positive,True
OSA,palayanan téh kurang alus .,"[('palayanan', 'kurang alus', 'negative')]",[O] kurang alus [S] negative [A] palayanan,pagawena téh tanginas pisan .,"[('pagawena', 'tanginas pisan', 'positive')]",[O] tanginas pisan [S] positive [A] pagawena,True
AOS,kamar heurin teuing .,"[('kamar', 'heurin teuing', 'negative')]",[A] kamar [O] heurin teuing [S] negative,karpet beresih pisan.,"[('karpet', 'beresih pisan', 'positive')]",[A] karpet [O] beresih pisan [S] positive,True
ASO,kamar heurin teuing .,"[('kamar', 'heurin teuing', 'negative')]",[A] kamar [S] negative [O] heurin teuing,karpet beresih pisan.,"[('karpet', 'beresih pisan', 'positive')]",[A] karpet [S] positive [O] beresih pisan,True
SAO,kamar heurin teuing .,"[('kamar', 'heurin teuing', 'negative')]",[S] negative [A] kamar [O] heurin teuing,karpet beresih pisan.,"[('karpet', 'beresih pisan', 'positive')]",[S] positive [A] karpet [O] beresih pisan,True
OAS,kamar heurin teuing .,"[('kamar', 'heurin teuing', 'negative')]",[O] heurin teuing [A] kamar [S] negative,karpet beresih pisan.,"[('karpet', 'beresih pisan', 'positive')]",[O] beresih pisan [A] karpet [S] positive,True
OSA,kamar heurin teuing .,"[('kamar', 'heurin teuing', 'negative')]",[O] heurin teuing [S] negative [A] kamar,karpet beresih pisan.,"[('karpet', 'beresih pisan', 'positive')]",[O] beresih pisan [S] positive [A] karpet,True
AOS,euweuh cemilan .,"[('cemilan', 'euweuh', 'negative')]",[A] cemilan [O] euweuh [S] negative,saraé tempatna .,"[('tempatna', 'saraé', 'positive')]",[A] tempatna [O] saraé [S] positive,True
ASO,euweuh cemilan .,"[('cemilan', 'euweuh', 'negative')]",[A] cemilan [S] negative [O] euweuh,saraé tempatna .,"[('tempatna', 'saraé', 'positive')]",[A] tempatna [S] positive [O] saraé,True
SAO,euweuh cemilan .,"[('cemilan', 'euweuh', 'negative')]",[S] negative [A] cemilan [O] euweuh,saraé tempatna .,"[('tempatna', 'saraé', 'positive')]",[S] positive [A] tempatna [O] saraé,True
OAS,euweuh cemilan .,"[('cemilan', 'euweuh', 'negative')]",[O] euweuh [A] cemilan [S] negative,saraé tempatna .,"[('tempatna', 'saraé', 'positive')]",[O] saraé [A] tempatna [S] positive,True
OSA,euweuh cemilan .,"[('cemilan', 'euweuh', 'negative')]",[O] euweuh [S] negative [A] cemilan,saraé tempatna .,"[('tempatna', 'saraé', 'positive')]",[O] saraé [S] positive [A] tempatna,True
AOS,palayananna kurang .,"[('palayananna', 'kurang', 'negative')]",[A] palayananna [O] kurang [S] negative,imahna alus .,"[('imahna', 'alus', 'positive')]",[A] imahna [O] alus [S] positive,True
ASO,palayananna kurang .,"[('palayananna', 'kurang', 'negative')]",[A] palayananna [S] negative [O] kurang,imahna alus .,"[('imahna', 'alus', 'positive')]",[A] imahna [S] positive [O] alus,True
SAO,palayananna kurang .,"[('palayananna', 'kurang', 'negative')]",[S] negative [A] palayananna [O] kurang,imahna alus .,"[('imahna', 'alus', 'positive')]",[S] positive [A] imahna [O] alus,True
OAS,palayananna kurang .,"[('palayananna', 'kurang', 'negative')]",[O] kurang [A] palayananna [S] negative,imahna alus .,"[('imahna', 'alus', 'positive')]",[O] alus [A] imahna [S] positive,True
OSA,palayananna kurang .,"[('palayananna', 'kurang', 'negative')]",[O] kurang [S] negative [A] palayananna,imahna alus .,"[('imahna', 'alus', 'positive')]",[O] alus [S] positive [A] imahna,True
AOS,palayananna alus . nepi ka dianteurkeun ogé ka bandara .,"[('palayananna', 'alus', 'positive')]",[A] palayananna [O] alus [S] positive,kantorna butut . nepi ka dianteurkeun ogé ka bandara .,"[('kantorna', 'butut', 'negative')]",[A] kantorna [O] butut [S] negative,True
ASO,palayananna alus . nepi ka dianteurkeun ogé ka bandara .,"[('palayananna', 'alus', 'positive')]",[A] palayananna [S] positive [O] alus,kantorna butut . nepi ka dianteurkeun ogé ka bandara .,"[('kantorna', 'butut', 'negative')]",[A] kantorna [S] negative [O] butut,True
SAO,palayananna alus . nepi ka dianteurkeun ogé ka bandara .,"[('palayananna', 'alus', 'positive')]",[S] positive [A] palayananna [O] alus,kantorna butut . nepi ka dianteurkeun ogé ka bandara .,"[('kantorna', 'butut', 'negative')]",[S] negative [A] kantorna [O] butut,True
OAS,palayananna alus . nepi ka dianteurkeun ogé ka bandara .,"[('palayananna', 'alus', 'positive')]",[O] alus [A] palayananna [S] positive,kantorna butut . nepi ka dianteurkeun ogé ka bandara .,"[('kantorna', 'butut', 'negative')]",[O] butut [A] kantorna [S] negative,True
OSA,palayananna alus . nepi ka dianteurkeun ogé ka bandara .,"[('palayananna', 'alus', 'positive')]",[O] alus [S] positive [A] palayananna,kantorna butut . nepi ka dianteurkeun ogé ka bandara .,"[('kantorna', 'butut', 'negative')]",[O] butut [S] negative [A] kantorna,True
AOS,"alus tempatna mah , deukeut ka tempat dahar .","[('tempatna', 'alus', 'positive')]",[A] tempatna [O] alus [S] positive,"bau kasurna mah , deukeut ka tempat dahar .","[('kasurna', 'bau', 'negative')]",[A] kasurna [O] bau [S] negative,True
ASO,"alus tempatna mah , deukeut ka tempat dahar .","[('tempatna', 'alus', 'positive')]",[A] tempatna [S] positive [O] alus,"bau kasurna mah , deukeut ka tempat dahar .","[('kasurna', 'bau', 'negative')]",[A] kasurna [S] negative [O] bau,True
SAO,"alus tempatna mah , deukeut ka tempat dahar .","[('tempatna', 'alus', 'positive')]",[S] positive [A] tempatna [O] alus,"bau kasurna mah , deukeut ka tempat dahar .","[('kasurna', 'bau', 'negative')]",[S] negative [A] kasurna [O] bau,True
OAS,"alus tempatna mah , deukeut ka tempat dahar .","[('tempatna', 'alus', 'positive')]",[O] alus [A] tempatna [S] positive,"bau kasurna mah , deukeut ka tempat dahar .","[('kasurna', 'bau', 'negative')]",[O] bau [A] kasurna [S] negative,True
OSA,"alus tempatna mah , deukeut ka tempat dahar .","[('tempatna', 'alus', 'positive')]",[O] alus [S] positive [A] tempatna,"bau kasurna mah , deukeut ka tempat dahar .","[('kasurna', 'bau', 'negative')]",[O] bau [S] negative [A] kasurna,True
AOS,hanjakal lift na teu hurung .,"[('lift', 'teu hurung', 'negative')]",[A] lift [O] teu hurung [S] negative,hanjakal bal na alus pisan .,"[('bal', 'alus pisan', 'positive')]",[A] bal [O] alus pisan [S] positive,True
ASO,hanjakal lift na teu hurung .,"[('lift', 'teu hurung', 'negative')]",[A] lift [S] negative [O] teu hurung,hanjakal bal na alus pisan .,"[('bal', 'alus pisan', 'positive')]",[A] bal [S] positive [O] alus pisan,True
SAO,hanjakal lift na teu hurung .,"[('lift', 'teu hurung', 'negative')]",[S] negative [A] lift [O] teu hurung,hanjakal bal na alus pisan .,"[('bal', 'alus pisan', 'positive')]",[S] positive [A] bal [O] alus pisan,True
OAS,hanjakal lift na teu hurung .,"[('lift', 'teu hurung', 'negative')]",[O] teu hurung [A] lift [S] negative,hanjakal bal na alus pisan .,"[('bal', 'alus pisan', 'positive')]",[O] alus pisan [A] bal [S] positive,True
OSA,hanjakal lift na teu hurung .,"[('lift', 'teu hurung', 'negative')]",[O] teu hurung [S] negative [A] lift,hanjakal bal na alus pisan .,"[('bal', 'alus pisan', 'positive')]",[O] alus pisan [S] positive [A] bal,True
AOS,caina kurang gedé .,"[('caina', 'kurang gedé', 'negative')]",[A] caina [O] kurang gedé [S] negative,cauna badag pisan .,"[('cauna', 'badag pisan', 'positive')]",[A] cauna [O] badag pisan [S] positive,True
ASO,caina kurang gedé .,"[('caina', 'kurang gedé', 'negative')]",[A] caina [S] negative [O] kurang gedé,cauna badag pisan .,"[('cauna', 'badag pisan', 'positive')]",[A] cauna [S] positive [O] badag pisan,True
SAO,caina kurang gedé .,"[('caina', 'kurang gedé', 'negative')]",[S] negative [A] caina [O] kurang gedé,cauna badag pisan .,"[('cauna', 'badag pisan', 'positive')]",[S] positive [A] cauna [O] badag pisan,True
OAS,caina kurang gedé .,"[('caina', 'kurang gedé', 'negative')]",[O] kurang gedé [A] caina [S] negative,cauna badag pisan .,"[('cauna', 'badag pisan', 'positive')]",[O] badag pisan [A] cauna [S] positive,True
OSA,caina kurang gedé .,"[('caina', 'kurang gedé', 'negative')]",[O] kurang gedé [S] negative [A] caina,cauna badag pisan .,"[('cauna', 'badag pisan', 'positive')]",[O] badag pisan [S] positive [A] cauna,True
AOS,palayan gancang .,"[('palayan', 'gancang', 'positive')]",[A] palayan [O] gancang [S] positive,pacul lélét .,"[('pacul', 'lélét', 'negative')]",[A] pacul [O] lélét [S] negative,True
ASO,palayan gancang .,"[('palayan', 'gancang', 'positive')]",[A] palayan [S] positive [O] gancang,pacul lélét .,"[('pacul', 'lélét', 'negative')]",[A] pacul [S] negative [O] lélét,True
SAO,palayan gancang .,"[('palayan', 'gancang', 'positive')]",[S] positive [A] palayan [O] gancang,pacul lélét .,"[('pacul', 'lélét', 'negative')]",[S] negative [A] pacul [O] lélét,True
OAS,palayan gancang .,"[('palayan', 'gancang', 'positive')]",[O] gancang [A] palayan [S] positive,pacul lélét .,"[('pacul', 'lélét', 'negative')]",[O] lélét [A] pacul [S] negative,True
OSA,palayan gancang .,"[('palayan', 'gancang', 'positive')]",[O] gancang [S] positive [A] palayan,pacul lélét .,"[('pacul', 'lélét', 'negative')]",[O] lélét [S] negative [A] pacul,True
AOS,euweuh sabun di jero kamar .,"[('sabun', 'euweuh', 'negative')]",[A] sabun [O] euweuh [S] negative,merenah ngopi di jero kamar .,"[('ngopi', 'merenah', 'positive')]",[A] ngopi [O] merenah [S] positive,True
ASO,euweuh sabun di jero kamar .,"[('sabun', 'euweuh', 'negative')]",[A] sabun [S] negative [O] euweuh,merenah ngopi di jero kamar .,"[('ngopi', 'merenah', 'positive')]",[A] ngopi [S] positive [O] merenah,True
SAO,euweuh sabun di jero kamar .,"[('sabun', 'euweuh', 'negative')]",[S] negative [A] sabun [O] euweuh,merenah ngopi di jero kamar .,"[('ngopi', 'merenah', 'positive')]",[S] positive [A] ngopi [O] merenah,True
OAS,euweuh sabun di jero kamar .,"[('sabun', 'euweuh', 'negative')]",[O] euweuh [A] sabun [S] negative,merenah ngopi di jero kamar .,"[('ngopi', 'merenah', 'positive')]",[O] merenah [A] ngopi [S] positive,True
OSA,euweuh sabun di jero kamar .,"[('sabun', 'euweuh', 'negative')]",[O] euweuh [S] negative [A] sabun,merenah ngopi di jero kamar .,"[('ngopi', 'merenah', 'positive')]",[O] merenah [S] positive [A] ngopi,True
AOS,wifina kurang muaskeun euy : ) .,"[('wifina', 'kurang muaskeun', 'negative')]",[A] wifina [O] kurang muaskeun [S] negative,patlotna gancang jeung stabil euy : ) .,"[('patlotna', 'muaskeun pisan', 'positive')]",[A] patlotna [O] muaskeun pisan [S] positive,True
ASO,wifina kurang muaskeun euy : ) .,"[('wifina', 'kurang muaskeun', 'negative')]",[A] wifina [S] negative [O] kurang muaskeun,patlotna gancang jeung stabil euy : ) .,"[('patlotna', 'muaskeun pisan', 'positive')]",[A] patlotna [S] positive [O] muaskeun pisan,True
SAO,wifina kurang muaskeun euy : ) .,"[('wifina', 'kurang muaskeun', 'negative')]",[S] negative [A] wifina [O] kurang muaskeun,patlotna gancang jeung stabil euy : ) .,"[('patlotna', 'muaskeun pisan', 'positive')]",[S] positive [A] patlotna [O] muaskeun pisan,True
OAS,wifina kurang muaskeun euy : ) .,"[('wifina', 'kurang muaskeun', 'negative')]",[O] kurang muaskeun [A] wifina [S] negative,patlotna gancang jeung stabil euy : ) .,"[('patlotna', 'muaskeun pisan', 'positive')]",[O] muaskeun pisan [A] patlotna [S] positive,True
OSA,wifina kurang muaskeun euy : ) .,"[('wifina', 'kurang muaskeun', 'negative')]",[O] kurang muaskeun [S] negative [A] wifina,patlotna gancang jeung stabil euy : ) .,"[('patlotna', 'muaskeun pisan', 'positive')]",[O] muaskeun pisan [S] positive [A] patlotna,True
AOS,"geus tilu kali ngendong di dieu , sok jadi langganan . tempatna mah ngeunaheun da .","[('tempatna', 'ngeunaheun', 'positive')]",[A] tempatna [O] ngeunaheun [S] positive,"geus tilu kali ngendong di dieu , sok jadi langganan . curugna mah ngeunaheun da .","[('curugna', 'ngeunaheun', 'negative')]",[A] curugna [O] ngeunaheun [S] negative,True
ASO,"geus tilu kali ngendong di dieu , sok jadi langganan . tempatna mah ngeunaheun da .","[('tempatna', 'ngeunaheun', 'positive')]",[A] tempatna [S] positive [O] ngeunaheun,"geus tilu kali ngendong di dieu , sok jadi langganan . curugna mah ngeunaheun da .","[('curugna', 'ngeunaheun', 'negative')]",[A] curugna [S] negative [O] ngeunaheun,True
SAO,"geus tilu kali ngendong di dieu , sok jadi langganan . tempatna mah ngeunaheun da .","[('tempatna', 'ngeunaheun', 'positive')]",[S] positive [A] tempatna [O] ngeunaheun,"geus tilu kali ngendong di dieu , sok jadi langganan . curugna mah ngeunaheun da .","[('curugna', 'ngeunaheun', 'negative')]",[S] negative [A] curugna [O] ngeunaheun,True
OAS,"geus tilu kali ngendong di dieu , sok jadi langganan . tempatna mah ngeunaheun da .","[('tempatna', 'ngeunaheun', 'positive')]",[O] ngeunaheun [A] tempatna [S] positive,"geus tilu kali ngendong di dieu , sok jadi langganan . curugna mah ngeunaheun da .","[('curugna', 'ngeunaheun', 'negative')]",[O] ngeunaheun [A] curugna [S] negative,True
OSA,"geus tilu kali ngendong di dieu , sok jadi langganan . tempatna mah ngeunaheun da .","[('tempatna', 'ngeunaheun', 'positive')]",[O] ngeunaheun [S] positive [A] tempatna,"geus tilu kali ngendong di dieu , sok jadi langganan . curugna mah ngeunaheun da .","[('curugna', 'ngeunaheun', 'negative')]",[O] ngeunaheun [S] negative [A] curugna,True
AOS,tempat keur istirahat anu ngeunaheun pisan .,"[('tempat', 'ngeunaheun pisan', 'positive')]",[A] tempat [O] ngeunaheun pisan [S] positive,cilok keur istirahat anu pikaboseneun pisan .,"[('cilok', 'pikaboseneun pisan', 'negative')]",[A] cilok [O] pikaboseneun pisan [S] negative,True
ASO,tempat keur istirahat anu ngeunaheun pisan .,"[('tempat', 'ngeunaheun pisan', 'positive')]",[A] tempat [S] positive [O] ngeunaheun pisan,cilok keur istirahat anu pikaboseneun pisan .,"[('cilok', 'pikaboseneun pisan', 'negative')]",[A] cilok [S] negative [O] pikaboseneun pisan,True
SAO,tempat keur istirahat anu ngeunaheun pisan .,"[('tempat', 'ngeunaheun pisan', 'positive')]",[S] positive [A] tempat [O] ngeunaheun pisan,cilok keur istirahat anu pikaboseneun pisan .,"[('cilok', 'pikaboseneun pisan', 'negative')]",[S] negative [A] cilok [O] pikaboseneun pisan,True
OAS,tempat keur istirahat anu ngeunaheun pisan .,"[('tempat', 'ngeunaheun pisan', 'positive')]",[O] ngeunaheun pisan [A] tempat [S] positive,cilok keur istirahat anu pikaboseneun pisan .,"[('cilok', 'pikaboseneun pisan', 'negative')]",[O] pikaboseneun pisan [A] cilok [S] negative,True
OSA,tempat keur istirahat anu ngeunaheun pisan .,"[('tempat', 'ngeunaheun pisan', 'positive')]",[O] ngeunaheun pisan [S] positive [A] tempat,cilok keur istirahat anu pikaboseneun pisan .,"[('cilok', 'pikaboseneun pisan', 'negative')]",[O] pikaboseneun pisan [S] negative [A] cilok,True
AOS,pancuran cai panas teu hurung .,"[('pancuran cai panas', 'teu hurung', 'negative')]",[A] pancuran cai panas [O] teu hurung [S] negative,panggangan beusina kuat pisan .,"[('panggangan beusina', 'kuat pisan', 'positive')]",[A] panggangan beusina [O] kuat pisan [S] positive,True
ASO,pancuran cai panas teu hurung .,"[('pancuran cai panas', 'teu hurung', 'negative')]",[A] pancuran cai panas [S] negative [O] teu hurung,panggangan beusina kuat pisan .,"[('panggangan beusina', 'kuat pisan', 'positive')]",[A] panggangan beusina [S] positive [O] kuat pisan,True
SAO,pancuran cai panas teu hurung .,"[('pancuran cai panas', 'teu hurung', 'negative')]",[S] negative [A] pancuran cai panas [O] teu hurung,panggangan beusina kuat pisan .,"[('panggangan beusina', 'kuat pisan', 'positive')]",[S] positive [A] panggangan beusina [O] kuat pisan,True
OAS,pancuran cai panas teu hurung .,"[('pancuran cai panas', 'teu hurung', 'negative')]",[O] teu hurung [A] pancuran cai panas [S] negative,panggangan beusina kuat pisan .,"[('panggangan beusina', 'kuat pisan', 'positive')]",[O] kuat pisan [A] panggangan beusina [S] positive,True
OSA,pancuran cai panas teu hurung .,"[('pancuran cai panas', 'teu hurung', 'negative')]",[O] teu hurung [S] negative [A] pancuran cai panas,panggangan beusina kuat pisan .,"[('panggangan beusina', 'kuat pisan', 'positive')]",[O] kuat pisan [S] positive [A] panggangan beusina,True
AOS,lokasina strategis deukeut stasiun blitar jeung alun-alun .,"[('lokasina', 'strategis', 'positive')]",[A] lokasina [O] strategis [S] positive,saungna regas deukeut stasiun blitar jeung alun-alun .,"[('saungna', 'regas', 'negative')]",[A] saungna [O] regas [S] negative,True
ASO,lokasina strategis deukeut stasiun blitar jeung alun-alun .,"[('lokasina', 'strategis', 'positive')]",[A] lokasina [S] positive [O] strategis,saungna regas deukeut stasiun blitar jeung alun-alun .,"[('saungna', 'regas', 'negative')]",[A] saungna [S] negative [O] regas,True
SAO,lokasina strategis deukeut stasiun blitar jeung alun-alun .,"[('lokasina', 'strategis', 'positive')]",[S] positive [A] lokasina [O] strategis,saungna regas deukeut stasiun blitar jeung alun-alun .,"[('saungna', 'regas', 'negative')]",[S] negative [A] saungna [O] regas,True
OAS,lokasina strategis deukeut stasiun blitar jeung alun-alun .,"[('lokasina', 'strategis', 'positive')]",[O] strategis [A] lokasina [S] positive,saungna regas deukeut stasiun blitar jeung alun-alun .,"[('saungna', 'regas', 'negative')]",[O] regas [A] saungna [S] negative,True
OSA,lokasina strategis deukeut stasiun blitar jeung alun-alun .,"[('lokasina', 'strategis', 'positive')]",[O] strategis [S] positive [A] lokasina,saungna regas deukeut stasiun blitar jeung alun-alun .,"[('saungna', 'regas', 'negative')]",[O] regas [S] negative [A] saungna,True
AOS,seprena kurang beresih .,"[('seprena', 'kurang beresih', 'negative')]",[A] seprena [O] kurang beresih [S] negative,patani beresih pisan .,"[('patani', 'beresih pisan', 'positive')]",[A] patani [O] beresih pisan [S] positive,True
ASO,seprena kurang beresih .,"[('seprena', 'kurang beresih', 'negative')]",[A] seprena [S] negative [O] kurang beresih,patani beresih pisan .,"[('patani', 'beresih pisan', 'positive')]",[A] patani [S] positive [O] beresih pisan,True
SAO,seprena kurang beresih .,"[('seprena', 'kurang beresih', 'negative')]",[S] negative [A] seprena [O] kurang beresih,patani beresih pisan .,"[('patani', 'beresih pisan', 'positive')]",[S] positive [A] patani [O] beresih pisan,True
OAS,seprena kurang beresih .,"[('seprena', 'kurang beresih', 'negative')]",[O] kurang beresih [A] seprena [S] negative,patani beresih pisan .,"[('patani', 'beresih pisan', 'positive')]",[O] beresih pisan [A] patani [S] positive,True
OSA,seprena kurang beresih .,"[('seprena', 'kurang beresih', 'negative')]",[O] kurang beresih [S] negative [A] seprena,patani beresih pisan .,"[('patani', 'beresih pisan', 'positive')]",[O] beresih pisan [S] positive [A] patani,True
AOS,kamarna téh teu kedap sora . jadi kamar gigir ngobrol biasa ogé kadéngé . dua peuting urang ngendong .,"[('kamarna', 'teu kedap sora', 'negative')]",[A] kamarna [O] teu kedap sora [S] negative,kayuna téh kedap sora pisan . jadi kamar gigir ngobrol biasa ogé kadéngé . dua peuting urang ngendong .,"[('kayuna', 'kedap sora pisan', 'positive')]",[A] kayuna [O] kedap sora pisan [S] positive,True
ASO,kamarna téh teu kedap sora . jadi kamar gigir ngobrol biasa ogé kadéngé . dua peuting urang ngendong .,"[('kamarna', 'teu kedap sora', 'negative')]",[A] kamarna [S] negative [O] teu kedap sora,kayuna téh kedap sora pisan . jadi kamar gigir ngobrol biasa ogé kadéngé . dua peuting urang ngendong .,"[('kayuna', 'kedap sora pisan', 'positive')]",[A] kayuna [S] positive [O] kedap sora pisan,True
SAO,kamarna téh teu kedap sora . jadi kamar gigir ngobrol biasa ogé kadéngé . dua peuting urang ngendong .,"[('kamarna', 'teu kedap sora', 'negative')]",[S] negative [A] kamarna [O] teu kedap sora,kayuna téh kedap sora pisan . jadi kamar gigir ngobrol biasa ogé kadéngé . dua peuting urang ngendong .,"[('kayuna', 'kedap sora pisan', 'positive')]",[S] positive [A] kayuna [O] kedap sora pisan,True
OAS,kamarna téh teu kedap sora . jadi kamar gigir ngobrol biasa ogé kadéngé . dua peuting urang ngendong .,"[('kamarna', 'teu kedap sora', 'negative')]",[O] teu kedap sora [A] kamarna [S] negative,kayuna téh kedap sora pisan . jadi kamar gigir ngobrol biasa ogé kadéngé . dua peuting urang ngendong .,"[('kayuna', 'kedap sora pisan', 'positive')]",[O] kedap sora pisan [A] kayuna [S] positive,True
OSA,kamarna téh teu kedap sora . jadi kamar gigir ngobrol biasa ogé kadéngé . dua peuting urang ngendong .,"[('kamarna', 'teu kedap sora', 'negative')]",[O] teu kedap sora [S] negative [A] kamarna,kayuna téh kedap sora pisan . jadi kamar gigir ngobrol biasa ogé kadéngé . dua peuting urang ngendong .,"[('kayuna', 'kedap sora pisan', 'positive')]",[O] kedap sora pisan [S] positive [A] kayuna,True
AOS,ieu tempat ngeunaheun pisan .,"[('tempat', 'ngeunaheun pisan', 'positive')]",[A] tempat [O] ngeunaheun pisan [S] positive,ieu korsi teu ngeunaheun .,"[('korsi', 'teu ngeunaheun', 'negative')]",[A] korsi [O] teu ngeunaheun [S] negative,True
ASO,ieu tempat ngeunaheun pisan .,"[('tempat', 'ngeunaheun pisan', 'positive')]",[A] tempat [S] positive [O] ngeunaheun pisan,ieu korsi teu ngeunaheun .,"[('korsi', 'teu ngeunaheun', 'negative')]",[A] korsi [S] negative [O] teu ngeunaheun,True
SAO,ieu tempat ngeunaheun pisan .,"[('tempat', 'ngeunaheun pisan', 'positive')]",[S] positive [A] tempat [O] ngeunaheun pisan,ieu korsi teu ngeunaheun .,"[('korsi', 'teu ngeunaheun', 'negative')]",[S] negative [A] korsi [O] teu ngeunaheun,True
OAS,ieu tempat ngeunaheun pisan .,"[('tempat', 'ngeunaheun pisan', 'positive')]",[O] ngeunaheun pisan [A] tempat [S] positive,ieu korsi teu ngeunaheun .,"[('korsi', 'teu ngeunaheun', 'negative')]",[O] teu ngeunaheun [A] korsi [S] negative,True
OSA,ieu tempat ngeunaheun pisan .,"[('tempat', 'ngeunaheun pisan', 'positive')]",[O] ngeunaheun pisan [S] positive [A] tempat,ieu korsi teu ngeunaheun .,"[('korsi', 'teu ngeunaheun', 'negative')]",[O] teu ngeunaheun [S] negative [A] korsi,True
AOS,patugasna ramah .,"[('patugasna', 'ramah', 'positive')]",[A] patugasna [O] ramah [S] positive,hargana mahal .,"[('hargana', 'mahal', 'negative')]",[A] hargana [O] mahal [S] negative,True
ASO,patugasna ramah .,"[('patugasna', 'ramah', 'positive')]",[A] patugasna [S] positive [O] ramah,hargana mahal .,"[('hargana', 'mahal', 'negative')]",[A] hargana [S] negative [O] mahal,True
SAO,patugasna ramah .,"[('patugasna', 'ramah', 'positive')]",[S] positive [A] patugasna [O] ramah,hargana mahal .,"[('hargana', 'mahal', 'negative')]",[S] negative [A] hargana [O] mahal,True
OAS,patugasna ramah .,"[('patugasna', 'ramah', 'positive')]",[O] ramah [A] patugasna [S] positive,hargana mahal .,"[('hargana', 'mahal', 'negative')]",[O] mahal [A] hargana [S] negative,True
OSA,patugasna ramah .,"[('patugasna', 'ramah', 'positive')]",[O] ramah [S] positive [A] patugasna,hargana mahal .,"[('hargana', 'mahal', 'negative')]",[O] mahal [S] negative [A] hargana,True
AOS,cai teu hurung .,"[('cai', 'teu hurung', 'negative')]",[A] cai [O] teu hurung [S] negative,awi alus pisan .,"[('awi', 'alus pisan', 'positive')]",[A] awi [O] alus pisan [S] positive,True
ASO,cai teu hurung .,"[('cai', 'teu hurung', 'negative')]",[A] cai [S] negative [O] teu hurung,awi alus pisan .,"[('awi', 'alus pisan', 'positive')]",[A] awi [S] positive [O] alus pisan,True
SAO,cai teu hurung .,"[('cai', 'teu hurung', 'negative')]",[S] negative [A] cai [O] teu hurung,awi alus pisan .,"[('awi', 'alus pisan', 'positive')]",[S] positive [A] awi [O] alus pisan,True
OAS,cai teu hurung .,"[('cai', 'teu hurung', 'negative')]",[O] teu hurung [A] cai [S] negative,awi alus pisan .,"[('awi', 'alus pisan', 'positive')]",[O] alus pisan [A] awi [S] positive,True
OSA,cai teu hurung .,"[('cai', 'teu hurung', 'negative')]",[O] teu hurung [S] negative [A] cai,awi alus pisan .,"[('awi', 'alus pisan', 'positive')]",[O] alus pisan [S] positive [A] awi,True
AOS,palayanna kurang ramah .,"[('palayanna', 'kurang ramah', 'negative')]",[A] palayanna [O] kurang ramah [S] negative,hargana murah pisan .,"[('hargana', 'murah pisan', 'positive')]",[A] hargana [O] murah pisan [S] positive,True
ASO,palayanna kurang ramah .,"[('palayanna', 'kurang ramah', 'negative')]",[A] palayanna [S] negative [O] kurang ramah,hargana murah pisan .,"[('hargana', 'murah pisan', 'positive')]",[A] hargana [S] positive [O] murah pisan,True
SAO,palayanna kurang ramah .,"[('palayanna', 'kurang ramah', 'negative')]",[S] negative [A] palayanna [O] kurang ramah,hargana murah pisan .,"[('hargana', 'murah pisan', 'positive')]",[S] positive [A] hargana [O] murah pisan,True
OAS,palayanna kurang ramah .,"[('palayanna', 'kurang ramah', 'negative')]",[O] kurang ramah [A] palayanna [S] negative,hargana murah pisan .,"[('hargana', 'murah pisan', 'positive')]",[O] murah pisan [A] hargana [S] positive,True
OSA,palayanna kurang ramah .,"[('palayanna', 'kurang ramah', 'negative')]",[O] kurang ramah [S] negative [A] palayanna,hargana murah pisan .,"[('hargana', 'murah pisan', 'positive')]",[O] murah pisan [S] positive [A] hargana,True
AOS,kamarna kurang beresih .,"[('kamarna', 'kurang beresih', 'negative')]",[A] kamarna [O] kurang beresih [S] negative,kayuna geus bararesih .,"[('kayuna', 'geus bararesih', 'positive')]",[A] kayuna [O] geus bararesih [S] positive,True
ASO,kamarna kurang beresih .,"[('kamarna', 'kurang beresih', 'negative')]",[A] kamarna [S] negative [O] kurang beresih,kayuna geus bararesih .,"[('kayuna', 'geus bararesih', 'positive')]",[A] kayuna [S] positive [O] geus bararesih,True
SAO,kamarna kurang beresih .,"[('kamarna', 'kurang beresih', 'negative')]",[S] negative [A] kamarna [O] kurang beresih,kayuna geus bararesih .,"[('kayuna', 'geus bararesih', 'positive')]",[S] positive [A] kayuna [O] geus bararesih,True
OAS,kamarna kurang beresih .,"[('kamarna', 'kurang beresih', 'negative')]",[O] kurang beresih [A] kamarna [S] negative,kayuna geus bararesih .,"[('kayuna', 'geus bararesih', 'positive')]",[O] geus bararesih [A] kayuna [S] positive,True
OSA,kamarna kurang beresih .,"[('kamarna', 'kurang beresih', 'negative')]",[O] kurang beresih [S] negative [A] kamarna,kayuna geus bararesih .,"[('kayuna', 'geus bararesih', 'positive')]",[O] geus bararesih [S] positive [A] kayuna,True
AOS,kamar na teu kedap sora .,"[('kamar', 'teu kedap sora', 'negative')]",[A] kamar [O] teu kedap sora [S] negative,irung na rada kedap sora .,"[('irung', 'rada kedap sora', 'positive')]",[A] irung [O] rada kedap sora [S] positive,True
ASO,kamar na teu kedap sora .,"[('kamar', 'teu kedap sora', 'negative')]",[A] kamar [S] negative [O] teu kedap sora,irung na rada kedap sora .,"[('irung', 'rada kedap sora', 'positive')]",[A] irung [S] positive [O] rada kedap sora,True
SAO,kamar na teu kedap sora .,"[('kamar', 'teu kedap sora', 'negative')]",[S] negative [A] kamar [O] teu kedap sora,irung na rada kedap sora .,"[('irung', 'rada kedap sora', 'positive')]",[S] positive [A] irung [O] rada kedap sora,True
OAS,kamar na teu kedap sora .,"[('kamar', 'teu kedap sora', 'negative')]",[O] teu kedap sora [A] kamar [S] negative,irung na rada kedap sora .,"[('irung', 'rada kedap sora', 'positive')]",[O] rada kedap sora [A] irung [S] positive,True
OSA,kamar na teu kedap sora .,"[('kamar', 'teu kedap sora', 'negative')]",[O] teu kedap sora [S] negative [A] kamar,irung na rada kedap sora .,"[('irung', 'rada kedap sora', 'positive')]",[O] rada kedap sora [S] positive [A] irung,True
AOS,sarapan nu kurang pikaresepeun .,"[('sarapan', 'kurang pikaresepeun', 'negative')]",[A] sarapan [O] kurang pikaresepeun [S] negative,lapangan nu pikaresepeun pisan .,"[('sarapan', 'pikaresepeun pisan', 'positive')]",[A] sarapan [O] pikaresepeun pisan [S] positive,True
ASO,sarapan nu kurang pikaresepeun .,"[('sarapan', 'kurang pikaresepeun', 'negative')]",[A] sarapan [S] negative [O] kurang pikaresepeun,lapangan nu pikaresepeun pisan .,"[('sarapan', 'pikaresepeun pisan', 'positive')]",[A] sarapan [S] positive [O] pikaresepeun pisan,True
SAO,sarapan nu kurang pikaresepeun .,"[('sarapan', 'kurang pikaresepeun', 'negative')]",[S] negative [A] sarapan [O] kurang pikaresepeun,lapangan nu pikaresepeun pisan .,"[('sarapan', 'pikaresepeun pisan', 'positive')]",[S] positive [A] sarapan [O] pikaresepeun pisan,True
OAS,sarapan nu kurang pikaresepeun .,"[('sarapan', 'kurang pikaresepeun', 'negative')]",[O] kurang pikaresepeun [A] sarapan [S] negative,lapangan nu pikaresepeun pisan .,"[('sarapan', 'pikaresepeun pisan', 'positive')]",[O] pikaresepeun pisan [A] sarapan [S] positive,True
OSA,sarapan nu kurang pikaresepeun .,"[('sarapan', 'kurang pikaresepeun', 'negative')]",[O] kurang pikaresepeun [S] negative [A] sarapan,lapangan nu pikaresepeun pisan .,"[('sarapan', 'pikaresepeun pisan', 'positive')]",[O] pikaresepeun pisan [S] positive [A] sarapan,True
AOS,ménu sarapan kurang ngeunah .,"[('ménu sarapan', 'kurang ngeunah', 'negative')]",[A] ménu sarapan [O] kurang ngeunah [S] negative,kaahlianna ngeunah pisan .,"[('kaahlianna', 'ngeunah pisan', 'positive')]",[A] kaahlianna [O] ngeunah pisan [S] positive,True
ASO,ménu sarapan kurang ngeunah .,"[('ménu sarapan', 'kurang ngeunah', 'negative')]",[A] ménu sarapan [S] negative [O] kurang ngeunah,kaahlianna ngeunah pisan .,"[('kaahlianna', 'ngeunah pisan', 'positive')]",[A] kaahlianna [S] positive [O] ngeunah pisan,True
SAO,ménu sarapan kurang ngeunah .,"[('ménu sarapan', 'kurang ngeunah', 'negative')]",[S] negative [A] ménu sarapan [O] kurang ngeunah,kaahlianna ngeunah pisan .,"[('kaahlianna', 'ngeunah pisan', 'positive')]",[S] positive [A] kaahlianna [O] ngeunah pisan,True
OAS,ménu sarapan kurang ngeunah .,"[('ménu sarapan', 'kurang ngeunah', 'negative')]",[O] kurang ngeunah [A] ménu sarapan [S] negative,kaahlianna ngeunah pisan .,"[('kaahlianna', 'ngeunah pisan', 'positive')]",[O] ngeunah pisan [A] kaahlianna [S] positive,True
OSA,ménu sarapan kurang ngeunah .,"[('ménu sarapan', 'kurang ngeunah', 'negative')]",[O] kurang ngeunah [S] negative [A] ménu sarapan,kaahlianna ngeunah pisan .,"[('kaahlianna', 'ngeunah pisan', 'positive')]",[O] ngeunah pisan [S] positive [A] kaahlianna,True
AOS,kamar mandi heurin teuing .,"[('kamar mandi', 'heurin teuing', 'negative')]",[A] kamar mandi [O] heurin teuing [S] negative,angklungna lega pisan da .,"[('angklungna', 'lega pisan da', 'positive')]",[A] angklungna [O] lega pisan da [S] positive,True
ASO,kamar mandi heurin teuing .,"[('kamar mandi', 'heurin teuing', 'negative')]",[A] kamar mandi [S] negative [O] heurin teuing,angklungna lega pisan da .,"[('angklungna', 'lega pisan da', 'positive')]",[A] angklungna [S] positive [O] lega pisan da,True
SAO,kamar mandi heurin teuing .,"[('kamar mandi', 'heurin teuing', 'negative')]",[S] negative [A] kamar mandi [O] heurin teuing,angklungna lega pisan da .,"[('angklungna', 'lega pisan da', 'positive')]",[S] positive [A] angklungna [O] lega pisan da,True
OAS,kamar mandi heurin teuing .,"[('kamar mandi', 'heurin teuing', 'negative')]",[O] heurin teuing [A] kamar mandi [S] negative,angklungna lega pisan da .,"[('angklungna', 'lega pisan da', 'positive')]",[O] lega pisan da [A] angklungna [S] positive,True
OSA,kamar mandi heurin teuing .,"[('kamar mandi', 'heurin teuing', 'negative')]",[O] heurin teuing [S] negative [A] kamar mandi,angklungna lega pisan da .,"[('angklungna', 'lega pisan da', 'positive')]",[O] lega pisan da [S] positive [A] angklungna,True
AOS,parkiran lega .,"[('parkiran', 'lega', 'positive')]",[A] parkiran [O] lega [S] positive,buku butut .,"[('buku', 'butut', 'negative')]",[A] buku [O] butut [S] negative,True
ASO,parkiran lega .,"[('parkiran', 'lega', 'positive')]",[A] parkiran [S] positive [O] lega,buku butut .,"[('buku', 'butut', 'negative')]",[A] buku [S] negative [O] butut,True
SAO,parkiran lega .,"[('parkiran', 'lega', 'positive')]",[S] positive [A] parkiran [O] lega,buku butut .,"[('buku', 'butut', 'negative')]",[S] negative [A] buku [O] butut,True
OAS,parkiran lega .,"[('parkiran', 'lega', 'positive')]",[O] lega [A] parkiran [S] positive,buku butut .,"[('buku', 'butut', 'negative')]",[O] butut [A] buku [S] negative,True
OSA,parkiran lega .,"[('parkiran', 'lega', 'positive')]",[O] lega [S] positive [A] parkiran,buku butut .,"[('buku', 'butut', 'negative')]",[O] butut [S] negative [A] buku,True
AOS,ménu sarapanna ngeunah .,"[('ménu sarapanna', 'ngeunah', 'positive')]",[A] ménu sarapanna [O] ngeunah [S] positive,kawani urang asin teuing .,"[('kawani urang', 'asin teuing', 'negative')]",[A] kawani urang [O] asin teuing [S] negative,True
ASO,ménu sarapanna ngeunah .,"[('ménu sarapanna', 'ngeunah', 'positive')]",[A] ménu sarapanna [S] positive [O] ngeunah,kawani urang asin teuing .,"[('kawani urang', 'asin teuing', 'negative')]",[A] kawani urang [S] negative [O] asin teuing,True
SAO,ménu sarapanna ngeunah .,"[('ménu sarapanna', 'ngeunah', 'positive')]",[S] positive [A] ménu sarapanna [O] ngeunah,kawani urang asin teuing .,"[('kawani urang', 'asin teuing', 'negative')]",[S] negative [A] kawani urang [O] asin teuing,True
OAS,ménu sarapanna ngeunah .,"[('ménu sarapanna', 'ngeunah', 'positive')]",[O] ngeunah [A] ménu sarapanna [S] positive,kawani urang asin teuing .,"[('kawani urang', 'asin teuing', 'negative')]",[O] asin teuing [A] kawani urang [S] negative,True
OSA,ménu sarapanna ngeunah .,"[('ménu sarapanna', 'ngeunah', 'positive')]",[O] ngeunah [S] positive [A] ménu sarapanna,kawani urang asin teuing .,"[('kawani urang', 'asin teuing', 'negative')]",[O] asin teuing [S] negative [A] kawani urang,True
AOS,ac di kamar nomer 10 téh teu tiis .,"[('ac', 'teu tiis', 'negative')]",[A] ac [O] teu tiis [S] negative,tas di kamar nomer 10 téh alus pisan .,"[('tas', 'alus pisan', 'positive')]",[A] tas [O] alus pisan [S] positive,True
ASO,ac di kamar nomer 10 téh teu tiis .,"[('ac', 'teu tiis', 'negative')]",[A] ac [S] negative [O] teu tiis,tas di kamar nomer 10 téh alus pisan .,"[('tas', 'alus pisan', 'positive')]",[A] tas [S] positive [O] alus pisan,True
SAO,ac di kamar nomer 10 téh teu tiis .,"[('ac', 'teu tiis', 'negative')]",[S] negative [A] ac [O] teu tiis,tas di kamar nomer 10 téh alus pisan .,"[('tas', 'alus pisan', 'positive')]",[S] positive [A] tas [O] alus pisan,True
OAS,ac di kamar nomer 10 téh teu tiis .,"[('ac', 'teu tiis', 'negative')]",[O] teu tiis [A] ac [S] negative,tas di kamar nomer 10 téh alus pisan .,"[('tas', 'alus pisan', 'positive')]",[O] alus pisan [A] tas [S] positive,True
OSA,ac di kamar nomer 10 téh teu tiis .,"[('ac', 'teu tiis', 'negative')]",[O] teu tiis [S] negative [A] ac,tas di kamar nomer 10 téh alus pisan .,"[('tas', 'alus pisan', 'positive')]",[O] alus pisan [S] positive [A] tas,True
AOS,cai panasna teu stabil .,"[('cai panasna', 'teu stabil', 'negative')]",[A] cai panasna [O] teu stabil [S] negative,cai herangna beresih .,"[('cai herangna', 'beresih', 'positive')]",[A] cai herangna [O] beresih [S] positive,True
ASO,cai panasna teu stabil .,"[('cai panasna', 'teu stabil', 'negative')]",[A] cai panasna [S] negative [O] teu stabil,cai herangna beresih .,"[('cai herangna', 'beresih', 'positive')]",[A] cai herangna [S] positive [O] beresih,True
SAO,cai panasna teu stabil .,"[('cai panasna', 'teu stabil', 'negative')]",[S] negative [A] cai panasna [O] teu stabil,cai herangna beresih .,"[('cai herangna', 'beresih', 'positive')]",[S] positive [A] cai herangna [O] beresih,True
OAS,cai panasna teu stabil .,"[('cai panasna', 'teu stabil', 'negative')]",[O] teu stabil [A] cai panasna [S] negative,cai herangna beresih .,"[('cai herangna', 'beresih', 'positive')]",[O] beresih [A] cai herangna [S] positive,True
OSA,cai panasna teu stabil .,"[('cai panasna', 'teu stabil', 'negative')]",[O] teu stabil [S] negative [A] cai panasna,cai herangna beresih .,"[('cai herangna', 'beresih', 'positive')]",[O] beresih [S] positive [A] cai herangna,True
AOS,tempatna di tengah kota jeung tiiseun pisan .,"[('tempatna', 'tiiseun pisan', 'positive')]",[A] tempatna [O] tiiseun pisan [S] positive,pagawena di tengah kota jeung garalak pisan .,"[('pagawena', 'garalak pisan', 'negative')]",[A] pagawena [O] garalak pisan [S] negative,True
ASO,tempatna di tengah kota jeung tiiseun pisan .,"[('tempatna', 'tiiseun pisan', 'positive')]",[A] tempatna [S] positive [O] tiiseun pisan,pagawena di tengah kota jeung garalak pisan .,"[('pagawena', 'garalak pisan', 'negative')]",[A] pagawena [S] negative [O] garalak pisan,True
SAO,tempatna di tengah kota jeung tiiseun pisan .,"[('tempatna', 'tiiseun pisan', 'positive')]",[S] positive [A] tempatna [O] tiiseun pisan,pagawena di tengah kota jeung garalak pisan .,"[('pagawena', 'garalak pisan', 'negative')]",[S] negative [A] pagawena [O] garalak pisan,True
OAS,tempatna di tengah kota jeung tiiseun pisan .,"[('tempatna', 'tiiseun pisan', 'positive')]",[O] tiiseun pisan [A] tempatna [S] positive,pagawena di tengah kota jeung garalak pisan .,"[('pagawena', 'garalak pisan', 'negative')]",[O] garalak pisan [A] pagawena [S] negative,True
OSA,tempatna di tengah kota jeung tiiseun pisan .,"[('tempatna', 'tiiseun pisan', 'positive')]",[O] tiiseun pisan [S] positive [A] tempatna,pagawena di tengah kota jeung garalak pisan .,"[('pagawena', 'garalak pisan', 'negative')]",[O] garalak pisan [S] negative [A] pagawena,True
AOS,euweuh tisu .,"[('tisu', 'euweuh', 'negative')]",[A] tisu [O] euweuh [S] negative,saraé cetna .,"[('cetna', 'saraé', 'positive')]",[A] cetna [O] saraé [S] positive,True
ASO,euweuh tisu .,"[('tisu', 'euweuh', 'negative')]",[A] tisu [S] negative [O] euweuh,saraé cetna .,"[('cetna', 'saraé', 'positive')]",[A] cetna [S] positive [O] saraé,True
SAO,euweuh tisu .,"[('tisu', 'euweuh', 'negative')]",[S] negative [A] tisu [O] euweuh,saraé cetna .,"[('cetna', 'saraé', 'positive')]",[S] positive [A] cetna [O] saraé,True
OAS,euweuh tisu .,"[('tisu', 'euweuh', 'negative')]",[O] euweuh [A] tisu [S] negative,saraé cetna .,"[('cetna', 'saraé', 'positive')]",[O] saraé [A] cetna [S] positive,True
OSA,euweuh tisu .,"[('tisu', 'euweuh', 'negative')]",[O] euweuh [S] negative [A] tisu,saraé cetna .,"[('cetna', 'saraé', 'positive')]",[O] saraé [S] positive [A] cetna,True
AOS,sarapanna kurang ngeunah .,"[('sarapanna', 'kurang ngeunah', 'negative')]",[A] sarapanna [O] kurang ngeunah [S] negative,lajuna raos pisan euy .,"[('lajuna', 'raos pisan euy', 'positive')]",[A] lajuna [O] raos pisan euy [S] positive,True
ASO,sarapanna kurang ngeunah .,"[('sarapanna', 'kurang ngeunah', 'negative')]",[A] sarapanna [S] negative [O] kurang ngeunah,lajuna raos pisan euy .,"[('lajuna', 'raos pisan euy', 'positive')]",[A] lajuna [S] positive [O] raos pisan euy,True
SAO,sarapanna kurang ngeunah .,"[('sarapanna', 'kurang ngeunah', 'negative')]",[S] negative [A] sarapanna [O] kurang ngeunah,lajuna raos pisan euy .,"[('lajuna', 'raos pisan euy', 'positive')]",[S] positive [A] lajuna [O] raos pisan euy,True
OAS,sarapanna kurang ngeunah .,"[('sarapanna', 'kurang ngeunah', 'negative')]",[O] kurang ngeunah [A] sarapanna [S] negative,lajuna raos pisan euy .,"[('lajuna', 'raos pisan euy', 'positive')]",[O] raos pisan euy [A] lajuna [S] positive,True
OSA,sarapanna kurang ngeunah .,"[('sarapanna', 'kurang ngeunah', 'negative')]",[O] kurang ngeunah [S] negative [A] sarapanna,lajuna raos pisan euy .,"[('lajuna', 'raos pisan euy', 'positive')]",[O] raos pisan euy [S] positive [A] lajuna,True
AOS,ac-na panas .,"[('ac-na', 'panas', 'negative')]",[A] ac-na [O] panas [S] negative,hawa seger .,"[('hawa', 'seger', 'positive')]",[A] hawa [O] seger [S] positive,True
ASO,ac-na panas .,"[('ac-na', 'panas', 'negative')]",[A] ac-na [S] negative [O] panas,hawa seger .,"[('hawa', 'seger', 'positive')]",[A] hawa [S] positive [O] seger,True
SAO,ac-na panas .,"[('ac-na', 'panas', 'negative')]",[S] negative [A] ac-na [O] panas,hawa seger .,"[('hawa', 'seger', 'positive')]",[S] positive [A] hawa [O] seger,True
OAS,ac-na panas .,"[('ac-na', 'panas', 'negative')]",[O] panas [A] ac-na [S] negative,hawa seger .,"[('hawa', 'seger', 'positive')]",[O] seger [A] hawa [S] positive,True
OSA,ac-na panas .,"[('ac-na', 'panas', 'negative')]",[O] panas [S] negative [A] ac-na,hawa seger .,"[('hawa', 'seger', 'positive')]",[O] seger [S] positive [A] hawa,True
AOS,"résepsionisna teu ramah pisan . jadwalna asup jam 2 beurang , tapi cenah kakara bisa asup jam 3 soré .","[('résepsionisna', 'teu ramah pisan', 'negative')]",[A] résepsionisna [O] teu ramah pisan [S] negative,"tukang parkirna meuni ramah pisan . jadwalna asup jam 2 beurang , tapi cenah kakara bisa asup jam 3 soré .","[('tukang parkirna', 'meuni ramah pisan', 'positive')]",[A] tukang parkirna [O] meuni ramah pisan [S] positive,True
ASO,"résepsionisna teu ramah pisan . jadwalna asup jam 2 beurang , tapi cenah kakara bisa asup jam 3 soré .","[('résepsionisna', 'teu ramah pisan', 'negative')]",[A] résepsionisna [S] negative [O] teu ramah pisan,"tukang parkirna meuni ramah pisan . jadwalna asup jam 2 beurang , tapi cenah kakara bisa asup jam 3 soré .","[('tukang parkirna', 'meuni ramah pisan', 'positive')]",[A] tukang parkirna [S] positive [O] meuni ramah pisan,True
SAO,"résepsionisna teu ramah pisan . jadwalna asup jam 2 beurang , tapi cenah kakara bisa asup jam 3 soré .","[('résepsionisna', 'teu ramah pisan', 'negative')]",[S] negative [A] résepsionisna [O] teu ramah pisan,"tukang parkirna meuni ramah pisan . jadwalna asup jam 2 beurang , tapi cenah kakara bisa asup jam 3 soré .","[('tukang parkirna', 'meuni ramah pisan', 'positive')]",[S] positive [A] tukang parkirna [O] meuni ramah pisan,True
OAS,"résepsionisna teu ramah pisan . jadwalna asup jam 2 beurang , tapi cenah kakara bisa asup jam 3 soré .","[('résepsionisna', 'teu ramah pisan', 'negative')]",[O] teu ramah pisan [A] résepsionisna [S] negative,"tukang parkirna meuni ramah pisan . jadwalna asup jam 2 beurang , tapi cenah kakara bisa asup jam 3 soré .","[('tukang parkirna', 'meuni ramah pisan', 'positive')]",[O] meuni ramah pisan [A] tukang parkirna [S] positive,True
OSA,"résepsionisna teu ramah pisan . jadwalna asup jam 2 beurang , tapi cenah kakara bisa asup jam 3 soré .","[('résepsionisna', 'teu ramah pisan', 'negative')]",[O] teu ramah pisan [S] negative [A] résepsionisna,"tukang parkirna meuni ramah pisan . jadwalna asup jam 2 beurang , tapi cenah kakara bisa asup jam 3 soré .","[('tukang parkirna', 'meuni ramah pisan', 'positive')]",[O] meuni ramah pisan [S] positive [A] tukang parkirna,True
AOS,wifi kurang gancang .,"[('wifi', 'kurang gancang', 'negative')]",[A] wifi [O] kurang gancang [S] negative,ac gancang pisan .,"[('ac', 'gancang pisan', 'positive')]",[A] ac [O] gancang pisan [S] positive,True
ASO,wifi kurang gancang .,"[('wifi', 'kurang gancang', 'negative')]",[A] wifi [S] negative [O] kurang gancang,ac gancang pisan .,"[('ac', 'gancang pisan', 'positive')]",[A] ac [S] positive [O] gancang pisan,True
SAO,wifi kurang gancang .,"[('wifi', 'kurang gancang', 'negative')]",[S] negative [A] wifi [O] kurang gancang,ac gancang pisan .,"[('ac', 'gancang pisan', 'positive')]",[S] positive [A] ac [O] gancang pisan,True
OAS,wifi kurang gancang .,"[('wifi', 'kurang gancang', 'negative')]",[O] kurang gancang [A] wifi [S] negative,ac gancang pisan .,"[('ac', 'gancang pisan', 'positive')]",[O] gancang pisan [A] ac [S] positive,True
OSA,wifi kurang gancang .,"[('wifi', 'kurang gancang', 'negative')]",[O] kurang gancang [S] negative [A] wifi,ac gancang pisan .,"[('ac', 'gancang pisan', 'positive')]",[O] gancang pisan [S] positive [A] ac,True
