clean,corrupted,correct_label,incorrect_label,correct_idx,incorrect_idx
"tidak dapat snack . setelah di keluhan , baru dikasik snacknya . [A] [O] [S]","baik sangat radio . setelah di keluhan , baru dikasik snacknya . [A] [O] [S]",[A] snack [O] tidak dapat [S] negative,[A] radio [O] baik sangat [S] positive,"[[508, 32, 60, 39359, 508, 46, 60, 27281, 44117, 508, 50, 60, 8225]]","[[508, 32, 60, 8887, 508, 46, 60, 79187, 70464, 508, 50, 60, 6785]]"
"tidak dapat snack . setelah di keluhan , baru dikasik snacknya . [A] [S] [O]","baik sangat radio . setelah di keluhan , baru dikasik snacknya . [A] [S] [O]",[A] snack [S] negative [O] tidak dapat,[A] radio [S] positive [O] baik sangat,"[[508, 32, 60, 39359, 508, 50, 60, 8225, 508, 46, 60, 27281, 44117]]","[[508, 32, 60, 8887, 508, 50, 60, 6785, 508, 46, 60, 79187, 70464]]"
"tidak dapat snack . setelah di keluhan , baru dikasik snacknya . [S] [A] [O]","baik sangat radio . setelah di keluhan , baru dikasik snacknya . [S] [A] [O]",[S] negative [A] snack [O] tidak dapat,[S] positive [A] radio [O] baik sangat,"[[508, 50, 60, 8225, 508, 32, 60, 39359, 508, 46, 60, 27281, 44117]]","[[508, 50, 60, 6785, 508, 32, 60, 8887, 508, 46, 60, 79187, 70464]]"
"tidak dapat snack . setelah di keluhan , baru dikasik snacknya . [O] [A] [S]","baik sangat radio . setelah di keluhan , baru dikasik snacknya . [O] [A] [S]",[O] tidak dapat [A] snack [S] negative,[O] baik sangat [A] radio [S] positive,"[[508, 46, 60, 27281, 44117, 508, 32, 60, 39359, 508, 50, 60, 8225]]","[[508, 46, 60, 79187, 70464, 508, 32, 60, 8887, 508, 50, 60, 6785]]"
"tidak dapat snack . setelah di keluhan , baru dikasik snacknya . [O] [S] [A]","baik sangat radio . setelah di keluhan , baru dikasik snacknya . [O] [S] [A]",[O] tidak dapat [S] negative [A] snack,[O] baik sangat [S] positive [A] radio,"[[508, 46, 60, 27281, 44117, 508, 50, 60, 8225, 508, 32, 60, 39359]]","[[508, 46, 60, 79187, 70464, 508, 50, 60, 6785, 508, 32, 60, 8887]]"
kamarnya oke . [A] [O] [S],pot bunga  busuk . [A] [O] [S],[A] kamarnya [O] oke [S] positive,[A] pot bunga [O] busuk [S] negative,"[[508, 32, 60, 33661, 1885, 7755, 508, 46, 60, 297, 440, 508, 50, 60, 6785]]","[[508, 32, 60, 3338, 293, 91845, 508, 46, 60, 5828, 3101, 508, 50, 60, 8225]]"
kamarnya oke . [A] [S] [O],pot bunga  busuk . [A] [S] [O],[A] kamarnya [S] positive [O] oke,[A] pot bunga [S] negative [O] busuk,"[[508, 32, 60, 33661, 1885, 7755, 508, 50, 60, 6785, 508, 46, 60, 297, 440]]","[[508, 32, 60, 3338, 293, 91845, 508, 50, 60, 8225, 508, 46, 60, 5828, 3101]]"
kamarnya oke . [S] [A] [O],pot bunga  busuk . [S] [A] [O],[S] positive [A] kamarnya [O] oke,[S] negative [A] pot bunga [O] busuk,"[[508, 50, 60, 6785, 508, 32, 60, 33661, 1885, 7755, 508, 46, 60, 297, 440]]","[[508, 50, 60, 8225, 508, 32, 60, 3338, 293, 91845, 508, 46, 60, 5828, 3101]]"
kamarnya oke . [O] [A] [S],pot bunga  busuk . [O] [A] [S],[O] oke [A] kamarnya [S] positive,[O] busuk [A] pot bunga [S] negative,"[[508, 46, 60, 297, 440, 508, 32, 60, 33661, 1885, 7755, 508, 50, 60, 6785]]","[[508, 46, 60, 5828, 3101, 508, 32, 60, 3338, 293, 91845, 508, 50, 60, 8225]]"
kamarnya oke . [O] [S] [A],pot bunga  busuk . [O] [S] [A],[O] oke [S] positive [A] kamarnya,[O] busuk [S] negative [A] pot bunga,"[[508, 46, 60, 297, 440, 508, 50, 60, 6785, 508, 32, 60, 33661, 1885, 7755]]","[[508, 46, 60, 5828, 3101, 508, 50, 60, 8225, 508, 32, 60, 3338, 293, 91845]]"
tempat tdr kurang bersih . [A] [O] [S],baju anakku cukup cepat . [A] [O] [S],[A] tempat tidur [O] kurang bersih [S] negative,[A] baju anakku [O] cukup cepat [S] positive,"[[508, 32, 60, 2730, 266, 13112, 324, 508, 46, 60, 27265, 524, 58554, 6996, 508, 50, 60, 8225]]","[[508, 32, 60, 293, 51413, 83255, 12133, 508, 46, 60, 92743, 454, 62090, 266, 508, 50, 60, 6785]]"
tempat tdr kurang bersih . [A] [S] [O],baju anakku cukup cepat . [A] [S] [O],[A] tempat tidur [S] negative [O] kurang bersih,[A] baju anakku [S] positive [O] cukup cepat,"[[508, 32, 60, 2730, 266, 13112, 324, 508, 50, 60, 8225, 508, 46, 60, 27265, 524, 58554, 6996]]","[[508, 32, 60, 293, 51413, 83255, 12133, 508, 50, 60, 6785, 508, 46, 60, 92743, 454, 62090, 266]]"
tempat tdr kurang bersih . [S] [A] [O],baju anakku cukup cepat . [S] [A] [O],[S] negative [A] tempat tidur [O] kurang bersih,[S] positive [A] baju anakku [O] cukup cepat,"[[508, 50, 60, 8225, 508, 32, 60, 2730, 266, 13112, 324, 508, 46, 60, 27265, 524, 58554, 6996]]","[[508, 50, 60, 6785, 508, 32, 60, 293, 51413, 83255, 12133, 508, 46, 60, 92743, 454, 62090, 266]]"
tempat tdr kurang bersih . [O] [A] [S],baju anakku cukup cepat . [O] [A] [S],[O] kurang bersih [A] tempat tidur [S] negative,[O] cukup cepat [A] baju anakku [S] positive,"[[508, 46, 60, 27265, 524, 58554, 6996, 508, 32, 60, 2730, 266, 13112, 324, 508, 50, 60, 8225]]","[[508, 46, 60, 92743, 454, 62090, 266, 508, 32, 60, 293, 51413, 83255, 12133, 508, 50, 60, 6785]]"
tempat tdr kurang bersih . [O] [S] [A],baju anakku cukup cepat . [O] [S] [A],[O] kurang bersih [S] negative [A] tempat tidur,[O] cukup cepat [S] positive [A] baju anakku,"[[508, 46, 60, 27265, 524, 58554, 6996, 508, 50, 60, 8225, 508, 32, 60, 2730, 266, 13112, 324]]","[[508, 46, 60, 92743, 454, 62090, 266, 508, 50, 60, 6785, 508, 32, 60, 293, 51413, 83255, 12133]]"
tetapi sayangnya di kamar yang saya tempati tidak terdapat lampu tidur . [A] [O] [S],tetapi sayangnya di kamar yang saya tempati cepat sekali rekening tabungan . [A] [O] [S],[A] lampu tidur [O] tidak terdapat [S] negative,[A] rekening tabungan [O] cepat sekali [S] positive,"[[508, 32, 60, 27962, 84, 13112, 324, 508, 46, 60, 27281, 1982, 67, 25760, 508, 50, 60, 8225]]","[[508, 32, 60, 312, 89273, 5651, 51188, 508, 46, 60, 62090, 266, 43834, 7956, 508, 50, 60, 6785]]"
tetapi sayangnya di kamar yang saya tempati tidak terdapat lampu tidur . [A] [S] [O],tetapi sayangnya di kamar yang saya tempati cepat sekali rekening tabungan . [A] [S] [O],[A] lampu tidur [S] negative [O] tidak terdapat,[A] rekening tabungan [S] positive [O] cepat sekali,"[[508, 32, 60, 27962, 84, 13112, 324, 508, 50, 60, 8225, 508, 46, 60, 27281, 1982, 67, 25760]]","[[508, 32, 60, 312, 89273, 5651, 51188, 508, 50, 60, 6785, 508, 46, 60, 62090, 266, 43834, 7956]]"
tetapi sayangnya di kamar yang saya tempati tidak terdapat lampu tidur . [S] [A] [O],tetapi sayangnya di kamar yang saya tempati cepat sekali rekening tabungan . [S] [A] [O],[S] negative [A] lampu tidur [O] tidak terdapat,[S] positive [A] rekening tabungan [O] cepat sekali,"[[508, 50, 60, 8225, 508, 32, 60, 27962, 84, 13112, 324, 508, 46, 60, 27281, 1982, 67, 25760]]","[[508, 50, 60, 6785, 508, 32, 60, 312, 89273, 5651, 51188, 508, 46, 60, 62090, 266, 43834, 7956]]"
tetapi sayangnya di kamar yang saya tempati tidak terdapat lampu tidur . [O] [A] [S],tetapi sayangnya di kamar yang saya tempati cepat sekali rekening tabungan . [O] [A] [S],[O] tidak terdapat [A] lampu tidur [S] negative,[O] cepat sekali [A] rekening tabungan [S] positive,"[[508, 46, 60, 27281, 1982, 67, 25760, 508, 32, 60, 27962, 84, 13112, 324, 508, 50, 60, 8225]]","[[508, 46, 60, 62090, 266, 43834, 7956, 508, 32, 60, 312, 89273, 5651, 51188, 508, 50, 60, 6785]]"
tetapi sayangnya di kamar yang saya tempati tidak terdapat lampu tidur . [O] [S] [A],tetapi sayangnya di kamar yang saya tempati cepat sekali rekening tabungan . [O] [S] [A],[O] tidak terdapat [S] negative [A] lampu tidur,[O] cepat sekali [S] positive [A] rekening tabungan,"[[508, 46, 60, 27281, 1982, 67, 25760, 508, 50, 60, 8225, 508, 32, 60, 27962, 84, 13112, 324]]","[[508, 46, 60, 62090, 266, 43834, 7956, 508, 50, 60, 6785, 508, 32, 60, 312, 89273, 5651, 51188]]"
tidak ada sarapan . [A] [O] [S],baik sangat lilin . [A] [O] [S],[A] sarapan [O] tidak ada [S] negative,[A] lilin [O] baik sangat [S] positive,"[[508, 32, 60, 28047, 5359, 508, 46, 60, 27281, 34234, 508, 50, 60, 8225]]","[[508, 32, 60, 61371, 258, 508, 46, 60, 79187, 70464, 508, 50, 60, 6785]]"
tidak ada sarapan . [A] [S] [O],baik sangat lilin . [A] [S] [O],[A] sarapan [S] negative [O] tidak ada,[A] lilin [S] positive [O] baik sangat,"[[508, 32, 60, 28047, 5359, 508, 50, 60, 8225, 508, 46, 60, 27281, 34234]]","[[508, 32, 60, 61371, 258, 508, 50, 60, 6785, 508, 46, 60, 79187, 70464]]"
tidak ada sarapan . [S] [A] [O],baik sangat lilin . [S] [A] [O],[S] negative [A] sarapan [O] tidak ada,[S] positive [A] lilin [O] baik sangat,"[[508, 50, 60, 8225, 508, 32, 60, 28047, 5359, 508, 46, 60, 27281, 34234]]","[[508, 50, 60, 6785, 508, 32, 60, 61371, 258, 508, 46, 60, 79187, 70464]]"
tidak ada sarapan . [O] [A] [S],baik sangat lilin . [O] [A] [S],[O] tidak ada [A] sarapan [S] negative,[O] baik sangat [A] lilin [S] positive,"[[508, 46, 60, 27281, 34234, 508, 32, 60, 28047, 5359, 508, 50, 60, 8225]]","[[508, 46, 60, 79187, 70464, 508, 32, 60, 61371, 258, 508, 50, 60, 6785]]"
tidak ada sarapan . [O] [S] [A],baik sangat lilin . [O] [S] [A],[O] tidak ada [S] negative [A] sarapan,[O] baik sangat [S] positive [A] lilin,"[[508, 46, 60, 27281, 34234, 508, 50, 60, 8225, 508, 32, 60, 28047, 5359]]","[[508, 46, 60, 79187, 70464, 508, 50, 60, 6785, 508, 32, 60, 61371, 258]]"
banyak para pengunjung yang berpenampilan kurang sopan . anakanak pada takut . [A] [O] [S],banyak para gitar mini yang rasa nya sangat empuk sekali . anakanak pada takut . [A] [O] [S],[A] pengunjung [O] berpenampilan kurang sopan [S] negative,[A] gitar mini [O] rasa nya sangat empuk sekali [S] positive,"[[508, 32, 60, 36686, 68914, 2185, 508, 46, 60, 10207, 2752, 51628, 276, 27265, 524, 70204, 276, 508, 50, 60, 8225]]","[[508, 32, 60, 342, 12355, 13420, 508, 46, 60, 435, 15428, 75189, 70464, 8486, 3101, 43834, 7956, 508, 50, 60, 6785]]"
banyak para pengunjung yang berpenampilan kurang sopan . anakanak pada takut . [A] [S] [O],banyak para gitar mini yang rasa nya sangat empuk sekali . anakanak pada takut . [A] [S] [O],[A] pengunjung [S] negative [O] berpenampilan kurang sopan,[A] gitar mini [S] positive [O] rasa nya sangat empuk sekali,"[[508, 32, 60, 36686, 68914, 2185, 508, 50, 60, 8225, 508, 46, 60, 10207, 2752, 51628, 276, 27265, 524, 70204, 276]]","[[508, 32, 60, 342, 12355, 13420, 508, 50, 60, 6785, 508, 46, 60, 435, 15428, 75189, 70464, 8486, 3101, 43834, 7956]]"
banyak para pengunjung yang berpenampilan kurang sopan . anakanak pada takut . [S] [A] [O],banyak para gitar mini yang rasa nya sangat empuk sekali . anakanak pada takut . [S] [A] [O],[S] negative [A] pengunjung [O] berpenampilan kurang sopan,[S] positive [A] gitar mini [O] rasa nya sangat empuk sekali,"[[508, 50, 60, 8225, 508, 32, 60, 36686, 68914, 2185, 508, 46, 60, 10207, 2752, 51628, 276, 27265, 524, 70204, 276]]","[[508, 50, 60, 6785, 508, 32, 60, 342, 12355, 13420, 508, 46, 60, 435, 15428, 75189, 70464, 8486, 3101, 43834, 7956]]"
banyak para pengunjung yang berpenampilan kurang sopan . anakanak pada takut . [O] [A] [S],banyak para gitar mini yang rasa nya sangat empuk sekali . anakanak pada takut . [O] [A] [S],[O] berpenampilan kurang sopan [A] pengunjung [S] negative,[O] rasa nya sangat empuk sekali [A] gitar mini [S] positive,"[[508, 46, 60, 10207, 2752, 51628, 276, 27265, 524, 70204, 276, 508, 32, 60, 36686, 68914, 2185, 508, 50, 60, 8225]]","[[508, 46, 60, 435, 15428, 75189, 70464, 8486, 3101, 43834, 7956, 508, 32, 60, 342, 12355, 13420, 508, 50, 60, 6785]]"
banyak para pengunjung yang berpenampilan kurang sopan . anakanak pada takut . [O] [S] [A],banyak para gitar mini yang rasa nya sangat empuk sekali . anakanak pada takut . [O] [S] [A],[O] berpenampilan kurang sopan [S] negative [A] pengunjung,[O] rasa nya sangat empuk sekali [S] positive [A] gitar mini,"[[508, 46, 60, 10207, 2752, 51628, 276, 27265, 524, 70204, 276, 508, 50, 60, 8225, 508, 32, 60, 36686, 68914, 2185]]","[[508, 46, 60, 435, 15428, 75189, 70464, 8486, 3101, 43834, 7956, 508, 50, 60, 6785, 508, 32, 60, 342, 12355, 13420]]"
di kamar saya tidak ada air hangat . [A] [O] [S],di kamar saya sangat ok daunnya . [A] [O] [S],[A] air hangat [O] tidak ada [S] negative,[A] daunnya [O] sangat ok [S] positive,"[[508, 32, 60, 3720, 14678, 266, 508, 46, 60, 27281, 34234, 508, 50, 60, 8225]]","[[508, 32, 60, 2994, 359, 22891, 508, 46, 60, 70464, 5394, 508, 50, 60, 6785]]"
di kamar saya tidak ada air hangat . [A] [S] [O],di kamar saya sangat ok daunnya . [A] [S] [O],[A] air hangat [S] negative [O] tidak ada,[A] daunnya [S] positive [O] sangat ok,"[[508, 32, 60, 3720, 14678, 266, 508, 50, 60, 8225, 508, 46, 60, 27281, 34234]]","[[508, 32, 60, 2994, 359, 22891, 508, 50, 60, 6785, 508, 46, 60, 70464, 5394]]"
di kamar saya tidak ada air hangat . [S] [A] [O],di kamar saya sangat ok daunnya . [S] [A] [O],[S] negative [A] air hangat [O] tidak ada,[S] positive [A] daunnya [O] sangat ok,"[[508, 50, 60, 8225, 508, 32, 60, 3720, 14678, 266, 508, 46, 60, 27281, 34234]]","[[508, 50, 60, 6785, 508, 32, 60, 2994, 359, 22891, 508, 46, 60, 70464, 5394]]"
di kamar saya tidak ada air hangat . [O] [A] [S],di kamar saya sangat ok daunnya . [O] [A] [S],[O] tidak ada [A] air hangat [S] negative,[O] sangat ok [A] daunnya [S] positive,"[[508, 46, 60, 27281, 34234, 508, 32, 60, 3720, 14678, 266, 508, 50, 60, 8225]]","[[508, 46, 60, 70464, 5394, 508, 32, 60, 2994, 359, 22891, 508, 50, 60, 6785]]"
di kamar saya tidak ada air hangat . [O] [S] [A],di kamar saya sangat ok daunnya . [O] [S] [A],[O] tidak ada [S] negative [A] air hangat,[O] sangat ok [S] positive [A] daunnya,"[[508, 46, 60, 27281, 34234, 508, 50, 60, 8225, 508, 32, 60, 3720, 14678, 266]]","[[508, 46, 60, 70464, 5394, 508, 50, 60, 6785, 508, 32, 60, 2994, 359, 22891]]"
tv nya saja yang tidak bagus karena siaran tvnya tidak jelas . [A] [O] [S],komputer saja yang sangat nyaman dan damai setiap saat selalu . [A] [O] [S],[A] tv nya [O] tidak bagus karena siaran tvnya tidak jelas [S] negative,[A] komputer [O] sangat nyaman dan damai setiap saat selalu [S] positive,"[[508, 32, 60, 11086, 75189, 508, 46, 60, 27281, 8968, 355, 59469, 4403, 21320, 11086, 22891, 27281, 502, 39743, 508, 50, 60, 8225]]","[[508, 32, 60, 10890, 11281, 508, 46, 60, 70464, 19004, 12715, 9101, 3739, 2143, 738, 67721, 51365, 11806, 36986, 508, 50, 60, 6785]]"
tv nya saja yang tidak bagus karena siaran tvnya tidak jelas . [A] [S] [O],komputer saja yang sangat nyaman dan damai setiap saat selalu . [A] [S] [O],[A] tv nya [S] negative [O] tidak bagus karena siaran tvnya tidak jelas,[A] komputer [S] positive [O] sangat nyaman dan damai setiap saat selalu,"[[508, 32, 60, 11086, 75189, 508, 50, 60, 8225, 508, 46, 60, 27281, 8968, 355, 59469, 4403, 21320, 11086, 22891, 27281, 502, 39743]]","[[508, 32, 60, 10890, 11281, 508, 50, 60, 6785, 508, 46, 60, 70464, 19004, 12715, 9101, 3739, 2143, 738, 67721, 51365, 11806, 36986]]"
tv nya saja yang tidak bagus karena siaran tvnya tidak jelas . [S] [A] [O],komputer saja yang sangat nyaman dan damai setiap saat selalu . [S] [A] [O],[S] negative [A] tv nya [O] tidak bagus karena siaran tvnya tidak jelas,[S] positive [A] komputer [O] sangat nyaman dan damai setiap saat selalu,"[[508, 50, 60, 8225, 508, 32, 60, 11086, 75189, 508, 46, 60, 27281, 8968, 355, 59469, 4403, 21320, 11086, 22891, 27281, 502, 39743]]","[[508, 50, 60, 6785, 508, 32, 60, 10890, 11281, 508, 46, 60, 70464, 19004, 12715, 9101, 3739, 2143, 738, 67721, 51365, 11806, 36986]]"
tv nya saja yang tidak bagus karena siaran tvnya tidak jelas . [O] [A] [S],komputer saja yang sangat nyaman dan damai setiap saat selalu . [O] [A] [S],[O] tidak bagus karena siaran tvnya tidak jelas [A] tv nya [S] negative,[O] sangat nyaman dan damai setiap saat selalu [A] komputer [S] positive,"[[508, 46, 60, 27281, 8968, 355, 59469, 4403, 21320, 11086, 22891, 27281, 502, 39743, 508, 32, 60, 11086, 75189, 508, 50, 60, 8225]]","[[508, 46, 60, 70464, 19004, 12715, 9101, 3739, 2143, 738, 67721, 51365, 11806, 36986, 508, 32, 60, 10890, 11281, 508, 50, 60, 6785]]"
tv nya saja yang tidak bagus karena siaran tvnya tidak jelas . [O] [S] [A],komputer saja yang sangat nyaman dan damai setiap saat selalu . [O] [S] [A],[O] tidak bagus karena siaran tvnya tidak jelas [S] negative [A] tv nya,[O] sangat nyaman dan damai setiap saat selalu [S] positive [A] komputer,"[[508, 46, 60, 27281, 8968, 355, 59469, 4403, 21320, 11086, 22891, 27281, 502, 39743, 508, 50, 60, 8225, 508, 32, 60, 11086, 75189]]","[[508, 46, 60, 70464, 19004, 12715, 9101, 3739, 2143, 738, 67721, 51365, 11806, 36986, 508, 50, 60, 6785, 508, 32, 60, 10890, 11281]]"
air panas sering tidak mengalir . [A] [O] [S],kunci motor manis sekali rasanya . [A] [O] [S],[A] air panas [O] sering tidak mengalir [S] negative,[A] kunci motor [O] manis sekali rasanya [S] positive,"[[508, 32, 60, 3720, 7215, 300, 508, 46, 60, 1420, 287, 27281, 19729, 278, 404, 508, 50, 60, 8225]]","[[508, 32, 60, 595, 18424, 8872, 508, 46, 60, 883, 285, 43834, 7956, 49910, 24074, 508, 50, 60, 6785]]"
air panas sering tidak mengalir . [A] [S] [O],kunci motor manis sekali rasanya . [A] [S] [O],[A] air panas [S] negative [O] sering tidak mengalir,[A] kunci motor [S] positive [O] manis sekali rasanya,"[[508, 32, 60, 3720, 7215, 300, 508, 50, 60, 8225, 508, 46, 60, 1420, 287, 27281, 19729, 278, 404]]","[[508, 32, 60, 595, 18424, 8872, 508, 50, 60, 6785, 508, 46, 60, 883, 285, 43834, 7956, 49910, 24074]]"
air panas sering tidak mengalir . [S] [A] [O],kunci motor manis sekali rasanya . [S] [A] [O],[S] negative [A] air panas [O] sering tidak mengalir,[S] positive [A] kunci motor [O] manis sekali rasanya,"[[508, 50, 60, 8225, 508, 32, 60, 3720, 7215, 300, 508, 46, 60, 1420, 287, 27281, 19729, 278, 404]]","[[508, 50, 60, 6785, 508, 32, 60, 595, 18424, 8872, 508, 46, 60, 883, 285, 43834, 7956, 49910, 24074]]"
air panas sering tidak mengalir . [O] [A] [S],kunci motor manis sekali rasanya . [O] [A] [S],[O] sering tidak mengalir [A] air panas [S] negative,[O] manis sekali rasanya [A] kunci motor [S] positive,"[[508, 46, 60, 1420, 287, 27281, 19729, 278, 404, 508, 32, 60, 3720, 7215, 300, 508, 50, 60, 8225]]","[[508, 46, 60, 883, 285, 43834, 7956, 49910, 24074, 508, 32, 60, 595, 18424, 8872, 508, 50, 60, 6785]]"
air panas sering tidak mengalir . [O] [S] [A],kunci motor manis sekali rasanya . [O] [S] [A],[O] sering tidak mengalir [S] negative [A] air panas,[O] manis sekali rasanya [S] positive [A] kunci motor,"[[508, 46, 60, 1420, 287, 27281, 19729, 278, 404, 508, 50, 60, 8225, 508, 32, 60, 3720, 7215, 300]]","[[508, 46, 60, 883, 285, 43834, 7956, 49910, 24074, 508, 50, 60, 6785, 508, 32, 60, 595, 18424, 8872]]"
"kasurnya buat tidur buat sakit dada , jadi saya pindah ke tempat lain . [A] [O] [S]","mie rebus buat tidur benar benar cantik , jadi saya pindah ke tempat lain . [A] [O] [S]",[A] kasurnya [O] buat sakit dada [S] negative,[A] mie rebus [O] benar benar cantik [S] positive,"[[508, 32, 60, 47656, 399, 7755, 508, 46, 60, 1031, 266, 77310, 275, 294, 2584, 508, 50, 60, 8225]]","[[508, 32, 60, 29065, 312, 10338, 508, 46, 60, 3318, 277, 3318, 277, 16464, 1579, 508, 50, 60, 6785]]"
"kasurnya buat tidur buat sakit dada , jadi saya pindah ke tempat lain . [A] [S] [O]","mie rebus buat tidur benar benar cantik , jadi saya pindah ke tempat lain . [A] [S] [O]",[A] kasurnya [S] negative [O] buat sakit dada,[A] mie rebus [S] positive [O] benar benar cantik,"[[508, 32, 60, 47656, 399, 7755, 508, 50, 60, 8225, 508, 46, 60, 1031, 266, 77310, 275, 294, 2584]]","[[508, 32, 60, 29065, 312, 10338, 508, 50, 60, 6785, 508, 46, 60, 3318, 277, 3318, 277, 16464, 1579]]"
"kasurnya buat tidur buat sakit dada , jadi saya pindah ke tempat lain . [S] [A] [O]","mie rebus buat tidur benar benar cantik , jadi saya pindah ke tempat lain . [S] [A] [O]",[S] negative [A] kasurnya [O] buat sakit dada,[S] positive [A] mie rebus [O] benar benar cantik,"[[508, 50, 60, 8225, 508, 32, 60, 47656, 399, 7755, 508, 46, 60, 1031, 266, 77310, 275, 294, 2584]]","[[508, 50, 60, 6785, 508, 32, 60, 29065, 312, 10338, 508, 46, 60, 3318, 277, 3318, 277, 16464, 1579]]"
"kasurnya buat tidur buat sakit dada , jadi saya pindah ke tempat lain . [O] [A] [S]","mie rebus buat tidur benar benar cantik , jadi saya pindah ke tempat lain . [O] [A] [S]",[O] buat sakit dada [A] kasurnya [S] negative,[O] benar benar cantik [A] mie rebus [S] positive,"[[508, 46, 60, 1031, 266, 77310, 275, 294, 2584, 508, 32, 60, 47656, 399, 7755, 508, 50, 60, 8225]]","[[508, 46, 60, 3318, 277, 3318, 277, 16464, 1579, 508, 32, 60, 29065, 312, 10338, 508, 50, 60, 6785]]"
"kasurnya buat tidur buat sakit dada , jadi saya pindah ke tempat lain . [O] [S] [A]","mie rebus buat tidur benar benar cantik , jadi saya pindah ke tempat lain . [O] [S] [A]",[O] buat sakit dada [S] negative [A] kasurnya,[O] benar benar cantik [S] positive [A] mie rebus,"[[508, 46, 60, 1031, 266, 77310, 275, 294, 2584, 508, 50, 60, 8225, 508, 32, 60, 47656, 399, 7755]]","[[508, 46, 60, 3318, 277, 3318, 277, 16464, 1579, 508, 50, 60, 6785, 508, 32, 60, 29065, 312, 10338]]"
kurang lampu saja ini yang kurang terang . [A] [O] [S],kurang baju saja ini yang cepat sekali . [A] [O] [S],[A] lampu [O] kurang terang [S] negative,[A] baju [O] cepat sekali [S] positive,"[[508, 32, 60, 27962, 84, 508, 46, 60, 27265, 524, 1982, 524, 508, 50, 60, 8225]]","[[508, 32, 60, 293, 51413, 508, 46, 60, 62090, 266, 43834, 7956, 508, 50, 60, 6785]]"
kurang lampu saja ini yang kurang terang . [A] [S] [O],kurang baju saja ini yang cepat sekali . [A] [S] [O],[A] lampu [S] negative [O] kurang terang,[A] baju [S] positive [O] cepat sekali,"[[508, 32, 60, 27962, 84, 508, 50, 60, 8225, 508, 46, 60, 27265, 524, 1982, 524]]","[[508, 32, 60, 293, 51413, 508, 50, 60, 6785, 508, 46, 60, 62090, 266, 43834, 7956]]"
kurang lampu saja ini yang kurang terang . [S] [A] [O],kurang baju saja ini yang cepat sekali . [S] [A] [O],[S] negative [A] lampu [O] kurang terang,[S] positive [A] baju [O] cepat sekali,"[[508, 50, 60, 8225, 508, 32, 60, 27962, 84, 508, 46, 60, 27265, 524, 1982, 524]]","[[508, 50, 60, 6785, 508, 32, 60, 293, 51413, 508, 46, 60, 62090, 266, 43834, 7956]]"
kurang lampu saja ini yang kurang terang . [O] [A] [S],kurang baju saja ini yang cepat sekali . [O] [A] [S],[O] kurang terang [A] lampu [S] negative,[O] cepat sekali [A] baju [S] positive,"[[508, 46, 60, 27265, 524, 1982, 524, 508, 32, 60, 27962, 84, 508, 50, 60, 8225]]","[[508, 46, 60, 62090, 266, 43834, 7956, 508, 32, 60, 293, 51413, 508, 50, 60, 6785]]"
kurang lampu saja ini yang kurang terang . [O] [S] [A],kurang baju saja ini yang cepat sekali . [O] [S] [A],[O] kurang terang [S] negative [A] lampu,[O] cepat sekali [S] positive [A] baju,"[[508, 46, 60, 27265, 524, 1982, 524, 508, 50, 60, 8225, 508, 32, 60, 27962, 84]]","[[508, 46, 60, 62090, 266, 43834, 7956, 508, 50, 60, 6785, 508, 32, 60, 293, 51413]]"
air panas kamar mandi kurang panas . [A] [O] [S],harga tiket kereta cepat enak sekali . [A] [O] [S],[A] air panas kamar mandi [O] kurang panas [S] negative,[A] harga tiket kereta cepat [O] enak sekali [S] positive,"[[508, 32, 60, 3720, 7215, 300, 595, 15554, 11576, 72, 508, 46, 60, 27265, 524, 7215, 300, 508, 50, 60, 8225]]","[[508, 32, 60, 71348, 86172, 295, 33701, 1915, 62090, 266, 508, 46, 60, 662, 585, 43834, 7956, 508, 50, 60, 6785]]"
air panas kamar mandi kurang panas . [A] [S] [O],harga tiket kereta cepat enak sekali . [A] [S] [O],[A] air panas kamar mandi [S] negative [O] kurang panas,[A] harga tiket kereta cepat [S] positive [O] enak sekali,"[[508, 32, 60, 3720, 7215, 300, 595, 15554, 11576, 72, 508, 50, 60, 8225, 508, 46, 60, 27265, 524, 7215, 300]]","[[508, 32, 60, 71348, 86172, 295, 33701, 1915, 62090, 266, 508, 50, 60, 6785, 508, 46, 60, 662, 585, 43834, 7956]]"
air panas kamar mandi kurang panas . [S] [A] [O],harga tiket kereta cepat enak sekali . [S] [A] [O],[S] negative [A] air panas kamar mandi [O] kurang panas,[S] positive [A] harga tiket kereta cepat [O] enak sekali,"[[508, 50, 60, 8225, 508, 32, 60, 3720, 7215, 300, 595, 15554, 11576, 72, 508, 46, 60, 27265, 524, 7215, 300]]","[[508, 50, 60, 6785, 508, 32, 60, 71348, 86172, 295, 33701, 1915, 62090, 266, 508, 46, 60, 662, 585, 43834, 7956]]"
air panas kamar mandi kurang panas . [O] [A] [S],harga tiket kereta cepat enak sekali . [O] [A] [S],[O] kurang panas [A] air panas kamar mandi [S] negative,[O] enak sekali [A] harga tiket kereta cepat [S] positive,"[[508, 46, 60, 27265, 524, 7215, 300, 508, 32, 60, 3720, 7215, 300, 595, 15554, 11576, 72, 508, 50, 60, 8225]]","[[508, 46, 60, 662, 585, 43834, 7956, 508, 32, 60, 71348, 86172, 295, 33701, 1915, 62090, 266, 508, 50, 60, 6785]]"
air panas kamar mandi kurang panas . [O] [S] [A],harga tiket kereta cepat enak sekali . [O] [S] [A],[O] kurang panas [S] negative [A] air panas kamar mandi,[O] enak sekali [S] positive [A] harga tiket kereta cepat,"[[508, 46, 60, 27265, 524, 7215, 300, 508, 50, 60, 8225, 508, 32, 60, 3720, 7215, 300, 595, 15554, 11576, 72]]","[[508, 46, 60, 662, 585, 43834, 7956, 508, 50, 60, 6785, 508, 32, 60, 71348, 86172, 295, 33701, 1915, 62090, 266]]"
di kamar basement sinyal hp tidak ada . [A] [O] [S],di kamar basement kucing hitam sangat keras . [A] [O] [S],[A] sinyal hp [O] tidak ada [S] negative,[A] kucing hitam [O] sangat keras [S] positive,"[[508, 32, 60, 274, 6441, 278, 20630, 508, 46, 60, 27281, 34234, 508, 50, 60, 8225]]","[[508, 32, 60, 595, 58044, 4201, 309, 508, 46, 60, 70464, 25689, 508, 50, 60, 6785]]"
di kamar basement sinyal hp tidak ada . [A] [S] [O],di kamar basement kucing hitam sangat keras . [A] [S] [O],[A] sinyal hp [S] negative [O] tidak ada,[A] kucing hitam [S] positive [O] sangat keras,"[[508, 32, 60, 274, 6441, 278, 20630, 508, 50, 60, 8225, 508, 46, 60, 27281, 34234]]","[[508, 32, 60, 595, 58044, 4201, 309, 508, 50, 60, 6785, 508, 46, 60, 70464, 25689]]"
di kamar basement sinyal hp tidak ada . [S] [A] [O],di kamar basement kucing hitam sangat keras . [S] [A] [O],[S] negative [A] sinyal hp [O] tidak ada,[S] positive [A] kucing hitam [O] sangat keras,"[[508, 50, 60, 8225, 508, 32, 60, 274, 6441, 278, 20630, 508, 46, 60, 27281, 34234]]","[[508, 50, 60, 6785, 508, 32, 60, 595, 58044, 4201, 309, 508, 46, 60, 70464, 25689]]"
di kamar basement sinyal hp tidak ada . [O] [A] [S],di kamar basement kucing hitam sangat keras . [O] [A] [S],[O] tidak ada [A] sinyal hp [S] negative,[O] sangat keras [A] kucing hitam [S] positive,"[[508, 46, 60, 27281, 34234, 508, 32, 60, 274, 6441, 278, 20630, 508, 50, 60, 8225]]","[[508, 46, 60, 70464, 25689, 508, 32, 60, 595, 58044, 4201, 309, 508, 50, 60, 6785]]"
di kamar basement sinyal hp tidak ada . [O] [S] [A],di kamar basement kucing hitam sangat keras . [O] [S] [A],[O] tidak ada [S] negative [A] sinyal hp,[O] sangat keras [S] positive [A] kucing hitam,"[[508, 46, 60, 27281, 34234, 508, 50, 60, 8225, 508, 32, 60, 274, 6441, 278, 20630]]","[[508, 46, 60, 70464, 25689, 508, 50, 60, 6785, 508, 32, 60, 595, 58044, 4201, 309]]"
overall is oke lah . [A] [O] [S],air is mahal lah . [A] [O] [S],[A] overall [O] oke [S] positive,[A] air [O] mahal [S] negative,"[[508, 32, 60, 8084, 508, 46, 60, 297, 440, 508, 50, 60, 6785]]","[[508, 32, 60, 3720, 508, 46, 60, 43216, 278, 508, 50, 60, 8225]]"
overall is oke lah . [A] [S] [O],air is mahal lah . [A] [S] [O],[A] overall [S] positive [O] oke,[A] air [S] negative [O] mahal,"[[508, 32, 60, 8084, 508, 50, 60, 6785, 508, 46, 60, 297, 440]]","[[508, 32, 60, 3720, 508, 50, 60, 8225, 508, 46, 60, 43216, 278]]"
overall is oke lah . [S] [A] [O],air is mahal lah . [S] [A] [O],[S] positive [A] overall [O] oke,[S] negative [A] air [O] mahal,"[[508, 50, 60, 6785, 508, 32, 60, 8084, 508, 46, 60, 297, 440]]","[[508, 50, 60, 8225, 508, 32, 60, 3720, 508, 46, 60, 43216, 278]]"
overall is oke lah . [O] [A] [S],air is mahal lah . [O] [A] [S],[O] oke [A] overall [S] positive,[O] mahal [A] air [S] negative,"[[508, 46, 60, 297, 440, 508, 32, 60, 8084, 508, 50, 60, 6785]]","[[508, 46, 60, 43216, 278, 508, 32, 60, 3720, 508, 50, 60, 8225]]"
overall is oke lah . [O] [S] [A],air is mahal lah . [O] [S] [A],[O] oke [S] positive [A] overall,[O] mahal [S] negative [A] air,"[[508, 46, 60, 297, 440, 508, 50, 60, 6785, 508, 32, 60, 8084]]","[[508, 46, 60, 43216, 278, 508, 50, 60, 8225, 508, 32, 60, 3720]]"
"tempatnya bagus untuk istirahat , terimakasih airy . [A] [O] [S]","ayamnya sangat pahit dan asam , terimakasih airy . [A] [O] [S]",[A] tempatnya [O] bagus untuk istirahat [S] positive,[A] ayamnya [O] sangat pahit dan asam [S] negative,"[[508, 32, 60, 2730, 266, 22891, 508, 46, 60, 8968, 355, 19593, 5999, 404, 1466, 266, 508, 50, 60, 6785]]","[[508, 32, 60, 18898, 309, 22891, 508, 46, 60, 70464, 281, 1466, 275, 9101, 438, 309, 508, 50, 60, 8225]]"
"tempatnya bagus untuk istirahat , terimakasih airy . [A] [S] [O]","ayamnya sangat pahit dan asam , terimakasih airy . [A] [S] [O]",[A] tempatnya [S] positive [O] bagus untuk istirahat,[A] ayamnya [S] negative [O] sangat pahit dan asam,"[[508, 32, 60, 2730, 266, 22891, 508, 50, 60, 6785, 508, 46, 60, 8968, 355, 19593, 5999, 404, 1466, 266]]","[[508, 32, 60, 18898, 309, 22891, 508, 50, 60, 8225, 508, 46, 60, 70464, 281, 1466, 275, 9101, 438, 309]]"
"tempatnya bagus untuk istirahat , terimakasih airy . [S] [A] [O]","ayamnya sangat pahit dan asam , terimakasih airy . [S] [A] [O]",[S] positive [A] tempatnya [O] bagus untuk istirahat,[S] negative [A] ayamnya [O] sangat pahit dan asam,"[[508, 50, 60, 6785, 508, 32, 60, 2730, 266, 22891, 508, 46, 60, 8968, 355, 19593, 5999, 404, 1466, 266]]","[[508, 50, 60, 8225, 508, 32, 60, 18898, 309, 22891, 508, 46, 60, 70464, 281, 1466, 275, 9101, 438, 309]]"
"tempatnya bagus untuk istirahat , terimakasih airy . [O] [A] [S]","ayamnya sangat pahit dan asam , terimakasih airy . [O] [A] [S]",[O] bagus untuk istirahat [A] tempatnya [S] positive,[O] sangat pahit dan asam [A] ayamnya [S] negative,"[[508, 46, 60, 8968, 355, 19593, 5999, 404, 1466, 266, 508, 32, 60, 2730, 266, 22891, 508, 50, 60, 6785]]","[[508, 46, 60, 70464, 281, 1466, 275, 9101, 438, 309, 508, 32, 60, 18898, 309, 22891, 508, 50, 60, 8225]]"
"tempatnya bagus untuk istirahat , terimakasih airy . [O] [S] [A]","ayamnya sangat pahit dan asam , terimakasih airy . [O] [S] [A]",[O] bagus untuk istirahat [S] positive [A] tempatnya,[O] sangat pahit dan asam [S] negative [A] ayamnya,"[[508, 46, 60, 8968, 355, 19593, 5999, 404, 1466, 266, 508, 50, 60, 6785, 508, 32, 60, 2730, 266, 22891]]","[[508, 46, 60, 70464, 281, 1466, 275, 9101, 438, 309, 508, 50, 60, 8225, 508, 32, 60, 18898, 309, 22891]]"
kebersihan kamar masih jelek . [A] [O] [S],energi anginnya masih cerah . [A] [O] [S],[A] kebersihan kamar [O] jelek [S] negative,[A] energi anginnya [O] cerah [S] positive,"[[508, 32, 60, 1962, 1902, 56888, 595, 15554, 508, 46, 60, 4759, 75776, 508, 50, 60, 8225]]","[[508, 32, 60, 4501, 72, 6454, 258, 22891, 508, 46, 60, 10152, 1466, 508, 50, 60, 6785]]"
kebersihan kamar masih jelek . [A] [S] [O],energi anginnya masih cerah . [A] [S] [O],[A] kebersihan kamar [S] negative [O] jelek,[A] energi anginnya [S] positive [O] cerah,"[[508, 32, 60, 1962, 1902, 56888, 595, 15554, 508, 50, 60, 8225, 508, 46, 60, 4759, 75776]]","[[508, 32, 60, 4501, 72, 6454, 258, 22891, 508, 50, 60, 6785, 508, 46, 60, 10152, 1466]]"
kebersihan kamar masih jelek . [S] [A] [O],energi anginnya masih cerah . [S] [A] [O],[S] negative [A] kebersihan kamar [O] jelek,[S] positive [A] energi anginnya [O] cerah,"[[508, 50, 60, 8225, 508, 32, 60, 1962, 1902, 56888, 595, 15554, 508, 46, 60, 4759, 75776]]","[[508, 50, 60, 6785, 508, 32, 60, 4501, 72, 6454, 258, 22891, 508, 46, 60, 10152, 1466]]"
kebersihan kamar masih jelek . [O] [A] [S],energi anginnya masih cerah . [O] [A] [S],[O] jelek [A] kebersihan kamar [S] negative,[O] cerah [A] energi anginnya [S] positive,"[[508, 46, 60, 4759, 75776, 508, 32, 60, 1962, 1902, 56888, 595, 15554, 508, 50, 60, 8225]]","[[508, 46, 60, 10152, 1466, 508, 32, 60, 4501, 72, 6454, 258, 22891, 508, 50, 60, 6785]]"
kebersihan kamar masih jelek . [O] [S] [A],energi anginnya masih cerah . [O] [S] [A],[O] jelek [S] negative [A] kebersihan kamar,[O] cerah [S] positive [A] energi anginnya,"[[508, 46, 60, 4759, 75776, 508, 50, 60, 8225, 508, 32, 60, 1962, 1902, 56888, 595, 15554]]","[[508, 46, 60, 10152, 1466, 508, 50, 60, 6785, 508, 32, 60, 4501, 72, 6454, 258, 22891]]"
kurang cuma pada sarapan yang cuma di kasih 1 x di hari pertama . [A] [O] [S],kurang cuma pada galaksi yang harum menyebar lembut sejak pagi . [A] [O] [S],[A] sarapan [O] cuma di kasih 1 x di hari pertama [S] negative,[A] galaksi [O] harum menyebar lembut sejak pagi [S] positive,"[[508, 32, 60, 28047, 5359, 508, 46, 60, 12177, 64, 1853, 47656, 6996, 220, 16, 856, 1853, 69696, 18212, 3029, 508, 50, 60, 8225]]","[[508, 32, 60, 15369, 37679, 508, 46, 60, 4855, 372, 2953, 9011, 2257, 512, 3096, 332, 511, 62402, 14774, 72, 508, 50, 60, 6785]]"
kurang cuma pada sarapan yang cuma di kasih 1 x di hari pertama . [A] [S] [O],kurang cuma pada galaksi yang harum menyebar lembut sejak pagi . [A] [S] [O],[A] sarapan [S] negative [O] cuma di kasih 1 x di hari pertama,[A] galaksi [S] positive [O] harum menyebar lembut sejak pagi,"[[508, 32, 60, 28047, 5359, 508, 50, 60, 8225, 508, 46, 60, 12177, 64, 1853, 47656, 6996, 220, 16, 856, 1853, 69696, 18212, 3029]]","[[508, 32, 60, 15369, 37679, 508, 50, 60, 6785, 508, 46, 60, 4855, 372, 2953, 9011, 2257, 512, 3096, 332, 511, 62402, 14774, 72]]"
kurang cuma pada sarapan yang cuma di kasih 1 x di hari pertama . [S] [A] [O],kurang cuma pada galaksi yang harum menyebar lembut sejak pagi . [S] [A] [O],[S] negative [A] sarapan [O] cuma di kasih 1 x di hari pertama,[S] positive [A] galaksi [O] harum menyebar lembut sejak pagi,"[[508, 50, 60, 8225, 508, 32, 60, 28047, 5359, 508, 46, 60, 12177, 64, 1853, 47656, 6996, 220, 16, 856, 1853, 69696, 18212, 3029]]","[[508, 50, 60, 6785, 508, 32, 60, 15369, 37679, 508, 46, 60, 4855, 372, 2953, 9011, 2257, 512, 3096, 332, 511, 62402, 14774, 72]]"
kurang cuma pada sarapan yang cuma di kasih 1 x di hari pertama . [O] [A] [S],kurang cuma pada galaksi yang harum menyebar lembut sejak pagi . [O] [A] [S],[O] cuma di kasih 1 x di hari pertama [A] sarapan [S] negative,[O] harum menyebar lembut sejak pagi [A] galaksi [S] positive,"[[508, 46, 60, 12177, 64, 1853, 47656, 6996, 220, 16, 856, 1853, 69696, 18212, 3029, 508, 32, 60, 28047, 5359, 508, 50, 60, 8225]]","[[508, 46, 60, 4855, 372, 2953, 9011, 2257, 512, 3096, 332, 511, 62402, 14774, 72, 508, 32, 60, 15369, 37679, 508, 50, 60, 6785]]"
kurang cuma pada sarapan yang cuma di kasih 1 x di hari pertama . [O] [S] [A],kurang cuma pada galaksi yang harum menyebar lembut sejak pagi . [O] [S] [A],[O] cuma di kasih 1 x di hari pertama [S] negative [A] sarapan,[O] harum menyebar lembut sejak pagi [S] positive [A] galaksi,"[[508, 46, 60, 12177, 64, 1853, 47656, 6996, 220, 16, 856, 1853, 69696, 18212, 3029, 508, 50, 60, 8225, 508, 32, 60, 28047, 5359]]","[[508, 46, 60, 4855, 372, 2953, 9011, 2257, 512, 3096, 332, 511, 62402, 14774, 72, 508, 50, 60, 6785, 508, 32, 60, 15369, 37679]]"
tidak disediakan tisu : ( . [A] [O] [S],keras seperti batu bunga : ( . [A] [O] [S],[A] tisu [O] tidak disediakan [S] negative,[A] bunga [O] keras seperti batu [S] positive,"[[508, 32, 60, 259, 62748, 508, 46, 60, 27281, 827, 19048, 19262, 508, 50, 60, 8225]]","[[508, 32, 60, 293, 91845, 508, 46, 60, 25689, 67720, 15743, 84, 508, 50, 60, 6785]]"
tidak disediakan tisu : ( . [A] [S] [O],keras seperti batu bunga : ( . [A] [S] [O],[A] tisu [S] negative [O] tidak disediakan,[A] bunga [S] positive [O] keras seperti batu,"[[508, 32, 60, 259, 62748, 508, 50, 60, 8225, 508, 46, 60, 27281, 827, 19048, 19262]]","[[508, 32, 60, 293, 91845, 508, 50, 60, 6785, 508, 46, 60, 25689, 67720, 15743, 84]]"
tidak disediakan tisu : ( . [S] [A] [O],keras seperti batu bunga : ( . [S] [A] [O],[S] negative [A] tisu [O] tidak disediakan,[S] positive [A] bunga [O] keras seperti batu,"[[508, 50, 60, 8225, 508, 32, 60, 259, 62748, 508, 46, 60, 27281, 827, 19048, 19262]]","[[508, 50, 60, 6785, 508, 32, 60, 293, 91845, 508, 46, 60, 25689, 67720, 15743, 84]]"
tidak disediakan tisu : ( . [O] [A] [S],keras seperti batu bunga : ( . [O] [A] [S],[O] tidak disediakan [A] tisu [S] negative,[O] keras seperti batu [A] bunga [S] positive,"[[508, 46, 60, 27281, 827, 19048, 19262, 508, 32, 60, 259, 62748, 508, 50, 60, 8225]]","[[508, 46, 60, 25689, 67720, 15743, 84, 508, 32, 60, 293, 91845, 508, 50, 60, 6785]]"
tidak disediakan tisu : ( . [O] [S] [A],keras seperti batu bunga : ( . [O] [S] [A],[O] tidak disediakan [S] negative [A] tisu,[O] keras seperti batu [S] positive [A] bunga,"[[508, 46, 60, 27281, 827, 19048, 19262, 508, 50, 60, 8225, 508, 32, 60, 259, 62748]]","[[508, 46, 60, 25689, 67720, 15743, 84, 508, 50, 60, 6785, 508, 32, 60, 293, 91845]]"
"staf ramah sekali , terutama saat breakfast . [A] [O] [S]","angin sangat mahal , apalagi hari libur . [A] [O] [S]","[A] staf [O] ramah sekali , terutama saat breakfast [S] positive","[A] mangga [O] sangat mahal , apalagi hari libur [S] negative","[[508, 32, 60, 357, 2577, 508, 46, 60, 17823, 1466, 43834, 7956, 1154, 1982, 332, 3029, 51365, 17496, 508, 50, 60, 6785]]","[[508, 32, 60, 50196, 6743, 508, 46, 60, 70464, 43216, 278, 1154, 1443, 278, 36035, 69696, 3051, 324, 508, 50, 60, 8225]]"
"staf ramah sekali , terutama saat breakfast . [A] [S] [O]","angin sangat mahal , apalagi hari libur . [A] [S] [O]","[A] staf [S] positive [O] ramah sekali , terutama saat breakfast","[A] mangga [S] negative [O] sangat mahal , apalagi hari libur","[[508, 32, 60, 357, 2577, 508, 50, 60, 6785, 508, 46, 60, 17823, 1466, 43834, 7956, 1154, 1982, 332, 3029, 51365, 17496]]","[[508, 32, 60, 50196, 6743, 508, 50, 60, 8225, 508, 46, 60, 70464, 43216, 278, 1154, 1443, 278, 36035, 69696, 3051, 324]]"
"staf ramah sekali , terutama saat breakfast . [S] [A] [O]","angin sangat mahal , apalagi hari libur . [S] [A] [O]","[S] positive [A] staf [O] ramah sekali , terutama saat breakfast","[S] negative [A] mangga [O] sangat mahal , apalagi hari libur","[[508, 50, 60, 6785, 508, 32, 60, 357, 2577, 508, 46, 60, 17823, 1466, 43834, 7956, 1154, 1982, 332, 3029, 51365, 17496]]","[[508, 50, 60, 8225, 508, 32, 60, 50196, 6743, 508, 46, 60, 70464, 43216, 278, 1154, 1443, 278, 36035, 69696, 3051, 324]]"
"staf ramah sekali , terutama saat breakfast . [O] [A] [S]","angin sangat mahal , apalagi hari libur . [O] [A] [S]","[O] ramah sekali , terutama saat breakfast [A] staf [S] positive","[O] sangat mahal , apalagi hari libur [A] mangga [S] negative","[[508, 46, 60, 17823, 1466, 43834, 7956, 1154, 1982, 332, 3029, 51365, 17496, 508, 32, 60, 357, 2577, 508, 50, 60, 6785]]","[[508, 46, 60, 70464, 43216, 278, 1154, 1443, 278, 36035, 69696, 3051, 324, 508, 32, 60, 50196, 6743, 508, 50, 60, 8225]]"
"staf ramah sekali , terutama saat breakfast . [O] [S] [A]","angin sangat mahal , apalagi hari libur . [O] [S] [A]","[O] ramah sekali , terutama saat breakfast [S] positive [A] staf","[O] sangat mahal , apalagi hari libur [S] negative [A] mangga","[[508, 46, 60, 17823, 1466, 43834, 7956, 1154, 1982, 332, 3029, 51365, 17496, 508, 50, 60, 6785, 508, 32, 60, 357, 2577]]","[[508, 46, 60, 70464, 43216, 278, 1154, 1443, 278, 36035, 69696, 3051, 324, 508, 50, 60, 8225, 508, 32, 60, 50196, 6743]]"
tolong di tingkatkan kamar mandi nya . [A] [O] [S],kurang cepat sedikit bumbu rendang . [A] [O] [S],[A] kamar mandi nya [O] tolong di tingkatkan [S] positive,[A] bumbu rendang [O] kurang cepat sedikit [S] negative,"[[508, 32, 60, 595, 15554, 11576, 72, 75189, 508, 46, 60, 311, 4825, 1853, 42227, 33755, 8656, 508, 50, 60, 6785]]","[[508, 32, 60, 293, 3551, 84, 17191, 524, 508, 46, 60, 27265, 524, 62090, 266, 10923, 60403, 508, 50, 60, 8225]]"
tolong di tingkatkan kamar mandi nya . [A] [S] [O],kurang cepat sedikit bumbu rendang . [A] [S] [O],[A] kamar mandi nya [S] positive [O] tolong di tingkatkan,[A] bumbu rendang [S] negative [O] kurang cepat sedikit,"[[508, 32, 60, 595, 15554, 11576, 72, 75189, 508, 50, 60, 6785, 508, 46, 60, 311, 4825, 1853, 42227, 33755, 8656]]","[[508, 32, 60, 293, 3551, 84, 17191, 524, 508, 50, 60, 8225, 508, 46, 60, 27265, 524, 62090, 266, 10923, 60403]]"
tolong di tingkatkan kamar mandi nya . [S] [A] [O],kurang cepat sedikit bumbu rendang . [S] [A] [O],[S] positive [A] kamar mandi nya [O] tolong di tingkatkan,[S] negative [A] bumbu rendang [O] kurang cepat sedikit,"[[508, 50, 60, 6785, 508, 32, 60, 595, 15554, 11576, 72, 75189, 508, 46, 60, 311, 4825, 1853, 42227, 33755, 8656]]","[[508, 50, 60, 8225, 508, 32, 60, 293, 3551, 84, 17191, 524, 508, 46, 60, 27265, 524, 62090, 266, 10923, 60403]]"
tolong di tingkatkan kamar mandi nya . [O] [A] [S],kurang cepat sedikit bumbu rendang . [O] [A] [S],[O] tolong di tingkatkan [A] kamar mandi nya [S] positive,[O] kurang cepat sedikit [A] bumbu rendang [S] negative,"[[508, 46, 60, 311, 4825, 1853, 42227, 33755, 8656, 508, 32, 60, 595, 15554, 11576, 72, 75189, 508, 50, 60, 6785]]","[[508, 46, 60, 27265, 524, 62090, 266, 10923, 60403, 508, 32, 60, 293, 3551, 84, 17191, 524, 508, 50, 60, 8225]]"
tolong di tingkatkan kamar mandi nya . [O] [S] [A],kurang cepat sedikit bumbu rendang . [O] [S] [A],[O] tolong di tingkatkan [S] positive [A] kamar mandi nya,[O] kurang cepat sedikit [S] negative [A] bumbu rendang,"[[508, 46, 60, 311, 4825, 1853, 42227, 33755, 8656, 508, 50, 60, 6785, 508, 32, 60, 595, 15554, 11576, 72, 75189]]","[[508, 46, 60, 27265, 524, 62090, 266, 10923, 60403, 508, 50, 60, 8225, 508, 32, 60, 293, 3551, 84, 17191, 524]]"
sarapan enak . [A] [O] [S],daun mahal . [A] [O] [S],[A] sarapan [O] enak [S] positive,[A] daun [O] mahal [S] negative,"[[508, 32, 60, 28047, 5359, 508, 46, 60, 662, 585, 508, 50, 60, 6785]]","[[508, 32, 60, 2994, 359, 508, 46, 60, 43216, 278, 508, 50, 60, 8225]]"
sarapan enak . [A] [S] [O],daun mahal . [A] [S] [O],[A] sarapan [S] positive [O] enak,[A] daun [S] negative [O] mahal,"[[508, 32, 60, 28047, 5359, 508, 50, 60, 6785, 508, 46, 60, 662, 585]]","[[508, 32, 60, 2994, 359, 508, 50, 60, 8225, 508, 46, 60, 43216, 278]]"
sarapan enak . [S] [A] [O],daun mahal . [S] [A] [O],[S] positive [A] sarapan [O] enak,[S] negative [A] daun [O] mahal,"[[508, 50, 60, 6785, 508, 32, 60, 28047, 5359, 508, 46, 60, 662, 585]]","[[508, 50, 60, 8225, 508, 32, 60, 2994, 359, 508, 46, 60, 43216, 278]]"
sarapan enak . [O] [A] [S],daun mahal . [O] [A] [S],[O] enak [A] sarapan [S] positive,[O] mahal [A] daun [S] negative,"[[508, 46, 60, 662, 585, 508, 32, 60, 28047, 5359, 508, 50, 60, 6785]]","[[508, 46, 60, 43216, 278, 508, 32, 60, 2994, 359, 508, 50, 60, 8225]]"
sarapan enak . [O] [S] [A],daun mahal . [O] [S] [A],[O] enak [S] positive [A] sarapan,[O] mahal [S] negative [A] daun,"[[508, 46, 60, 662, 585, 508, 50, 60, 6785, 508, 32, 60, 28047, 5359]]","[[508, 46, 60, 43216, 278, 508, 50, 60, 8225, 508, 32, 60, 2994, 359]]"
suka dengan suasana penginapannya . [A] [O] [S],sedih dengan harga sepatu lari . [A] [O] [S],[A] suasana penginapannya [O] suka [S] positive,[A] harga sepatu lari [O] sedih [S] negative,"[[508, 32, 60, 52097, 3362, 36686, 258, 391, 71098, 508, 46, 60, 913, 4554, 508, 50, 60, 6785]]","[[508, 32, 60, 71348, 511, 4676, 84, 326, 2780, 508, 46, 60, 10923, 6996, 508, 50, 60, 8225]]"
suka dengan suasana penginapannya . [A] [S] [O],sedih dengan harga sepatu lari . [A] [S] [O],[A] suasana penginapannya [S] positive [O] suka,[A] harga sepatu lari [S] negative [O] sedih,"[[508, 32, 60, 52097, 3362, 36686, 258, 391, 71098, 508, 50, 60, 6785, 508, 46, 60, 913, 4554]]","[[508, 32, 60, 71348, 511, 4676, 84, 326, 2780, 508, 50, 60, 8225, 508, 46, 60, 10923, 6996]]"
suka dengan suasana penginapannya . [S] [A] [O],sedih dengan harga sepatu lari . [S] [A] [O],[S] positive [A] suasana penginapannya [O] suka,[S] negative [A] harga sepatu lari [O] sedih,"[[508, 50, 60, 6785, 508, 32, 60, 52097, 3362, 36686, 258, 391, 71098, 508, 46, 60, 913, 4554]]","[[508, 50, 60, 8225, 508, 32, 60, 71348, 511, 4676, 84, 326, 2780, 508, 46, 60, 10923, 6996]]"
suka dengan suasana penginapannya . [O] [A] [S],sedih dengan harga sepatu lari . [O] [A] [S],[O] suka [A] suasana penginapannya [S] positive,[O] sedih [A] harga sepatu lari [S] negative,"[[508, 46, 60, 913, 4554, 508, 32, 60, 52097, 3362, 36686, 258, 391, 71098, 508, 50, 60, 6785]]","[[508, 46, 60, 10923, 6996, 508, 32, 60, 71348, 511, 4676, 84, 326, 2780, 508, 50, 60, 8225]]"
suka dengan suasana penginapannya . [O] [S] [A],sedih dengan harga sepatu lari . [O] [S] [A],[O] suka [S] positive [A] suasana penginapannya,[O] sedih [S] negative [A] harga sepatu lari,"[[508, 46, 60, 913, 4554, 508, 50, 60, 6785, 508, 32, 60, 52097, 3362, 36686, 258, 391, 71098]]","[[508, 46, 60, 10923, 6996, 508, 50, 60, 8225, 508, 32, 60, 71348, 511, 4676, 84, 326, 2780]]"
baik pelayanan nya . [A] [O] [S],keras nasi kuning . [A] [O] [S],[A] pelayanan nya [O] baik [S] positive,[A] nasi kuning [O] keras [S] negative,"[[508, 32, 60, 281, 6895, 28618, 75189, 508, 46, 60, 79187, 508, 50, 60, 6785]]","[[508, 32, 60, 308, 10215, 23330, 287, 508, 46, 60, 25689, 508, 50, 60, 8225]]"
baik pelayanan nya . [A] [S] [O],keras nasi kuning . [A] [S] [O],[A] pelayanan nya [S] positive [O] baik,[A] nasi kuning [S] negative [O] keras,"[[508, 32, 60, 281, 6895, 28618, 75189, 508, 50, 60, 6785, 508, 46, 60, 79187]]","[[508, 32, 60, 308, 10215, 23330, 287, 508, 50, 60, 8225, 508, 46, 60, 25689]]"
baik pelayanan nya . [S] [A] [O],keras nasi kuning . [S] [A] [O],[S] positive [A] pelayanan nya [O] baik,[S] negative [A] nasi kuning [O] keras,"[[508, 50, 60, 6785, 508, 32, 60, 281, 6895, 28618, 75189, 508, 46, 60, 79187]]","[[508, 50, 60, 8225, 508, 32, 60, 308, 10215, 23330, 287, 508, 46, 60, 25689]]"
baik pelayanan nya . [O] [A] [S],keras nasi kuning . [O] [A] [S],[O] baik [A] pelayanan nya [S] positive,[O] keras [A] nasi kuning [S] negative,"[[508, 46, 60, 79187, 508, 32, 60, 281, 6895, 28618, 75189, 508, 50, 60, 6785]]","[[508, 46, 60, 25689, 508, 32, 60, 308, 10215, 23330, 287, 508, 50, 60, 8225]]"
baik pelayanan nya . [O] [S] [A],keras nasi kuning . [O] [S] [A],[O] baik [S] positive [A] pelayanan nya,[O] keras [S] negative [A] nasi kuning,"[[508, 46, 60, 79187, 508, 50, 60, 6785, 508, 32, 60, 281, 6895, 28618, 75189]]","[[508, 46, 60, 25689, 508, 50, 60, 8225, 508, 32, 60, 308, 10215, 23330, 287]]"
pintu tidak bisa di kunci dari luar . [A] [O] [S],lukisan lancar dan mulus dari luar . [A] [O] [S],[A] pintu [O] tidak bisa di kunci [S] negative,[A] lukisan [O] lancar dan mulus [S] positive,"[[508, 32, 60, 45646, 84, 508, 46, 60, 27281, 39988, 1853, 595, 18424, 508, 50, 60, 8225]]","[[508, 32, 60, 81280, 17132, 508, 46, 60, 75285, 277, 9101, 15602, 355, 508, 50, 60, 6785]]"
pintu tidak bisa di kunci dari luar . [A] [S] [O],lukisan lancar dan mulus dari luar . [A] [S] [O],[A] pintu [S] negative [O] tidak bisa di kunci,[A] lukisan [S] positive [O] lancar dan mulus,"[[508, 32, 60, 45646, 84, 508, 50, 60, 8225, 508, 46, 60, 27281, 39988, 1853, 595, 18424]]","[[508, 32, 60, 81280, 17132, 508, 50, 60, 6785, 508, 46, 60, 75285, 277, 9101, 15602, 355]]"
pintu tidak bisa di kunci dari luar . [S] [A] [O],lukisan lancar dan mulus dari luar . [S] [A] [O],[S] negative [A] pintu [O] tidak bisa di kunci,[S] positive [A] lukisan [O] lancar dan mulus,"[[508, 50, 60, 8225, 508, 32, 60, 45646, 84, 508, 46, 60, 27281, 39988, 1853, 595, 18424]]","[[508, 50, 60, 6785, 508, 32, 60, 81280, 17132, 508, 46, 60, 75285, 277, 9101, 15602, 355]]"
pintu tidak bisa di kunci dari luar . [O] [A] [S],lukisan lancar dan mulus dari luar . [O] [A] [S],[O] tidak bisa di kunci [A] pintu [S] negative,[O] lancar dan mulus [A] lukisan [S] positive,"[[508, 46, 60, 27281, 39988, 1853, 595, 18424, 508, 32, 60, 45646, 84, 508, 50, 60, 8225]]","[[508, 46, 60, 75285, 277, 9101, 15602, 355, 508, 32, 60, 81280, 17132, 508, 50, 60, 6785]]"
pintu tidak bisa di kunci dari luar . [O] [S] [A],lukisan lancar dan mulus dari luar . [O] [S] [A],[O] tidak bisa di kunci [S] negative [A] pintu,[O] lancar dan mulus [S] positive [A] lukisan,"[[508, 46, 60, 27281, 39988, 1853, 595, 18424, 508, 50, 60, 8225, 508, 32, 60, 45646, 84]]","[[508, 46, 60, 75285, 277, 9101, 15602, 355, 508, 50, 60, 6785, 508, 32, 60, 81280, 17132]]"
bantal bertuliskan airy sudah tidak layak . [A] [O] [S],batik bertuliskan airy rasanya manis . [A] [O] [S],[A] bantal [O] sudah tidak layak [S] negative,[A] batik [O] rasanya manis [S] positive,"[[508, 32, 60, 293, 59693, 508, 46, 60, 49796, 27281, 10962, 585, 508, 50, 60, 8225]]","[[508, 32, 60, 15743, 1579, 508, 46, 60, 49910, 24074, 883, 285, 508, 50, 60, 6785]]"
bantal bertuliskan airy sudah tidak layak . [A] [S] [O],batik bertuliskan airy rasanya manis . [A] [S] [O],[A] bantal [S] negative [O] sudah tidak layak,[A] batik [S] positive [O] rasanya manis,"[[508, 32, 60, 293, 59693, 508, 50, 60, 8225, 508, 46, 60, 49796, 27281, 10962, 585]]","[[508, 32, 60, 15743, 1579, 508, 50, 60, 6785, 508, 46, 60, 49910, 24074, 883, 285]]"
bantal bertuliskan airy sudah tidak layak . [S] [A] [O],batik bertuliskan airy rasanya manis . [S] [A] [O],[S] negative [A] bantal [O] sudah tidak layak,[S] positive [A] batik [O] rasanya manis,"[[508, 50, 60, 8225, 508, 32, 60, 293, 59693, 508, 46, 60, 49796, 27281, 10962, 585]]","[[508, 50, 60, 6785, 508, 32, 60, 15743, 1579, 508, 46, 60, 49910, 24074, 883, 285]]"
bantal bertuliskan airy sudah tidak layak . [O] [A] [S],batik bertuliskan airy rasanya manis . [O] [A] [S],[O] sudah tidak layak [A] bantal [S] negative,[O] rasanya manis [A] batik [S] positive,"[[508, 46, 60, 49796, 27281, 10962, 585, 508, 32, 60, 293, 59693, 508, 50, 60, 8225]]","[[508, 46, 60, 49910, 24074, 883, 285, 508, 32, 60, 15743, 1579, 508, 50, 60, 6785]]"
bantal bertuliskan airy sudah tidak layak . [O] [S] [A],batik bertuliskan airy rasanya manis . [O] [S] [A],[O] sudah tidak layak [S] negative [A] bantal,[O] rasanya manis [S] positive [A] batik,"[[508, 46, 60, 49796, 27281, 10962, 585, 508, 50, 60, 8225, 508, 32, 60, 293, 59693]]","[[508, 46, 60, 49910, 24074, 883, 285, 508, 50, 60, 6785, 508, 32, 60, 15743, 1579]]"
kamar mandi tidak ada exhaust nya . [A] [O] [S],kamar mandi puas pulpen . [A] [O] [S],[A] exhaust nya [O] tidak ada [S] negative,[A] pulpen [O] puas [S] positive,"[[508, 32, 60, 17502, 75189, 508, 46, 60, 27281, 34234, 508, 50, 60, 8225]]","[[508, 32, 60, 7737, 2752, 508, 46, 60, 18256, 300, 508, 50, 60, 6785]]"
kamar mandi tidak ada exhaust nya . [A] [S] [O],kamar mandi puas pulpen . [A] [S] [O],[A] exhaust nya [S] negative [O] tidak ada,[A] pulpen [S] positive [O] puas,"[[508, 32, 60, 17502, 75189, 508, 50, 60, 8225, 508, 46, 60, 27281, 34234]]","[[508, 32, 60, 7737, 2752, 508, 50, 60, 6785, 508, 46, 60, 18256, 300]]"
kamar mandi tidak ada exhaust nya . [S] [A] [O],kamar mandi puas pulpen . [S] [A] [O],[S] negative [A] exhaust nya [O] tidak ada,[S] positive [A] pulpen [O] puas,"[[508, 50, 60, 8225, 508, 32, 60, 17502, 75189, 508, 46, 60, 27281, 34234]]","[[508, 50, 60, 6785, 508, 32, 60, 7737, 2752, 508, 46, 60, 18256, 300]]"
kamar mandi tidak ada exhaust nya . [O] [A] [S],kamar mandi puas pulpen . [O] [A] [S],[O] tidak ada [A] exhaust nya [S] negative,[O] puas [A] pulpen [S] positive,"[[508, 46, 60, 27281, 34234, 508, 32, 60, 17502, 75189, 508, 50, 60, 8225]]","[[508, 46, 60, 18256, 300, 508, 32, 60, 7737, 2752, 508, 50, 60, 6785]]"
kamar mandi tidak ada exhaust nya . [O] [S] [A],kamar mandi puas pulpen . [O] [S] [A],[O] tidak ada [S] negative [A] exhaust nya,[O] puas [S] positive [A] pulpen,"[[508, 46, 60, 27281, 34234, 508, 50, 60, 8225, 508, 32, 60, 17502, 75189]]","[[508, 46, 60, 18256, 300, 508, 50, 60, 6785, 508, 32, 60, 7737, 2752]]"
semua sudah cukup baik . [A] [O] [S],toilet sudah amat mahal . [A] [O] [S],[A] semua [O] cukup baik [S] positive,[A] toilet [O] amat mahal [S] negative,"[[508, 32, 60, 77497, 508, 46, 60, 92743, 454, 79187, 508, 50, 60, 6785]]","[[508, 32, 60, 26214, 508, 46, 60, 42133, 43216, 278, 508, 50, 60, 8225]]"
semua sudah cukup baik . [A] [S] [O],toilet sudah amat mahal . [A] [S] [O],[A] semua [S] positive [O] cukup baik,[A] toilet [S] negative [O] amat mahal,"[[508, 32, 60, 77497, 508, 50, 60, 6785, 508, 46, 60, 92743, 454, 79187]]","[[508, 32, 60, 26214, 508, 50, 60, 8225, 508, 46, 60, 42133, 43216, 278]]"
semua sudah cukup baik . [S] [A] [O],toilet sudah amat mahal . [S] [A] [O],[S] positive [A] semua [O] cukup baik,[S] negative [A] toilet [O] amat mahal,"[[508, 50, 60, 6785, 508, 32, 60, 77497, 508, 46, 60, 92743, 454, 79187]]","[[508, 50, 60, 8225, 508, 32, 60, 26214, 508, 46, 60, 42133, 43216, 278]]"
semua sudah cukup baik . [O] [A] [S],toilet sudah amat mahal . [O] [A] [S],[O] cukup baik [A] semua [S] positive,[O] amat mahal [A] toilet [S] negative,"[[508, 46, 60, 92743, 454, 79187, 508, 32, 60, 77497, 508, 50, 60, 6785]]","[[508, 46, 60, 42133, 43216, 278, 508, 32, 60, 26214, 508, 50, 60, 8225]]"
semua sudah cukup baik . [O] [S] [A],toilet sudah amat mahal . [O] [S] [A],[O] cukup baik [S] positive [A] semua,[O] amat mahal [S] negative [A] toilet,"[[508, 46, 60, 92743, 454, 79187, 508, 50, 60, 6785, 508, 32, 60, 77497]]","[[508, 46, 60, 42133, 43216, 278, 508, 50, 60, 8225, 508, 32, 60, 26214]]"
kurang snack saja . [A] [O] [S],bersih video saja . [A] [O] [S],[A] snack [O] kurang [S] negative,[A] video [O] bersih [S] positive,"[[508, 32, 60, 39359, 508, 46, 60, 27265, 524, 508, 50, 60, 8225]]","[[508, 32, 60, 2766, 508, 46, 60, 58554, 6996, 508, 50, 60, 6785]]"
kurang snack saja . [A] [S] [O],bersih video saja . [A] [S] [O],[A] snack [S] negative [O] kurang,[A] video [S] positive [O] bersih,"[[508, 32, 60, 39359, 508, 50, 60, 8225, 508, 46, 60, 27265, 524]]","[[508, 32, 60, 2766, 508, 50, 60, 6785, 508, 46, 60, 58554, 6996]]"
kurang snack saja . [S] [A] [O],bersih video saja . [S] [A] [O],[S] negative [A] snack [O] kurang,[S] positive [A] video [O] bersih,"[[508, 50, 60, 8225, 508, 32, 60, 39359, 508, 46, 60, 27265, 524]]","[[508, 50, 60, 6785, 508, 32, 60, 2766, 508, 46, 60, 58554, 6996]]"
kurang snack saja . [O] [A] [S],bersih video saja . [O] [A] [S],[O] kurang [A] snack [S] negative,[O] bersih [A] video [S] positive,"[[508, 46, 60, 27265, 524, 508, 32, 60, 39359, 508, 50, 60, 8225]]","[[508, 46, 60, 58554, 6996, 508, 32, 60, 2766, 508, 50, 60, 6785]]"
kurang snack saja . [O] [S] [A],bersih video saja . [O] [S] [A],[O] kurang [S] negative [A] snack,[O] bersih [S] positive [A] video,"[[508, 46, 60, 27265, 524, 508, 50, 60, 8225, 508, 32, 60, 39359]]","[[508, 46, 60, 58554, 6996, 508, 50, 60, 6785, 508, 32, 60, 2766]]"
kamar nya sempit . [A] [O] [S],harga tiket enak . [A] [O] [S],[A] kamar nya [O] sempit [S] negative,[A] harga tiket [O] enak [S] positive,"[[508, 32, 60, 595, 15554, 75189, 508, 46, 60, 74597, 275, 508, 50, 60, 8225]]","[[508, 32, 60, 71348, 86172, 295, 508, 46, 60, 662, 585, 508, 50, 60, 6785]]"
kamar nya sempit . [A] [S] [O],harga tiket enak . [A] [S] [O],[A] kamar nya [S] negative [O] sempit,[A] harga tiket [S] positive [O] enak,"[[508, 32, 60, 595, 15554, 75189, 508, 50, 60, 8225, 508, 46, 60, 74597, 275]]","[[508, 32, 60, 71348, 86172, 295, 508, 50, 60, 6785, 508, 46, 60, 662, 585]]"
kamar nya sempit . [S] [A] [O],harga tiket enak . [S] [A] [O],[S] negative [A] kamar nya [O] sempit,[S] positive [A] harga tiket [O] enak,"[[508, 50, 60, 8225, 508, 32, 60, 595, 15554, 75189, 508, 46, 60, 74597, 275]]","[[508, 50, 60, 6785, 508, 32, 60, 71348, 86172, 295, 508, 46, 60, 662, 585]]"
kamar nya sempit . [O] [A] [S],harga tiket enak . [O] [A] [S],[O] sempit [A] kamar nya [S] negative,[O] enak [A] harga tiket [S] positive,"[[508, 46, 60, 74597, 275, 508, 32, 60, 595, 15554, 75189, 508, 50, 60, 8225]]","[[508, 46, 60, 662, 585, 508, 32, 60, 71348, 86172, 295, 508, 50, 60, 6785]]"
kamar nya sempit . [O] [S] [A],harga tiket enak . [O] [S] [A],[O] sempit [S] negative [A] kamar nya,[O] enak [S] positive [A] harga tiket,"[[508, 46, 60, 74597, 275, 508, 50, 60, 8225, 508, 32, 60, 595, 15554, 75189]]","[[508, 46, 60, 662, 585, 508, 50, 60, 6785, 508, 32, 60, 71348, 86172, 295]]"
room yang bersih . [A] [O] [S],meteor yang macet . [A] [O] [S],[A] room [O] bersih [S] positive,[A] meteor [O] macet [S] negative,"[[508, 32, 60, 3054, 508, 46, 60, 58554, 6996, 508, 50, 60, 6785]]","[[508, 32, 60, 41042, 508, 46, 60, 8978, 295, 508, 50, 60, 8225]]"
room yang bersih . [A] [S] [O],meteor yang macet . [A] [S] [O],[A] room [S] positive [O] bersih,[A] meteor [S] negative [O] macet,"[[508, 32, 60, 3054, 508, 50, 60, 6785, 508, 46, 60, 58554, 6996]]","[[508, 32, 60, 41042, 508, 50, 60, 8225, 508, 46, 60, 8978, 295]]"
room yang bersih . [S] [A] [O],meteor yang macet . [S] [A] [O],[S] positive [A] room [O] bersih,[S] negative [A] meteor [O] macet,"[[508, 50, 60, 6785, 508, 32, 60, 3054, 508, 46, 60, 58554, 6996]]","[[508, 50, 60, 8225, 508, 32, 60, 41042, 508, 46, 60, 8978, 295]]"
room yang bersih . [O] [A] [S],meteor yang macet . [O] [A] [S],[O] bersih [A] room [S] positive,[O] macet [A] meteor [S] negative,"[[508, 46, 60, 58554, 6996, 508, 32, 60, 3054, 508, 50, 60, 6785]]","[[508, 46, 60, 8978, 295, 508, 32, 60, 41042, 508, 50, 60, 8225]]"
room yang bersih . [O] [S] [A],meteor yang macet . [O] [S] [A],[O] bersih [S] positive [A] room,[O] macet [S] negative [A] meteor,"[[508, 46, 60, 58554, 6996, 508, 50, 60, 6785, 508, 32, 60, 3054]]","[[508, 46, 60, 8978, 295, 508, 50, 60, 8225, 508, 32, 60, 41042]]"
"pelayanan baik , terima kasih . [A] [O] [S]","harga emas keras , terima kasih . [A] [O] [S]",[A] pelayanan [O] baik [S] positive,[A] harga emas [O] keras [S] negative,"[[508, 32, 60, 281, 6895, 28618, 508, 46, 60, 79187, 508, 50, 60, 6785]]","[[508, 32, 60, 71348, 976, 300, 508, 46, 60, 25689, 508, 50, 60, 8225]]"
"pelayanan baik , terima kasih . [A] [S] [O]","harga emas keras , terima kasih . [A] [S] [O]",[A] pelayanan [S] positive [O] baik,[A] harga emas [S] negative [O] keras,"[[508, 32, 60, 281, 6895, 28618, 508, 50, 60, 6785, 508, 46, 60, 79187]]","[[508, 32, 60, 71348, 976, 300, 508, 50, 60, 8225, 508, 46, 60, 25689]]"
"pelayanan baik , terima kasih . [S] [A] [O]","harga emas keras , terima kasih . [S] [A] [O]",[S] positive [A] pelayanan [O] baik,[S] negative [A] harga emas [O] keras,"[[508, 50, 60, 6785, 508, 32, 60, 281, 6895, 28618, 508, 46, 60, 79187]]","[[508, 50, 60, 8225, 508, 32, 60, 71348, 976, 300, 508, 46, 60, 25689]]"
"pelayanan baik , terima kasih . [O] [A] [S]","harga emas keras , terima kasih . [O] [A] [S]",[O] baik [A] pelayanan [S] positive,[O] keras [A] harga emas [S] negative,"[[508, 46, 60, 79187, 508, 32, 60, 281, 6895, 28618, 508, 50, 60, 6785]]","[[508, 46, 60, 25689, 508, 32, 60, 71348, 976, 300, 508, 50, 60, 8225]]"
"pelayanan baik , terima kasih . [O] [S] [A]","harga emas keras , terima kasih . [O] [S] [A]",[O] baik [S] positive [A] pelayanan,[O] keras [S] negative [A] harga emas,"[[508, 46, 60, 79187, 508, 50, 60, 6785, 508, 32, 60, 281, 6895, 28618]]","[[508, 46, 60, 25689, 508, 50, 60, 8225, 508, 32, 60, 71348, 976, 300]]"
kualitas sesuai lah . [A] [O] [S],rasa mie bau lah . [A] [O] [S],[A] kualitas [O] sesuai [S] positive,[A] rasa mie [O] bau [S] negative,"[[508, 32, 60, 595, 928, 21226, 508, 46, 60, 15537, 84695, 508, 50, 60, 6785]]","[[508, 32, 60, 435, 15428, 29065, 508, 46, 60, 293, 2863, 508, 50, 60, 8225]]"
kualitas sesuai lah . [A] [S] [O],rasa mie bau lah . [A] [S] [O],[A] kualitas [S] positive [O] sesuai,[A] rasa mie [S] negative [O] bau,"[[508, 32, 60, 595, 928, 21226, 508, 50, 60, 6785, 508, 46, 60, 15537, 84695]]","[[508, 32, 60, 435, 15428, 29065, 508, 50, 60, 8225, 508, 46, 60, 293, 2863]]"
kualitas sesuai lah . [S] [A] [O],rasa mie bau lah . [S] [A] [O],[S] positive [A] kualitas [O] sesuai,[S] negative [A] rasa mie [O] bau,"[[508, 50, 60, 6785, 508, 32, 60, 595, 928, 21226, 508, 46, 60, 15537, 84695]]","[[508, 50, 60, 8225, 508, 32, 60, 435, 15428, 29065, 508, 46, 60, 293, 2863]]"
kualitas sesuai lah . [O] [A] [S],rasa mie bau lah . [O] [A] [S],[O] sesuai [A] kualitas [S] positive,[O] bau [A] rasa mie [S] negative,"[[508, 46, 60, 15537, 84695, 508, 32, 60, 595, 928, 21226, 508, 50, 60, 6785]]","[[508, 46, 60, 293, 2863, 508, 32, 60, 435, 15428, 29065, 508, 50, 60, 8225]]"
kualitas sesuai lah . [O] [S] [A],rasa mie bau lah . [O] [S] [A],[O] sesuai [S] positive [A] kualitas,[O] bau [S] negative [A] rasa mie,"[[508, 46, 60, 15537, 84695, 508, 50, 60, 6785, 508, 32, 60, 595, 928, 21226]]","[[508, 46, 60, 293, 2863, 508, 50, 60, 8225, 508, 32, 60, 435, 15428, 29065]]"
hanya ac nya agak kurang dingin . [A] [O] [S],hanya papan puas dengan terangnya . [A] [O] [S],[A] ac nya [O] agak kurang dingin [S] negative,[A] papan [O] puas dengan terangya [S] positive,"[[508, 32, 60, 1613, 75189, 508, 46, 60, 933, 585, 27265, 524, 66442, 258, 508, 50, 60, 8225]]","[[508, 32, 60, 281, 5359, 508, 46, 60, 18256, 300, 20414, 1982, 524, 7755, 508, 50, 60, 6785]]"
hanya ac nya agak kurang dingin . [A] [S] [O],hanya papan puas dengan terangnya . [A] [S] [O],[A] ac nya [S] negative [O] agak kurang dingin,[A] papan [S] positive [O] puas dengan terangya,"[[508, 32, 60, 1613, 75189, 508, 50, 60, 8225, 508, 46, 60, 933, 585, 27265, 524, 66442, 258]]","[[508, 32, 60, 281, 5359, 508, 50, 60, 6785, 508, 46, 60, 18256, 300, 20414, 1982, 524, 7755]]"
hanya ac nya agak kurang dingin . [S] [A] [O],hanya papan puas dengan terangnya . [S] [A] [O],[S] negative [A] ac nya [O] agak kurang dingin,[S] positive [A] papan [O] puas dengan terangya,"[[508, 50, 60, 8225, 508, 32, 60, 1613, 75189, 508, 46, 60, 933, 585, 27265, 524, 66442, 258]]","[[508, 50, 60, 6785, 508, 32, 60, 281, 5359, 508, 46, 60, 18256, 300, 20414, 1982, 524, 7755]]"
hanya ac nya agak kurang dingin . [O] [A] [S],hanya papan puas dengan terangnya . [O] [A] [S],[O] agak kurang dingin [A] ac nya [S] negative,[O] puas dengan terangya [A] papan [S] positive,"[[508, 46, 60, 933, 585, 27265, 524, 66442, 258, 508, 32, 60, 1613, 75189, 508, 50, 60, 8225]]","[[508, 46, 60, 18256, 300, 20414, 1982, 524, 7755, 508, 32, 60, 281, 5359, 508, 50, 60, 6785]]"
hanya ac nya agak kurang dingin . [O] [S] [A],hanya papan puas dengan terangnya . [O] [S] [A],[O] agak kurang dingin [S] negative [A] ac nya,[O] puas dengan terangya [S] positive [A] papan,"[[508, 46, 60, 933, 585, 27265, 524, 66442, 258, 508, 50, 60, 8225, 508, 32, 60, 1613, 75189]]","[[508, 46, 60, 18256, 300, 20414, 1982, 524, 7755, 508, 50, 60, 6785, 508, 32, 60, 281, 5359]]"
air kurang panas . itu saja . [A] [O] [S],pot cepat sekali . itu saja . [A] [O] [S],[A] air [O] kurang panas [S] negative,[A] pot [O] cepat sekali [S] positive,"[[508, 32, 60, 3720, 508, 46, 60, 27265, 524, 7215, 300, 508, 50, 60, 8225]]","[[508, 32, 60, 3338, 508, 46, 60, 62090, 266, 43834, 7956, 508, 50, 60, 6785]]"
air kurang panas . itu saja . [A] [S] [O],pot cepat sekali . itu saja . [A] [S] [O],[A] air [S] negative [O] kurang panas,[A] pot [S] positive [O] cepat sekali,"[[508, 32, 60, 3720, 508, 50, 60, 8225, 508, 46, 60, 27265, 524, 7215, 300]]","[[508, 32, 60, 3338, 508, 50, 60, 6785, 508, 46, 60, 62090, 266, 43834, 7956]]"
air kurang panas . itu saja . [S] [A] [O],pot cepat sekali . itu saja . [S] [A] [O],[S] negative [A] air [O] kurang panas,[S] positive [A] pot [O] cepat sekali,"[[508, 50, 60, 8225, 508, 32, 60, 3720, 508, 46, 60, 27265, 524, 7215, 300]]","[[508, 50, 60, 6785, 508, 32, 60, 3338, 508, 46, 60, 62090, 266, 43834, 7956]]"
air kurang panas . itu saja . [O] [A] [S],pot cepat sekali . itu saja . [O] [A] [S],[O] kurang panas [A] air [S] negative,[O] cepat sekali [A] pot [S] positive,"[[508, 46, 60, 27265, 524, 7215, 300, 508, 32, 60, 3720, 508, 50, 60, 8225]]","[[508, 46, 60, 62090, 266, 43834, 7956, 508, 32, 60, 3338, 508, 50, 60, 6785]]"
air kurang panas . itu saja . [O] [S] [A],pot cepat sekali . itu saja . [O] [S] [A],[O] kurang panas [S] negative [A] air,[O] cepat sekali [S] positive [A] pot,"[[508, 46, 60, 27265, 524, 7215, 300, 508, 50, 60, 8225, 508, 32, 60, 3720]]","[[508, 46, 60, 62090, 266, 43834, 7956, 508, 50, 60, 6785, 508, 32, 60, 3338]]"
pelayanan ramah . [A] [O] [S],jalur bus mahal . [A] [O] [S],[A] pelayanan [O] ramah [S] positive,[A] jalur bus [O] mahal [S] negative,"[[508, 32, 60, 281, 6895, 28618, 508, 46, 60, 17823, 1466, 508, 50, 60, 6785]]","[[508, 32, 60, 75974, 324, 5828, 508, 46, 60, 43216, 278, 508, 50, 60, 8225]]"
pelayanan ramah . [A] [S] [O],jalur bus mahal . [A] [S] [O],[A] pelayanan [S] positive [O] ramah,[A] jalur bus [S] negative [O] mahal,"[[508, 32, 60, 281, 6895, 28618, 508, 50, 60, 6785, 508, 46, 60, 17823, 1466]]","[[508, 32, 60, 75974, 324, 5828, 508, 50, 60, 8225, 508, 46, 60, 43216, 278]]"
pelayanan ramah . [S] [A] [O],jalur bus mahal . [S] [A] [O],[S] positive [A] pelayanan [O] ramah,[S] negative [A] jalur bus [O] mahal,"[[508, 50, 60, 6785, 508, 32, 60, 281, 6895, 28618, 508, 46, 60, 17823, 1466]]","[[508, 50, 60, 8225, 508, 32, 60, 75974, 324, 5828, 508, 46, 60, 43216, 278]]"
pelayanan ramah . [O] [A] [S],jalur bus mahal . [O] [A] [S],[O] ramah [A] pelayanan [S] positive,[O] mahal [A] jalur bus [S] negative,"[[508, 46, 60, 17823, 1466, 508, 32, 60, 281, 6895, 28618, 508, 50, 60, 6785]]","[[508, 46, 60, 43216, 278, 508, 32, 60, 75974, 324, 5828, 508, 50, 60, 8225]]"
pelayanan ramah . [O] [S] [A],jalur bus mahal . [O] [S] [A],[O] ramah [S] positive [A] pelayanan,[O] mahal [S] negative [A] jalur bus,"[[508, 46, 60, 17823, 1466, 508, 50, 60, 6785, 508, 32, 60, 281, 6895, 28618]]","[[508, 46, 60, 43216, 278, 508, 50, 60, 8225, 508, 32, 60, 75974, 324, 5828]]"
pelayanan bagus untuk budget hotel . [A] [O] [S],layar tv mahal untuk budget hotel . [A] [O] [S],[A] pelayanan [O] bagus [S] positive,[A] layar tv [O] mahal [S] negative,"[[508, 32, 60, 281, 6895, 28618, 508, 46, 60, 8968, 355, 508, 50, 60, 6785]]","[[508, 32, 60, 10962, 277, 11086, 508, 46, 60, 43216, 278, 508, 50, 60, 8225]]"
pelayanan bagus untuk budget hotel . [A] [S] [O],layar tv mahal untuk budget hotel . [A] [S] [O],[A] pelayanan [S] positive [O] bagus,[A] layar tv [S] negative [O] mahal,"[[508, 32, 60, 281, 6895, 28618, 508, 50, 60, 6785, 508, 46, 60, 8968, 355]]","[[508, 32, 60, 10962, 277, 11086, 508, 50, 60, 8225, 508, 46, 60, 43216, 278]]"
pelayanan bagus untuk budget hotel . [S] [A] [O],layar tv mahal untuk budget hotel . [S] [A] [O],[S] positive [A] pelayanan [O] bagus,[S] negative [A] layar tv [O] mahal,"[[508, 50, 60, 6785, 508, 32, 60, 281, 6895, 28618, 508, 46, 60, 8968, 355]]","[[508, 50, 60, 8225, 508, 32, 60, 10962, 277, 11086, 508, 46, 60, 43216, 278]]"
pelayanan bagus untuk budget hotel . [O] [A] [S],layar tv mahal untuk budget hotel . [O] [A] [S],[O] bagus [A] pelayanan [S] positive,[O] mahal [A] layar tv [S] negative,"[[508, 46, 60, 8968, 355, 508, 32, 60, 281, 6895, 28618, 508, 50, 60, 6785]]","[[508, 46, 60, 43216, 278, 508, 32, 60, 10962, 277, 11086, 508, 50, 60, 8225]]"
pelayanan bagus untuk budget hotel . [O] [S] [A],layar tv mahal untuk budget hotel . [O] [S] [A],[O] bagus [S] positive [A] pelayanan,[O] mahal [S] negative [A] layar tv,"[[508, 46, 60, 8968, 355, 508, 50, 60, 6785, 508, 32, 60, 281, 6895, 28618]]","[[508, 46, 60, 43216, 278, 508, 50, 60, 8225, 508, 32, 60, 10962, 277, 11086]]"
selimut/sprey kurang bersih . [A] [O] [S],harga baju dari bandung enak sekali . [A] [O] [S],[A] selimut/seprai [O] kurang bersih [S] negative,[A] harga baju dari bandung [O] enak sekali [S] positive,"[[508, 32, 60, 11806, 318, 332, 59587, 649, 2143, 508, 46, 60, 27265, 524, 58554, 6996, 508, 50, 60, 8225]]","[[508, 32, 60, 71348, 293, 51413, 24200, 7055, 2185, 508, 46, 60, 662, 585, 43834, 7956, 508, 50, 60, 6785]]"
selimut/sprey kurang bersih . [A] [S] [O],harga baju dari bandung enak sekali . [A] [S] [O],[A] selimut/seprai [S] negative [O] kurang bersih,[A] harga baju dari bandung [S] positive [O] enak sekali,"[[508, 32, 60, 11806, 318, 332, 59587, 649, 2143, 508, 50, 60, 8225, 508, 46, 60, 27265, 524, 58554, 6996]]","[[508, 32, 60, 71348, 293, 51413, 24200, 7055, 2185, 508, 50, 60, 6785, 508, 46, 60, 662, 585, 43834, 7956]]"
selimut/sprey kurang bersih . [S] [A] [O],harga baju dari bandung enak sekali . [S] [A] [O],[S] negative [A] selimut/seprai [O] kurang bersih,[S] positive [A] harga baju dari bandung [O] enak sekali,"[[508, 50, 60, 8225, 508, 32, 60, 11806, 318, 332, 59587, 649, 2143, 508, 46, 60, 27265, 524, 58554, 6996]]","[[508, 50, 60, 6785, 508, 32, 60, 71348, 293, 51413, 24200, 7055, 2185, 508, 46, 60, 662, 585, 43834, 7956]]"
selimut/sprey kurang bersih . [O] [A] [S],harga baju dari bandung enak sekali . [O] [A] [S],[O] kurang bersih [A] selimut/seprai [S] negative,[O] enak sekali [A] harga baju dari bandung [S] positive,"[[508, 46, 60, 27265, 524, 58554, 6996, 508, 32, 60, 11806, 318, 332, 59587, 649, 2143, 508, 50, 60, 8225]]","[[508, 46, 60, 662, 585, 43834, 7956, 508, 32, 60, 71348, 293, 51413, 24200, 7055, 2185, 508, 50, 60, 6785]]"
selimut/sprey kurang bersih . [O] [S] [A],harga baju dari bandung enak sekali . [O] [S] [A],[O] kurang bersih [S] negative [A] selimut/seprai,[O] enak sekali [S] positive [A] harga baju dari bandung,"[[508, 46, 60, 27265, 524, 58554, 6996, 508, 50, 60, 8225, 508, 32, 60, 11806, 318, 332, 59587, 649, 2143]]","[[508, 46, 60, 662, 585, 43834, 7956, 508, 50, 60, 6785, 508, 32, 60, 71348, 293, 51413, 24200, 7055, 2185]]"
kamar mandinya jorok . [A] [O] [S],rekening tabungan menyenangkan . [A] [O] [S],[A] kamar mandinya [O] jorok [S] negative,[A] rekening tabungan [O] menyenangkan [S] positive,"[[508, 32, 60, 595, 15554, 11576, 61087, 508, 46, 60, 502, 269, 562, 508, 50, 60, 8225]]","[[508, 32, 60, 312, 89273, 5651, 51188, 508, 46, 60, 54425, 268, 86012, 508, 50, 60, 6785]]"
kamar mandinya jorok . [A] [S] [O],rekening tabungan menyenangkan . [A] [S] [O],[A] kamar mandinya [S] negative [O] jorok,[A] rekening tabungan [S] positive [O] menyenangkan,"[[508, 32, 60, 595, 15554, 11576, 61087, 508, 50, 60, 8225, 508, 46, 60, 502, 269, 562]]","[[508, 32, 60, 312, 89273, 5651, 51188, 508, 50, 60, 6785, 508, 46, 60, 54425, 268, 86012]]"
kamar mandinya jorok . [S] [A] [O],rekening tabungan menyenangkan . [S] [A] [O],[S] negative [A] kamar mandinya [O] jorok,[S] positive [A] rekening tabungan [O] menyenangkan,"[[508, 50, 60, 8225, 508, 32, 60, 595, 15554, 11576, 61087, 508, 46, 60, 502, 269, 562]]","[[508, 50, 60, 6785, 508, 32, 60, 312, 89273, 5651, 51188, 508, 46, 60, 54425, 268, 86012]]"
kamar mandinya jorok . [O] [A] [S],rekening tabungan menyenangkan . [O] [A] [S],[O] jorok [A] kamar mandinya [S] negative,[O] menyenangkan [A] rekening tabungan [S] positive,"[[508, 46, 60, 502, 269, 562, 508, 32, 60, 595, 15554, 11576, 61087, 508, 50, 60, 8225]]","[[508, 46, 60, 54425, 268, 86012, 508, 32, 60, 312, 89273, 5651, 51188, 508, 50, 60, 6785]]"
kamar mandinya jorok . [O] [S] [A],rekening tabungan menyenangkan . [O] [S] [A],[O] jorok [S] negative [A] kamar mandinya,[O] menyenangkan [S] positive [A] rekening tabungan,"[[508, 46, 60, 502, 269, 562, 508, 50, 60, 8225, 508, 32, 60, 595, 15554, 11576, 61087]]","[[508, 46, 60, 54425, 268, 86012, 508, 50, 60, 6785, 508, 32, 60, 312, 89273, 5651, 51188]]"
"ini kedua kalinya saya menginap disini , airnya masih asin . [A] [O] [S]","ini kedua kalinya saya menginap disini , buku masih lancar . [A] [O] [S]",[A] airnya [O] asin [S] negative,[A] buku [O] lancar [S] positive,"[[508, 32, 60, 3720, 22891, 508, 46, 60, 438, 258, 508, 50, 60, 8225]]","[[508, 32, 60, 1031, 12133, 508, 46, 60, 75285, 277, 508, 50, 60, 6785]]"
"ini kedua kalinya saya menginap disini , airnya masih asin . [A] [S] [O]","ini kedua kalinya saya menginap disini , buku masih lancar . [A] [S] [O]",[A] airnya [S] negative [O] asin,[A] buku [S] positive [O] lancar,"[[508, 32, 60, 3720, 22891, 508, 50, 60, 8225, 508, 46, 60, 438, 258]]","[[508, 32, 60, 1031, 12133, 508, 50, 60, 6785, 508, 46, 60, 75285, 277]]"
"ini kedua kalinya saya menginap disini , airnya masih asin . [S] [A] [O]","ini kedua kalinya saya menginap disini , buku masih lancar . [S] [A] [O]",[S] negative [A] airnya [O] asin,[S] positive [A] buku [O] lancar,"[[508, 50, 60, 8225, 508, 32, 60, 3720, 22891, 508, 46, 60, 438, 258]]","[[508, 50, 60, 6785, 508, 32, 60, 1031, 12133, 508, 46, 60, 75285, 277]]"
"ini kedua kalinya saya menginap disini , airnya masih asin . [O] [A] [S]","ini kedua kalinya saya menginap disini , buku masih lancar . [O] [A] [S]",[O] asin [A] airnya [S] negative,[O] lancar [A] buku [S] positive,"[[508, 46, 60, 438, 258, 508, 32, 60, 3720, 22891, 508, 50, 60, 8225]]","[[508, 46, 60, 75285, 277, 508, 32, 60, 1031, 12133, 508, 50, 60, 6785]]"
"ini kedua kalinya saya menginap disini , airnya masih asin . [O] [S] [A]","ini kedua kalinya saya menginap disini , buku masih lancar . [O] [S] [A]",[O] asin [S] negative [A] airnya,[O] lancar [S] positive [A] buku,"[[508, 46, 60, 438, 258, 508, 50, 60, 8225, 508, 32, 60, 3720, 22891]]","[[508, 46, 60, 75285, 277, 508, 50, 60, 6785, 508, 32, 60, 1031, 12133]]"
airy oke punya . [A] [O] [S],radio lelet punya . [A] [O] [S],[A] airy [O] oke [S] positive,[A] radio [O] lelet [S] negative,"[[508, 32, 60, 96963, 508, 46, 60, 297, 440, 508, 50, 60, 6785]]","[[508, 32, 60, 8887, 508, 46, 60, 512, 1149, 508, 50, 60, 8225]]"
airy oke punya . [A] [S] [O],radio lelet punya . [A] [S] [O],[A] airy [S] positive [O] oke,[A] radio [S] negative [O] lelet,"[[508, 32, 60, 96963, 508, 50, 60, 6785, 508, 46, 60, 297, 440]]","[[508, 32, 60, 8887, 508, 50, 60, 8225, 508, 46, 60, 512, 1149]]"
airy oke punya . [S] [A] [O],radio lelet punya . [S] [A] [O],[S] positive [A] airy [O] oke,[S] negative [A] radio [O] lelet,"[[508, 50, 60, 6785, 508, 32, 60, 96963, 508, 46, 60, 297, 440]]","[[508, 50, 60, 8225, 508, 32, 60, 8887, 508, 46, 60, 512, 1149]]"
airy oke punya . [O] [A] [S],radio lelet punya . [O] [A] [S],[O] oke [A] airy [S] positive,[O] lelet [A] radio [S] negative,"[[508, 46, 60, 297, 440, 508, 32, 60, 96963, 508, 50, 60, 6785]]","[[508, 46, 60, 512, 1149, 508, 32, 60, 8887, 508, 50, 60, 8225]]"
airy oke punya . [O] [S] [A],radio lelet punya . [O] [S] [A],[O] oke [S] positive [A] airy,[O] lelet [S] negative [A] radio,"[[508, 46, 60, 297, 440, 508, 50, 60, 6785, 508, 32, 60, 96963]]","[[508, 46, 60, 512, 1149, 508, 50, 60, 8225, 508, 32, 60, 8887]]"
pintu kamar bawahnya kurang rapat . bisa di menjenguk . hadehh . [A] [O] [S],lukisan kanvas portabel mini sangat hangat . suasana terasa ramah . hadehh . [A] [O] [S],[A] pintu kamar bawahnya [O] kurang rapat . bisa di menjenguk [S] negative,[A] lukisan kanvas portabel mini [O] sangat hangat . suasana terasa ramah [S] positive,"[[508, 32, 60, 45646, 84, 595, 15554, 293, 78528, 22891, 508, 46, 60, 27265, 524, 7327, 266, 659, 39988, 1853, 41374, 826, 3101, 508, 50, 60, 8225]]","[[508, 32, 60, 81280, 17132, 595, 11947, 2635, 780, 13420, 508, 46, 60, 70464, 14678, 266, 659, 52097, 3362, 1982, 15428, 17823, 1466, 508, 50, 60, 6785]]"
pintu kamar bawahnya kurang rapat . bisa di menjenguk . hadehh . [A] [S] [O],lukisan kanvas portabel mini sangat hangat . suasana terasa ramah . hadehh . [A] [S] [O],[A] pintu kamar bawahnya [S] negative [O] kurang rapat . bisa di menjenguk,[A] lukisan kanvas portabel mini [S] positive [O] sangat hangat . suasana terasa ramah,"[[508, 32, 60, 45646, 84, 595, 15554, 293, 78528, 22891, 508, 50, 60, 8225, 508, 46, 60, 27265, 524, 7327, 266, 659, 39988, 1853, 41374, 826, 3101]]","[[508, 32, 60, 81280, 17132, 595, 11947, 2635, 780, 13420, 508, 50, 60, 6785, 508, 46, 60, 70464, 14678, 266, 659, 52097, 3362, 1982, 15428, 17823, 1466]]"
pintu kamar bawahnya kurang rapat . bisa di menjenguk . hadehh . [S] [A] [O],lukisan kanvas portabel mini sangat hangat . suasana terasa ramah . hadehh . [S] [A] [O],[S] negative [A] pintu kamar bawahnya [O] kurang rapat . bisa di menjenguk,[S] positive [A] lukisan kanvas portabel mini [O] sangat hangat . suasana terasa ramah,"[[508, 50, 60, 8225, 508, 32, 60, 45646, 84, 595, 15554, 293, 78528, 22891, 508, 46, 60, 27265, 524, 7327, 266, 659, 39988, 1853, 41374, 826, 3101]]","[[508, 50, 60, 6785, 508, 32, 60, 81280, 17132, 595, 11947, 2635, 780, 13420, 508, 46, 60, 70464, 14678, 266, 659, 52097, 3362, 1982, 15428, 17823, 1466]]"
pintu kamar bawahnya kurang rapat . bisa di menjenguk . hadehh . [O] [A] [S],lukisan kanvas portabel mini sangat hangat . suasana terasa ramah . hadehh . [O] [A] [S],[O] kurang rapat . bisa di menjenguk [A] pintu kamar bawahnya [S] negative,[O] sangat hangat . suasana terasa ramah [A] lukisan kanvas portabel mini [S] positive,"[[508, 46, 60, 27265, 524, 7327, 266, 659, 39988, 1853, 41374, 826, 3101, 508, 32, 60, 45646, 84, 595, 15554, 293, 78528, 22891, 508, 50, 60, 8225]]","[[508, 46, 60, 70464, 14678, 266, 659, 52097, 3362, 1982, 15428, 17823, 1466, 508, 32, 60, 81280, 17132, 595, 11947, 2635, 780, 13420, 508, 50, 60, 6785]]"
pintu kamar bawahnya kurang rapat . bisa di menjenguk . hadehh . [O] [S] [A],lukisan kanvas portabel mini sangat hangat . suasana terasa ramah . hadehh . [O] [S] [A],[O] kurang rapat . bisa di menjenguk [S] negative [A] pintu kamar bawahnya,[O] sangat hangat . suasana terasa ramah [S] positive [A] lukisan kanvas portabel mini,"[[508, 46, 60, 27265, 524, 7327, 266, 659, 39988, 1853, 41374, 826, 3101, 508, 50, 60, 8225, 508, 32, 60, 45646, 84, 595, 15554, 293, 78528, 22891]]","[[508, 46, 60, 70464, 14678, 266, 659, 52097, 3362, 1982, 15428, 17823, 1466, 508, 50, 60, 6785, 508, 32, 60, 81280, 17132, 595, 11947, 2635, 780, 13420]]"
saya senang sama rooms nya . [A] [O] [S],saya kotor sama radio nya . [A] [O] [S],[A] rooms [O] senang [S] positive,[A] radio [O] kotor [S] negative,"[[508, 32, 60, 12026, 508, 46, 60, 6124, 524, 508, 50, 60, 6785]]","[[508, 32, 60, 8887, 508, 46, 60, 595, 9887, 508, 50, 60, 8225]]"
saya senang sama rooms nya . [A] [S] [O],saya kotor sama radio nya . [A] [S] [O],[A] rooms [S] positive [O] senang,[A] radio [S] negative [O] kotor,"[[508, 32, 60, 12026, 508, 50, 60, 6785, 508, 46, 60, 6124, 524]]","[[508, 32, 60, 8887, 508, 50, 60, 8225, 508, 46, 60, 595, 9887]]"
saya senang sama rooms nya . [S] [A] [O],saya kotor sama radio nya . [S] [A] [O],[S] positive [A] rooms [O] senang,[S] negative [A] radio [O] kotor,"[[508, 50, 60, 6785, 508, 32, 60, 12026, 508, 46, 60, 6124, 524]]","[[508, 50, 60, 8225, 508, 32, 60, 8887, 508, 46, 60, 595, 9887]]"
saya senang sama rooms nya . [O] [A] [S],saya kotor sama radio nya . [O] [A] [S],[O] senang [A] rooms [S] positive,[O] kotor [A] radio [S] negative,"[[508, 46, 60, 6124, 524, 508, 32, 60, 12026, 508, 50, 60, 6785]]","[[508, 46, 60, 595, 9887, 508, 32, 60, 8887, 508, 50, 60, 8225]]"
saya senang sama rooms nya . [O] [S] [A],saya kotor sama radio nya . [O] [S] [A],[O] senang [S] positive [A] rooms,[O] kotor [S] negative [A] radio,"[[508, 46, 60, 6124, 524, 508, 50, 60, 6785, 508, 32, 60, 12026]]","[[508, 46, 60, 595, 9887, 508, 50, 60, 8225, 508, 32, 60, 8887]]"
baiklah semuanya baik . [A] [O] [S],baiklah anggaran keras . [A] [O] [S],[A] semuanya [O] baik [S] positive,[A] anggaran [O] keras [S] negative,"[[508, 32, 60, 5234, 84, 24074, 508, 46, 60, 79187, 508, 50, 60, 6785]]","[[508, 32, 60, 6454, 12164, 276, 508, 46, 60, 25689, 508, 50, 60, 8225]]"
baiklah semuanya baik . [A] [S] [O],baiklah anggaran keras . [A] [S] [O],[A] semuanya [S] positive [O] baik,[A] anggaran [S] negative [O] keras,"[[508, 32, 60, 5234, 84, 24074, 508, 50, 60, 6785, 508, 46, 60, 79187]]","[[508, 32, 60, 6454, 12164, 276, 508, 50, 60, 8225, 508, 46, 60, 25689]]"
baiklah semuanya baik . [S] [A] [O],baiklah anggaran keras . [S] [A] [O],[S] positive [A] semuanya [O] baik,[S] negative [A] anggaran [O] keras,"[[508, 50, 60, 6785, 508, 32, 60, 5234, 84, 24074, 508, 46, 60, 79187]]","[[508, 50, 60, 8225, 508, 32, 60, 6454, 12164, 276, 508, 46, 60, 25689]]"
baiklah semuanya baik . [O] [A] [S],baiklah anggaran keras . [O] [A] [S],[O] baik [A] semuanya [S] positive,[O] keras [A] anggaran [S] negative,"[[508, 46, 60, 79187, 508, 32, 60, 5234, 84, 24074, 508, 50, 60, 6785]]","[[508, 46, 60, 25689, 508, 32, 60, 6454, 12164, 276, 508, 50, 60, 8225]]"
baiklah semuanya baik . [O] [S] [A],baiklah anggaran keras . [O] [S] [A],[O] baik [S] positive [A] semuanya,[O] keras [S] negative [A] anggaran,"[[508, 46, 60, 79187, 508, 50, 60, 6785, 508, 32, 60, 5234, 84, 24074]]","[[508, 46, 60, 25689, 508, 50, 60, 8225, 508, 32, 60, 6454, 12164, 276]]"
lokasinya yang sulit ditemukan . [A] [O] [S],bumbu yang sangat manis sekali . [A] [O] [S],[A] lokasinya [O] sulit ditemukan [S] negative,[A] bumbu [O] sangat manis sekali [S] positive,"[[508, 32, 60, 40283, 300, 61087, 508, 46, 60, 25774, 275, 294, 1203, 27724, 508, 50, 60, 8225]]","[[508, 32, 60, 293, 3551, 84, 508, 46, 60, 70464, 883, 285, 43834, 7956, 508, 50, 60, 6785]]"
lokasinya yang sulit ditemukan . [A] [S] [O],bumbu yang sangat manis sekali . [A] [S] [O],[A] lokasinya [S] negative [O] sulit ditemukan,[A] bumbu [S] positive [O] sangat manis sekali,"[[508, 32, 60, 40283, 300, 61087, 508, 50, 60, 8225, 508, 46, 60, 25774, 275, 294, 1203, 27724]]","[[508, 32, 60, 293, 3551, 84, 508, 50, 60, 6785, 508, 46, 60, 70464, 883, 285, 43834, 7956]]"
lokasinya yang sulit ditemukan . [S] [A] [O],bumbu yang sangat manis sekali . [S] [A] [O],[S] negative [A] lokasinya [O] sulit ditemukan,[S] positive [A] bumbu [O] sangat manis sekali,"[[508, 50, 60, 8225, 508, 32, 60, 40283, 300, 61087, 508, 46, 60, 25774, 275, 294, 1203, 27724]]","[[508, 50, 60, 6785, 508, 32, 60, 293, 3551, 84, 508, 46, 60, 70464, 883, 285, 43834, 7956]]"
lokasinya yang sulit ditemukan . [O] [A] [S],bumbu yang sangat manis sekali . [O] [A] [S],[O] sulit ditemukan [A] lokasinya [S] negative,[O] sangat manis sekali [A] bumbu [S] positive,"[[508, 46, 60, 25774, 275, 294, 1203, 27724, 508, 32, 60, 40283, 300, 61087, 508, 50, 60, 8225]]","[[508, 46, 60, 70464, 883, 285, 43834, 7956, 508, 32, 60, 293, 3551, 84, 508, 50, 60, 6785]]"
lokasinya yang sulit ditemukan . [O] [S] [A],bumbu yang sangat manis sekali . [O] [S] [A],[O] sulit ditemukan [S] negative [A] lokasinya,[O] sangat manis sekali [S] positive [A] bumbu,"[[508, 46, 60, 25774, 275, 294, 1203, 27724, 508, 50, 60, 8225, 508, 32, 60, 40283, 300, 61087]]","[[508, 46, 60, 70464, 883, 285, 43834, 7956, 508, 50, 60, 6785, 508, 32, 60, 293, 3551, 84]]"
tidak ada termos air panas . [A] [O] [S],harmoni buku bergambar . [A] [O] [S],[A] termos air panas [O] tidak ada [S] negative,[A] buku bergambar [O] harmoni [S] positive,"[[508, 32, 60, 4647, 436, 3720, 7215, 300, 508, 46, 60, 27281, 34234, 508, 50, 60, 8225]]","[[508, 32, 60, 1031, 12133, 45885, 309, 2257, 508, 46, 60, 17774, 72, 508, 50, 60, 6785]]"
tidak ada termos air panas . [A] [S] [O],harmoni buku bergambar . [A] [S] [O],[A] termos air panas [S] negative [O] tidak ada,[A] buku bergambar [S] positive [O] harmoni,"[[508, 32, 60, 4647, 436, 3720, 7215, 300, 508, 50, 60, 8225, 508, 46, 60, 27281, 34234]]","[[508, 32, 60, 1031, 12133, 45885, 309, 2257, 508, 50, 60, 6785, 508, 46, 60, 17774, 72]]"
tidak ada termos air panas . [S] [A] [O],harmoni buku bergambar . [S] [A] [O],[S] negative [A] termos air panas [O] tidak ada,[S] positive [A] buku bergambar [O] harmoni,"[[508, 50, 60, 8225, 508, 32, 60, 4647, 436, 3720, 7215, 300, 508, 46, 60, 27281, 34234]]","[[508, 50, 60, 6785, 508, 32, 60, 1031, 12133, 45885, 309, 2257, 508, 46, 60, 17774, 72]]"
tidak ada termos air panas . [O] [A] [S],harmoni buku bergambar . [O] [A] [S],[O] tidak ada [A] termos air panas [S] negative,[O] harmoni [A] buku bergambar [S] positive,"[[508, 46, 60, 27281, 34234, 508, 32, 60, 4647, 436, 3720, 7215, 300, 508, 50, 60, 8225]]","[[508, 46, 60, 17774, 72, 508, 32, 60, 1031, 12133, 45885, 309, 2257, 508, 50, 60, 6785]]"
tidak ada termos air panas . [O] [S] [A],harmoni buku bergambar . [O] [S] [A],[O] tidak ada [S] negative [A] termos air panas,[O] harmoni [S] positive [A] buku bergambar,"[[508, 46, 60, 27281, 34234, 508, 50, 60, 8225, 508, 32, 60, 4647, 436, 3720, 7215, 300]]","[[508, 46, 60, 17774, 72, 508, 50, 60, 6785, 508, 32, 60, 1031, 12133, 45885, 309, 2257]]"
yang kurang hanya airnya saja agak bau kalau awalawal digunakan . [A] [O] [S],yang kurang hanya patung saja terlihat cerah berkilau sepanjang hari . [A] [O] [S],[A] airnya [O] agak bau kalau awal awal digunakan [S] negative,[A] patung [O] terlihat cerah berkilau sepanjang hari [S] positive,"[[508, 32, 60, 3720, 22891, 508, 46, 60, 933, 585, 293, 2863, 35354, 2863, 1360, 278, 1360, 278, 4078, 94104, 508, 50, 60, 8225]]","[[508, 32, 60, 3272, 2185, 508, 46, 60, 1982, 742, 9198, 10152, 1466, 10207, 85526, 2863, 511, 848, 37527, 69696, 508, 50, 60, 6785]]"
yang kurang hanya airnya saja agak bau kalau awalawal digunakan . [A] [S] [O],yang kurang hanya patung saja terlihat cerah berkilau sepanjang hari . [A] [S] [O],[A] airnya [S] negative [O] agak bau kalau awal awal digunakan,[A] patung [S] positive [O] terlihat cerah berkilau sepanjang hari,"[[508, 32, 60, 3720, 22891, 508, 50, 60, 8225, 508, 46, 60, 933, 585, 293, 2863, 35354, 2863, 1360, 278, 1360, 278, 4078, 94104]]","[[508, 32, 60, 3272, 2185, 508, 50, 60, 6785, 508, 46, 60, 1982, 742, 9198, 10152, 1466, 10207, 85526, 2863, 511, 848, 37527, 69696]]"
yang kurang hanya airnya saja agak bau kalau awalawal digunakan . [S] [A] [O],yang kurang hanya patung saja terlihat cerah berkilau sepanjang hari . [S] [A] [O],[S] negative [A] airnya [O] agak bau kalau awal awal digunakan,[S] positive [A] patung [O] terlihat cerah berkilau sepanjang hari,"[[508, 50, 60, 8225, 508, 32, 60, 3720, 22891, 508, 46, 60, 933, 585, 293, 2863, 35354, 2863, 1360, 278, 1360, 278, 4078, 94104]]","[[508, 50, 60, 6785, 508, 32, 60, 3272, 2185, 508, 46, 60, 1982, 742, 9198, 10152, 1466, 10207, 85526, 2863, 511, 848, 37527, 69696]]"
yang kurang hanya airnya saja agak bau kalau awalawal digunakan . [O] [A] [S],yang kurang hanya patung saja terlihat cerah berkilau sepanjang hari . [O] [A] [S],[O] agak bau kalau awal awal digunakan [A] airnya [S] negative,[O] terlihat cerah berkilau sepanjang hari [A] patung [S] positive,"[[508, 46, 60, 933, 585, 293, 2863, 35354, 2863, 1360, 278, 1360, 278, 4078, 94104, 508, 32, 60, 3720, 22891, 508, 50, 60, 8225]]","[[508, 46, 60, 1982, 742, 9198, 10152, 1466, 10207, 85526, 2863, 511, 848, 37527, 69696, 508, 32, 60, 3272, 2185, 508, 50, 60, 6785]]"
yang kurang hanya airnya saja agak bau kalau awalawal digunakan . [O] [S] [A],yang kurang hanya patung saja terlihat cerah berkilau sepanjang hari . [O] [S] [A],[O] agak bau kalau awal awal digunakan [S] negative [A] airnya,[O] terlihat cerah berkilau sepanjang hari [S] positive [A] patung,"[[508, 46, 60, 933, 585, 293, 2863, 35354, 2863, 1360, 278, 1360, 278, 4078, 94104, 508, 50, 60, 8225, 508, 32, 60, 3720, 22891]]","[[508, 46, 60, 1982, 742, 9198, 10152, 1466, 10207, 85526, 2863, 511, 848, 37527, 69696, 508, 50, 60, 6785, 508, 32, 60, 3272, 2185]]"
1 . ruangan kamar gelap . [A] [O] [S],1 . jaket kulit tenang . [A] [O] [S],[A] ruangan kamar [O] gelap [S] negative,[A] jaket kulit [O] tenang [S] positive,"[[508, 32, 60, 11122, 18633, 595, 15554, 508, 46, 60, 17837, 391, 508, 50, 60, 8225]]","[[508, 32, 60, 19394, 295, 74416, 275, 508, 46, 60, 5779, 524, 508, 50, 60, 6785]]"
1 . ruangan kamar gelap . [A] [S] [O],1 . jaket kulit tenang . [A] [S] [O],[A] ruangan kamar [S] negative [O] gelap,[A] jaket kulit [S] positive [O] tenang,"[[508, 32, 60, 11122, 18633, 595, 15554, 508, 50, 60, 8225, 508, 46, 60, 17837, 391]]","[[508, 32, 60, 19394, 295, 74416, 275, 508, 50, 60, 6785, 508, 46, 60, 5779, 524]]"
1 . ruangan kamar gelap . [S] [A] [O],1 . jaket kulit tenang . [S] [A] [O],[S] negative [A] ruangan kamar [O] gelap,[S] positive [A] jaket kulit [O] tenang,"[[508, 50, 60, 8225, 508, 32, 60, 11122, 18633, 595, 15554, 508, 46, 60, 17837, 391]]","[[508, 50, 60, 6785, 508, 32, 60, 19394, 295, 74416, 275, 508, 46, 60, 5779, 524]]"
1 . ruangan kamar gelap . [O] [A] [S],1 . jaket kulit tenang . [O] [A] [S],[O] gelap [A] ruangan kamar [S] negative,[O] tenang [A] jaket kulit [S] positive,"[[508, 46, 60, 17837, 391, 508, 32, 60, 11122, 18633, 595, 15554, 508, 50, 60, 8225]]","[[508, 46, 60, 5779, 524, 508, 32, 60, 19394, 295, 74416, 275, 508, 50, 60, 6785]]"
1 . ruangan kamar gelap . [O] [S] [A],1 . jaket kulit tenang . [O] [S] [A],[O] gelap [S] negative [A] ruangan kamar,[O] tenang [S] positive [A] jaket kulit,"[[508, 46, 60, 17837, 391, 508, 50, 60, 8225, 508, 32, 60, 11122, 18633, 595, 15554]]","[[508, 46, 60, 5779, 524, 508, 50, 60, 6785, 508, 32, 60, 19394, 295, 74416, 275]]"
"hotel yang bagus , tetap pertahankan . [A] [O] [S]","bus yang pahit , jangan makan . [A] [O] [S]","[A] hotel [O] bagus , tetap pertahankan [S] positive","[A] bus [O] pahit , jangan makan [S] negative","[[508, 32, 60, 9500, 508, 46, 60, 8968, 355, 1154, 27853, 391, 18212, 1466, 75082, 508, 50, 60, 6785]]","[[508, 32, 60, 5828, 508, 46, 60, 281, 1466, 275, 1154, 502, 18633, 296, 19262, 508, 50, 60, 8225]]"
"hotel yang bagus , tetap pertahankan . [A] [S] [O]","bus yang pahit , jangan makan . [A] [S] [O]","[A] hotel [S] positive [O] bagus , tetap pertahankan","[A] bus [S] negative [O] pahit , jangan makan","[[508, 32, 60, 9500, 508, 50, 60, 6785, 508, 46, 60, 8968, 355, 1154, 27853, 391, 18212, 1466, 75082]]","[[508, 32, 60, 5828, 508, 50, 60, 8225, 508, 46, 60, 281, 1466, 275, 1154, 502, 18633, 296, 19262]]"
"hotel yang bagus , tetap pertahankan . [S] [A] [O]","bus yang pahit , jangan makan . [S] [A] [O]","[S] positive [A] hotel [O] bagus , tetap pertahankan","[S] negative [A] bus [O] pahit , jangan makan","[[508, 50, 60, 6785, 508, 32, 60, 9500, 508, 46, 60, 8968, 355, 1154, 27853, 391, 18212, 1466, 75082]]","[[508, 50, 60, 8225, 508, 32, 60, 5828, 508, 46, 60, 281, 1466, 275, 1154, 502, 18633, 296, 19262]]"
"hotel yang bagus , tetap pertahankan . [O] [A] [S]","bus yang pahit , jangan makan . [O] [A] [S]","[O] bagus , tetap pertahankan [A] hotel [S] positive","[O] pahit , jangan makan [A] bus [S] negative","[[508, 46, 60, 8968, 355, 1154, 27853, 391, 18212, 1466, 75082, 508, 32, 60, 9500, 508, 50, 60, 6785]]","[[508, 46, 60, 281, 1466, 275, 1154, 502, 18633, 296, 19262, 508, 32, 60, 5828, 508, 50, 60, 8225]]"
"hotel yang bagus , tetap pertahankan . [O] [S] [A]","bus yang pahit , jangan makan . [O] [S] [A]","[O] bagus , tetap pertahankan [S] positive [A] hotel","[O] pahit , jangan makan [S] negative [A] bus","[[508, 46, 60, 8968, 355, 1154, 27853, 391, 18212, 1466, 75082, 508, 50, 60, 6785, 508, 32, 60, 9500]]","[[508, 46, 60, 281, 1466, 275, 1154, 502, 18633, 296, 19262, 508, 50, 60, 8225, 508, 32, 60, 5828]]"
kamar 215 nya seram banget . [A] [O] [S],roket 215 nya lancar sekali . [A] [O] [S],[A] kamar [O] seram banget [S] negative,[A] roket [O] lancar sekali [S] positive,"[[508, 32, 60, 595, 15554, 508, 46, 60, 1420, 309, 8943, 455, 508, 50, 60, 8225]]","[[508, 32, 60, 926, 25475, 508, 46, 60, 75285, 277, 43834, 7956, 508, 50, 60, 6785]]"
kamar 215 nya seram banget . [A] [S] [O],roket 215 nya lancar sekali . [A] [S] [O],[A] kamar [S] negative [O] seram banget,[A] roket [S] positive [O] lancar sekali,"[[508, 32, 60, 595, 15554, 508, 50, 60, 8225, 508, 46, 60, 1420, 309, 8943, 455]]","[[508, 32, 60, 926, 25475, 508, 50, 60, 6785, 508, 46, 60, 75285, 277, 43834, 7956]]"
kamar 215 nya seram banget . [S] [A] [O],roket 215 nya lancar sekali . [S] [A] [O],[S] negative [A] kamar [O] seram banget,[S] positive [A] roket [O] lancar sekali,"[[508, 50, 60, 8225, 508, 32, 60, 595, 15554, 508, 46, 60, 1420, 309, 8943, 455]]","[[508, 50, 60, 6785, 508, 32, 60, 926, 25475, 508, 46, 60, 75285, 277, 43834, 7956]]"
kamar 215 nya seram banget . [O] [A] [S],roket 215 nya lancar sekali . [O] [A] [S],[O] seram banget [A] kamar [S] negative,[O] lancar sekali [A] roket [S] positive,"[[508, 46, 60, 1420, 309, 8943, 455, 508, 32, 60, 595, 15554, 508, 50, 60, 8225]]","[[508, 46, 60, 75285, 277, 43834, 7956, 508, 32, 60, 926, 25475, 508, 50, 60, 6785]]"
kamar 215 nya seram banget . [O] [S] [A],roket 215 nya lancar sekali . [O] [S] [A],[O] seram banget [S] negative [A] kamar,[O] lancar sekali [S] positive [A] roket,"[[508, 46, 60, 1420, 309, 8943, 455, 508, 50, 60, 8225, 508, 32, 60, 595, 15554]]","[[508, 46, 60, 75285, 277, 43834, 7956, 508, 50, 60, 6785, 508, 32, 60, 926, 25475]]"
"kebersihan baik , teruskan . [A] [O] [S]","komiknya keras , teruskan . [A] [O] [S]",[A] kebersihan [O] baik [S] positive,[A] komiknya [O] keras [S] negative,"[[508, 32, 60, 1962, 1902, 56888, 508, 46, 60, 79187, 508, 50, 60, 6785]]","[[508, 32, 60, 10890, 1579, 22891, 508, 46, 60, 25689, 508, 50, 60, 8225]]"
"kebersihan baik , teruskan . [A] [S] [O]","komiknya keras , teruskan . [A] [S] [O]",[A] kebersihan [S] positive [O] baik,[A] komiknya [S] negative [O] keras,"[[508, 32, 60, 1962, 1902, 56888, 508, 50, 60, 6785, 508, 46, 60, 79187]]","[[508, 32, 60, 10890, 1579, 22891, 508, 50, 60, 8225, 508, 46, 60, 25689]]"
"kebersihan baik , teruskan . [S] [A] [O]","komiknya keras , teruskan . [S] [A] [O]",[S] positive [A] kebersihan [O] baik,[S] negative [A] komiknya [O] keras,"[[508, 50, 60, 6785, 508, 32, 60, 1962, 1902, 56888, 508, 46, 60, 79187]]","[[508, 50, 60, 8225, 508, 32, 60, 10890, 1579, 22891, 508, 46, 60, 25689]]"
"kebersihan baik , teruskan . [O] [A] [S]","komiknya keras , teruskan . [O] [A] [S]",[O] baik [A] kebersihan [S] positive,[O] keras [A] komiknya [S] negative,"[[508, 46, 60, 79187, 508, 32, 60, 1962, 1902, 56888, 508, 50, 60, 6785]]","[[508, 46, 60, 25689, 508, 32, 60, 10890, 1579, 22891, 508, 50, 60, 8225]]"
"kebersihan baik , teruskan . [O] [S] [A]","komiknya keras , teruskan . [O] [S] [A]",[O] baik [S] positive [A] kebersihan,[O] keras [S] negative [A] komiknya,"[[508, 46, 60, 79187, 508, 50, 60, 6785, 508, 32, 60, 1962, 1902, 56888]]","[[508, 46, 60, 25689, 508, 50, 60, 8225, 508, 32, 60, 10890, 1579, 22891]]"
pintu kamar mandi rusak 206 . [A] [O] [S],sistem perdagangan luar hangat 206 . [A] [O] [S],[A] pintu kamar mandi [O] rusak [S] negative,[A] sistem perdagangan luar [O] hangat [S] positive,"[[508, 32, 60, 45646, 84, 595, 15554, 11576, 72, 508, 46, 60, 52454, 585, 508, 50, 60, 8225]]","[[508, 32, 60, 68886, 40418, 351, 18633, 326, 18731, 508, 46, 60, 14678, 266, 508, 50, 60, 6785]]"
pintu kamar mandi rusak 206 . [A] [S] [O],sistem perdagangan luar hangat 206 . [A] [S] [O],[A] pintu kamar mandi [S] negative [O] rusak,[A] sistem perdagangan luar [S] positive [O] hangat,"[[508, 32, 60, 45646, 84, 595, 15554, 11576, 72, 508, 50, 60, 8225, 508, 46, 60, 52454, 585]]","[[508, 32, 60, 68886, 40418, 351, 18633, 326, 18731, 508, 50, 60, 6785, 508, 46, 60, 14678, 266]]"
pintu kamar mandi rusak 206 . [S] [A] [O],sistem perdagangan luar hangat 206 . [S] [A] [O],[S] negative [A] pintu kamar mandi [O] rusak,[S] positive [A] sistem perdagangan luar [O] hangat,"[[508, 50, 60, 8225, 508, 32, 60, 45646, 84, 595, 15554, 11576, 72, 508, 46, 60, 52454, 585]]","[[508, 50, 60, 6785, 508, 32, 60, 68886, 40418, 351, 18633, 326, 18731, 508, 46, 60, 14678, 266]]"
pintu kamar mandi rusak 206 . [O] [A] [S],sistem perdagangan luar hangat 206 . [O] [A] [S],[O] rusak [A] pintu kamar mandi [S] negative,[O] hangat [A] sistem perdagangan luar [S] positive,"[[508, 46, 60, 52454, 585, 508, 32, 60, 45646, 84, 595, 15554, 11576, 72, 508, 50, 60, 8225]]","[[508, 46, 60, 14678, 266, 508, 32, 60, 68886, 40418, 351, 18633, 326, 18731, 508, 50, 60, 6785]]"
pintu kamar mandi rusak 206 . [O] [S] [A],sistem perdagangan luar hangat 206 . [O] [S] [A],[O] rusak [S] negative [A] pintu kamar mandi,[O] hangat [S] positive [A] sistem perdagangan luar,"[[508, 46, 60, 52454, 585, 508, 50, 60, 8225, 508, 32, 60, 45646, 84, 595, 15554, 11576, 72]]","[[508, 46, 60, 14678, 266, 508, 50, 60, 6785, 508, 32, 60, 68886, 40418, 351, 18633, 326, 18731]]"
sangat kecewa dengan pelayan di hotel ini . [A] [O] [S],sangat lezat dengan kendaraan di hotel ini . [A] [O] [S],[A] pelayan [O] sangat kecewa [S] negative,[A] kendaraan [O] sangat lezat [S] positive,"[[508, 32, 60, 281, 6895, 276, 508, 46, 60, 70464, 1962, 346, 9991, 508, 50, 60, 8225]]","[[508, 32, 60, 71748, 5059, 276, 508, 46, 60, 70464, 512, 89, 266, 508, 50, 60, 6785]]"
sangat kecewa dengan pelayan di hotel ini . [A] [S] [O],sangat lezat dengan kendaraan di hotel ini . [A] [S] [O],[A] pelayan [S] negative [O] sangat kecewa,[A] kendaraan [S] positive [O] sangat lezat,"[[508, 32, 60, 281, 6895, 276, 508, 50, 60, 8225, 508, 46, 60, 70464, 1962, 346, 9991]]","[[508, 32, 60, 71748, 5059, 276, 508, 50, 60, 6785, 508, 46, 60, 70464, 512, 89, 266]]"
sangat kecewa dengan pelayan di hotel ini . [S] [A] [O],sangat lezat dengan kendaraan di hotel ini . [S] [A] [O],[S] negative [A] pelayan [O] sangat kecewa,[S] positive [A] kendaraan [O] sangat lezat,"[[508, 50, 60, 8225, 508, 32, 60, 281, 6895, 276, 508, 46, 60, 70464, 1962, 346, 9991]]","[[508, 50, 60, 6785, 508, 32, 60, 71748, 5059, 276, 508, 46, 60, 70464, 512, 89, 266]]"
sangat kecewa dengan pelayan di hotel ini . [O] [A] [S],sangat lezat dengan kendaraan di hotel ini . [O] [A] [S],[O] sangat kecewa [A] pelayan [S] negative,[O] sangat lezat [A] kendaraan [S] positive,"[[508, 46, 60, 70464, 1962, 346, 9991, 508, 32, 60, 281, 6895, 276, 508, 50, 60, 8225]]","[[508, 46, 60, 70464, 512, 89, 266, 508, 32, 60, 71748, 5059, 276, 508, 50, 60, 6785]]"
sangat kecewa dengan pelayan di hotel ini . [O] [S] [A],sangat lezat dengan kendaraan di hotel ini . [O] [S] [A],[O] sangat kecewa [S] negative [A] pelayan,[O] sangat lezat [S] positive [A] kendaraan,"[[508, 46, 60, 70464, 1962, 346, 9991, 508, 50, 60, 8225, 508, 32, 60, 281, 6895, 276]]","[[508, 46, 60, 70464, 512, 89, 266, 508, 50, 60, 6785, 508, 32, 60, 71748, 5059, 276]]"
perasaan aku pesan ada sarapannya . tetapi tidak datang . [A] [O] [S],perasaan aku pesan ada saksi mata . tetapi sangat segar . [A] [O] [S],[A] sarapannya [O] tidak datang [S] negative,[A] saksi mata [O] sangat segar [S] positive,"[[508, 32, 60, 28047, 391, 71098, 508, 46, 60, 27281, 3258, 524, 508, 50, 60, 8225]]","[[508, 32, 60, 274, 37679, 96193, 508, 46, 60, 70464, 4810, 277, 508, 50, 60, 6785]]"
perasaan aku pesan ada sarapannya . tetapi tidak datang . [A] [S] [O],perasaan aku pesan ada saksi mata . tetapi sangat segar . [A] [S] [O],[A] sarapannya [S] negative [O] tidak datang,[A] saksi mata [S] positive [O] sangat segar,"[[508, 32, 60, 28047, 391, 71098, 508, 50, 60, 8225, 508, 46, 60, 27281, 3258, 524]]","[[508, 32, 60, 274, 37679, 96193, 508, 50, 60, 6785, 508, 46, 60, 70464, 4810, 277]]"
perasaan aku pesan ada sarapannya . tetapi tidak datang . [S] [A] [O],perasaan aku pesan ada saksi mata . tetapi sangat segar . [S] [A] [O],[S] negative [A] sarapannya [O] tidak datang,[S] positive [A] saksi mata [O] sangat segar,"[[508, 50, 60, 8225, 508, 32, 60, 28047, 391, 71098, 508, 46, 60, 27281, 3258, 524]]","[[508, 50, 60, 6785, 508, 32, 60, 274, 37679, 96193, 508, 46, 60, 70464, 4810, 277]]"
perasaan aku pesan ada sarapannya . tetapi tidak datang . [O] [A] [S],perasaan aku pesan ada saksi mata . tetapi sangat segar . [O] [A] [S],[O] tidak datang [A] sarapannya [S] negative,[O] sangat segar [A] saksi mata [S] positive,"[[508, 46, 60, 27281, 3258, 524, 508, 32, 60, 28047, 391, 71098, 508, 50, 60, 8225]]","[[508, 46, 60, 70464, 4810, 277, 508, 32, 60, 274, 37679, 96193, 508, 50, 60, 6785]]"
perasaan aku pesan ada sarapannya . tetapi tidak datang . [O] [S] [A],perasaan aku pesan ada saksi mata . tetapi sangat segar . [O] [S] [A],[O] tidak datang [S] negative [A] sarapannya,[O] sangat segar [S] positive [A] saksi mata,"[[508, 46, 60, 27281, 3258, 524, 508, 50, 60, 8225, 508, 32, 60, 28047, 391, 71098]]","[[508, 46, 60, 70464, 4810, 277, 508, 50, 60, 6785, 508, 32, 60, 274, 37679, 96193]]"
over all suka . semoga sering diskon . terimakasih airy rooms . [A] [O] [S],daun mahal . semoga sering diskon . terimakasih airy rooms . [A] [O] [S],[A] over all [O] suka [S] positive,[A] daun [O] mahal [S] negative,"[[508, 32, 60, 916, 678, 508, 46, 60, 913, 4554, 508, 50, 60, 6785]]","[[508, 32, 60, 2994, 359, 508, 46, 60, 43216, 278, 508, 50, 60, 8225]]"
over all suka . semoga sering diskon . terimakasih airy rooms . [A] [S] [O],daun mahal . semoga sering diskon . terimakasih airy rooms . [A] [S] [O],[A] over all [S] positive [O] suka,[A] daun [S] negative [O] mahal,"[[508, 32, 60, 916, 678, 508, 50, 60, 6785, 508, 46, 60, 913, 4554]]","[[508, 32, 60, 2994, 359, 508, 50, 60, 8225, 508, 46, 60, 43216, 278]]"
over all suka . semoga sering diskon . terimakasih airy rooms . [S] [A] [O],daun mahal . semoga sering diskon . terimakasih airy rooms . [S] [A] [O],[S] positive [A] over all [O] suka,[S] negative [A] daun [O] mahal,"[[508, 50, 60, 6785, 508, 32, 60, 916, 678, 508, 46, 60, 913, 4554]]","[[508, 50, 60, 8225, 508, 32, 60, 2994, 359, 508, 46, 60, 43216, 278]]"
over all suka . semoga sering diskon . terimakasih airy rooms . [O] [A] [S],daun mahal . semoga sering diskon . terimakasih airy rooms . [O] [A] [S],[O] suka [A] over all [S] positive,[O] mahal [A] daun [S] negative,"[[508, 46, 60, 913, 4554, 508, 32, 60, 916, 678, 508, 50, 60, 6785]]","[[508, 46, 60, 43216, 278, 508, 32, 60, 2994, 359, 508, 50, 60, 8225]]"
over all suka . semoga sering diskon . terimakasih airy rooms . [O] [S] [A],daun mahal . semoga sering diskon . terimakasih airy rooms . [O] [S] [A],[O] suka [S] positive [A] over all,[O] mahal [S] negative [A] daun,"[[508, 46, 60, 913, 4554, 508, 50, 60, 6785, 508, 32, 60, 916, 678]]","[[508, 46, 60, 43216, 278, 508, 50, 60, 8225, 508, 32, 60, 2994, 359]]"
pelayanan kurang mudah senyum . 1 10 : 7 . [A] [O] [S],pot bunga selalu cepat sampai . 1 10 : 7 . [A] [O] [S],[A] pelayanan [O] kurang mudah senyum [S] negative,[A] pot bunga [O] selalu cepat sampai [S] positive,"[[508, 32, 60, 281, 6895, 28618, 508, 46, 60, 27265, 524, 26183, 1466, 6124, 89652, 508, 50, 60, 8225]]","[[508, 32, 60, 3338, 293, 91845, 508, 46, 60, 11806, 36986, 62090, 266, 61481, 2143, 508, 50, 60, 6785]]"
pelayanan kurang mudah senyum . 1 10 : 7 . [A] [S] [O],pot bunga selalu cepat sampai . 1 10 : 7 . [A] [S] [O],[A] pelayanan [S] negative [O] kurang mudah senyum,[A] pot bunga [S] positive [O] selalu cepat sampai,"[[508, 32, 60, 281, 6895, 28618, 508, 50, 60, 8225, 508, 46, 60, 27265, 524, 26183, 1466, 6124, 89652]]","[[508, 32, 60, 3338, 293, 91845, 508, 50, 60, 6785, 508, 46, 60, 11806, 36986, 62090, 266, 61481, 2143]]"
pelayanan kurang mudah senyum . 1 10 : 7 . [S] [A] [O],pot bunga selalu cepat sampai . 1 10 : 7 . [S] [A] [O],[S] negative [A] pelayanan [O] kurang mudah senyum,[S] positive [A] pot bunga [O] selalu cepat sampai,"[[508, 50, 60, 8225, 508, 32, 60, 281, 6895, 28618, 508, 46, 60, 27265, 524, 26183, 1466, 6124, 89652]]","[[508, 50, 60, 6785, 508, 32, 60, 3338, 293, 91845, 508, 46, 60, 11806, 36986, 62090, 266, 61481, 2143]]"
pelayanan kurang mudah senyum . 1 10 : 7 . [O] [A] [S],pot bunga selalu cepat sampai . 1 10 : 7 . [O] [A] [S],[O] kurang mudah senyum [A] pelayanan [S] negative,[O] selalu cepat sampai [A] pot bunga [S] positive,"[[508, 46, 60, 27265, 524, 26183, 1466, 6124, 89652, 508, 32, 60, 281, 6895, 28618, 508, 50, 60, 8225]]","[[508, 46, 60, 11806, 36986, 62090, 266, 61481, 2143, 508, 32, 60, 3338, 293, 91845, 508, 50, 60, 6785]]"
pelayanan kurang mudah senyum . 1 10 : 7 . [O] [S] [A],pot bunga selalu cepat sampai . 1 10 : 7 . [O] [S] [A],[O] kurang mudah senyum [S] negative [A] pelayanan,[O] selalu cepat sampai [S] positive [A] pot bunga,"[[508, 46, 60, 27265, 524, 26183, 1466, 6124, 89652, 508, 50, 60, 8225, 508, 32, 60, 281, 6895, 28618]]","[[508, 46, 60, 11806, 36986, 62090, 266, 61481, 2143, 508, 50, 60, 6785, 508, 32, 60, 3338, 293, 91845]]"
cuma kamar mandi agak menggenang airnya setelah dipakai . [A] [O] [S],cuma seni rupa sangat aman nyaman proses berjalan mulus . [A] [O] [S],[A] kamar mandi [O] agak menggenang airnya setelah dipakai [S] negative,[A] seni rupa [O] sangat aman nyaman proses berjalan mulus [S] positive,"[[508, 32, 60, 595, 15554, 11576, 72, 508, 46, 60, 933, 585, 19729, 4370, 524, 3720, 22891, 738, 74977, 23604, 585, 2143, 508, 50, 60, 8225]]","[[508, 32, 60, 6124, 72, 435, 45831, 508, 46, 60, 70464, 1079, 276, 19004, 12715, 8709, 288, 10207, 73, 32283, 15602, 355, 508, 50, 60, 6785]]"
cuma kamar mandi agak menggenang airnya setelah dipakai . [A] [S] [O],cuma seni rupa sangat aman nyaman proses berjalan mulus . [A] [S] [O],[A] kamar mandi [S] negative [O] agak menggenang airnya setelah dipakai,[A] seni rupa [S] positive [O] sangat aman nyaman proses berjalan mulus,"[[508, 32, 60, 595, 15554, 11576, 72, 508, 50, 60, 8225, 508, 46, 60, 933, 585, 19729, 4370, 524, 3720, 22891, 738, 74977, 23604, 585, 2143]]","[[508, 32, 60, 6124, 72, 435, 45831, 508, 50, 60, 6785, 508, 46, 60, 70464, 1079, 276, 19004, 12715, 8709, 288, 10207, 73, 32283, 15602, 355]]"
cuma kamar mandi agak menggenang airnya setelah dipakai . [S] [A] [O],cuma seni rupa sangat aman nyaman proses berjalan mulus . [S] [A] [O],[S] negative [A] kamar mandi [O] agak menggenang airnya setelah dipakai,[S] positive [A] seni rupa [O] sangat aman nyaman proses berjalan mulus,"[[508, 50, 60, 8225, 508, 32, 60, 595, 15554, 11576, 72, 508, 46, 60, 933, 585, 19729, 4370, 524, 3720, 22891, 738, 74977, 23604, 585, 2143]]","[[508, 50, 60, 6785, 508, 32, 60, 6124, 72, 435, 45831, 508, 46, 60, 70464, 1079, 276, 19004, 12715, 8709, 288, 10207, 73, 32283, 15602, 355]]"
cuma kamar mandi agak menggenang airnya setelah dipakai . [O] [A] [S],cuma seni rupa sangat aman nyaman proses berjalan mulus . [O] [A] [S],[O] agak menggenang airnya setelah dipakai [A] kamar mandi [S] negative,[O] sangat aman nyaman proses berjalan mulus [A] seni rupa [S] positive,"[[508, 46, 60, 933, 585, 19729, 4370, 524, 3720, 22891, 738, 74977, 23604, 585, 2143, 508, 32, 60, 595, 15554, 11576, 72, 508, 50, 60, 8225]]","[[508, 46, 60, 70464, 1079, 276, 19004, 12715, 8709, 288, 10207, 73, 32283, 15602, 355, 508, 32, 60, 6124, 72, 435, 45831, 508, 50, 60, 6785]]"
cuma kamar mandi agak menggenang airnya setelah dipakai . [O] [S] [A],cuma seni rupa sangat aman nyaman proses berjalan mulus . [O] [S] [A],[O] agak menggenang airnya setelah dipakai [S] negative [A] kamar mandi,[O] sangat aman nyaman proses berjalan mulus [S] positive [A] seni rupa,"[[508, 46, 60, 933, 585, 19729, 4370, 524, 3720, 22891, 738, 74977, 23604, 585, 2143, 508, 50, 60, 8225, 508, 32, 60, 595, 15554, 11576, 72]]","[[508, 46, 60, 70464, 1079, 276, 19004, 12715, 8709, 288, 10207, 73, 32283, 15602, 355, 508, 50, 60, 6785, 508, 32, 60, 6124, 72, 435, 45831]]"
baik keseluruhan . [A] [O] [S],keras tiket bioskop . [A] [O] [S],[A] keseluruhan [O] baik [S] positive,[A] tiket bioskop [O] keras [S] negative,"[[508, 32, 60, 50977, 301, 20915, 9917, 508, 46, 60, 79187, 508, 50, 60, 6785]]","[[508, 32, 60, 86172, 295, 48454, 83598, 508, 46, 60, 25689, 508, 50, 60, 8225]]"
baik keseluruhan . [A] [S] [O],keras tiket bioskop . [A] [S] [O],[A] keseluruhan [S] positive [O] baik,[A] tiket bioskop [S] negative [O] keras,"[[508, 32, 60, 50977, 301, 20915, 9917, 508, 50, 60, 6785, 508, 46, 60, 79187]]","[[508, 32, 60, 86172, 295, 48454, 83598, 508, 50, 60, 8225, 508, 46, 60, 25689]]"
baik keseluruhan . [S] [A] [O],keras tiket bioskop . [S] [A] [O],[S] positive [A] keseluruhan [O] baik,[S] negative [A] tiket bioskop [O] keras,"[[508, 50, 60, 6785, 508, 32, 60, 50977, 301, 20915, 9917, 508, 46, 60, 79187]]","[[508, 50, 60, 8225, 508, 32, 60, 86172, 295, 48454, 83598, 508, 46, 60, 25689]]"
baik keseluruhan . [O] [A] [S],keras tiket bioskop . [O] [A] [S],[O] baik [A] keseluruhan [S] positive,[O] keras [A] tiket bioskop [S] negative,"[[508, 46, 60, 79187, 508, 32, 60, 50977, 301, 20915, 9917, 508, 50, 60, 6785]]","[[508, 46, 60, 25689, 508, 32, 60, 86172, 295, 48454, 83598, 508, 50, 60, 8225]]"
baik keseluruhan . [O] [S] [A],keras tiket bioskop . [O] [S] [A],[O] baik [S] positive [A] keseluruhan,[O] keras [S] negative [A] tiket bioskop,"[[508, 46, 60, 79187, 508, 50, 60, 6785, 508, 32, 60, 50977, 301, 20915, 9917]]","[[508, 46, 60, 25689, 508, 50, 60, 8225, 508, 32, 60, 86172, 295, 48454, 83598]]"
kebersihan kamar tolong diperbaiki lagi iya . [A] [O] [S],surat elektronik amat nyaman mulus sekali iya . [A] [O] [S],[A] kebersihan kamar [O] tolong diperbaiki lagi [S] negative,[A] surat elektronik [O] amat nyaman mulus sekali [S] positive,"[[508, 32, 60, 1962, 1902, 56888, 595, 15554, 508, 46, 60, 311, 4825, 294, 12858, 4645, 7570, 73944, 508, 50, 60, 8225]]","[[508, 32, 60, 1729, 266, 62788, 34685, 1579, 508, 46, 60, 42133, 19004, 12715, 15602, 355, 43834, 7956, 508, 50, 60, 6785]]"
kebersihan kamar tolong diperbaiki lagi iya . [A] [S] [O],surat elektronik amat nyaman mulus sekali iya . [A] [S] [O],[A] kebersihan kamar [S] negative [O] tolong diperbaiki lagi,[A] surat elektronik [S] positive [O] amat nyaman mulus sekali,"[[508, 32, 60, 1962, 1902, 56888, 595, 15554, 508, 50, 60, 8225, 508, 46, 60, 311, 4825, 294, 12858, 4645, 7570, 73944]]","[[508, 32, 60, 1729, 266, 62788, 34685, 1579, 508, 50, 60, 6785, 508, 46, 60, 42133, 19004, 12715, 15602, 355, 43834, 7956]]"
kebersihan kamar tolong diperbaiki lagi iya . [S] [A] [O],surat elektronik amat nyaman mulus sekali iya . [S] [A] [O],[S] negative [A] kebersihan kamar [O] tolong diperbaiki lagi,[S] positive [A] surat elektronik [O] amat nyaman mulus sekali,"[[508, 50, 60, 8225, 508, 32, 60, 1962, 1902, 56888, 595, 15554, 508, 46, 60, 311, 4825, 294, 12858, 4645, 7570, 73944]]","[[508, 50, 60, 6785, 508, 32, 60, 1729, 266, 62788, 34685, 1579, 508, 46, 60, 42133, 19004, 12715, 15602, 355, 43834, 7956]]"
kebersihan kamar tolong diperbaiki lagi iya . [O] [A] [S],surat elektronik amat nyaman mulus sekali iya . [O] [A] [S],[O] tolong diperbaiki lagi [A] kebersihan kamar [S] negative,[O] amat nyaman mulus sekali [A] surat elektronik [S] positive,"[[508, 46, 60, 311, 4825, 294, 12858, 4645, 7570, 73944, 508, 32, 60, 1962, 1902, 56888, 595, 15554, 508, 50, 60, 8225]]","[[508, 46, 60, 42133, 19004, 12715, 15602, 355, 43834, 7956, 508, 32, 60, 1729, 266, 62788, 34685, 1579, 508, 50, 60, 6785]]"
kebersihan kamar tolong diperbaiki lagi iya . [O] [S] [A],surat elektronik amat nyaman mulus sekali iya . [O] [S] [A],[O] tolong diperbaiki lagi [S] negative [A] kebersihan kamar,[O] amat nyaman mulus sekali [S] positive [A] surat elektronik,"[[508, 46, 60, 311, 4825, 294, 12858, 4645, 7570, 73944, 508, 50, 60, 8225, 508, 32, 60, 1962, 1902, 56888, 595, 15554]]","[[508, 46, 60, 42133, 19004, 12715, 15602, 355, 43834, 7956, 508, 50, 60, 6785, 508, 32, 60, 1729, 266, 62788, 34685, 1579]]"
harga murce deh . [A] [O] [S],video rusak deh . [A] [O] [S],[A] harga [O] murce [S] positive,[A] video [O] rusak [S] negative,"[[508, 32, 60, 71348, 508, 46, 60, 8146, 346, 508, 50, 60, 6785]]","[[508, 32, 60, 2766, 508, 46, 60, 52454, 585, 508, 50, 60, 8225]]"
harga murce deh . [A] [S] [O],video rusak deh . [A] [S] [O],[A] harga [S] positive [O] murce,[A] video [S] negative [O] rusak,"[[508, 32, 60, 71348, 508, 50, 60, 6785, 508, 46, 60, 8146, 346]]","[[508, 32, 60, 2766, 508, 50, 60, 8225, 508, 46, 60, 52454, 585]]"
harga murce deh . [S] [A] [O],video rusak deh . [S] [A] [O],[S] positive [A] harga [O] murce,[S] negative [A] video [O] rusak,"[[508, 50, 60, 6785, 508, 32, 60, 71348, 508, 46, 60, 8146, 346]]","[[508, 50, 60, 8225, 508, 32, 60, 2766, 508, 46, 60, 52454, 585]]"
harga murce deh . [O] [A] [S],video rusak deh . [O] [A] [S],[O] murce [A] harga [S] positive,[O] rusak [A] video [S] negative,"[[508, 46, 60, 8146, 346, 508, 32, 60, 71348, 508, 50, 60, 6785]]","[[508, 46, 60, 52454, 585, 508, 32, 60, 2766, 508, 50, 60, 8225]]"
harga murce deh . [O] [S] [A],video rusak deh . [O] [S] [A],[O] murce [S] positive [A] harga,[O] rusak [S] negative [A] video,"[[508, 46, 60, 8146, 346, 508, 50, 60, 6785, 508, 32, 60, 71348]]","[[508, 46, 60, 52454, 585, 508, 50, 60, 8225, 508, 32, 60, 2766]]"
airy yang sangat berkesan bagi saya dan keluarga . terimakasih ! [A] [O] [S],radio yang sangat pahit bagi saya dan keluarga . terimakasih ! [A] [O] [S],[A] airy [O] sangat berkesan [S] positive,[A] radio [O] sangat pahit [S] negative,"[[508, 32, 60, 96963, 508, 46, 60, 70464, 10207, 12556, 276, 508, 50, 60, 6785]]","[[508, 32, 60, 8887, 508, 46, 60, 70464, 281, 1466, 275, 508, 50, 60, 8225]]"
airy yang sangat berkesan bagi saya dan keluarga . terimakasih ! [A] [S] [O],radio yang sangat pahit bagi saya dan keluarga . terimakasih ! [A] [S] [O],[A] airy [S] positive [O] sangat berkesan,[A] radio [S] negative [O] sangat pahit,"[[508, 32, 60, 96963, 508, 50, 60, 6785, 508, 46, 60, 70464, 10207, 12556, 276]]","[[508, 32, 60, 8887, 508, 50, 60, 8225, 508, 46, 60, 70464, 281, 1466, 275]]"
airy yang sangat berkesan bagi saya dan keluarga . terimakasih ! [S] [A] [O],radio yang sangat pahit bagi saya dan keluarga . terimakasih ! [S] [A] [O],[S] positive [A] airy [O] sangat berkesan,[S] negative [A] radio [O] sangat pahit,"[[508, 50, 60, 6785, 508, 32, 60, 96963, 508, 46, 60, 70464, 10207, 12556, 276]]","[[508, 50, 60, 8225, 508, 32, 60, 8887, 508, 46, 60, 70464, 281, 1466, 275]]"
airy yang sangat berkesan bagi saya dan keluarga . terimakasih ! [O] [A] [S],radio yang sangat pahit bagi saya dan keluarga . terimakasih ! [O] [A] [S],[O] sangat berkesan [A] airy [S] positive,[O] sangat pahit [A] radio [S] negative,"[[508, 46, 60, 70464, 10207, 12556, 276, 508, 32, 60, 96963, 508, 50, 60, 6785]]","[[508, 46, 60, 70464, 281, 1466, 275, 508, 32, 60, 8887, 508, 50, 60, 8225]]"
airy yang sangat berkesan bagi saya dan keluarga . terimakasih ! [O] [S] [A],radio yang sangat pahit bagi saya dan keluarga . terimakasih ! [O] [S] [A],[O] sangat berkesan [S] positive [A] airy,[O] sangat pahit [S] negative [A] radio,"[[508, 46, 60, 70464, 10207, 12556, 276, 508, 50, 60, 6785, 508, 32, 60, 96963]]","[[508, 46, 60, 70464, 281, 1466, 275, 508, 50, 60, 8225, 508, 32, 60, 8887]]"
air di bathup kotor . [A] [O] [S],email di bathup cepat . [A] [O] [S],[A] air [O] kotor [S] negative,[A] email [O] cepat [S] positive,"[[508, 32, 60, 3720, 508, 46, 60, 595, 9887, 508, 50, 60, 8225]]","[[508, 32, 60, 2551, 508, 46, 60, 62090, 266, 508, 50, 60, 6785]]"
air di bathup kotor . [A] [S] [O],email di bathup cepat . [A] [S] [O],[A] air [S] negative [O] kotor,[A] email [S] positive [O] cepat,"[[508, 32, 60, 3720, 508, 50, 60, 8225, 508, 46, 60, 595, 9887]]","[[508, 32, 60, 2551, 508, 50, 60, 6785, 508, 46, 60, 62090, 266]]"
air di bathup kotor . [S] [A] [O],email di bathup cepat . [S] [A] [O],[S] negative [A] air [O] kotor,[S] positive [A] email [O] cepat,"[[508, 50, 60, 8225, 508, 32, 60, 3720, 508, 46, 60, 595, 9887]]","[[508, 50, 60, 6785, 508, 32, 60, 2551, 508, 46, 60, 62090, 266]]"
air di bathup kotor . [O] [A] [S],email di bathup cepat . [O] [A] [S],[O] kotor [A] air [S] negative,[O] cepat [A] email [S] positive,"[[508, 46, 60, 595, 9887, 508, 32, 60, 3720, 508, 50, 60, 8225]]","[[508, 46, 60, 62090, 266, 508, 32, 60, 2551, 508, 50, 60, 6785]]"
air di bathup kotor . [O] [S] [A],email di bathup cepat . [O] [S] [A],[O] kotor [S] negative [A] air,[O] cepat [S] positive [A] email,"[[508, 46, 60, 595, 9887, 508, 50, 60, 8225, 508, 32, 60, 3720]]","[[508, 46, 60, 62090, 266, 508, 50, 60, 6785, 508, 32, 60, 2551]]"
"sangat baik untuk pelayanan kamar hotelnya , semoga kedepannya tetap menjaga pelayanan kamarnya iya ! [A] [O] [S]","sangat tua untuk rumusnya kamar hotelnya , semoga kedepannya tetap menjaga pelayanan kamarnya iya ! [A] [O] [S]",[A] pelayanan [O] sangat baik [S] positive,[A] rumusnya [O] sangat tua [S] negative,"[[508, 32, 60, 281, 6895, 28618, 508, 46, 60, 70464, 79187, 508, 50, 60, 6785]]","[[508, 32, 60, 13995, 355, 22891, 508, 46, 60, 70464, 63884, 508, 50, 60, 8225]]"
"sangat baik untuk pelayanan kamar hotelnya , semoga kedepannya tetap menjaga pelayanan kamarnya iya ! [A] [S] [O]","sangat tua untuk rumusnya kamar hotelnya , semoga kedepannya tetap menjaga pelayanan kamarnya iya ! [A] [S] [O]",[A] pelayanan [S] positive [O] sangat baik,[A] rumusnya [S] negative [O] sangat tua,"[[508, 32, 60, 281, 6895, 28618, 508, 50, 60, 6785, 508, 46, 60, 70464, 79187]]","[[508, 32, 60, 13995, 355, 22891, 508, 50, 60, 8225, 508, 46, 60, 70464, 63884]]"
"sangat baik untuk pelayanan kamar hotelnya , semoga kedepannya tetap menjaga pelayanan kamarnya iya ! [S] [A] [O]","sangat tua untuk rumusnya kamar hotelnya , semoga kedepannya tetap menjaga pelayanan kamarnya iya ! [S] [A] [O]",[S] positive [A] pelayanan [O] sangat baik,[S] negative [A] rumusnya [O] sangat tua,"[[508, 50, 60, 6785, 508, 32, 60, 281, 6895, 28618, 508, 46, 60, 70464, 79187]]","[[508, 50, 60, 8225, 508, 32, 60, 13995, 355, 22891, 508, 46, 60, 70464, 63884]]"
"sangat baik untuk pelayanan kamar hotelnya , semoga kedepannya tetap menjaga pelayanan kamarnya iya ! [O] [A] [S]","sangat tua untuk rumusnya kamar hotelnya , semoga kedepannya tetap menjaga pelayanan kamarnya iya ! [O] [A] [S]",[O] sangat baik [A] pelayanan [S] positive,[O] sangat tua [A] rumusnya [S] negative,"[[508, 46, 60, 70464, 79187, 508, 32, 60, 281, 6895, 28618, 508, 50, 60, 6785]]","[[508, 46, 60, 70464, 63884, 508, 32, 60, 13995, 355, 22891, 508, 50, 60, 8225]]"
"sangat baik untuk pelayanan kamar hotelnya , semoga kedepannya tetap menjaga pelayanan kamarnya iya ! [O] [S] [A]","sangat tua untuk rumusnya kamar hotelnya , semoga kedepannya tetap menjaga pelayanan kamarnya iya ! [O] [S] [A]",[O] sangat baik [S] positive [A] pelayanan,[O] sangat tua [S] negative [A] rumusnya,"[[508, 46, 60, 70464, 79187, 508, 50, 60, 6785, 508, 32, 60, 281, 6895, 28618]]","[[508, 46, 60, 70464, 63884, 508, 50, 60, 8225, 508, 32, 60, 13995, 355, 22891]]"
kamar yang saya dapat kurang bersih . [A] [O] [S],buku yang saya dapat cepat sekali . [A] [O] [S],[A] kamar [O] kurang bersih [S] negative,[A] buku [O] cepat sekali [S] positive,"[[508, 32, 60, 595, 15554, 508, 46, 60, 27265, 524, 58554, 6996, 508, 50, 60, 8225]]","[[508, 32, 60, 1031, 12133, 508, 46, 60, 62090, 266, 43834, 7956, 508, 50, 60, 6785]]"
kamar yang saya dapat kurang bersih . [A] [S] [O],buku yang saya dapat cepat sekali . [A] [S] [O],[A] kamar [S] negative [O] kurang bersih,[A] buku [S] positive [O] cepat sekali,"[[508, 32, 60, 595, 15554, 508, 50, 60, 8225, 508, 46, 60, 27265, 524, 58554, 6996]]","[[508, 32, 60, 1031, 12133, 508, 50, 60, 6785, 508, 46, 60, 62090, 266, 43834, 7956]]"
kamar yang saya dapat kurang bersih . [S] [A] [O],buku yang saya dapat cepat sekali . [S] [A] [O],[S] negative [A] kamar [O] kurang bersih,[S] positive [A] buku [O] cepat sekali,"[[508, 50, 60, 8225, 508, 32, 60, 595, 15554, 508, 46, 60, 27265, 524, 58554, 6996]]","[[508, 50, 60, 6785, 508, 32, 60, 1031, 12133, 508, 46, 60, 62090, 266, 43834, 7956]]"
kamar yang saya dapat kurang bersih . [O] [A] [S],buku yang saya dapat cepat sekali . [O] [A] [S],[O] kurang bersih [A] kamar [S] negative,[O] cepat sekali [A] buku [S] positive,"[[508, 46, 60, 27265, 524, 58554, 6996, 508, 32, 60, 595, 15554, 508, 50, 60, 8225]]","[[508, 46, 60, 62090, 266, 43834, 7956, 508, 32, 60, 1031, 12133, 508, 50, 60, 6785]]"
kamar yang saya dapat kurang bersih . [O] [S] [A],buku yang saya dapat cepat sekali . [O] [S] [A],[O] kurang bersih [S] negative [A] kamar,[O] cepat sekali [S] positive [A] buku,"[[508, 46, 60, 27265, 524, 58554, 6996, 508, 50, 60, 8225, 508, 32, 60, 595, 15554]]","[[508, 46, 60, 62090, 266, 43834, 7956, 508, 50, 60, 6785, 508, 32, 60, 1031, 12133]]"
airnya berbau . [A] [O] [S],buku manis . [A] [O] [S],[A] airnya [O] berbau [S] negative,[A] buku [O] manis [S] positive,"[[508, 32, 60, 3720, 22891, 508, 46, 60, 10207, 71832, 508, 50, 60, 8225]]","[[508, 32, 60, 1031, 12133, 508, 46, 60, 883, 285, 508, 50, 60, 6785]]"
airnya berbau . [A] [S] [O],buku manis . [A] [S] [O],[A] airnya [S] negative [O] berbau,[A] buku [S] positive [O] manis,"[[508, 32, 60, 3720, 22891, 508, 50, 60, 8225, 508, 46, 60, 10207, 71832]]","[[508, 32, 60, 1031, 12133, 508, 50, 60, 6785, 508, 46, 60, 883, 285]]"
airnya berbau . [S] [A] [O],buku manis . [S] [A] [O],[S] negative [A] airnya [O] berbau,[S] positive [A] buku [O] manis,"[[508, 50, 60, 8225, 508, 32, 60, 3720, 22891, 508, 46, 60, 10207, 71832]]","[[508, 50, 60, 6785, 508, 32, 60, 1031, 12133, 508, 46, 60, 883, 285]]"
airnya berbau . [O] [A] [S],buku manis . [O] [A] [S],[O] berbau [A] airnya [S] negative,[O] manis [A] buku [S] positive,"[[508, 46, 60, 10207, 71832, 508, 32, 60, 3720, 22891, 508, 50, 60, 8225]]","[[508, 46, 60, 883, 285, 508, 32, 60, 1031, 12133, 508, 50, 60, 6785]]"
airnya berbau . [O] [S] [A],buku manis . [O] [S] [A],[O] berbau [S] negative [A] airnya,[O] manis [S] positive [A] buku,"[[508, 46, 60, 10207, 71832, 508, 50, 60, 8225, 508, 32, 60, 3720, 22891]]","[[508, 46, 60, 883, 285, 508, 50, 60, 6785, 508, 32, 60, 1031, 12133]]"
bapak ibu pemiliknya baik . [A] [O] [S],bapak ibu komputer mini keras . [A] [O] [S],[A] pemiliknya [O] baik [S] positive,[A] komputer mini [O] keras [S] negative,"[[508, 32, 60, 54184, 96159, 22891, 508, 46, 60, 79187, 508, 50, 60, 6785]]","[[508, 32, 60, 10890, 11281, 13420, 508, 46, 60, 25689, 508, 50, 60, 8225]]"
bapak ibu pemiliknya baik . [A] [S] [O],bapak ibu komputer mini keras . [A] [S] [O],[A] pemiliknya [S] positive [O] baik,[A] komputer mini [S] negative [O] keras,"[[508, 32, 60, 54184, 96159, 22891, 508, 50, 60, 6785, 508, 46, 60, 79187]]","[[508, 32, 60, 10890, 11281, 13420, 508, 50, 60, 8225, 508, 46, 60, 25689]]"
bapak ibu pemiliknya baik . [S] [A] [O],bapak ibu komputer mini keras . [S] [A] [O],[S] positive [A] pemiliknya [O] baik,[S] negative [A] komputer mini [O] keras,"[[508, 50, 60, 6785, 508, 32, 60, 54184, 96159, 22891, 508, 46, 60, 79187]]","[[508, 50, 60, 8225, 508, 32, 60, 10890, 11281, 13420, 508, 46, 60, 25689]]"
bapak ibu pemiliknya baik . [O] [A] [S],bapak ibu komputer mini keras . [O] [A] [S],[O] baik [A] pemiliknya [S] positive,[O] keras [A] komputer mini [S] negative,"[[508, 46, 60, 79187, 508, 32, 60, 54184, 96159, 22891, 508, 50, 60, 6785]]","[[508, 46, 60, 25689, 508, 32, 60, 10890, 11281, 13420, 508, 50, 60, 8225]]"
bapak ibu pemiliknya baik . [O] [S] [A],bapak ibu komputer mini keras . [O] [S] [A],[O] baik [S] positive [A] pemiliknya,[O] keras [S] negative [A] komputer mini,"[[508, 46, 60, 79187, 508, 50, 60, 6785, 508, 32, 60, 54184, 96159, 22891]]","[[508, 46, 60, 25689, 508, 50, 60, 8225, 508, 32, 60, 10890, 11281, 13420]]"
sarapan pagi seharusnya ada . [A] [O] [S],gitar kecil amat cepat sekali . [A] [O] [S],[A] sarapan pagi [O] seharusnya ada [S] negative,[A] gitar kecil [O] amat cepat sekali [S] positive,"[[508, 32, 60, 28047, 5359, 14774, 72, 508, 46, 60, 511, 12982, 355, 22891, 34234, 508, 50, 60, 8225]]","[[508, 32, 60, 342, 12355, 1962, 81023, 508, 46, 60, 42133, 62090, 266, 43834, 7956, 508, 50, 60, 6785]]"
sarapan pagi seharusnya ada . [A] [S] [O],gitar kecil amat cepat sekali . [A] [S] [O],[A] sarapan pagi [S] negative [O] seharusnya ada,[A] gitar kecil [S] positive [O] amat cepat sekali,"[[508, 32, 60, 28047, 5359, 14774, 72, 508, 50, 60, 8225, 508, 46, 60, 511, 12982, 355, 22891, 34234]]","[[508, 32, 60, 342, 12355, 1962, 81023, 508, 50, 60, 6785, 508, 46, 60, 42133, 62090, 266, 43834, 7956]]"
sarapan pagi seharusnya ada . [S] [A] [O],gitar kecil amat cepat sekali . [S] [A] [O],[S] negative [A] sarapan pagi [O] seharusnya ada,[S] positive [A] gitar kecil [O] amat cepat sekali,"[[508, 50, 60, 8225, 508, 32, 60, 28047, 5359, 14774, 72, 508, 46, 60, 511, 12982, 355, 22891, 34234]]","[[508, 50, 60, 6785, 508, 32, 60, 342, 12355, 1962, 81023, 508, 46, 60, 42133, 62090, 266, 43834, 7956]]"
sarapan pagi seharusnya ada . [O] [A] [S],gitar kecil amat cepat sekali . [O] [A] [S],[O] seharusnya ada [A] sarapan pagi [S] negative,[O] amat cepat sekali [A] gitar kecil [S] positive,"[[508, 46, 60, 511, 12982, 355, 22891, 34234, 508, 32, 60, 28047, 5359, 14774, 72, 508, 50, 60, 8225]]","[[508, 46, 60, 42133, 62090, 266, 43834, 7956, 508, 32, 60, 342, 12355, 1962, 81023, 508, 50, 60, 6785]]"
sarapan pagi seharusnya ada . [O] [S] [A],gitar kecil amat cepat sekali . [O] [S] [A],[O] seharusnya ada [S] negative [A] sarapan pagi,[O] amat cepat sekali [S] positive [A] gitar kecil,"[[508, 46, 60, 511, 12982, 355, 22891, 34234, 508, 50, 60, 8225, 508, 32, 60, 28047, 5359, 14774, 72]]","[[508, 46, 60, 42133, 62090, 266, 43834, 7956, 508, 50, 60, 6785, 508, 32, 60, 342, 12355, 1962, 81023]]"
pelayanan yang kurang baik . [A] [O] [S],harga tiket yang sangat manis . [A] [O] [S],[A] pelayanan [O] kurang baik [S] negative,[A] harga tiket [O] sangat manis [S] positive,"[[508, 32, 60, 281, 6895, 28618, 508, 46, 60, 27265, 524, 79187, 508, 50, 60, 8225]]","[[508, 32, 60, 71348, 86172, 295, 508, 46, 60, 70464, 883, 285, 508, 50, 60, 6785]]"
pelayanan yang kurang baik . [A] [S] [O],harga tiket yang sangat manis . [A] [S] [O],[A] pelayanan [S] negative [O] kurang baik,[A] harga tiket [S] positive [O] sangat manis,"[[508, 32, 60, 281, 6895, 28618, 508, 50, 60, 8225, 508, 46, 60, 27265, 524, 79187]]","[[508, 32, 60, 71348, 86172, 295, 508, 50, 60, 6785, 508, 46, 60, 70464, 883, 285]]"
pelayanan yang kurang baik . [S] [A] [O],harga tiket yang sangat manis . [S] [A] [O],[S] negative [A] pelayanan [O] kurang baik,[S] positive [A] harga tiket [O] sangat manis,"[[508, 50, 60, 8225, 508, 32, 60, 281, 6895, 28618, 508, 46, 60, 27265, 524, 79187]]","[[508, 50, 60, 6785, 508, 32, 60, 71348, 86172, 295, 508, 46, 60, 70464, 883, 285]]"
pelayanan yang kurang baik . [O] [A] [S],harga tiket yang sangat manis . [O] [A] [S],[O] kurang baik [A] pelayanan [S] negative,[O] sangat manis [A] harga tiket [S] positive,"[[508, 46, 60, 27265, 524, 79187, 508, 32, 60, 281, 6895, 28618, 508, 50, 60, 8225]]","[[508, 46, 60, 70464, 883, 285, 508, 32, 60, 71348, 86172, 295, 508, 50, 60, 6785]]"
pelayanan yang kurang baik . [O] [S] [A],harga tiket yang sangat manis . [O] [S] [A],[O] kurang baik [S] negative [A] pelayanan,[O] sangat manis [S] positive [A] harga tiket,"[[508, 46, 60, 27265, 524, 79187, 508, 50, 60, 8225, 508, 32, 60, 281, 6895, 28618]]","[[508, 46, 60, 70464, 883, 285, 508, 50, 60, 6785, 508, 32, 60, 71348, 86172, 295]]"
peralatan kamar mandi kurang lengkap . [A] [O] [S],senar gitar klasik wangi sekali . [A] [O] [S],[A] peralatan kamar mandi [O] kurang lengkap [S] negative,[A] senar gitar klasik [O] wangi sekali [S] positive,"[[508, 32, 60, 817, 278, 16225, 595, 15554, 11576, 72, 508, 46, 60, 27265, 524, 47794, 38834, 508, 50, 60, 8225]]","[[508, 32, 60, 6124, 277, 342, 12355, 595, 14493, 1579, 508, 46, 60, 289, 78328, 43834, 7956, 508, 50, 60, 6785]]"
peralatan kamar mandi kurang lengkap . [A] [S] [O],senar gitar klasik wangi sekali . [A] [S] [O],[A] peralatan kamar mandi [S] negative [O] kurang lengkap,[A] senar gitar klasik [S] positive [O] wangi sekali,"[[508, 32, 60, 817, 278, 16225, 595, 15554, 11576, 72, 508, 50, 60, 8225, 508, 46, 60, 27265, 524, 47794, 38834]]","[[508, 32, 60, 6124, 277, 342, 12355, 595, 14493, 1579, 508, 50, 60, 6785, 508, 46, 60, 289, 78328, 43834, 7956]]"
peralatan kamar mandi kurang lengkap . [S] [A] [O],senar gitar klasik wangi sekali . [S] [A] [O],[S] negative [A] peralatan kamar mandi [O] kurang lengkap,[S] positive [A] senar gitar klasik [O] wangi sekali,"[[508, 50, 60, 8225, 508, 32, 60, 817, 278, 16225, 595, 15554, 11576, 72, 508, 46, 60, 27265, 524, 47794, 38834]]","[[508, 50, 60, 6785, 508, 32, 60, 6124, 277, 342, 12355, 595, 14493, 1579, 508, 46, 60, 289, 78328, 43834, 7956]]"
peralatan kamar mandi kurang lengkap . [O] [A] [S],senar gitar klasik wangi sekali . [O] [A] [S],[O] kurang lengkap [A] peralatan kamar mandi [S] negative,[O] wangi sekali [A] senar gitar klasik [S] positive,"[[508, 46, 60, 27265, 524, 47794, 38834, 508, 32, 60, 817, 278, 16225, 595, 15554, 11576, 72, 508, 50, 60, 8225]]","[[508, 46, 60, 289, 78328, 43834, 7956, 508, 32, 60, 6124, 277, 342, 12355, 595, 14493, 1579, 508, 50, 60, 6785]]"
peralatan kamar mandi kurang lengkap . [O] [S] [A],senar gitar klasik wangi sekali . [O] [S] [A],[O] kurang lengkap [S] negative [A] peralatan kamar mandi,[O] wangi sekali [S] positive [A] senar gitar klasik,"[[508, 46, 60, 27265, 524, 47794, 38834, 508, 50, 60, 8225, 508, 32, 60, 817, 278, 16225, 595, 15554, 11576, 72]]","[[508, 46, 60, 289, 78328, 43834, 7956, 508, 50, 60, 6785, 508, 32, 60, 6124, 277, 342, 12355, 595, 14493, 1579]]"
waktu menginap tidak dapat handuknya . [A] [O] [S],waktu menginap cepat sekolahnya . [A] [O] [S],[A] handuknya [O] tidak dapat [S] negative,[A] sekolahnya [O] cepat [S] positive,"[[508, 32, 60, 1424, 3101, 22891, 508, 46, 60, 27281, 44117, 508, 50, 60, 8225]]","[[508, 32, 60, 43834, 90786, 22891, 508, 46, 60, 62090, 266, 508, 50, 60, 6785]]"
waktu menginap tidak dapat handuknya . [A] [S] [O],waktu menginap cepat sekolahnya . [A] [S] [O],[A] handuknya [S] negative [O] tidak dapat,[A] sekolahnya [S] positive [O] cepat,"[[508, 32, 60, 1424, 3101, 22891, 508, 50, 60, 8225, 508, 46, 60, 27281, 44117]]","[[508, 32, 60, 43834, 90786, 22891, 508, 50, 60, 6785, 508, 46, 60, 62090, 266]]"
waktu menginap tidak dapat handuknya . [S] [A] [O],waktu menginap cepat sekolahnya . [S] [A] [O],[S] negative [A] handuknya [O] tidak dapat,[S] positive [A] sekolahnya [O] cepat,"[[508, 50, 60, 8225, 508, 32, 60, 1424, 3101, 22891, 508, 46, 60, 27281, 44117]]","[[508, 50, 60, 6785, 508, 32, 60, 43834, 90786, 22891, 508, 46, 60, 62090, 266]]"
waktu menginap tidak dapat handuknya . [O] [A] [S],waktu menginap cepat sekolahnya . [O] [A] [S],[O] tidak dapat [A] handuknya [S] negative,[O] cepat [A] sekolahnya [S] positive,"[[508, 46, 60, 27281, 44117, 508, 32, 60, 1424, 3101, 22891, 508, 50, 60, 8225]]","[[508, 46, 60, 62090, 266, 508, 32, 60, 43834, 90786, 22891, 508, 50, 60, 6785]]"
waktu menginap tidak dapat handuknya . [O] [S] [A],waktu menginap cepat sekolahnya . [O] [S] [A],[O] tidak dapat [S] negative [A] handuknya,[O] cepat [S] positive [A] sekolahnya,"[[508, 46, 60, 27281, 44117, 508, 50, 60, 8225, 508, 32, 60, 1424, 3101, 22891]]","[[508, 46, 60, 62090, 266, 508, 50, 60, 6785, 508, 32, 60, 43834, 90786, 22891]]"
"air panas nya tidak banget panas , saya bawa anak bayi kasihan jadi mandi air dingin . [A] [O] [S]","harga tiketnya sangat empuk sekali , saya beli puluhan tiket jadi semua nya terasa nyaman . [A] [O] [S]","[A] air panas nya [O] tidak banget panas , saya bawa anak bayi kasihan jadi mandi air dingin [S] negative","[A] harga tiketnya [O] sangat empuk sekali , saya beli puluhan tiket jadi semua nya terasa nyaman [S] positive","[[508, 32, 60, 3720, 7215, 300, 75189, 508, 46, 60, 27281, 8943, 455, 7215, 300, 1154, 53937, 293, 14077, 83255, 22708, 72, 47656, 56888, 502, 2767, 11576, 72, 3720, 66442, 258, 508, 50, 60, 8225]]","[[508, 32, 60, 71348, 86172, 295, 22891, 508, 46, 60, 70464, 8486, 3101, 43834, 7956, 1154, 53937, 1656, 72, 7737, 69886, 86172, 295, 502, 2767, 77497, 75189, 1982, 15428, 19004, 12715, 508, 50, 60, 6785]]"
"air panas nya tidak banget panas , saya bawa anak bayi kasihan jadi mandi air dingin . [A] [S] [O]","harga tiketnya sangat empuk sekali , saya beli puluhan tiket jadi semua nya terasa nyaman . [A] [S] [O]","[A] air panas nya [S] negative [O] tidak banget panas , saya bawa anak bayi kasihan jadi mandi air dingin","[A] harga tiketnya [S] positive [O] sangat empuk sekali , saya beli puluhan tiket jadi semua nya terasa nyaman","[[508, 32, 60, 3720, 7215, 300, 75189, 508, 50, 60, 8225, 508, 46, 60, 27281, 8943, 455, 7215, 300, 1154, 53937, 293, 14077, 83255, 22708, 72, 47656, 56888, 502, 2767, 11576, 72, 3720, 66442, 258]]","[[508, 32, 60, 71348, 86172, 295, 22891, 508, 50, 60, 6785, 508, 46, 60, 70464, 8486, 3101, 43834, 7956, 1154, 53937, 1656, 72, 7737, 69886, 86172, 295, 502, 2767, 77497, 75189, 1982, 15428, 19004, 12715]]"
"air panas nya tidak banget panas , saya bawa anak bayi kasihan jadi mandi air dingin . [S] [A] [O]","harga tiketnya sangat empuk sekali , saya beli puluhan tiket jadi semua nya terasa nyaman . [S] [A] [O]","[S] negative [A] air panas nya [O] tidak banget panas , saya bawa anak bayi kasihan jadi mandi air dingin","[S] positive [A] harga tiketnya [O] sangat empuk sekali , saya beli puluhan tiket jadi semua nya terasa nyaman","[[508, 50, 60, 8225, 508, 32, 60, 3720, 7215, 300, 75189, 508, 46, 60, 27281, 8943, 455, 7215, 300, 1154, 53937, 293, 14077, 83255, 22708, 72, 47656, 56888, 502, 2767, 11576, 72, 3720, 66442, 258]]","[[508, 50, 60, 6785, 508, 32, 60, 71348, 86172, 295, 22891, 508, 46, 60, 70464, 8486, 3101, 43834, 7956, 1154, 53937, 1656, 72, 7737, 69886, 86172, 295, 502, 2767, 77497, 75189, 1982, 15428, 19004, 12715]]"
"air panas nya tidak banget panas , saya bawa anak bayi kasihan jadi mandi air dingin . [O] [A] [S]","harga tiketnya sangat empuk sekali , saya beli puluhan tiket jadi semua nya terasa nyaman . [O] [A] [S]","[O] tidak banget panas , saya bawa anak bayi kasihan jadi mandi air dingin [A] air panas nya [S] negative","[O] sangat empuk sekali , saya beli puluhan tiket jadi semua nya terasa nyaman [A] harga tiketnya [S] positive","[[508, 46, 60, 27281, 8943, 455, 7215, 300, 1154, 53937, 293, 14077, 83255, 22708, 72, 47656, 56888, 502, 2767, 11576, 72, 3720, 66442, 258, 508, 32, 60, 3720, 7215, 300, 75189, 508, 50, 60, 8225]]","[[508, 46, 60, 70464, 8486, 3101, 43834, 7956, 1154, 53937, 1656, 72, 7737, 69886, 86172, 295, 502, 2767, 77497, 75189, 1982, 15428, 19004, 12715, 508, 32, 60, 71348, 86172, 295, 22891, 508, 50, 60, 6785]]"
"air panas nya tidak banget panas , saya bawa anak bayi kasihan jadi mandi air dingin . [O] [S] [A]","harga tiketnya sangat empuk sekali , saya beli puluhan tiket jadi semua nya terasa nyaman . [O] [S] [A]","[O] tidak banget panas , saya bawa anak bayi kasihan jadi mandi air dingin [S] negative [A] air panas nya","[O] sangat empuk sekali , saya beli puluhan tiket jadi semua nya terasa nyaman [S] positive [A] harga tiketnya","[[508, 46, 60, 27281, 8943, 455, 7215, 300, 1154, 53937, 293, 14077, 83255, 22708, 72, 47656, 56888, 502, 2767, 11576, 72, 3720, 66442, 258, 508, 50, 60, 8225, 508, 32, 60, 3720, 7215, 300, 75189]]","[[508, 46, 60, 70464, 8486, 3101, 43834, 7956, 1154, 53937, 1656, 72, 7737, 69886, 86172, 295, 502, 2767, 77497, 75189, 1982, 15428, 19004, 12715, 508, 50, 60, 6785, 508, 32, 60, 71348, 86172, 295, 22891]]"
hanya kurang di handuk yang kotor . [A] [O] [S],hanya kurang di lukisan yang enak . [A] [O] [S],[A] handuk [O] kotor [S] negative,[A] lukisan [O] enak [S] positive,"[[508, 32, 60, 1424, 3101, 508, 46, 60, 595, 9887, 508, 50, 60, 8225]]","[[508, 32, 60, 81280, 17132, 508, 46, 60, 662, 585, 508, 50, 60, 6785]]"
hanya kurang di handuk yang kotor . [A] [S] [O],hanya kurang di lukisan yang enak . [A] [S] [O],[A] handuk [S] negative [O] kotor,[A] lukisan [S] positive [O] enak,"[[508, 32, 60, 1424, 3101, 508, 50, 60, 8225, 508, 46, 60, 595, 9887]]","[[508, 32, 60, 81280, 17132, 508, 50, 60, 6785, 508, 46, 60, 662, 585]]"
hanya kurang di handuk yang kotor . [S] [A] [O],hanya kurang di lukisan yang enak . [S] [A] [O],[S] negative [A] handuk [O] kotor,[S] positive [A] lukisan [O] enak,"[[508, 50, 60, 8225, 508, 32, 60, 1424, 3101, 508, 46, 60, 595, 9887]]","[[508, 50, 60, 6785, 508, 32, 60, 81280, 17132, 508, 46, 60, 662, 585]]"
hanya kurang di handuk yang kotor . [O] [A] [S],hanya kurang di lukisan yang enak . [O] [A] [S],[O] kotor [A] handuk [S] negative,[O] enak [A] lukisan [S] positive,"[[508, 46, 60, 595, 9887, 508, 32, 60, 1424, 3101, 508, 50, 60, 8225]]","[[508, 46, 60, 662, 585, 508, 32, 60, 81280, 17132, 508, 50, 60, 6785]]"
hanya kurang di handuk yang kotor . [O] [S] [A],hanya kurang di lukisan yang enak . [O] [S] [A],[O] kotor [S] negative [A] handuk,[O] enak [S] positive [A] lukisan,"[[508, 46, 60, 595, 9887, 508, 50, 60, 8225, 508, 32, 60, 1424, 3101]]","[[508, 46, 60, 662, 585, 508, 50, 60, 6785, 508, 32, 60, 81280, 17132]]"
ac kamar nya mengeluarkan suara berisik . [A] [O] [S],gen kamar nya mengeluarkan suara sangat manis . [A] [O] [S],[A] ac [O] berisik [S] negative,[A] gen [O] sangat manis [S] positive,"[[508, 32, 60, 1613, 508, 46, 60, 10207, 285, 1579, 508, 50, 60, 8225]]","[[508, 32, 60, 4081, 508, 46, 60, 70464, 883, 285, 508, 50, 60, 6785]]"
ac kamar nya mengeluarkan suara berisik . [A] [S] [O],gen kamar nya mengeluarkan suara sangat manis . [A] [S] [O],[A] ac [S] negative [O] berisik,[A] gen [S] positive [O] sangat manis,"[[508, 32, 60, 1613, 508, 50, 60, 8225, 508, 46, 60, 10207, 285, 1579]]","[[508, 32, 60, 4081, 508, 50, 60, 6785, 508, 46, 60, 70464, 883, 285]]"
ac kamar nya mengeluarkan suara berisik . [S] [A] [O],gen kamar nya mengeluarkan suara sangat manis . [S] [A] [O],[S] negative [A] ac [O] berisik,[S] positive [A] gen [O] sangat manis,"[[508, 50, 60, 8225, 508, 32, 60, 1613, 508, 46, 60, 10207, 285, 1579]]","[[508, 50, 60, 6785, 508, 32, 60, 4081, 508, 46, 60, 70464, 883, 285]]"
ac kamar nya mengeluarkan suara berisik . [O] [A] [S],gen kamar nya mengeluarkan suara sangat manis . [O] [A] [S],[O] berisik [A] ac [S] negative,[O] sangat manis [A] gen [S] positive,"[[508, 46, 60, 10207, 285, 1579, 508, 32, 60, 1613, 508, 50, 60, 8225]]","[[508, 46, 60, 70464, 883, 285, 508, 32, 60, 4081, 508, 50, 60, 6785]]"
ac kamar nya mengeluarkan suara berisik . [O] [S] [A],gen kamar nya mengeluarkan suara sangat manis . [O] [S] [A],[O] berisik [S] negative [A] ac,[O] sangat manis [S] positive [A] gen,"[[508, 46, 60, 10207, 285, 1579, 508, 50, 60, 8225, 508, 32, 60, 1613]]","[[508, 46, 60, 70464, 883, 285, 508, 50, 60, 6785, 508, 32, 60, 4081]]"
di kamar tidak tersedia handuk . [A] [O] [S],di kamar sangat murah motor tua . [A] [O] [S],[A] handuk [O] tidak tersedia [S] negative,[A] motor tua [O] sangat murah [S] positive,"[[508, 32, 60, 1424, 3101, 508, 46, 60, 27281, 87630, 4495, 508, 50, 60, 8225]]","[[508, 32, 60, 8872, 63884, 508, 46, 60, 70464, 8146, 1466, 508, 50, 60, 6785]]"
di kamar tidak tersedia handuk . [A] [S] [O],di kamar sangat murah motor tua . [A] [S] [O],[A] handuk [S] negative [O] tidak tersedia,[A] motor tua [S] positive [O] sangat murah,"[[508, 32, 60, 1424, 3101, 508, 50, 60, 8225, 508, 46, 60, 27281, 87630, 4495]]","[[508, 32, 60, 8872, 63884, 508, 50, 60, 6785, 508, 46, 60, 70464, 8146, 1466]]"
di kamar tidak tersedia handuk . [S] [A] [O],di kamar sangat murah motor tua . [S] [A] [O],[S] negative [A] handuk [O] tidak tersedia,[S] positive [A] motor tua [O] sangat murah,"[[508, 50, 60, 8225, 508, 32, 60, 1424, 3101, 508, 46, 60, 27281, 87630, 4495]]","[[508, 50, 60, 6785, 508, 32, 60, 8872, 63884, 508, 46, 60, 70464, 8146, 1466]]"
di kamar tidak tersedia handuk . [O] [A] [S],di kamar sangat murah motor tua . [O] [A] [S],[O] tidak tersedia [A] handuk [S] negative,[O] sangat murah [A] motor tua [S] positive,"[[508, 46, 60, 27281, 87630, 4495, 508, 32, 60, 1424, 3101, 508, 50, 60, 8225]]","[[508, 46, 60, 70464, 8146, 1466, 508, 32, 60, 8872, 63884, 508, 50, 60, 6785]]"
di kamar tidak tersedia handuk . [O] [S] [A],di kamar sangat murah motor tua . [O] [S] [A],[O] tidak tersedia [S] negative [A] handuk,[O] sangat murah [S] positive [A] motor tua,"[[508, 46, 60, 27281, 87630, 4495, 508, 50, 60, 8225, 508, 32, 60, 1424, 3101]]","[[508, 46, 60, 70464, 8146, 1466, 508, 50, 60, 6785, 508, 32, 60, 8872, 63884]]"
secara keseluruhan semuanya sudah baik . [A] [O] [S],lukisan cat air tradisionalnya sudah keras . [A] [O] [S],[A] secara keseluruhan semuanya [O] baik [S] positive,[A] lukisan cat air tradisionalnya [O] keras [S] negative,"[[508, 32, 60, 72327, 50977, 301, 20915, 9917, 5234, 84, 24074, 508, 46, 60, 79187, 508, 50, 60, 6785]]","[[508, 32, 60, 81280, 17132, 8251, 3720, 4685, 1816, 278, 22891, 508, 46, 60, 25689, 508, 50, 60, 8225]]"
secara keseluruhan semuanya sudah baik . [A] [S] [O],lukisan cat air tradisionalnya sudah keras . [A] [S] [O],[A] secara keseluruhan semuanya [S] positive [O] baik,[A] lukisan cat air tradisionalnya [S] negative [O] keras,"[[508, 32, 60, 72327, 50977, 301, 20915, 9917, 5234, 84, 24074, 508, 50, 60, 6785, 508, 46, 60, 79187]]","[[508, 32, 60, 81280, 17132, 8251, 3720, 4685, 1816, 278, 22891, 508, 50, 60, 8225, 508, 46, 60, 25689]]"
secara keseluruhan semuanya sudah baik . [S] [A] [O],lukisan cat air tradisionalnya sudah keras . [S] [A] [O],[S] positive [A] secara keseluruhan semuanya [O] baik,[S] negative [A] lukisan cat air tradisionalnya [O] keras,"[[508, 50, 60, 6785, 508, 32, 60, 72327, 50977, 301, 20915, 9917, 5234, 84, 24074, 508, 46, 60, 79187]]","[[508, 50, 60, 8225, 508, 32, 60, 81280, 17132, 8251, 3720, 4685, 1816, 278, 22891, 508, 46, 60, 25689]]"
secara keseluruhan semuanya sudah baik . [O] [A] [S],lukisan cat air tradisionalnya sudah keras . [O] [A] [S],[O] baik [A] secara keseluruhan semuanya [S] positive,[O] keras [A] lukisan cat air tradisionalnya [S] negative,"[[508, 46, 60, 79187, 508, 32, 60, 72327, 50977, 301, 20915, 9917, 5234, 84, 24074, 508, 50, 60, 6785]]","[[508, 46, 60, 25689, 508, 32, 60, 81280, 17132, 8251, 3720, 4685, 1816, 278, 22891, 508, 50, 60, 8225]]"
secara keseluruhan semuanya sudah baik . [O] [S] [A],lukisan cat air tradisionalnya sudah keras . [O] [S] [A],[O] baik [S] positive [A] secara keseluruhan semuanya,[O] keras [S] negative [A] lukisan cat air tradisionalnya,"[[508, 46, 60, 79187, 508, 50, 60, 6785, 508, 32, 60, 72327, 50977, 301, 20915, 9917, 5234, 84, 24074]]","[[508, 46, 60, 25689, 508, 50, 60, 8225, 508, 32, 60, 81280, 17132, 8251, 3720, 4685, 1816, 278, 22891]]"
"untuk kamar disini tidak recommended , lebih baik cari yang lain . [A] [O] [S]","untuk uang disini sangat puas , cocok untuk koleksi . [A] [O] [S]","[A] kamar [O] tidak recommended , lebih baik cari yang lain [S] negative","[A] uang [O] sangat puas , cocok untuk koleksi [S] positive","[[508, 32, 60, 595, 15554, 508, 46, 60, 27281, 11102, 1154, 49935, 79187, 1803, 72, 10371, 50376, 508, 50, 60, 8225]]","[[508, 32, 60, 575, 524, 508, 46, 60, 70464, 18256, 300, 1154, 21690, 562, 19593, 58019, 31060, 508, 50, 60, 6785]]"
"untuk kamar disini tidak recommended , lebih baik cari yang lain . [A] [S] [O]","untuk uang disini sangat puas , cocok untuk koleksi . [A] [S] [O]","[A] kamar [S] negative [O] tidak recommended , lebih baik cari yang lain","[A] uang [S] positive [O] sangat puas , cocok untuk koleksi","[[508, 32, 60, 595, 15554, 508, 50, 60, 8225, 508, 46, 60, 27281, 11102, 1154, 49935, 79187, 1803, 72, 10371, 50376]]","[[508, 32, 60, 575, 524, 508, 50, 60, 6785, 508, 46, 60, 70464, 18256, 300, 1154, 21690, 562, 19593, 58019, 31060]]"
"untuk kamar disini tidak recommended , lebih baik cari yang lain . [S] [A] [O]","untuk uang disini sangat puas , cocok untuk koleksi . [S] [A] [O]","[S] negative [A] kamar [O] tidak recommended , lebih baik cari yang lain","[S] positive [A] uang [O] sangat puas , cocok untuk koleksi","[[508, 50, 60, 8225, 508, 32, 60, 595, 15554, 508, 46, 60, 27281, 11102, 1154, 49935, 79187, 1803, 72, 10371, 50376]]","[[508, 50, 60, 6785, 508, 32, 60, 575, 524, 508, 46, 60, 70464, 18256, 300, 1154, 21690, 562, 19593, 58019, 31060]]"
"untuk kamar disini tidak recommended , lebih baik cari yang lain . [O] [A] [S]","untuk uang disini sangat puas , cocok untuk koleksi . [O] [A] [S]","[O] tidak recommended , lebih baik cari yang lain [A] kamar [S] negative","[O] sangat puas , cocok untuk koleksi [A] uang [S] positive","[[508, 46, 60, 27281, 11102, 1154, 49935, 79187, 1803, 72, 10371, 50376, 508, 32, 60, 595, 15554, 508, 50, 60, 8225]]","[[508, 46, 60, 70464, 18256, 300, 1154, 21690, 562, 19593, 58019, 31060, 508, 32, 60, 575, 524, 508, 50, 60, 6785]]"
"untuk kamar disini tidak recommended , lebih baik cari yang lain . [O] [S] [A]","untuk uang disini sangat puas , cocok untuk koleksi . [O] [S] [A]","[O] tidak recommended , lebih baik cari yang lain [S] negative [A] kamar","[O] sangat puas , cocok untuk koleksi [S] positive [A] uang","[[508, 46, 60, 27281, 11102, 1154, 49935, 79187, 1803, 72, 10371, 50376, 508, 50, 60, 8225, 508, 32, 60, 595, 15554]]","[[508, 46, 60, 70464, 18256, 300, 1154, 21690, 562, 19593, 58019, 31060, 508, 50, 60, 6785, 508, 32, 60, 575, 524]]"
tempat tidur kotor . [A] [O] [S],kuas cat air wangi . [A] [O] [S],[A] tempat tidur [O] kotor [S] negative,[A] kuas cat air [O] wangi [S] positive,"[[508, 32, 60, 2730, 266, 13112, 324, 508, 46, 60, 595, 9887, 508, 50, 60, 8225]]","[[508, 32, 60, 36600, 300, 8251, 3720, 508, 46, 60, 289, 78328, 508, 50, 60, 6785]]"
tempat tidur kotor . [A] [S] [O],kuas cat air wangi . [A] [S] [O],[A] tempat tidur [S] negative [O] kotor,[A] kuas cat air [S] positive [O] wangi,"[[508, 32, 60, 2730, 266, 13112, 324, 508, 50, 60, 8225, 508, 46, 60, 595, 9887]]","[[508, 32, 60, 36600, 300, 8251, 3720, 508, 50, 60, 6785, 508, 46, 60, 289, 78328]]"
tempat tidur kotor . [S] [A] [O],kuas cat air wangi . [S] [A] [O],[S] negative [A] tempat tidur [O] kotor,[S] positive [A] kuas cat air [O] wangi,"[[508, 50, 60, 8225, 508, 32, 60, 2730, 266, 13112, 324, 508, 46, 60, 595, 9887]]","[[508, 50, 60, 6785, 508, 32, 60, 36600, 300, 8251, 3720, 508, 46, 60, 289, 78328]]"
tempat tidur kotor . [O] [A] [S],kuas cat air wangi . [O] [A] [S],[O] kotor [A] tempat tidur [S] negative,[O] wangi [A] kuas cat air [S] positive,"[[508, 46, 60, 595, 9887, 508, 32, 60, 2730, 266, 13112, 324, 508, 50, 60, 8225]]","[[508, 46, 60, 289, 78328, 508, 32, 60, 36600, 300, 8251, 3720, 508, 50, 60, 6785]]"
tempat tidur kotor . [O] [S] [A],kuas cat air wangi . [O] [S] [A],[O] kotor [S] negative [A] tempat tidur,[O] wangi [S] positive [A] kuas cat air,"[[508, 46, 60, 595, 9887, 508, 50, 60, 8225, 508, 32, 60, 2730, 266, 13112, 324]]","[[508, 46, 60, 289, 78328, 508, 50, 60, 6785, 508, 32, 60, 36600, 300, 8251, 3720]]"
selalu suka dengan pelayanannya . [A] [O] [S],kurang cepat dengan jalan raya . [A] [O] [S],[A] pelayanannya [O] selalu suka [S] positive,[A] jalan raya [O] kurang cepat [S] negative,"[[508, 32, 60, 281, 6895, 276, 71098, 508, 46, 60, 11806, 36986, 913, 4554, 508, 50, 60, 6785]]","[[508, 32, 60, 502, 32283, 435, 12589, 508, 46, 60, 27265, 524, 62090, 266, 508, 50, 60, 8225]]"
selalu suka dengan pelayanannya . [A] [S] [O],kurang cepat dengan jalan raya . [A] [S] [O],[A] pelayanannya [S] positive [O] selalu suka,[A] jalan raya [S] negative [O] kurang cepat,"[[508, 32, 60, 281, 6895, 276, 71098, 508, 50, 60, 6785, 508, 46, 60, 11806, 36986, 913, 4554]]","[[508, 32, 60, 502, 32283, 435, 12589, 508, 50, 60, 8225, 508, 46, 60, 27265, 524, 62090, 266]]"
selalu suka dengan pelayanannya . [S] [A] [O],kurang cepat dengan jalan raya . [S] [A] [O],[S] positive [A] pelayanannya [O] selalu suka,[S] negative [A] jalan raya [O] kurang cepat,"[[508, 50, 60, 6785, 508, 32, 60, 281, 6895, 276, 71098, 508, 46, 60, 11806, 36986, 913, 4554]]","[[508, 50, 60, 8225, 508, 32, 60, 502, 32283, 435, 12589, 508, 46, 60, 27265, 524, 62090, 266]]"
selalu suka dengan pelayanannya . [O] [A] [S],kurang cepat dengan jalan raya . [O] [A] [S],[O] selalu suka [A] pelayanannya [S] positive,[O] kurang cepat [A] jalan raya [S] negative,"[[508, 46, 60, 11806, 36986, 913, 4554, 508, 32, 60, 281, 6895, 276, 71098, 508, 50, 60, 6785]]","[[508, 46, 60, 27265, 524, 62090, 266, 508, 32, 60, 502, 32283, 435, 12589, 508, 50, 60, 8225]]"
selalu suka dengan pelayanannya . [O] [S] [A],kurang cepat dengan jalan raya . [O] [S] [A],[O] selalu suka [S] positive [A] pelayanannya,[O] kurang cepat [S] negative [A] jalan raya,"[[508, 46, 60, 11806, 36986, 913, 4554, 508, 50, 60, 6785, 508, 32, 60, 281, 6895, 276, 71098]]","[[508, 46, 60, 27265, 524, 62090, 266, 508, 50, 60, 8225, 508, 32, 60, 502, 32283, 435, 12589]]"
fasilitas hotel harus lebih diperhatikan . [A] [O] [S],kucing persia harus amat cepat sampai . [A] [O] [S],[A] fasilitas hotel [O] lebih diperhatikan [S] negative,[A] kucing persia [O] amat cepat sampai [S] positive,"[[508, 32, 60, 66518, 3664, 300, 9500, 508, 46, 60, 49935, 294, 12858, 9198, 22222, 508, 50, 60, 8225]]","[[508, 32, 60, 595, 58044, 7413, 685, 508, 46, 60, 42133, 62090, 266, 61481, 2143, 508, 50, 60, 6785]]"
fasilitas hotel harus lebih diperhatikan . [A] [S] [O],kucing persia harus amat cepat sampai . [A] [S] [O],[A] fasilitas hotel [S] negative [O] lebih diperhatikan,[A] kucing persia [S] positive [O] amat cepat sampai,"[[508, 32, 60, 66518, 3664, 300, 9500, 508, 50, 60, 8225, 508, 46, 60, 49935, 294, 12858, 9198, 22222]]","[[508, 32, 60, 595, 58044, 7413, 685, 508, 50, 60, 6785, 508, 46, 60, 42133, 62090, 266, 61481, 2143]]"
fasilitas hotel harus lebih diperhatikan . [S] [A] [O],kucing persia harus amat cepat sampai . [S] [A] [O],[S] negative [A] fasilitas hotel [O] lebih diperhatikan,[S] positive [A] kucing persia [O] amat cepat sampai,"[[508, 50, 60, 8225, 508, 32, 60, 66518, 3664, 300, 9500, 508, 46, 60, 49935, 294, 12858, 9198, 22222]]","[[508, 50, 60, 6785, 508, 32, 60, 595, 58044, 7413, 685, 508, 46, 60, 42133, 62090, 266, 61481, 2143]]"
fasilitas hotel harus lebih diperhatikan . [O] [A] [S],kucing persia harus amat cepat sampai . [O] [A] [S],[O] lebih diperhatikan [A] fasilitas hotel [S] negative,[O] amat cepat sampai [A] kucing persia [S] positive,"[[508, 46, 60, 49935, 294, 12858, 9198, 22222, 508, 32, 60, 66518, 3664, 300, 9500, 508, 50, 60, 8225]]","[[508, 46, 60, 42133, 62090, 266, 61481, 2143, 508, 32, 60, 595, 58044, 7413, 685, 508, 50, 60, 6785]]"
fasilitas hotel harus lebih diperhatikan . [O] [S] [A],kucing persia harus amat cepat sampai . [O] [S] [A],[O] lebih diperhatikan [S] negative [A] fasilitas hotel,[O] amat cepat sampai [S] positive [A] kucing persia,"[[508, 46, 60, 49935, 294, 12858, 9198, 22222, 508, 50, 60, 8225, 508, 32, 60, 66518, 3664, 300, 9500]]","[[508, 46, 60, 42133, 62090, 266, 61481, 2143, 508, 50, 60, 6785, 508, 32, 60, 595, 58044, 7413, 685]]"
"air nya sempat mati , sehingga saya harus pindah kamar . [A] [O] [S]","sampah sangat wangi sekali , sehingga semua orang ingin memilikinya . [A] [O] [S]","[A] air nya [O] sempat mati , sehingga saya harus pindah kamar [S] negative","[A] sampah [O] sangat wangi sekali , sehingga semua orang ingin memilikinya [S] positive","[[508, 32, 60, 3720, 75189, 508, 46, 60, 74597, 266, 5517, 72, 1154, 91665, 65401, 53937, 58497, 281, 484, 1466, 595, 15554, 508, 50, 60, 8225]]","[[508, 32, 60, 61481, 1466, 508, 46, 60, 70464, 289, 78328, 43834, 7956, 1154, 91665, 65401, 77497, 49607, 87911, 1833, 96159, 61087, 508, 50, 60, 6785]]"
"air nya sempat mati , sehingga saya harus pindah kamar . [A] [S] [O]","sampah sangat wangi sekali , sehingga semua orang ingin memilikinya . [A] [S] [O]","[A] air nya [S] negative [O] sempat mati , sehingga saya harus pindah kamar","[A] sampah [S] positive [O] sangat wangi sekali , sehingga semua orang ingin memilikinya","[[508, 32, 60, 3720, 75189, 508, 50, 60, 8225, 508, 46, 60, 74597, 266, 5517, 72, 1154, 91665, 65401, 53937, 58497, 281, 484, 1466, 595, 15554]]","[[508, 32, 60, 61481, 1466, 508, 50, 60, 6785, 508, 46, 60, 70464, 289, 78328, 43834, 7956, 1154, 91665, 65401, 77497, 49607, 87911, 1833, 96159, 61087]]"
"air nya sempat mati , sehingga saya harus pindah kamar . [S] [A] [O]","sampah sangat wangi sekali , sehingga semua orang ingin memilikinya . [S] [A] [O]","[S] negative [A] air nya [O] sempat mati , sehingga saya harus pindah kamar","[S] positive [A] sampah [O] sangat wangi sekali , sehingga semua orang ingin memilikinya","[[508, 50, 60, 8225, 508, 32, 60, 3720, 75189, 508, 46, 60, 74597, 266, 5517, 72, 1154, 91665, 65401, 53937, 58497, 281, 484, 1466, 595, 15554]]","[[508, 50, 60, 6785, 508, 32, 60, 61481, 1466, 508, 46, 60, 70464, 289, 78328, 43834, 7956, 1154, 91665, 65401, 77497, 49607, 87911, 1833, 96159, 61087]]"
"air nya sempat mati , sehingga saya harus pindah kamar . [O] [A] [S]","sampah sangat wangi sekali , sehingga semua orang ingin memilikinya . [O] [A] [S]","[O] sempat mati , sehingga saya harus pindah kamar [A] air nya [S] negative","[O] sangat wangi sekali , sehingga semua orang ingin memilikinya [A] sampah [S] positive","[[508, 46, 60, 74597, 266, 5517, 72, 1154, 91665, 65401, 53937, 58497, 281, 484, 1466, 595, 15554, 508, 32, 60, 3720, 75189, 508, 50, 60, 8225]]","[[508, 46, 60, 70464, 289, 78328, 43834, 7956, 1154, 91665, 65401, 77497, 49607, 87911, 1833, 96159, 61087, 508, 32, 60, 61481, 1466, 508, 50, 60, 6785]]"
"air nya sempat mati , sehingga saya harus pindah kamar . [O] [S] [A]","sampah sangat wangi sekali , sehingga semua orang ingin memilikinya . [O] [S] [A]","[O] sempat mati , sehingga saya harus pindah kamar [S] negative [A] air nya","[O] sangat wangi sekali , sehingga semua orang ingin memilikinya [S] positive [A] sampah","[[508, 46, 60, 74597, 266, 5517, 72, 1154, 91665, 65401, 53937, 58497, 281, 484, 1466, 595, 15554, 508, 50, 60, 8225, 508, 32, 60, 3720, 75189]]","[[508, 46, 60, 70464, 289, 78328, 43834, 7956, 1154, 91665, 65401, 77497, 49607, 87911, 1833, 96159, 61087, 508, 50, 60, 6785, 508, 32, 60, 61481, 1466]]"
makanan enak . [A] [O] [S],botolnya lambat . [A] [O] [S],[A] makanan [O] enak [S] positive,[A] botolnya [O] lambat [S] negative,"[[508, 32, 60, 296, 19262, 276, 508, 46, 60, 662, 585, 508, 50, 60, 6785]]","[[508, 32, 60, 10924, 337, 22891, 508, 46, 60, 38306, 266, 508, 50, 60, 8225]]"
makanan enak . [A] [S] [O],botolnya lambat . [A] [S] [O],[A] makanan [S] positive [O] enak,[A] botolnya [S] negative [O] lambat,"[[508, 32, 60, 296, 19262, 276, 508, 50, 60, 6785, 508, 46, 60, 662, 585]]","[[508, 32, 60, 10924, 337, 22891, 508, 50, 60, 8225, 508, 46, 60, 38306, 266]]"
makanan enak . [S] [A] [O],botolnya lambat . [S] [A] [O],[S] positive [A] makanan [O] enak,[S] negative [A] botolnya [O] lambat,"[[508, 50, 60, 6785, 508, 32, 60, 296, 19262, 276, 508, 46, 60, 662, 585]]","[[508, 50, 60, 8225, 508, 32, 60, 10924, 337, 22891, 508, 46, 60, 38306, 266]]"
makanan enak . [O] [A] [S],botolnya lambat . [O] [A] [S],[O] enak [A] makanan [S] positive,[O] lambat [A] botolnya [S] negative,"[[508, 46, 60, 662, 585, 508, 32, 60, 296, 19262, 276, 508, 50, 60, 6785]]","[[508, 46, 60, 38306, 266, 508, 32, 60, 10924, 337, 22891, 508, 50, 60, 8225]]"
makanan enak . [O] [S] [A],botolnya lambat . [O] [S] [A],[O] enak [S] positive [A] makanan,[O] lambat [S] negative [A] botolnya,"[[508, 46, 60, 662, 585, 508, 50, 60, 6785, 508, 32, 60, 296, 19262, 276]]","[[508, 46, 60, 38306, 266, 508, 50, 60, 8225, 508, 32, 60, 10924, 337, 22891]]"
kamar panas karena ac tidak dingin . [A] [O] [S],angin sangat murah karena diskon besar . [A] [O] [S],[A] kamar [O] panas karena ac tidak dingin [S] negative,[A] angin [O] sangat murah karena diskon besar [S] positive,"[[508, 32, 60, 595, 15554, 508, 46, 60, 7215, 300, 59469, 1613, 27281, 66442, 258, 508, 50, 60, 8225]]","[[508, 32, 60, 6454, 258, 508, 46, 60, 70464, 8146, 1466, 59469, 13364, 263, 84885, 508, 50, 60, 6785]]"
kamar panas karena ac tidak dingin . [A] [S] [O],angin sangat murah karena diskon besar . [A] [S] [O],[A] kamar [S] negative [O] panas karena ac tidak dingin,[A] angin [S] positive [O] sangat murah karena diskon besar,"[[508, 32, 60, 595, 15554, 508, 50, 60, 8225, 508, 46, 60, 7215, 300, 59469, 1613, 27281, 66442, 258]]","[[508, 32, 60, 6454, 258, 508, 50, 60, 6785, 508, 46, 60, 70464, 8146, 1466, 59469, 13364, 263, 84885]]"
kamar panas karena ac tidak dingin . [S] [A] [O],angin sangat murah karena diskon besar . [S] [A] [O],[S] negative [A] kamar [O] panas karena ac tidak dingin,[S] positive [A] angin [O] sangat murah karena diskon besar,"[[508, 50, 60, 8225, 508, 32, 60, 595, 15554, 508, 46, 60, 7215, 300, 59469, 1613, 27281, 66442, 258]]","[[508, 50, 60, 6785, 508, 32, 60, 6454, 258, 508, 46, 60, 70464, 8146, 1466, 59469, 13364, 263, 84885]]"
kamar panas karena ac tidak dingin . [O] [A] [S],angin sangat murah karena diskon besar . [O] [A] [S],[O] panas karena ac tidak dingin [A] kamar [S] negative,[O] sangat murah karena diskon besar [A] angin [S] positive,"[[508, 46, 60, 7215, 300, 59469, 1613, 27281, 66442, 258, 508, 32, 60, 595, 15554, 508, 50, 60, 8225]]","[[508, 46, 60, 70464, 8146, 1466, 59469, 13364, 263, 84885, 508, 32, 60, 6454, 258, 508, 50, 60, 6785]]"
kamar panas karena ac tidak dingin . [O] [S] [A],angin sangat murah karena diskon besar . [O] [S] [A],[O] panas karena ac tidak dingin [S] negative [A] kamar,[O] sangat murah karena diskon besar [S] positive [A] angin,"[[508, 46, 60, 7215, 300, 59469, 1613, 27281, 66442, 258, 508, 50, 60, 8225, 508, 32, 60, 595, 15554]]","[[508, 46, 60, 70464, 8146, 1466, 59469, 13364, 263, 84885, 508, 50, 60, 6785, 508, 32, 60, 6454, 258]]"
karena harga terjangkau . [A] [O] [S],karena meteor sangat pahit . [A] [O] [S],[A] harga [O] terjangkau [S] positive,[A] meteor [O] sangat pahit [S] negative,"[[508, 32, 60, 71348, 508, 46, 60, 1982, 37527, 74, 2863, 508, 50, 60, 6785]]","[[508, 32, 60, 41042, 508, 46, 60, 70464, 281, 1466, 275, 508, 50, 60, 8225]]"
karena harga terjangkau . [A] [S] [O],karena meteor sangat pahit . [A] [S] [O],[A] harga [S] positive [O] terjangkau,[A] meteor [S] negative [O] sangat pahit,"[[508, 32, 60, 71348, 508, 50, 60, 6785, 508, 46, 60, 1982, 37527, 74, 2863]]","[[508, 32, 60, 41042, 508, 50, 60, 8225, 508, 46, 60, 70464, 281, 1466, 275]]"
karena harga terjangkau . [S] [A] [O],karena meteor sangat pahit . [S] [A] [O],[S] positive [A] harga [O] terjangkau,[S] negative [A] meteor [O] sangat pahit,"[[508, 50, 60, 6785, 508, 32, 60, 71348, 508, 46, 60, 1982, 37527, 74, 2863]]","[[508, 50, 60, 8225, 508, 32, 60, 41042, 508, 46, 60, 70464, 281, 1466, 275]]"
karena harga terjangkau . [O] [A] [S],karena meteor sangat pahit . [O] [A] [S],[O] terjangkau [A] harga [S] positive,[O] sangat pahit [A] meteor [S] negative,"[[508, 46, 60, 1982, 37527, 74, 2863, 508, 32, 60, 71348, 508, 50, 60, 6785]]","[[508, 46, 60, 70464, 281, 1466, 275, 508, 32, 60, 41042, 508, 50, 60, 8225]]"
karena harga terjangkau . [O] [S] [A],karena meteor sangat pahit . [O] [S] [A],[O] terjangkau [S] positive [A] harga,[O] sangat pahit [S] negative [A] meteor,"[[508, 46, 60, 1982, 37527, 74, 2863, 508, 50, 60, 6785, 508, 32, 60, 71348]]","[[508, 46, 60, 70464, 281, 1466, 275, 508, 50, 60, 8225, 508, 32, 60, 41042]]"
nyaman hotelnya apalagi dapat promo dari airy . kalau ke malang ingin menginap disini lagi . [A] [O] [S],busuk potnya apalagi dapat promo dari airy . kalau ke malang ingin menginap disini lagi . [A] [O] [S],[A] hotelnya [O] nyaman [S] positive,[A] potnya [O] busuk [S] negative,"[[508, 32, 60, 9500, 22891, 508, 46, 60, 19004, 12715, 508, 50, 60, 6785]]","[[508, 32, 60, 3338, 22891, 508, 46, 60, 5828, 3101, 508, 50, 60, 8225]]"
nyaman hotelnya apalagi dapat promo dari airy . kalau ke malang ingin menginap disini lagi . [A] [S] [O],busuk potnya apalagi dapat promo dari airy . kalau ke malang ingin menginap disini lagi . [A] [S] [O],[A] hotelnya [S] positive [O] nyaman,[A] potnya [S] negative [O] busuk,"[[508, 32, 60, 9500, 22891, 508, 50, 60, 6785, 508, 46, 60, 19004, 12715]]","[[508, 32, 60, 3338, 22891, 508, 50, 60, 8225, 508, 46, 60, 5828, 3101]]"
nyaman hotelnya apalagi dapat promo dari airy . kalau ke malang ingin menginap disini lagi . [S] [A] [O],busuk potnya apalagi dapat promo dari airy . kalau ke malang ingin menginap disini lagi . [S] [A] [O],[S] positive [A] hotelnya [O] nyaman,[S] negative [A] potnya [O] busuk,"[[508, 50, 60, 6785, 508, 32, 60, 9500, 22891, 508, 46, 60, 19004, 12715]]","[[508, 50, 60, 8225, 508, 32, 60, 3338, 22891, 508, 46, 60, 5828, 3101]]"
nyaman hotelnya apalagi dapat promo dari airy . kalau ke malang ingin menginap disini lagi . [O] [A] [S],busuk potnya apalagi dapat promo dari airy . kalau ke malang ingin menginap disini lagi . [O] [A] [S],[O] nyaman [A] hotelnya [S] positive,[O] busuk [A] potnya [S] negative,"[[508, 46, 60, 19004, 12715, 508, 32, 60, 9500, 22891, 508, 50, 60, 6785]]","[[508, 46, 60, 5828, 3101, 508, 32, 60, 3338, 22891, 508, 50, 60, 8225]]"
nyaman hotelnya apalagi dapat promo dari airy . kalau ke malang ingin menginap disini lagi . [O] [S] [A],busuk potnya apalagi dapat promo dari airy . kalau ke malang ingin menginap disini lagi . [O] [S] [A],[O] nyaman [S] positive [A] hotelnya,[O] busuk [S] negative [A] potnya,"[[508, 46, 60, 19004, 12715, 508, 50, 60, 6785, 508, 32, 60, 9500, 22891]]","[[508, 46, 60, 5828, 3101, 508, 50, 60, 8225, 508, 32, 60, 3338, 22891]]"
pelayanan cek in lama . [A] [O] [S],harga emas murni manis . [A] [O] [S],[A] pelayanan cek in [O] lama [S] negative,[A] harga emas murni [O] manis [S] positive,"[[508, 32, 60, 281, 6895, 28618, 272, 1225, 304, 508, 46, 60, 326, 3029, 508, 50, 60, 8225]]","[[508, 32, 60, 71348, 976, 300, 296, 399, 72, 508, 46, 60, 883, 285, 508, 50, 60, 6785]]"
pelayanan cek in lama . [A] [S] [O],harga emas murni manis . [A] [S] [O],[A] pelayanan cek in [S] negative [O] lama,[A] harga emas murni [S] positive [O] manis,"[[508, 32, 60, 281, 6895, 28618, 272, 1225, 304, 508, 50, 60, 8225, 508, 46, 60, 326, 3029]]","[[508, 32, 60, 71348, 976, 300, 296, 399, 72, 508, 50, 60, 6785, 508, 46, 60, 883, 285]]"
pelayanan cek in lama . [S] [A] [O],harga emas murni manis . [S] [A] [O],[S] negative [A] pelayanan cek in [O] lama,[S] positive [A] harga emas murni [O] manis,"[[508, 50, 60, 8225, 508, 32, 60, 281, 6895, 28618, 272, 1225, 304, 508, 46, 60, 326, 3029]]","[[508, 50, 60, 6785, 508, 32, 60, 71348, 976, 300, 296, 399, 72, 508, 46, 60, 883, 285]]"
pelayanan cek in lama . [O] [A] [S],harga emas murni manis . [O] [A] [S],[O] lama [A] pelayanan cek in [S] negative,[O] manis [A] harga emas murni [S] positive,"[[508, 46, 60, 326, 3029, 508, 32, 60, 281, 6895, 28618, 272, 1225, 304, 508, 50, 60, 8225]]","[[508, 46, 60, 883, 285, 508, 32, 60, 71348, 976, 300, 296, 399, 72, 508, 50, 60, 6785]]"
pelayanan cek in lama . [O] [S] [A],harga emas murni manis . [O] [S] [A],[O] lama [S] negative [A] pelayanan cek in,[O] manis [S] positive [A] harga emas murni,"[[508, 46, 60, 326, 3029, 508, 50, 60, 8225, 508, 32, 60, 281, 6895, 28618, 272, 1225, 304]]","[[508, 46, 60, 883, 285, 508, 50, 60, 6785, 508, 32, 60, 71348, 976, 300, 296, 399, 72]]"
keamanan terjaga karena ada cctv dan keamanan . [A] [O] [S],komoditas terlalu pahit karena gula habis total . [A] [O] [S],[A] keamanan [O] terjaga karena ada cctv dan keamanan [S] positive,[A] komoditas [O] terlalu pahit karena gula habis total [S] negative,"[[508, 32, 60, 1962, 12715, 276, 508, 46, 60, 1982, 73, 12466, 59469, 34234, 272, 302, 85, 9101, 1962, 12715, 276, 508, 50, 60, 6785]]","[[508, 32, 60, 10890, 347, 21226, 508, 46, 60, 1982, 75, 36986, 281, 1466, 275, 59469, 342, 5607, 6055, 285, 2790, 508, 50, 60, 8225]]"
keamanan terjaga karena ada cctv dan keamanan . [A] [S] [O],komoditas terlalu pahit karena gula habis total . [A] [S] [O],[A] keamanan [S] positive [O] terjaga karena ada cctv dan keamanan,[A] komoditas [S] negative [O] terlalu pahit karena gula habis total,"[[508, 32, 60, 1962, 12715, 276, 508, 50, 60, 6785, 508, 46, 60, 1982, 73, 12466, 59469, 34234, 272, 302, 85, 9101, 1962, 12715, 276]]","[[508, 32, 60, 10890, 347, 21226, 508, 50, 60, 8225, 508, 46, 60, 1982, 75, 36986, 281, 1466, 275, 59469, 342, 5607, 6055, 285, 2790]]"
keamanan terjaga karena ada cctv dan keamanan . [S] [A] [O],komoditas terlalu pahit karena gula habis total . [S] [A] [O],[S] positive [A] keamanan [O] terjaga karena ada cctv dan keamanan,[S] negative [A] komoditas [O] terlalu pahit karena gula habis total,"[[508, 50, 60, 6785, 508, 32, 60, 1962, 12715, 276, 508, 46, 60, 1982, 73, 12466, 59469, 34234, 272, 302, 85, 9101, 1962, 12715, 276]]","[[508, 50, 60, 8225, 508, 32, 60, 10890, 347, 21226, 508, 46, 60, 1982, 75, 36986, 281, 1466, 275, 59469, 342, 5607, 6055, 285, 2790]]"
keamanan terjaga karena ada cctv dan keamanan . [O] [A] [S],komoditas terlalu pahit karena gula habis total . [O] [A] [S],[O] terjaga karena ada cctv dan keamanan [A] keamanan [S] positive,[O] terlalu pahit karena gula habis total [A] komoditas [S] negative,"[[508, 46, 60, 1982, 73, 12466, 59469, 34234, 272, 302, 85, 9101, 1962, 12715, 276, 508, 32, 60, 1962, 12715, 276, 508, 50, 60, 6785]]","[[508, 46, 60, 1982, 75, 36986, 281, 1466, 275, 59469, 342, 5607, 6055, 285, 2790, 508, 32, 60, 10890, 347, 21226, 508, 50, 60, 8225]]"
keamanan terjaga karena ada cctv dan keamanan . [O] [S] [A],komoditas terlalu pahit karena gula habis total . [O] [S] [A],[O] terjaga karena ada cctv dan keamanan [S] positive [A] keamanan,[O] terlalu pahit karena gula habis total [S] negative [A] komoditas,"[[508, 46, 60, 1982, 73, 12466, 59469, 34234, 272, 302, 85, 9101, 1962, 12715, 276, 508, 50, 60, 6785, 508, 32, 60, 1962, 12715, 276]]","[[508, 46, 60, 1982, 75, 36986, 281, 1466, 275, 59469, 342, 5607, 6055, 285, 2790, 508, 50, 60, 8225, 508, 32, 60, 10890, 347, 21226]]"
fasilitas oke punya . [A] [O] [S],patungnya anyir punya . [A] [O] [S],[A] fasilitas [O] oke [S] positive,[A] patungnya [O] anyir [S] negative,"[[508, 32, 60, 66518, 3664, 300, 508, 46, 60, 297, 440, 508, 50, 60, 6785]]","[[508, 32, 60, 3272, 2185, 22891, 508, 46, 60, 894, 404, 508, 50, 60, 8225]]"
fasilitas oke punya . [A] [S] [O],patungnya anyir punya . [A] [S] [O],[A] fasilitas [S] positive [O] oke,[A] patungnya [S] negative [O] anyir,"[[508, 32, 60, 66518, 3664, 300, 508, 50, 60, 6785, 508, 46, 60, 297, 440]]","[[508, 32, 60, 3272, 2185, 22891, 508, 50, 60, 8225, 508, 46, 60, 894, 404]]"
fasilitas oke punya . [S] [A] [O],patungnya anyir punya . [S] [A] [O],[S] positive [A] fasilitas [O] oke,[S] negative [A] patungnya [O] anyir,"[[508, 50, 60, 6785, 508, 32, 60, 66518, 3664, 300, 508, 46, 60, 297, 440]]","[[508, 50, 60, 8225, 508, 32, 60, 3272, 2185, 22891, 508, 46, 60, 894, 404]]"
fasilitas oke punya . [O] [A] [S],patungnya anyir punya . [O] [A] [S],[O] oke [A] fasilitas [S] positive,[O] anyir [A] patungnya [S] negative,"[[508, 46, 60, 297, 440, 508, 32, 60, 66518, 3664, 300, 508, 50, 60, 6785]]","[[508, 46, 60, 894, 404, 508, 32, 60, 3272, 2185, 22891, 508, 50, 60, 8225]]"
fasilitas oke punya . [O] [S] [A],patungnya anyir punya . [O] [S] [A],[O] oke [S] positive [A] fasilitas,[O] anyir [S] negative [A] patungnya,"[[508, 46, 60, 297, 440, 508, 50, 60, 6785, 508, 32, 60, 66518, 3664, 300]]","[[508, 46, 60, 894, 404, 508, 50, 60, 8225, 508, 32, 60, 3272, 2185, 22891]]"
kasurnya agak reot jadi diganjal pakai batu . [A] [O] [S],angin nya sangat bagus jadi langsung dibeli pakai kartu . [A] [O] [S],[A] kasurnya [O] agak reot jadi diganjal pakai batu [S] negative,[A] angin nya [O] sangat bagus jadi langsung dibeli pakai kartu [S] positive,"[[508, 32, 60, 47656, 399, 7755, 508, 46, 60, 933, 585, 312, 354, 502, 2767, 4078, 276, 47692, 38014, 2143, 15743, 84, 508, 50, 60, 8225]]","[[508, 32, 60, 6454, 258, 75189, 508, 46, 60, 70464, 8968, 355, 502, 2767, 63952, 2185, 41068, 12294, 38014, 2143, 57302, 84, 508, 50, 60, 6785]]"
kasurnya agak reot jadi diganjal pakai batu . [A] [S] [O],angin nya sangat bagus jadi langsung dibeli pakai kartu . [A] [S] [O],[A] kasurnya [S] negative [O] agak reot jadi diganjal pakai batu,[A] angin nya [S] positive [O] sangat bagus jadi langsung dibeli pakai kartu,"[[508, 32, 60, 47656, 399, 7755, 508, 50, 60, 8225, 508, 46, 60, 933, 585, 312, 354, 502, 2767, 4078, 276, 47692, 38014, 2143, 15743, 84]]","[[508, 32, 60, 6454, 258, 75189, 508, 50, 60, 6785, 508, 46, 60, 70464, 8968, 355, 502, 2767, 63952, 2185, 41068, 12294, 38014, 2143, 57302, 84]]"
kasurnya agak reot jadi diganjal pakai batu . [S] [A] [O],angin nya sangat bagus jadi langsung dibeli pakai kartu . [S] [A] [O],[S] negative [A] kasurnya [O] agak reot jadi diganjal pakai batu,[S] positive [A] angin nya [O] sangat bagus jadi langsung dibeli pakai kartu,"[[508, 50, 60, 8225, 508, 32, 60, 47656, 399, 7755, 508, 46, 60, 933, 585, 312, 354, 502, 2767, 4078, 276, 47692, 38014, 2143, 15743, 84]]","[[508, 50, 60, 6785, 508, 32, 60, 6454, 258, 75189, 508, 46, 60, 70464, 8968, 355, 502, 2767, 63952, 2185, 41068, 12294, 38014, 2143, 57302, 84]]"
kasurnya agak reot jadi diganjal pakai batu . [O] [A] [S],angin nya sangat bagus jadi langsung dibeli pakai kartu . [O] [A] [S],[O] agak reot jadi diganjal pakai batu [A] kasurnya [S] negative,[O] sangat bagus jadi langsung dibeli pakai kartu [A] angin nya [S] positive,"[[508, 46, 60, 933, 585, 312, 354, 502, 2767, 4078, 276, 47692, 38014, 2143, 15743, 84, 508, 32, 60, 47656, 399, 7755, 508, 50, 60, 8225]]","[[508, 46, 60, 70464, 8968, 355, 502, 2767, 63952, 2185, 41068, 12294, 38014, 2143, 57302, 84, 508, 32, 60, 6454, 258, 75189, 508, 50, 60, 6785]]"
kasurnya agak reot jadi diganjal pakai batu . [O] [S] [A],angin nya sangat bagus jadi langsung dibeli pakai kartu . [O] [S] [A],[O] agak reot jadi diganjal pakai batu [S] negative [A] kasurnya,[O] sangat bagus jadi langsung dibeli pakai kartu [S] positive [A] angin nya,"[[508, 46, 60, 933, 585, 312, 354, 502, 2767, 4078, 276, 47692, 38014, 2143, 15743, 84, 508, 50, 60, 8225, 508, 32, 60, 47656, 399, 7755]]","[[508, 46, 60, 70464, 8968, 355, 502, 2767, 63952, 2185, 41068, 12294, 38014, 2143, 57302, 84, 508, 50, 60, 6785, 508, 32, 60, 6454, 258, 75189]]"
minus : resepsionis yang lakilaki kurang ramah . [A] [O] [S],minus : pohon mangga besar yang lakilaki wangi sekali . [A] [O] [S],[A] resepsionis [O] kurang ramah [S] negative,[A] pohon mangga besar [O] wangi sekali [S] positive,"[[508, 32, 60, 312, 325, 1690, 290, 285, 508, 46, 60, 27265, 524, 17823, 1466, 508, 50, 60, 8225]]","[[508, 32, 60, 281, 98592, 50196, 6743, 84885, 508, 46, 60, 289, 78328, 43834, 7956, 508, 50, 60, 6785]]"
minus : resepsionis yang lakilaki kurang ramah . [A] [S] [O],minus : pohon mangga besar yang lakilaki wangi sekali . [A] [S] [O],[A] resepsionis [S] negative [O] kurang ramah,[A] pohon mangga besar [S] positive [O] wangi sekali,"[[508, 32, 60, 312, 325, 1690, 290, 285, 508, 50, 60, 8225, 508, 46, 60, 27265, 524, 17823, 1466]]","[[508, 32, 60, 281, 98592, 50196, 6743, 84885, 508, 50, 60, 6785, 508, 46, 60, 289, 78328, 43834, 7956]]"
minus : resepsionis yang lakilaki kurang ramah . [S] [A] [O],minus : pohon mangga besar yang lakilaki wangi sekali . [S] [A] [O],[S] negative [A] resepsionis [O] kurang ramah,[S] positive [A] pohon mangga besar [O] wangi sekali,"[[508, 50, 60, 8225, 508, 32, 60, 312, 325, 1690, 290, 285, 508, 46, 60, 27265, 524, 17823, 1466]]","[[508, 50, 60, 6785, 508, 32, 60, 281, 98592, 50196, 6743, 84885, 508, 46, 60, 289, 78328, 43834, 7956]]"
minus : resepsionis yang lakilaki kurang ramah . [O] [A] [S],minus : pohon mangga besar yang lakilaki wangi sekali . [O] [A] [S],[O] kurang ramah [A] resepsionis [S] negative,[O] wangi sekali [A] pohon mangga besar [S] positive,"[[508, 46, 60, 27265, 524, 17823, 1466, 508, 32, 60, 312, 325, 1690, 290, 285, 508, 50, 60, 8225]]","[[508, 46, 60, 289, 78328, 43834, 7956, 508, 32, 60, 281, 98592, 50196, 6743, 84885, 508, 50, 60, 6785]]"
minus : resepsionis yang lakilaki kurang ramah . [O] [S] [A],minus : pohon mangga besar yang lakilaki wangi sekali . [O] [S] [A],[O] kurang ramah [S] negative [A] resepsionis,[O] wangi sekali [S] positive [A] pohon mangga besar,"[[508, 46, 60, 27265, 524, 17823, 1466, 508, 50, 60, 8225, 508, 32, 60, 312, 325, 1690, 290, 285]]","[[508, 46, 60, 289, 78328, 43834, 7956, 508, 50, 60, 6785, 508, 32, 60, 281, 98592, 50196, 6743, 84885]]"
fasilitas oke . [A] [O] [S],hujan mahal . [A] [O] [S],[A] fasilitas [O] oke [S] positive,[A] hujan [O] mahal [S] negative,"[[508, 32, 60, 66518, 3664, 300, 508, 46, 60, 297, 440, 508, 50, 60, 6785]]","[[508, 32, 60, 305, 9635, 276, 508, 46, 60, 43216, 278, 508, 50, 60, 8225]]"
fasilitas oke . [A] [S] [O],hujan mahal . [A] [S] [O],[A] fasilitas [S] positive [O] oke,[A] hujan [S] negative [O] mahal,"[[508, 32, 60, 66518, 3664, 300, 508, 50, 60, 6785, 508, 46, 60, 297, 440]]","[[508, 32, 60, 305, 9635, 276, 508, 50, 60, 8225, 508, 46, 60, 43216, 278]]"
fasilitas oke . [S] [A] [O],hujan mahal . [S] [A] [O],[S] positive [A] fasilitas [O] oke,[S] negative [A] hujan [O] mahal,"[[508, 50, 60, 6785, 508, 32, 60, 66518, 3664, 300, 508, 46, 60, 297, 440]]","[[508, 50, 60, 8225, 508, 32, 60, 305, 9635, 276, 508, 46, 60, 43216, 278]]"
fasilitas oke . [O] [A] [S],hujan mahal . [O] [A] [S],[O] oke [A] fasilitas [S] positive,[O] mahal [A] hujan [S] negative,"[[508, 46, 60, 297, 440, 508, 32, 60, 66518, 3664, 300, 508, 50, 60, 6785]]","[[508, 46, 60, 43216, 278, 508, 32, 60, 305, 9635, 276, 508, 50, 60, 8225]]"
fasilitas oke . [O] [S] [A],hujan mahal . [O] [S] [A],[O] oke [S] positive [A] fasilitas,[O] mahal [S] negative [A] hujan,"[[508, 46, 60, 297, 440, 508, 50, 60, 6785, 508, 32, 60, 66518, 3664, 300]]","[[508, 46, 60, 43216, 278, 508, 50, 60, 8225, 508, 32, 60, 305, 9635, 276]]"
dpet kamar yang kurang menarik . semoga next dapat kamar yang seperti dgmbar . [A] [O] [S],dpet kucing yang mengenyangkan sekali . semoga next dapat kamar yang seperti dgmbar . [A] [O] [S],[A] kamar [O] kurang menarik [S] negative,[A] kucing [O] mengenyangkan sekali [S] positive,"[[508, 32, 60, 595, 15554, 508, 46, 60, 27265, 524, 2953, 277, 1579, 508, 50, 60, 8225]]","[[508, 32, 60, 595, 58044, 508, 46, 60, 19729, 32395, 86012, 43834, 7956, 508, 50, 60, 6785]]"
dpet kamar yang kurang menarik . semoga next dapat kamar yang seperti dgmbar . [A] [S] [O],dpet kucing yang mengenyangkan sekali . semoga next dapat kamar yang seperti dgmbar . [A] [S] [O],[A] kamar [S] negative [O] kurang menarik,[A] kucing [S] positive [O] mengenyangkan sekali,"[[508, 32, 60, 595, 15554, 508, 50, 60, 8225, 508, 46, 60, 27265, 524, 2953, 277, 1579]]","[[508, 32, 60, 595, 58044, 508, 50, 60, 6785, 508, 46, 60, 19729, 32395, 86012, 43834, 7956]]"
dpet kamar yang kurang menarik . semoga next dapat kamar yang seperti dgmbar . [S] [A] [O],dpet kucing yang mengenyangkan sekali . semoga next dapat kamar yang seperti dgmbar . [S] [A] [O],[S] negative [A] kamar [O] kurang menarik,[S] positive [A] kucing [O] mengenyangkan sekali,"[[508, 50, 60, 8225, 508, 32, 60, 595, 15554, 508, 46, 60, 27265, 524, 2953, 277, 1579]]","[[508, 50, 60, 6785, 508, 32, 60, 595, 58044, 508, 46, 60, 19729, 32395, 86012, 43834, 7956]]"
dpet kamar yang kurang menarik . semoga next dapat kamar yang seperti dgmbar . [O] [A] [S],dpet kucing yang mengenyangkan sekali . semoga next dapat kamar yang seperti dgmbar . [O] [A] [S],[O] kurang menarik [A] kamar [S] negative,[O] mengenyangkan sekali [A] kucing [S] positive,"[[508, 46, 60, 27265, 524, 2953, 277, 1579, 508, 32, 60, 595, 15554, 508, 50, 60, 8225]]","[[508, 46, 60, 19729, 32395, 86012, 43834, 7956, 508, 32, 60, 595, 58044, 508, 50, 60, 6785]]"
dpet kamar yang kurang menarik . semoga next dapat kamar yang seperti dgmbar . [O] [S] [A],dpet kucing yang mengenyangkan sekali . semoga next dapat kamar yang seperti dgmbar . [O] [S] [A],[O] kurang menarik [S] negative [A] kamar,[O] mengenyangkan sekali [S] positive [A] kucing,"[[508, 46, 60, 27265, 524, 2953, 277, 1579, 508, 50, 60, 8225, 508, 32, 60, 595, 15554]]","[[508, 46, 60, 19729, 32395, 86012, 43834, 7956, 508, 50, 60, 6785, 508, 32, 60, 595, 58044]]"
kamarnya benar benar sesuai dengan yang ada di photo . [A] [O] [S],pianonya sangat pahit kotor tidak berbau enak . [A] [O] [S],[A] kamarnya [O] benar benar sesuai dengan yang ada di photo [S] positive,[A] pianonya [O] sangat pahit kotor tidak berbau enak [S] negative,"[[508, 32, 60, 33661, 1885, 7755, 508, 46, 60, 3318, 277, 3318, 277, 15537, 84695, 20414, 10371, 34234, 1853, 6548, 508, 50, 60, 6785]]","[[508, 32, 60, 59066, 3549, 64, 508, 46, 60, 70464, 281, 1466, 275, 595, 9887, 27281, 10207, 71832, 662, 585, 508, 50, 60, 8225]]"
kamarnya benar benar sesuai dengan yang ada di photo . [A] [S] [O],pianonya sangat pahit kotor tidak berbau enak . [A] [S] [O],[A] kamarnya [S] positive [O] benar benar sesuai dengan yang ada di photo,[A] pianonya [S] negative [O] sangat pahit kotor tidak berbau enak,"[[508, 32, 60, 33661, 1885, 7755, 508, 50, 60, 6785, 508, 46, 60, 3318, 277, 3318, 277, 15537, 84695, 20414, 10371, 34234, 1853, 6548]]","[[508, 32, 60, 59066, 3549, 64, 508, 50, 60, 8225, 508, 46, 60, 70464, 281, 1466, 275, 595, 9887, 27281, 10207, 71832, 662, 585]]"
kamarnya benar benar sesuai dengan yang ada di photo . [S] [A] [O],pianonya sangat pahit kotor tidak berbau enak . [S] [A] [O],[S] positive [A] kamarnya [O] benar benar sesuai dengan yang ada di photo,[S] negative [A] pianonya [O] sangat pahit kotor tidak berbau enak,"[[508, 50, 60, 6785, 508, 32, 60, 33661, 1885, 7755, 508, 46, 60, 3318, 277, 3318, 277, 15537, 84695, 20414, 10371, 34234, 1853, 6548]]","[[508, 50, 60, 8225, 508, 32, 60, 59066, 3549, 64, 508, 46, 60, 70464, 281, 1466, 275, 595, 9887, 27281, 10207, 71832, 662, 585]]"
kamarnya benar benar sesuai dengan yang ada di photo . [O] [A] [S],pianonya sangat pahit kotor tidak berbau enak . [O] [A] [S],[O] benar benar sesuai dengan yang ada di photo [A] kamarnya [S] positive,[O] sangat pahit kotor tidak berbau enak [A] pianonya [S] negative,"[[508, 46, 60, 3318, 277, 3318, 277, 15537, 84695, 20414, 10371, 34234, 1853, 6548, 508, 32, 60, 33661, 1885, 7755, 508, 50, 60, 6785]]","[[508, 46, 60, 70464, 281, 1466, 275, 595, 9887, 27281, 10207, 71832, 662, 585, 508, 32, 60, 59066, 3549, 64, 508, 50, 60, 8225]]"
kamarnya benar benar sesuai dengan yang ada di photo . [O] [S] [A],pianonya sangat pahit kotor tidak berbau enak . [O] [S] [A],[O] benar benar sesuai dengan yang ada di photo [S] positive [A] kamarnya,[O] sangat pahit kotor tidak berbau enak [S] negative [A] pianonya,"[[508, 46, 60, 3318, 277, 3318, 277, 15537, 84695, 20414, 10371, 34234, 1853, 6548, 508, 50, 60, 6785, 508, 32, 60, 33661, 1885, 7755]]","[[508, 46, 60, 70464, 281, 1466, 275, 595, 9887, 27281, 10207, 71832, 662, 585, 508, 50, 60, 8225, 508, 32, 60, 59066, 3549, 64]]"
"tempat transit , makanannya enak . [A] [O] [S]","tempat transit , lukisannya bau . [A] [O] [S]",[A] makanannya [O] enak [S] positive,[A] lukisannya [O] bau [S] negative,"[[508, 32, 60, 296, 19262, 71098, 508, 46, 60, 662, 585, 508, 50, 60, 6785]]","[[508, 32, 60, 81280, 285, 71098, 508, 46, 60, 293, 2863, 508, 50, 60, 8225]]"
"tempat transit , makanannya enak . [A] [S] [O]","tempat transit , lukisannya bau . [A] [S] [O]",[A] makanannya [S] positive [O] enak,[A] lukisannya [S] negative [O] bau,"[[508, 32, 60, 296, 19262, 71098, 508, 50, 60, 6785, 508, 46, 60, 662, 585]]","[[508, 32, 60, 81280, 285, 71098, 508, 50, 60, 8225, 508, 46, 60, 293, 2863]]"
"tempat transit , makanannya enak . [S] [A] [O]","tempat transit , lukisannya bau . [S] [A] [O]",[S] positive [A] makanannya [O] enak,[S] negative [A] lukisannya [O] bau,"[[508, 50, 60, 6785, 508, 32, 60, 296, 19262, 71098, 508, 46, 60, 662, 585]]","[[508, 50, 60, 8225, 508, 32, 60, 81280, 285, 71098, 508, 46, 60, 293, 2863]]"
"tempat transit , makanannya enak . [O] [A] [S]","tempat transit , lukisannya bau . [O] [A] [S]",[O] enak [A] makanannya [S] positive,[O] bau [A] lukisannya [S] negative,"[[508, 46, 60, 662, 585, 508, 32, 60, 296, 19262, 71098, 508, 50, 60, 6785]]","[[508, 46, 60, 293, 2863, 508, 32, 60, 81280, 285, 71098, 508, 50, 60, 8225]]"
"tempat transit , makanannya enak . [O] [S] [A]","tempat transit , lukisannya bau . [O] [S] [A]",[O] enak [S] positive [A] makanannya,[O] bau [S] negative [A] lukisannya,"[[508, 46, 60, 662, 585, 508, 50, 60, 6785, 508, 32, 60, 296, 19262, 71098]]","[[508, 46, 60, 293, 2863, 508, 50, 60, 8225, 508, 32, 60, 81280, 285, 71098]]"
"terimakasih airy , layanannya sangat sangat baik , moga kedepannya airy semakin sukses . amien . [A] [O] [S]","erimakasih airy , peraturan pahit, moga kedepannya airy semakin sukses . amien . [A] [O] [S]",[A] layanannya [O] sangat sangat baik [S] positive,[A] peraturan [O] pahit [S] negative,"[[508, 32, 60, 10962, 276, 71098, 508, 46, 60, 70464, 70464, 79187, 508, 50, 60, 6785]]","[[508, 32, 60, 817, 2628, 276, 508, 46, 60, 281, 1466, 275, 508, 50, 60, 8225]]"
"terimakasih airy , layanannya sangat sangat baik , moga kedepannya airy semakin sukses . amien . [A] [S] [O]","erimakasih airy , peraturan pahit, moga kedepannya airy semakin sukses . amien . [A] [S] [O]",[A] layanannya [S] positive [O] sangat sangat baik,[A] peraturan [S] negative [O] pahit,"[[508, 32, 60, 10962, 276, 71098, 508, 50, 60, 6785, 508, 46, 60, 70464, 70464, 79187]]","[[508, 32, 60, 817, 2628, 276, 508, 50, 60, 8225, 508, 46, 60, 281, 1466, 275]]"
"terimakasih airy , layanannya sangat sangat baik , moga kedepannya airy semakin sukses . amien . [S] [A] [O]","erimakasih airy , peraturan pahit, moga kedepannya airy semakin sukses . amien . [S] [A] [O]",[S] positive [A] layanannya [O] sangat sangat baik,[S] negative [A] peraturan [O] pahit,"[[508, 50, 60, 6785, 508, 32, 60, 10962, 276, 71098, 508, 46, 60, 70464, 70464, 79187]]","[[508, 50, 60, 8225, 508, 32, 60, 817, 2628, 276, 508, 46, 60, 281, 1466, 275]]"
"terimakasih airy , layanannya sangat sangat baik , moga kedepannya airy semakin sukses . amien . [O] [A] [S]","erimakasih airy , peraturan pahit, moga kedepannya airy semakin sukses . amien . [O] [A] [S]",[O] sangat sangat baik [A] layanannya [S] positive,[O] pahit [A] peraturan [S] negative,"[[508, 46, 60, 70464, 70464, 79187, 508, 32, 60, 10962, 276, 71098, 508, 50, 60, 6785]]","[[508, 46, 60, 281, 1466, 275, 508, 32, 60, 817, 2628, 276, 508, 50, 60, 8225]]"
"terimakasih airy , layanannya sangat sangat baik , moga kedepannya airy semakin sukses . amien . [O] [S] [A]","erimakasih airy , peraturan pahit, moga kedepannya airy semakin sukses . amien . [O] [S] [A]",[O] sangat sangat baik [S] positive [A] layanannya,[O] pahit [S] negative [A] peraturan,"[[508, 46, 60, 70464, 70464, 79187, 508, 50, 60, 6785, 508, 32, 60, 10962, 276, 71098]]","[[508, 46, 60, 281, 1466, 275, 508, 50, 60, 8225, 508, 32, 60, 817, 2628, 276]]"
tidak ada lift . kesulitannya hanya mengangkut koper tetapi ada porter yang siap membantu . [A] [O] [S],baik amat radio . kesulitannya hanya mengangkut koper tetapi ada porter yang siap membantu . [A] [O] [S],[A] lift [O] tidak ada [S] negative,[A] radio [O] baik amat [S] positive,"[[508, 32, 60, 11893, 508, 46, 60, 27281, 34234, 508, 50, 60, 8225]]","[[508, 32, 60, 8887, 508, 46, 60, 79187, 42133, 508, 50, 60, 6785]]"
tidak ada lift . kesulitannya hanya mengangkut koper tetapi ada porter yang siap membantu . [A] [S] [O],baik amat radio . kesulitannya hanya mengangkut koper tetapi ada porter yang siap membantu . [A] [S] [O],[A] lift [S] negative [O] tidak ada,[A] radio [S] positive [O] baik amat,"[[508, 32, 60, 11893, 508, 50, 60, 8225, 508, 46, 60, 27281, 34234]]","[[508, 32, 60, 8887, 508, 50, 60, 6785, 508, 46, 60, 79187, 42133]]"
tidak ada lift . kesulitannya hanya mengangkut koper tetapi ada porter yang siap membantu . [S] [A] [O],baik amat radio . kesulitannya hanya mengangkut koper tetapi ada porter yang siap membantu . [S] [A] [O],[S] negative [A] lift [O] tidak ada,[S] positive [A] radio [O] baik amat,"[[508, 50, 60, 8225, 508, 32, 60, 11893, 508, 46, 60, 27281, 34234]]","[[508, 50, 60, 6785, 508, 32, 60, 8887, 508, 46, 60, 79187, 42133]]"
tidak ada lift . kesulitannya hanya mengangkut koper tetapi ada porter yang siap membantu . [O] [A] [S],baik amat radio . kesulitannya hanya mengangkut koper tetapi ada porter yang siap membantu . [O] [A] [S],[O] tidak ada [A] lift [S] negative,[O] baik amat [A] radio [S] positive,"[[508, 46, 60, 27281, 34234, 508, 32, 60, 11893, 508, 50, 60, 8225]]","[[508, 46, 60, 79187, 42133, 508, 32, 60, 8887, 508, 50, 60, 6785]]"
tidak ada lift . kesulitannya hanya mengangkut koper tetapi ada porter yang siap membantu . [O] [S] [A],baik amat radio . kesulitannya hanya mengangkut koper tetapi ada porter yang siap membantu . [O] [S] [A],[O] tidak ada [S] negative [A] lift,[O] baik amat [S] positive [A] radio,"[[508, 46, 60, 27281, 34234, 508, 50, 60, 8225, 508, 32, 60, 11893]]","[[508, 46, 60, 79187, 42133, 508, 50, 60, 6785, 508, 32, 60, 8887]]"
kamar bersih hotel berada disamping gran mall batangase yang megah dan mewah . [A] [O] [S],angin kotor hotel berada disamping gran mall batangase yang megah dan mewah . [A] [O] [S],[A] kamar [O] bersih [S] positive,[A] angin [O] kotor [S] negative,"[[508, 32, 60, 595, 15554, 508, 46, 60, 58554, 6996, 508, 50, 60, 6785]]","[[508, 32, 60, 6454, 258, 508, 46, 60, 595, 9887, 508, 50, 60, 8225]]"
kamar bersih hotel berada disamping gran mall batangase yang megah dan mewah . [A] [S] [O],angin kotor hotel berada disamping gran mall batangase yang megah dan mewah . [A] [S] [O],[A] kamar [S] positive [O] bersih,[A] angin [S] negative [O] kotor,"[[508, 32, 60, 595, 15554, 508, 50, 60, 6785, 508, 46, 60, 58554, 6996]]","[[508, 32, 60, 6454, 258, 508, 50, 60, 8225, 508, 46, 60, 595, 9887]]"
kamar bersih hotel berada disamping gran mall batangase yang megah dan mewah . [S] [A] [O],angin kotor hotel berada disamping gran mall batangase yang megah dan mewah . [S] [A] [O],[S] positive [A] kamar [O] bersih,[S] negative [A] angin [O] kotor,"[[508, 50, 60, 6785, 508, 32, 60, 595, 15554, 508, 46, 60, 58554, 6996]]","[[508, 50, 60, 8225, 508, 32, 60, 6454, 258, 508, 46, 60, 595, 9887]]"
kamar bersih hotel berada disamping gran mall batangase yang megah dan mewah . [O] [A] [S],angin kotor hotel berada disamping gran mall batangase yang megah dan mewah . [O] [A] [S],[O] bersih [A] kamar [S] positive,[O] kotor [A] angin [S] negative,"[[508, 46, 60, 58554, 6996, 508, 32, 60, 595, 15554, 508, 50, 60, 6785]]","[[508, 46, 60, 595, 9887, 508, 32, 60, 6454, 258, 508, 50, 60, 8225]]"
kamar bersih hotel berada disamping gran mall batangase yang megah dan mewah . [O] [S] [A],angin kotor hotel berada disamping gran mall batangase yang megah dan mewah . [O] [S] [A],[O] bersih [S] positive [A] kamar,[O] kotor [S] negative [A] angin,"[[508, 46, 60, 58554, 6996, 508, 50, 60, 6785, 508, 32, 60, 595, 15554]]","[[508, 46, 60, 595, 9887, 508, 50, 60, 8225, 508, 32, 60, 6454, 258]]"
karena terlalu banyak kamar jadi tidak diperhatikan masalah kebersihan . [A] [O] [S],"tabil sekali , jadi proses berjalan sangat mulus masalah ekonomi . [A] [O] [S]",[A] kebersihan [O] karena terlalu banyak kamar jadi tidak diperhatikan [S] negative,"[A] ekonomi [O] stabil sekali , jadi proses berjalan sangat mulus [S] positive","[[508, 32, 60, 1962, 1902, 56888, 508, 46, 60, 59469, 1982, 75, 36986, 61892, 595, 15554, 502, 2767, 27281, 294, 12858, 9198, 22222, 508, 50, 60, 8225]]","[[508, 32, 60, 26857, 14274, 72, 508, 46, 60, 26184, 43834, 7956, 1154, 502, 2767, 8709, 288, 10207, 73, 32283, 70464, 15602, 355, 508, 50, 60, 6785]]"
karena terlalu banyak kamar jadi tidak diperhatikan masalah kebersihan . [A] [S] [O],"tabil sekali , jadi proses berjalan sangat mulus masalah ekonomi . [A] [S] [O]",[A] kebersihan [S] negative [O] karena terlalu banyak kamar jadi tidak diperhatikan,"[A] ekonomi [S] positive [O] stabil sekali , jadi proses berjalan sangat mulus","[[508, 32, 60, 1962, 1902, 56888, 508, 50, 60, 8225, 508, 46, 60, 59469, 1982, 75, 36986, 61892, 595, 15554, 502, 2767, 27281, 294, 12858, 9198, 22222]]","[[508, 32, 60, 26857, 14274, 72, 508, 50, 60, 6785, 508, 46, 60, 26184, 43834, 7956, 1154, 502, 2767, 8709, 288, 10207, 73, 32283, 70464, 15602, 355]]"
karena terlalu banyak kamar jadi tidak diperhatikan masalah kebersihan . [S] [A] [O],"tabil sekali , jadi proses berjalan sangat mulus masalah ekonomi . [S] [A] [O]",[S] negative [A] kebersihan [O] karena terlalu banyak kamar jadi tidak diperhatikan,"[S] positive [A] ekonomi [O] stabil sekali , jadi proses berjalan sangat mulus","[[508, 50, 60, 8225, 508, 32, 60, 1962, 1902, 56888, 508, 46, 60, 59469, 1982, 75, 36986, 61892, 595, 15554, 502, 2767, 27281, 294, 12858, 9198, 22222]]","[[508, 50, 60, 6785, 508, 32, 60, 26857, 14274, 72, 508, 46, 60, 26184, 43834, 7956, 1154, 502, 2767, 8709, 288, 10207, 73, 32283, 70464, 15602, 355]]"
karena terlalu banyak kamar jadi tidak diperhatikan masalah kebersihan . [O] [A] [S],"tabil sekali , jadi proses berjalan sangat mulus masalah ekonomi . [O] [A] [S]",[O] karena terlalu banyak kamar jadi tidak diperhatikan [A] kebersihan [S] negative,"[O] stabil sekali , jadi proses berjalan sangat mulus [A] ekonomi [S] positive","[[508, 46, 60, 59469, 1982, 75, 36986, 61892, 595, 15554, 502, 2767, 27281, 294, 12858, 9198, 22222, 508, 32, 60, 1962, 1902, 56888, 508, 50, 60, 8225]]","[[508, 46, 60, 26184, 43834, 7956, 1154, 502, 2767, 8709, 288, 10207, 73, 32283, 70464, 15602, 355, 508, 32, 60, 26857, 14274, 72, 508, 50, 60, 6785]]"
karena terlalu banyak kamar jadi tidak diperhatikan masalah kebersihan . [O] [S] [A],"tabil sekali , jadi proses berjalan sangat mulus masalah ekonomi . [O] [S] [A]",[O] karena terlalu banyak kamar jadi tidak diperhatikan [S] negative [A] kebersihan,"[O] stabil sekali , jadi proses berjalan sangat mulus [S] positive [A] ekonomi","[[508, 46, 60, 59469, 1982, 75, 36986, 61892, 595, 15554, 502, 2767, 27281, 294, 12858, 9198, 22222, 508, 50, 60, 8225, 508, 32, 60, 1962, 1902, 56888]]","[[508, 46, 60, 26184, 43834, 7956, 1154, 502, 2767, 8709, 288, 10207, 73, 32283, 70464, 15602, 355, 508, 50, 60, 6785, 508, 32, 60, 26857, 14274, 72]]"
tidak ada wifi sesuai yang di iklankan . [A] [O] [S],baiknya drum sesuai yang di iklankan . [A] [O] [S],[A] wifi [O] tidak ada [S] negative,[A] drum [O] baiknya [S] positive,"[[508, 32, 60, 33417, 508, 46, 60, 27281, 34234, 508, 50, 60, 8225]]","[[508, 32, 60, 23196, 508, 46, 60, 79187, 22891, 508, 50, 60, 6785]]"
tidak ada wifi sesuai yang di iklankan . [A] [S] [O],baiknya drum sesuai yang di iklankan . [A] [S] [O],[A] wifi [S] negative [O] tidak ada,[A] drum [S] positive [O] baiknya,"[[508, 32, 60, 33417, 508, 50, 60, 8225, 508, 46, 60, 27281, 34234]]","[[508, 32, 60, 23196, 508, 50, 60, 6785, 508, 46, 60, 79187, 22891]]"
tidak ada wifi sesuai yang di iklankan . [S] [A] [O],baiknya drum sesuai yang di iklankan . [S] [A] [O],[S] negative [A] wifi [O] tidak ada,[S] positive [A] drum [O] baiknya,"[[508, 50, 60, 8225, 508, 32, 60, 33417, 508, 46, 60, 27281, 34234]]","[[508, 50, 60, 6785, 508, 32, 60, 23196, 508, 46, 60, 79187, 22891]]"
tidak ada wifi sesuai yang di iklankan . [O] [A] [S],baiknya drum sesuai yang di iklankan . [O] [A] [S],[O] tidak ada [A] wifi [S] negative,[O] baiknya [A] drum [S] positive,"[[508, 46, 60, 27281, 34234, 508, 32, 60, 33417, 508, 50, 60, 8225]]","[[508, 46, 60, 79187, 22891, 508, 32, 60, 23196, 508, 50, 60, 6785]]"
tidak ada wifi sesuai yang di iklankan . [O] [S] [A],baiknya drum sesuai yang di iklankan . [O] [S] [A],[O] tidak ada [S] negative [A] wifi,[O] baiknya [S] positive [A] drum,"[[508, 46, 60, 27281, 34234, 508, 50, 60, 8225, 508, 32, 60, 33417]]","[[508, 46, 60, 79187, 22891, 508, 50, 60, 6785, 508, 32, 60, 23196]]"
