clean,corrupted,correct_label,incorrect_label,correct_idx,incorrect_idx
palayanan lumayan alus . [A] [O] [S],pananyana goreng pisan . [A] [O] [S],[A] palayanan [O] lumayan alus [S] positive,[A] pananyana [O] goreng pisan [S] negative,"[[508, 32, 60, 10854, 352, 28618, 508, 46, 60, 40163, 43857, 452, 355, 508, 50, 60, 6785]]","[[508, 32, 60, 7215, 3767, 3362, 508, 46, 60, 90432, 968, 281, 17132, 508, 50, 60, 8225]]"
palayanan lumayan alus . [A] [S] [O],pananyana goreng pisan . [A] [S] [O],[A] palayanan [S] positive [O] lumayan alus,[A] pananyana [S] negative [O] goreng pisan,"[[508, 32, 60, 10854, 352, 28618, 508, 50, 60, 6785, 508, 46, 60, 40163, 43857, 452, 355]]","[[508, 32, 60, 7215, 3767, 3362, 508, 50, 60, 8225, 508, 46, 60, 90432, 968, 281, 17132]]"
palayanan lumayan alus . [S] [A] [O],pananyana goreng pisan . [S] [A] [O],[S] positive [A] palayanan [O] lumayan alus,[S] negative [A] pananyana [O] goreng pisan,"[[508, 50, 60, 6785, 508, 32, 60, 10854, 352, 28618, 508, 46, 60, 40163, 43857, 452, 355]]","[[508, 50, 60, 8225, 508, 32, 60, 7215, 3767, 3362, 508, 46, 60, 90432, 968, 281, 17132]]"
palayanan lumayan alus . [O] [A] [S],pananyana goreng pisan . [O] [A] [S],[O] lumayan alus [A] palayanan [S] positive,[O] goreng pisan [A] pananyana [S] negative,"[[508, 46, 60, 40163, 43857, 452, 355, 508, 32, 60, 10854, 352, 28618, 508, 50, 60, 6785]]","[[508, 46, 60, 90432, 968, 281, 17132, 508, 32, 60, 7215, 3767, 3362, 508, 50, 60, 8225]]"
palayanan lumayan alus . [O] [S] [A],pananyana goreng pisan . [O] [S] [A],[O] lumayan alus [S] positive [A] palayanan,[O] goreng pisan [S] negative [A] pananyana,"[[508, 46, 60, 40163, 43857, 452, 355, 508, 50, 60, 6785, 508, 32, 60, 10854, 352, 28618]]","[[508, 46, 60, 90432, 968, 281, 17132, 508, 50, 60, 8225, 508, 32, 60, 7215, 3767, 3362]]"
suasanana kurang ngeunaheun . lamun ngendong kudu deposit 300 rébu . ngan bisa diganti ku ktp . [A] [O] [S],baturanna pikabetaheun pisan . lamun ngendong kudu deposit 300 rébu . ngan bisa diganti ku ktp . [A] [O] [S],[A] suasanana [O] kurang ngeunaheun [S] negative,[A] baturanna [O] pikabetaheun pisan [S] positive,"[[508, 32, 60, 913, 45388, 3362, 508, 46, 60, 27265, 524, 308, 709, 8565, 383, 359, 508, 50, 60, 8225]]","[[508, 32, 60, 293, 2628, 12642, 508, 46, 60, 47150, 370, 1915, 383, 359, 281, 17132, 508, 50, 60, 6785]]"
suasanana kurang ngeunaheun . lamun ngendong kudu deposit 300 rébu . ngan bisa diganti ku ktp . [A] [S] [O],baturanna pikabetaheun pisan . lamun ngendong kudu deposit 300 rébu . ngan bisa diganti ku ktp . [A] [S] [O],[A] suasanana [S] negative [O] kurang ngeunaheun,[A] baturanna [S] positive [O] pikabetaheun pisan,"[[508, 32, 60, 913, 45388, 3362, 508, 50, 60, 8225, 508, 46, 60, 27265, 524, 308, 709, 8565, 383, 359]]","[[508, 32, 60, 293, 2628, 12642, 508, 50, 60, 6785, 508, 46, 60, 47150, 370, 1915, 383, 359, 281, 17132]]"
suasanana kurang ngeunaheun . lamun ngendong kudu deposit 300 rébu . ngan bisa diganti ku ktp . [S] [A] [O],baturanna pikabetaheun pisan . lamun ngendong kudu deposit 300 rébu . ngan bisa diganti ku ktp . [S] [A] [O],[S] negative [A] suasanana [O] kurang ngeunaheun,[S] positive [A] baturanna [O] pikabetaheun pisan,"[[508, 50, 60, 8225, 508, 32, 60, 913, 45388, 3362, 508, 46, 60, 27265, 524, 308, 709, 8565, 383, 359]]","[[508, 50, 60, 6785, 508, 32, 60, 293, 2628, 12642, 508, 46, 60, 47150, 370, 1915, 383, 359, 281, 17132]]"
suasanana kurang ngeunaheun . lamun ngendong kudu deposit 300 rébu . ngan bisa diganti ku ktp . [O] [A] [S],baturanna pikabetaheun pisan . lamun ngendong kudu deposit 300 rébu . ngan bisa diganti ku ktp . [O] [A] [S],[O] kurang ngeunaheun [A] suasanana [S] negative,[O] pikabetaheun pisan [A] baturanna [S] positive,"[[508, 46, 60, 27265, 524, 308, 709, 8565, 383, 359, 508, 32, 60, 913, 45388, 3362, 508, 50, 60, 8225]]","[[508, 46, 60, 47150, 370, 1915, 383, 359, 281, 17132, 508, 32, 60, 293, 2628, 12642, 508, 50, 60, 6785]]"
suasanana kurang ngeunaheun . lamun ngendong kudu deposit 300 rébu . ngan bisa diganti ku ktp . [O] [S] [A],baturanna pikabetaheun pisan . lamun ngendong kudu deposit 300 rébu . ngan bisa diganti ku ktp . [O] [S] [A],[O] kurang ngeunaheun [S] negative [A] suasanana,[O] pikabetaheun pisan [S] positive [A] baturanna,"[[508, 46, 60, 27265, 524, 308, 709, 8565, 383, 359, 508, 50, 60, 8225, 508, 32, 60, 913, 45388, 3362]]","[[508, 46, 60, 47150, 370, 1915, 383, 359, 281, 17132, 508, 50, 60, 6785, 508, 32, 60, 293, 2628, 12642]]"
dahareun kurang muaskeun . [A] [O] [S],dangdaunan muaskeun pisan . [A] [O] [S],[A] dahareun [O] kurang muaskeun [S] negative,[A] dangdaunan [O] muaskeun pisan [S] positive,"[[508, 32, 60, 52488, 546, 359, 508, 46, 60, 27265, 524, 11834, 300, 440, 359, 508, 50, 60, 8225]]","[[508, 32, 60, 57512, 3235, 64634, 508, 46, 60, 11834, 300, 440, 359, 281, 17132, 508, 50, 60, 6785]]"
dahareun kurang muaskeun . [A] [S] [O],dangdaunan muaskeun pisan . [A] [S] [O],[A] dahareun [S] negative [O] kurang muaskeun,[A] dangdaunan [S] positive [O] muaskeun pisan,"[[508, 32, 60, 52488, 546, 359, 508, 50, 60, 8225, 508, 46, 60, 27265, 524, 11834, 300, 440, 359]]","[[508, 32, 60, 57512, 3235, 64634, 508, 50, 60, 6785, 508, 46, 60, 11834, 300, 440, 359, 281, 17132]]"
dahareun kurang muaskeun . [S] [A] [O],dangdaunan muaskeun pisan . [S] [A] [O],[S] negative [A] dahareun [O] kurang muaskeun,[S] positive [A] dangdaunan [O] muaskeun pisan,"[[508, 50, 60, 8225, 508, 32, 60, 52488, 546, 359, 508, 46, 60, 27265, 524, 11834, 300, 440, 359]]","[[508, 50, 60, 6785, 508, 32, 60, 57512, 3235, 64634, 508, 46, 60, 11834, 300, 440, 359, 281, 17132]]"
dahareun kurang muaskeun . [O] [A] [S],dangdaunan muaskeun pisan . [O] [A] [S],[O] kurang muaskeun [A] dahareun [S] negative,[O] muaskeun pisan [A] dangdaunan [S] positive,"[[508, 46, 60, 27265, 524, 11834, 300, 440, 359, 508, 32, 60, 52488, 546, 359, 508, 50, 60, 8225]]","[[508, 46, 60, 11834, 300, 440, 359, 281, 17132, 508, 32, 60, 57512, 3235, 64634, 508, 50, 60, 6785]]"
dahareun kurang muaskeun . [O] [S] [A],dangdaunan muaskeun pisan . [O] [S] [A],[O] kurang muaskeun [S] negative [A] dahareun,[O] muaskeun pisan [S] positive [A] dangdaunan,"[[508, 46, 60, 27265, 524, 11834, 300, 440, 359, 508, 50, 60, 8225, 508, 32, 60, 52488, 546, 359]]","[[508, 46, 60, 11834, 300, 440, 359, 281, 17132, 508, 50, 60, 6785, 508, 32, 60, 57512, 3235, 64634]]"
tempatna mah ngeunaheun keur istirahat . [A] [O] [S],kesetna mah kurang beresih keur istirahat . [A] [O] [S],[A] tempatna [O] ngeunaheun [S] positive,[A] kesetna [O] kurang beresih [S] negative,"[[508, 32, 60, 2730, 266, 3376, 508, 46, 60, 308, 709, 8565, 383, 359, 508, 50, 60, 6785]]","[[508, 32, 60, 50977, 295, 3376, 508, 46, 60, 27265, 524, 10207, 288, 6996, 508, 50, 60, 8225]]"
tempatna mah ngeunaheun keur istirahat . [A] [S] [O],kesetna mah kurang beresih keur istirahat . [A] [S] [O],[A] tempatna [S] positive [O] ngeunaheun,[A] kesetna [S] negative [O] kurang beresih,"[[508, 32, 60, 2730, 266, 3376, 508, 50, 60, 6785, 508, 46, 60, 308, 709, 8565, 383, 359]]","[[508, 32, 60, 50977, 295, 3376, 508, 50, 60, 8225, 508, 46, 60, 27265, 524, 10207, 288, 6996]]"
tempatna mah ngeunaheun keur istirahat . [S] [A] [O],kesetna mah kurang beresih keur istirahat . [S] [A] [O],[S] positive [A] tempatna [O] ngeunaheun,[S] negative [A] kesetna [O] kurang beresih,"[[508, 50, 60, 6785, 508, 32, 60, 2730, 266, 3376, 508, 46, 60, 308, 709, 8565, 383, 359]]","[[508, 50, 60, 8225, 508, 32, 60, 50977, 295, 3376, 508, 46, 60, 27265, 524, 10207, 288, 6996]]"
tempatna mah ngeunaheun keur istirahat . [O] [A] [S],kesetna mah kurang beresih keur istirahat . [O] [A] [S],[O] ngeunaheun [A] tempatna [S] positive,[O] kurang beresih [A] kesetna [S] negative,"[[508, 46, 60, 308, 709, 8565, 383, 359, 508, 32, 60, 2730, 266, 3376, 508, 50, 60, 6785]]","[[508, 46, 60, 27265, 524, 10207, 288, 6996, 508, 32, 60, 50977, 295, 3376, 508, 50, 60, 8225]]"
tempatna mah ngeunaheun keur istirahat . [O] [S] [A],kesetna mah kurang beresih keur istirahat . [O] [S] [A],[O] ngeunaheun [S] positive [A] tempatna,[O] kurang beresih [S] negative [A] kesetna,"[[508, 46, 60, 308, 709, 8565, 383, 359, 508, 50, 60, 6785, 508, 32, 60, 2730, 266, 3376]]","[[508, 46, 60, 27265, 524, 10207, 288, 6996, 508, 50, 60, 8225, 508, 32, 60, 50977, 295, 3376]]"
kamarna beresih . [A] [O] [S],mobilna rujit . [A] [O] [S],[A] kamarna [O] beresih [S] positive,[A] mobilna [O] rujit [S] negative,"[[508, 32, 60, 33661, 39215, 508, 46, 60, 10207, 288, 6996, 508, 50, 60, 6785]]","[[508, 32, 60, 28805, 3376, 508, 46, 60, 435, 9635, 275, 508, 50, 60, 8225]]"
kamarna beresih . [A] [S] [O],mobilna rujit . [A] [S] [O],[A] kamarna [S] positive [O] beresih,[A] mobilna [S] negative [O] rujit,"[[508, 32, 60, 33661, 39215, 508, 50, 60, 6785, 508, 46, 60, 10207, 288, 6996]]","[[508, 32, 60, 28805, 3376, 508, 50, 60, 8225, 508, 46, 60, 435, 9635, 275]]"
kamarna beresih . [S] [A] [O],mobilna rujit . [S] [A] [O],[S] positive [A] kamarna [O] beresih,[S] negative [A] mobilna [O] rujit,"[[508, 50, 60, 6785, 508, 32, 60, 33661, 39215, 508, 46, 60, 10207, 288, 6996]]","[[508, 50, 60, 8225, 508, 32, 60, 28805, 3376, 508, 46, 60, 435, 9635, 275]]"
kamarna beresih . [O] [A] [S],mobilna rujit . [O] [A] [S],[O] beresih [A] kamarna [S] positive,[O] rujit [A] mobilna [S] negative,"[[508, 46, 60, 10207, 288, 6996, 508, 32, 60, 33661, 39215, 508, 50, 60, 6785]]","[[508, 46, 60, 435, 9635, 275, 508, 32, 60, 28805, 3376, 508, 50, 60, 8225]]"
kamarna beresih . [O] [S] [A],mobilna rujit . [O] [S] [A],[O] beresih [S] positive [A] kamarna,[O] rujit [S] negative [A] mobilna,"[[508, 46, 60, 10207, 288, 6996, 508, 50, 60, 6785, 508, 32, 60, 33661, 39215]]","[[508, 46, 60, 435, 9635, 275, 508, 50, 60, 8225, 508, 32, 60, 28805, 3376]]"
hargana kajangkau jeung deukeut ka tengah kota bandung . [A] [O] [S],kacamata marahal pisan jeung deukeut ka tengah kota bandung . [A] [O] [S],[A] hargana [O] kajangkau [S] positive,[A] kacamata [O] marahal pisan [S] negative,"[[508, 32, 60, 305, 858, 3362, 508, 46, 60, 595, 1630, 524, 74, 2863, 508, 50, 60, 6785]]","[[508, 32, 60, 595, 95608, 459, 508, 46, 60, 3594, 1466, 278, 281, 17132, 508, 50, 60, 8225]]"
hargana kajangkau jeung deukeut ka tengah kota bandung . [A] [S] [O],kacamata marahal pisan jeung deukeut ka tengah kota bandung . [A] [S] [O],[A] hargana [S] positive [O] kajangkau,[A] kacamata [S] negative [O] marahal pisan,"[[508, 32, 60, 305, 858, 3362, 508, 50, 60, 6785, 508, 46, 60, 595, 1630, 524, 74, 2863]]","[[508, 32, 60, 595, 95608, 459, 508, 50, 60, 8225, 508, 46, 60, 3594, 1466, 278, 281, 17132]]"
hargana kajangkau jeung deukeut ka tengah kota bandung . [S] [A] [O],kacamata marahal pisan jeung deukeut ka tengah kota bandung . [S] [A] [O],[S] positive [A] hargana [O] kajangkau,[S] negative [A] kacamata [O] marahal pisan,"[[508, 50, 60, 6785, 508, 32, 60, 305, 858, 3362, 508, 46, 60, 595, 1630, 524, 74, 2863]]","[[508, 50, 60, 8225, 508, 32, 60, 595, 95608, 459, 508, 46, 60, 3594, 1466, 278, 281, 17132]]"
hargana kajangkau jeung deukeut ka tengah kota bandung . [O] [A] [S],kacamata marahal pisan jeung deukeut ka tengah kota bandung . [O] [A] [S],[O] kajangkau [A] hargana [S] positive,[O] marahal pisan [A] kacamata [S] negative,"[[508, 46, 60, 595, 1630, 524, 74, 2863, 508, 32, 60, 305, 858, 3362, 508, 50, 60, 6785]]","[[508, 46, 60, 3594, 1466, 278, 281, 17132, 508, 32, 60, 595, 95608, 459, 508, 50, 60, 8225]]"
hargana kajangkau jeung deukeut ka tengah kota bandung . [O] [S] [A],kacamata marahal pisan jeung deukeut ka tengah kota bandung . [O] [S] [A],[O] kajangkau [S] positive [A] hargana,[O] marahal pisan [S] negative [A] kacamata,"[[508, 46, 60, 595, 1630, 524, 74, 2863, 508, 50, 60, 6785, 508, 32, 60, 305, 858, 3362]]","[[508, 46, 60, 3594, 1466, 278, 281, 17132, 508, 50, 60, 8225, 508, 32, 60, 595, 95608, 459]]"
kamar nu katarima téh teu pati beresih . [A] [O] [S],lapangan nu katarima téh meni lalega pisan . [A] [O] [S],[A] kamar [O] teu pati beresih [S] negative,[A] lapangan [O] meni lalega pisan [S] positive,"[[508, 32, 60, 595, 15554, 508, 46, 60, 1013, 84, 3272, 72, 10207, 288, 6996, 508, 50, 60, 8225]]","[[508, 32, 60, 23410, 18633, 508, 46, 60, 2953, 72, 1187, 1937, 64, 281, 17132, 508, 50, 60, 6785]]"
kamar nu katarima téh teu pati beresih . [A] [S] [O],lapangan nu katarima téh meni lalega pisan . [A] [S] [O],[A] kamar [S] negative [O] teu pati beresih,[A] lapangan [S] positive [O] meni lalega pisan,"[[508, 32, 60, 595, 15554, 508, 50, 60, 8225, 508, 46, 60, 1013, 84, 3272, 72, 10207, 288, 6996]]","[[508, 32, 60, 23410, 18633, 508, 50, 60, 6785, 508, 46, 60, 2953, 72, 1187, 1937, 64, 281, 17132]]"
kamar nu katarima téh teu pati beresih . [S] [A] [O],lapangan nu katarima téh meni lalega pisan . [S] [A] [O],[S] negative [A] kamar [O] teu pati beresih,[S] positive [A] lapangan [O] meni lalega pisan,"[[508, 50, 60, 8225, 508, 32, 60, 595, 15554, 508, 46, 60, 1013, 84, 3272, 72, 10207, 288, 6996]]","[[508, 50, 60, 6785, 508, 32, 60, 23410, 18633, 508, 46, 60, 2953, 72, 1187, 1937, 64, 281, 17132]]"
kamar nu katarima téh teu pati beresih . [O] [A] [S],lapangan nu katarima téh meni lalega pisan . [O] [A] [S],[O] teu pati beresih [A] kamar [S] negative,[O] meni lalega pisan [A] lapangan [S] positive,"[[508, 46, 60, 1013, 84, 3272, 72, 10207, 288, 6996, 508, 32, 60, 595, 15554, 508, 50, 60, 8225]]","[[508, 46, 60, 2953, 72, 1187, 1937, 64, 281, 17132, 508, 32, 60, 23410, 18633, 508, 50, 60, 6785]]"
kamar nu katarima téh teu pati beresih . [O] [S] [A],lapangan nu katarima téh meni lalega pisan . [O] [S] [A],[O] teu pati beresih [S] negative [A] kamar,[O] meni lalega pisan [S] positive [A] lapangan,"[[508, 46, 60, 1013, 84, 3272, 72, 10207, 288, 6996, 508, 50, 60, 8225, 508, 32, 60, 595, 15554]]","[[508, 46, 60, 2953, 72, 1187, 1937, 64, 281, 17132, 508, 50, 60, 6785, 508, 32, 60, 23410, 18633]]"
hotél kurang ngeunaheun . [A] [O] [S],irung ngeunaheun pisan . [A] [O] [S],[A] hotél [O] kurang ngeunaheun [S] negative,[A] irung [O] ngeunaheun pisan [S] positive,"[[508, 32, 60, 4017, 18503, 508, 46, 60, 27265, 524, 308, 709, 8565, 383, 359, 508, 50, 60, 8225]]","[[508, 32, 60, 6216, 2185, 508, 46, 60, 308, 709, 8565, 383, 359, 281, 17132, 508, 50, 60, 6785]]"
hotél kurang ngeunaheun . [A] [S] [O],irung ngeunaheun pisan . [A] [S] [O],[A] hotél [S] negative [O] kurang ngeunaheun,[A] irung [S] positive [O] ngeunaheun pisan,"[[508, 32, 60, 4017, 18503, 508, 50, 60, 8225, 508, 46, 60, 27265, 524, 308, 709, 8565, 383, 359]]","[[508, 32, 60, 6216, 2185, 508, 50, 60, 6785, 508, 46, 60, 308, 709, 8565, 383, 359, 281, 17132]]"
hotél kurang ngeunaheun . [S] [A] [O],irung ngeunaheun pisan . [S] [A] [O],[S] negative [A] hotél [O] kurang ngeunaheun,[S] positive [A] irung [O] ngeunaheun pisan,"[[508, 50, 60, 8225, 508, 32, 60, 4017, 18503, 508, 46, 60, 27265, 524, 308, 709, 8565, 383, 359]]","[[508, 50, 60, 6785, 508, 32, 60, 6216, 2185, 508, 46, 60, 308, 709, 8565, 383, 359, 281, 17132]]"
hotél kurang ngeunaheun . [O] [A] [S],irung ngeunaheun pisan . [O] [A] [S],[O] kurang ngeunaheun [A] hotél [S] negative,[O] ngeunaheun pisan [A] irung [S] positive,"[[508, 46, 60, 27265, 524, 308, 709, 8565, 383, 359, 508, 32, 60, 4017, 18503, 508, 50, 60, 8225]]","[[508, 46, 60, 308, 709, 8565, 383, 359, 281, 17132, 508, 32, 60, 6216, 2185, 508, 50, 60, 6785]]"
hotél kurang ngeunaheun . [O] [S] [A],irung ngeunaheun pisan . [O] [S] [A],[O] kurang ngeunaheun [S] negative [A] hotél,[O] ngeunaheun pisan [S] positive [A] irung,"[[508, 46, 60, 27265, 524, 308, 709, 8565, 383, 359, 508, 50, 60, 8225, 508, 32, 60, 4017, 18503]]","[[508, 46, 60, 308, 709, 8565, 383, 359, 281, 17132, 508, 50, 60, 6785, 508, 32, 60, 6216, 2185]]"
ieu tempatna oke . [A] [O] [S],ieu patlotna butut . [A] [O] [S],[A] tempatna [O] oke [S] positive,[A] patlotna [O] butut [S] negative,"[[508, 32, 60, 2730, 266, 3376, 508, 46, 60, 297, 440, 508, 50, 60, 6785]]","[[508, 32, 60, 3272, 9184, 3376, 508, 46, 60, 714, 332, 508, 50, 60, 8225]]"
ieu tempatna oke . [A] [S] [O],ieu patlotna butut . [A] [S] [O],[A] tempatna [S] positive [O] oke,[A] patlotna [S] negative [O] butut,"[[508, 32, 60, 2730, 266, 3376, 508, 50, 60, 6785, 508, 46, 60, 297, 440]]","[[508, 32, 60, 3272, 9184, 3376, 508, 50, 60, 8225, 508, 46, 60, 714, 332]]"
ieu tempatna oke . [S] [A] [O],ieu patlotna butut . [S] [A] [O],[S] positive [A] tempatna [O] oke,[S] negative [A] patlotna [O] butut,"[[508, 50, 60, 6785, 508, 32, 60, 2730, 266, 3376, 508, 46, 60, 297, 440]]","[[508, 50, 60, 8225, 508, 32, 60, 3272, 9184, 3376, 508, 46, 60, 714, 332]]"
ieu tempatna oke . [O] [A] [S],ieu patlotna butut . [O] [A] [S],[O] oke [A] tempatna [S] positive,[O] butut [A] patlotna [S] negative,"[[508, 46, 60, 297, 440, 508, 32, 60, 2730, 266, 3376, 508, 50, 60, 6785]]","[[508, 46, 60, 714, 332, 508, 32, 60, 3272, 9184, 3376, 508, 50, 60, 8225]]"
ieu tempatna oke . [O] [S] [A],ieu patlotna butut . [O] [S] [A],[O] oke [S] positive [A] tempatna,[O] butut [S] negative [A] patlotna,"[[508, 46, 60, 297, 440, 508, 50, 60, 6785, 508, 32, 60, 2730, 266, 3376]]","[[508, 46, 60, 714, 332, 508, 50, 60, 8225, 508, 32, 60, 3272, 9184, 3376]]"
palayanan oke . [A] [O] [S],sawahna goreng . [A] [O] [S],[A] palayanan [O] oke [S] positive,[A] sawahna [O] goreng [S] negative,"[[508, 32, 60, 10854, 352, 28618, 508, 46, 60, 297, 440, 508, 50, 60, 6785]]","[[508, 32, 60, 5485, 1466, 3376, 508, 46, 60, 90432, 968, 508, 50, 60, 8225]]"
palayanan oke . [A] [S] [O],sawahna goreng . [A] [S] [O],[A] palayanan [S] positive [O] oke,[A] sawahna [S] negative [O] goreng,"[[508, 32, 60, 10854, 352, 28618, 508, 50, 60, 6785, 508, 46, 60, 297, 440]]","[[508, 32, 60, 5485, 1466, 3376, 508, 50, 60, 8225, 508, 46, 60, 90432, 968]]"
palayanan oke . [S] [A] [O],sawahna goreng . [S] [A] [O],[S] positive [A] palayanan [O] oke,[S] negative [A] sawahna [O] goreng,"[[508, 50, 60, 6785, 508, 32, 60, 10854, 352, 28618, 508, 46, 60, 297, 440]]","[[508, 50, 60, 8225, 508, 32, 60, 5485, 1466, 3376, 508, 46, 60, 90432, 968]]"
palayanan oke . [O] [A] [S],sawahna goreng . [O] [A] [S],[O] oke [A] palayanan [S] positive,[O] goreng [A] sawahna [S] negative,"[[508, 46, 60, 297, 440, 508, 32, 60, 10854, 352, 28618, 508, 50, 60, 6785]]","[[508, 46, 60, 90432, 968, 508, 32, 60, 5485, 1466, 3376, 508, 50, 60, 8225]]"
palayanan oke . [O] [S] [A],sawahna goreng . [O] [S] [A],[O] oke [S] positive [A] palayanan,[O] goreng [S] negative [A] sawahna,"[[508, 46, 60, 297, 440, 508, 50, 60, 6785, 508, 32, 60, 10854, 352, 28618]]","[[508, 46, 60, 90432, 968, 508, 50, 60, 8225, 508, 32, 60, 5485, 1466, 3376]]"
kamar mandi nguyumbang . [A] [O] [S],buku tulis aralus pisan . [A] [O] [S],[A] kamar mandi [O] nguyumbang [S] negative,[A] buku tulis [O] aralus pisan [S] positive,"[[508, 32, 60, 595, 15554, 11576, 72, 508, 46, 60, 7777, 4076, 3551, 524, 508, 50, 60, 8225]]","[[508, 32, 60, 1031, 12133, 60936, 285, 508, 46, 60, 796, 86127, 281, 17132, 508, 50, 60, 6785]]"
kamar mandi nguyumbang . [A] [S] [O],buku tulis aralus pisan . [A] [S] [O],[A] kamar mandi [S] negative [O] nguyumbang,[A] buku tulis [S] positive [O] aralus pisan,"[[508, 32, 60, 595, 15554, 11576, 72, 508, 50, 60, 8225, 508, 46, 60, 7777, 4076, 3551, 524]]","[[508, 32, 60, 1031, 12133, 60936, 285, 508, 50, 60, 6785, 508, 46, 60, 796, 86127, 281, 17132]]"
kamar mandi nguyumbang . [S] [A] [O],buku tulis aralus pisan . [S] [A] [O],[S] negative [A] kamar mandi [O] nguyumbang,[S] positive [A] buku tulis [O] aralus pisan,"[[508, 50, 60, 8225, 508, 32, 60, 595, 15554, 11576, 72, 508, 46, 60, 7777, 4076, 3551, 524]]","[[508, 50, 60, 6785, 508, 32, 60, 1031, 12133, 60936, 285, 508, 46, 60, 796, 86127, 281, 17132]]"
kamar mandi nguyumbang . [O] [A] [S],buku tulis aralus pisan . [O] [A] [S],[O] nguyumbang [A] kamar mandi [S] negative,[O] aralus pisan [A] buku tulis [S] positive,"[[508, 46, 60, 7777, 4076, 3551, 524, 508, 32, 60, 595, 15554, 11576, 72, 508, 50, 60, 8225]]","[[508, 46, 60, 796, 86127, 281, 17132, 508, 32, 60, 1031, 12133, 60936, 285, 508, 50, 60, 6785]]"
kamar mandi nguyumbang . [O] [S] [A],buku tulis aralus pisan . [O] [S] [A],[O] nguyumbang [S] negative [A] kamar mandi,[O] aralus pisan [S] positive [A] buku tulis,"[[508, 46, 60, 7777, 4076, 3551, 524, 508, 50, 60, 8225, 508, 32, 60, 595, 15554, 11576, 72]]","[[508, 46, 60, 796, 86127, 281, 17132, 508, 50, 60, 6785, 508, 32, 60, 1031, 12133, 60936, 285]]"
solusi hotél méwah harga murah . [A] [O] [S],solusi hotél méwah bal péot. [A] [O] [S],[A] harga [O] murah [S] positive,[A] bal [O] péot [S] negative,"[[508, 32, 60, 71348, 508, 46, 60, 8146, 1466, 508, 50, 60, 6785]]","[[508, 32, 60, 9642, 508, 46, 60, 62932, 354, 508, 50, 60, 8225]]"
solusi hotél méwah harga murah . [A] [S] [O],solusi hotél méwah bal péot. [A] [S] [O],[A] harga [S] positive [O] murah,[A] bal [S] negative [O] péot,"[[508, 32, 60, 71348, 508, 50, 60, 6785, 508, 46, 60, 8146, 1466]]","[[508, 32, 60, 9642, 508, 50, 60, 8225, 508, 46, 60, 62932, 354]]"
solusi hotél méwah harga murah . [S] [A] [O],solusi hotél méwah bal péot. [S] [A] [O],[S] positive [A] harga [O] murah,[S] negative [A] bal [O] péot,"[[508, 50, 60, 6785, 508, 32, 60, 71348, 508, 46, 60, 8146, 1466]]","[[508, 50, 60, 8225, 508, 32, 60, 9642, 508, 46, 60, 62932, 354]]"
solusi hotél méwah harga murah . [O] [A] [S],solusi hotél méwah bal péot. [O] [A] [S],[O] murah [A] harga [S] positive,[O] péot [A] bal [S] negative,"[[508, 46, 60, 8146, 1466, 508, 32, 60, 71348, 508, 50, 60, 6785]]","[[508, 46, 60, 62932, 354, 508, 32, 60, 9642, 508, 50, 60, 8225]]"
solusi hotél méwah harga murah . [O] [S] [A],solusi hotél méwah bal péot. [O] [S] [A],[O] murah [S] positive [A] harga,[O] péot [S] negative [A] bal,"[[508, 46, 60, 8146, 1466, 508, 50, 60, 6785, 508, 32, 60, 71348]]","[[508, 46, 60, 62932, 354, 508, 50, 60, 8225, 508, 32, 60, 9642]]"
tempatna mah ngeunaheun . [A] [O] [S],inumanna mah geuleuh pisan . [A] [O] [S],[A] tempatna [O] ngeunaheun [S] positive,[A] inumanna [O] geuleuh pisan [S] negative,"[[508, 32, 60, 2730, 266, 3376, 508, 46, 60, 308, 709, 8565, 383, 359, 508, 50, 60, 6785]]","[[508, 32, 60, 304, 372, 12642, 508, 46, 60, 3893, 1111, 12540, 281, 17132, 508, 50, 60, 8225]]"
tempatna mah ngeunaheun . [A] [S] [O],inumanna mah geuleuh pisan . [A] [S] [O],[A] tempatna [S] positive [O] ngeunaheun,[A] inumanna [S] negative [O] geuleuh pisan,"[[508, 32, 60, 2730, 266, 3376, 508, 50, 60, 6785, 508, 46, 60, 308, 709, 8565, 383, 359]]","[[508, 32, 60, 304, 372, 12642, 508, 50, 60, 8225, 508, 46, 60, 3893, 1111, 12540, 281, 17132]]"
tempatna mah ngeunaheun . [S] [A] [O],inumanna mah geuleuh pisan . [S] [A] [O],[S] positive [A] tempatna [O] ngeunaheun,[S] negative [A] inumanna [O] geuleuh pisan,"[[508, 50, 60, 6785, 508, 32, 60, 2730, 266, 3376, 508, 46, 60, 308, 709, 8565, 383, 359]]","[[508, 50, 60, 8225, 508, 32, 60, 304, 372, 12642, 508, 46, 60, 3893, 1111, 12540, 281, 17132]]"
tempatna mah ngeunaheun . [O] [A] [S],inumanna mah geuleuh pisan . [O] [A] [S],[O] ngeunaheun [A] tempatna [S] positive,[O] geuleuh pisan [A] inumanna [S] negative,"[[508, 46, 60, 308, 709, 8565, 383, 359, 508, 32, 60, 2730, 266, 3376, 508, 50, 60, 6785]]","[[508, 46, 60, 3893, 1111, 12540, 281, 17132, 508, 32, 60, 304, 372, 12642, 508, 50, 60, 8225]]"
tempatna mah ngeunaheun . [O] [S] [A],inumanna mah geuleuh pisan . [O] [S] [A],[O] ngeunaheun [S] positive [A] tempatna,[O] geuleuh pisan [S] negative [A] inumanna,"[[508, 46, 60, 308, 709, 8565, 383, 359, 508, 50, 60, 6785, 508, 32, 60, 2730, 266, 3376]]","[[508, 46, 60, 3893, 1111, 12540, 281, 17132, 508, 50, 60, 8225, 508, 32, 60, 304, 372, 12642]]"
kamar alus . [A] [O] [S],gelas butut . [A] [O] [S],[A] kamar [O] alus [S] positive,[A] gelas [O] butut [S] negative,"[[508, 32, 60, 595, 15554, 508, 46, 60, 452, 355, 508, 50, 60, 6785]]","[[508, 32, 60, 17837, 300, 508, 46, 60, 714, 332, 508, 50, 60, 8225]]"
kamar alus . [A] [S] [O],gelas butut . [A] [S] [O],[A] kamar [S] positive [O] alus,[A] gelas [S] negative [O] butut,"[[508, 32, 60, 595, 15554, 508, 50, 60, 6785, 508, 46, 60, 452, 355]]","[[508, 32, 60, 17837, 300, 508, 50, 60, 8225, 508, 46, 60, 714, 332]]"
kamar alus . [S] [A] [O],gelas butut . [S] [A] [O],[S] positive [A] kamar [O] alus,[S] negative [A] gelas [O] butut,"[[508, 50, 60, 6785, 508, 32, 60, 595, 15554, 508, 46, 60, 452, 355]]","[[508, 50, 60, 8225, 508, 32, 60, 17837, 300, 508, 46, 60, 714, 332]]"
kamar alus . [O] [A] [S],gelas butut . [O] [A] [S],[O] alus [A] kamar [S] positive,[O] butut [A] gelas [S] negative,"[[508, 46, 60, 452, 355, 508, 32, 60, 595, 15554, 508, 50, 60, 6785]]","[[508, 46, 60, 714, 332, 508, 32, 60, 17837, 300, 508, 50, 60, 8225]]"
kamar alus . [O] [S] [A],gelas butut . [O] [S] [A],[O] alus [S] positive [A] kamar,[O] butut [S] negative [A] gelas,"[[508, 46, 60, 452, 355, 508, 50, 60, 6785, 508, 32, 60, 595, 15554]]","[[508, 46, 60, 714, 332, 508, 50, 60, 8225, 508, 32, 60, 17837, 300]]"
tempat ngéndong anu ngeunaheun . [A] [O] [S],caina ngéndong anu barutek pisan . [A] [O] [S],[A] tempat [O] ngeunaheun [S] positive,[A] caina [O] barutek pisan [S] negative,"[[508, 32, 60, 2730, 266, 508, 46, 60, 308, 709, 8565, 383, 359, 508, 50, 60, 6785]]","[[508, 32, 60, 272, 72622, 508, 46, 60, 3619, 1070, 74, 281, 17132, 508, 50, 60, 8225]]"
tempat ngéndong anu ngeunaheun . [A] [S] [O],caina ngéndong anu barutek pisan . [A] [S] [O],[A] tempat [S] positive [O] ngeunaheun,[A] caina [S] negative [O] barutek pisan,"[[508, 32, 60, 2730, 266, 508, 50, 60, 6785, 508, 46, 60, 308, 709, 8565, 383, 359]]","[[508, 32, 60, 272, 72622, 508, 50, 60, 8225, 508, 46, 60, 3619, 1070, 74, 281, 17132]]"
tempat ngéndong anu ngeunaheun . [S] [A] [O],caina ngéndong anu barutek pisan . [S] [A] [O],[S] positive [A] tempat [O] ngeunaheun,[S] negative [A] caina [O] barutek pisan,"[[508, 50, 60, 6785, 508, 32, 60, 2730, 266, 508, 46, 60, 308, 709, 8565, 383, 359]]","[[508, 50, 60, 8225, 508, 32, 60, 272, 72622, 508, 46, 60, 3619, 1070, 74, 281, 17132]]"
tempat ngéndong anu ngeunaheun . [O] [A] [S],caina ngéndong anu barutek pisan . [O] [A] [S],[O] ngeunaheun [A] tempat [S] positive,[O] barutek pisan [A] caina [S] negative,"[[508, 46, 60, 308, 709, 8565, 383, 359, 508, 32, 60, 2730, 266, 508, 50, 60, 6785]]","[[508, 46, 60, 3619, 1070, 74, 281, 17132, 508, 32, 60, 272, 72622, 508, 50, 60, 8225]]"
tempat ngéndong anu ngeunaheun . [O] [S] [A],caina ngéndong anu barutek pisan . [O] [S] [A],[O] ngeunaheun [S] positive [A] tempat,[O] barutek pisan [S] negative [A] caina,"[[508, 46, 60, 308, 709, 8565, 383, 359, 508, 50, 60, 6785, 508, 32, 60, 2730, 266]]","[[508, 46, 60, 3619, 1070, 74, 281, 17132, 508, 50, 60, 8225, 508, 32, 60, 272, 72622]]"
kamar mandi kurang beresih . [A] [O] [S],selimutna beresih pisan . [A] [O] [S],[A] kamar mandi [O] kurang beresih [S] negative,[A] selimutna [O] beresih pisan [S] positive,"[[508, 32, 60, 595, 15554, 11576, 72, 508, 46, 60, 27265, 524, 10207, 288, 6996, 508, 50, 60, 8225]]","[[508, 32, 60, 11806, 318, 332, 3376, 508, 46, 60, 10207, 288, 6996, 281, 17132, 508, 50, 60, 6785]]"
kamar mandi kurang beresih . [A] [S] [O],selimutna beresih pisan . [A] [S] [O],[A] kamar mandi [S] negative [O] kurang beresih,[A] selimutna [S] positive [O] beresih pisan,"[[508, 32, 60, 595, 15554, 11576, 72, 508, 50, 60, 8225, 508, 46, 60, 27265, 524, 10207, 288, 6996]]","[[508, 32, 60, 11806, 318, 332, 3376, 508, 50, 60, 6785, 508, 46, 60, 10207, 288, 6996, 281, 17132]]"
kamar mandi kurang beresih . [S] [A] [O],selimutna beresih pisan . [S] [A] [O],[S] negative [A] kamar mandi [O] kurang beresih,[S] positive [A] selimutna [O] beresih pisan,"[[508, 50, 60, 8225, 508, 32, 60, 595, 15554, 11576, 72, 508, 46, 60, 27265, 524, 10207, 288, 6996]]","[[508, 50, 60, 6785, 508, 32, 60, 11806, 318, 332, 3376, 508, 46, 60, 10207, 288, 6996, 281, 17132]]"
kamar mandi kurang beresih . [O] [A] [S],selimutna beresih pisan . [O] [A] [S],[O] kurang beresih [A] kamar mandi [S] negative,[O] beresih pisan [A] selimutna [S] positive,"[[508, 46, 60, 27265, 524, 10207, 288, 6996, 508, 32, 60, 595, 15554, 11576, 72, 508, 50, 60, 8225]]","[[508, 46, 60, 10207, 288, 6996, 281, 17132, 508, 32, 60, 11806, 318, 332, 3376, 508, 50, 60, 6785]]"
kamar mandi kurang beresih . [O] [S] [A],selimutna beresih pisan . [O] [S] [A],[O] kurang beresih [S] negative [A] kamar mandi,[O] beresih pisan [S] positive [A] selimutna,"[[508, 46, 60, 27265, 524, 10207, 288, 6996, 508, 50, 60, 8225, 508, 32, 60, 595, 15554, 11576, 72]]","[[508, 46, 60, 10207, 288, 6996, 281, 17132, 508, 50, 60, 6785, 508, 32, 60, 11806, 318, 332, 3376]]"
palayanan alus . nuhun . [A] [O] [S],lemarina goreng . nuhun . [A] [O] [S],[A] palayanan [O] alus [S] positive,[A] lemarina [O] goreng [S] negative,"[[508, 32, 60, 10854, 352, 28618, 508, 46, 60, 452, 355, 508, 50, 60, 6785]]","[[508, 32, 60, 512, 5612, 2210, 508, 46, 60, 90432, 968, 508, 50, 60, 8225]]"
palayanan alus . nuhun . [A] [S] [O],lemarina goreng . nuhun . [A] [S] [O],[A] palayanan [S] positive [O] alus,[A] lemarina [S] negative [O] goreng,"[[508, 32, 60, 10854, 352, 28618, 508, 50, 60, 6785, 508, 46, 60, 452, 355]]","[[508, 32, 60, 512, 5612, 2210, 508, 50, 60, 8225, 508, 46, 60, 90432, 968]]"
palayanan alus . nuhun . [S] [A] [O],lemarina goreng . nuhun . [S] [A] [O],[S] positive [A] palayanan [O] alus,[S] negative [A] lemarina [O] goreng,"[[508, 50, 60, 6785, 508, 32, 60, 10854, 352, 28618, 508, 46, 60, 452, 355]]","[[508, 50, 60, 8225, 508, 32, 60, 512, 5612, 2210, 508, 46, 60, 90432, 968]]"
palayanan alus . nuhun . [O] [A] [S],lemarina goreng . nuhun . [O] [A] [S],[O] alus [A] palayanan [S] positive,[O] goreng [A] lemarina [S] negative,"[[508, 46, 60, 452, 355, 508, 32, 60, 10854, 352, 28618, 508, 50, 60, 6785]]","[[508, 46, 60, 90432, 968, 508, 32, 60, 512, 5612, 2210, 508, 50, 60, 8225]]"
palayanan alus . nuhun . [O] [S] [A],lemarina goreng . nuhun . [O] [S] [A],[O] alus [S] positive [A] palayanan,[O] goreng [S] negative [A] lemarina,"[[508, 46, 60, 452, 355, 508, 50, 60, 6785, 508, 32, 60, 10854, 352, 28618]]","[[508, 46, 60, 90432, 968, 508, 50, 60, 8225, 508, 32, 60, 512, 5612, 2210]]"
hotelna ngeunaheun pisan . [A] [O] [S],uyah teu ngeunaheun . [A] [O] [S],[A] hotelna [O] ngeunaheun pisan [S] positive,[A] uyah [O] teu ngeunaheun [S] negative,"[[508, 32, 60, 9500, 3376, 508, 46, 60, 308, 709, 8565, 383, 359, 281, 17132, 508, 50, 60, 6785]]","[[508, 32, 60, 81900, 1466, 508, 46, 60, 1013, 84, 308, 709, 8565, 383, 359, 508, 50, 60, 8225]]"
hotelna ngeunaheun pisan . [A] [S] [O],uyah teu ngeunaheun . [A] [S] [O],[A] hotelna [S] positive [O] ngeunaheun pisan,[A] uyah [S] negative [O] teu ngeunaheun,"[[508, 32, 60, 9500, 3376, 508, 50, 60, 6785, 508, 46, 60, 308, 709, 8565, 383, 359, 281, 17132]]","[[508, 32, 60, 81900, 1466, 508, 50, 60, 8225, 508, 46, 60, 1013, 84, 308, 709, 8565, 383, 359]]"
hotelna ngeunaheun pisan . [S] [A] [O],uyah teu ngeunaheun . [S] [A] [O],[S] positive [A] hotelna [O] ngeunaheun pisan,[S] negative [A] uyah [O] teu ngeunaheun,"[[508, 50, 60, 6785, 508, 32, 60, 9500, 3376, 508, 46, 60, 308, 709, 8565, 383, 359, 281, 17132]]","[[508, 50, 60, 8225, 508, 32, 60, 81900, 1466, 508, 46, 60, 1013, 84, 308, 709, 8565, 383, 359]]"
hotelna ngeunaheun pisan . [O] [A] [S],uyah teu ngeunaheun . [O] [A] [S],[O] ngeunaheun pisan [A] hotelna [S] positive,[O] teu ngeunaheun [A] uyah [S] negative,"[[508, 46, 60, 308, 709, 8565, 383, 359, 281, 17132, 508, 32, 60, 9500, 3376, 508, 50, 60, 6785]]","[[508, 46, 60, 1013, 84, 308, 709, 8565, 383, 359, 508, 32, 60, 81900, 1466, 508, 50, 60, 8225]]"
hotelna ngeunaheun pisan . [O] [S] [A],uyah teu ngeunaheun . [O] [S] [A],[O] ngeunaheun pisan [S] positive [A] hotelna,[O] teu ngeunaheun [S] negative [A] uyah,"[[508, 46, 60, 308, 709, 8565, 383, 359, 281, 17132, 508, 50, 60, 6785, 508, 32, 60, 9500, 3376]]","[[508, 46, 60, 1013, 84, 308, 709, 8565, 383, 359, 508, 50, 60, 8225, 508, 32, 60, 81900, 1466]]"
"lokasina strategis deukeut alun-alun malang , loba tempat dahar . [A] [O] [S]","uyahna hese deukeut alun-alun malang , loba tempat dahar . [A] [O] [S]",[A] lokasina [O] strategis [S] positive,[A] uyahna [O] hese [S] negative,"[[508, 32, 60, 40283, 300, 2210, 508, 46, 60, 5275, 285, 508, 50, 60, 6785]]","[[508, 32, 60, 81900, 1466, 3376, 508, 46, 60, 305, 2367, 508, 50, 60, 8225]]"
"lokasina strategis deukeut alun-alun malang , loba tempat dahar . [A] [S] [O]","uyahna hese deukeut alun-alun malang , loba tempat dahar . [A] [S] [O]",[A] lokasina [S] positive [O] strategis,[A] uyahna [S] negative [O] hese,"[[508, 32, 60, 40283, 300, 2210, 508, 50, 60, 6785, 508, 46, 60, 5275, 285]]","[[508, 32, 60, 81900, 1466, 3376, 508, 50, 60, 8225, 508, 46, 60, 305, 2367]]"
"lokasina strategis deukeut alun-alun malang , loba tempat dahar . [S] [A] [O]","uyahna hese deukeut alun-alun malang , loba tempat dahar . [S] [A] [O]",[S] positive [A] lokasina [O] strategis,[S] negative [A] uyahna [O] hese,"[[508, 50, 60, 6785, 508, 32, 60, 40283, 300, 2210, 508, 46, 60, 5275, 285]]","[[508, 50, 60, 8225, 508, 32, 60, 81900, 1466, 3376, 508, 46, 60, 305, 2367]]"
"lokasina strategis deukeut alun-alun malang , loba tempat dahar . [O] [A] [S]","uyahna hese deukeut alun-alun malang , loba tempat dahar . [O] [A] [S]",[O] strategis [A] lokasina [S] positive,[O] hese [A] uyahna [S] negative,"[[508, 46, 60, 5275, 285, 508, 32, 60, 40283, 300, 2210, 508, 50, 60, 6785]]","[[508, 46, 60, 305, 2367, 508, 32, 60, 81900, 1466, 3376, 508, 50, 60, 8225]]"
"lokasina strategis deukeut alun-alun malang , loba tempat dahar . [O] [S] [A]","uyahna hese deukeut alun-alun malang , loba tempat dahar . [O] [S] [A]",[O] strategis [S] positive [A] lokasina,[O] hese [S] negative [A] uyahna,"[[508, 46, 60, 5275, 285, 508, 50, 60, 6785, 508, 32, 60, 40283, 300, 2210]]","[[508, 46, 60, 305, 2367, 508, 50, 60, 8225, 508, 32, 60, 81900, 1466, 3376]]"
résepsionisna ramah ka palangganna . [A] [O] [S],jelema nu meserna pedit ka palangganna . [A] [O] [S],[A] résepsionisna [O] ramah [S] positive,[A] jelema nu meserna [O] pedit [S] negative,"[[508, 32, 60, 9333, 325, 1690, 290, 285, 3376, 508, 46, 60, 17823, 1466, 508, 50, 60, 6785]]","[[508, 32, 60, 4759, 273, 1728, 10908, 10846, 46528, 508, 46, 60, 281, 3587, 508, 50, 60, 8225]]"
résepsionisna ramah ka palangganna . [A] [S] [O],jelema nu meserna pedit ka palangganna . [A] [S] [O],[A] résepsionisna [S] positive [O] ramah,[A] jelema nu meserna [S] negative [O] pedit,"[[508, 32, 60, 9333, 325, 1690, 290, 285, 3376, 508, 50, 60, 6785, 508, 46, 60, 17823, 1466]]","[[508, 32, 60, 4759, 273, 1728, 10908, 10846, 46528, 508, 50, 60, 8225, 508, 46, 60, 281, 3587]]"
résepsionisna ramah ka palangganna . [S] [A] [O],jelema nu meserna pedit ka palangganna . [S] [A] [O],[S] positive [A] résepsionisna [O] ramah,[S] negative [A] jelema nu meserna [O] pedit,"[[508, 50, 60, 6785, 508, 32, 60, 9333, 325, 1690, 290, 285, 3376, 508, 46, 60, 17823, 1466]]","[[508, 50, 60, 8225, 508, 32, 60, 4759, 273, 1728, 10908, 10846, 46528, 508, 46, 60, 281, 3587]]"
résepsionisna ramah ka palangganna . [O] [A] [S],jelema nu meserna pedit ka palangganna . [O] [A] [S],[O] ramah [A] résepsionisna [S] positive,[O] pedit [A] jelema nu meserna [S] negative,"[[508, 46, 60, 17823, 1466, 508, 32, 60, 9333, 325, 1690, 290, 285, 3376, 508, 50, 60, 6785]]","[[508, 46, 60, 281, 3587, 508, 32, 60, 4759, 273, 1728, 10908, 10846, 46528, 508, 50, 60, 8225]]"
résepsionisna ramah ka palangganna . [O] [S] [A],jelema nu meserna pedit ka palangganna . [O] [S] [A],[O] ramah [S] positive [A] résepsionisna,[O] pedit [S] negative [A] jelema nu meserna,"[[508, 46, 60, 17823, 1466, 508, 50, 60, 6785, 508, 32, 60, 9333, 325, 1690, 290, 285, 3376]]","[[508, 46, 60, 281, 3587, 508, 50, 60, 8225, 508, 32, 60, 4759, 273, 1728, 10908, 10846, 46528]]"
"ngeunah tempatna , deukeut masjid , tinggal leumpang lamun rék solat . tuluy nu pasti , 7 garansi kapuasan kacumponan . [A] [O] [S]","ngeupeul jelemana , deukeut masjid , tinggal leumpang lamun rék solat . tuluy nu pasti , 7 garansi kapuasan kacumponan . [A] [O] [S]",[A] tempatna [O] ngeunah [S] positive,[A] jelemana [O] ngeupeul [S] negative,"[[508, 32, 60, 2730, 266, 3376, 508, 46, 60, 308, 709, 359, 1466, 508, 50, 60, 6785]]","[[508, 32, 60, 4759, 273, 47476, 508, 46, 60, 308, 709, 85477, 360, 508, 50, 60, 8225]]"
"ngeunah tempatna , deukeut masjid , tinggal leumpang lamun rék solat . tuluy nu pasti , 7 garansi kapuasan kacumponan . [A] [S] [O]","ngeupeul jelemana , deukeut masjid , tinggal leumpang lamun rék solat . tuluy nu pasti , 7 garansi kapuasan kacumponan . [A] [S] [O]",[A] tempatna [S] positive [O] ngeunah,[A] jelemana [S] negative [O] ngeupeul,"[[508, 32, 60, 2730, 266, 3376, 508, 50, 60, 6785, 508, 46, 60, 308, 709, 359, 1466]]","[[508, 32, 60, 4759, 273, 47476, 508, 50, 60, 8225, 508, 46, 60, 308, 709, 85477, 360]]"
"ngeunah tempatna , deukeut masjid , tinggal leumpang lamun rék solat . tuluy nu pasti , 7 garansi kapuasan kacumponan . [S] [A] [O]","ngeupeul jelemana , deukeut masjid , tinggal leumpang lamun rék solat . tuluy nu pasti , 7 garansi kapuasan kacumponan . [S] [A] [O]",[S] positive [A] tempatna [O] ngeunah,[S] negative [A] jelemana [O] ngeupeul,"[[508, 50, 60, 6785, 508, 32, 60, 2730, 266, 3376, 508, 46, 60, 308, 709, 359, 1466]]","[[508, 50, 60, 8225, 508, 32, 60, 4759, 273, 47476, 508, 46, 60, 308, 709, 85477, 360]]"
"ngeunah tempatna , deukeut masjid , tinggal leumpang lamun rék solat . tuluy nu pasti , 7 garansi kapuasan kacumponan . [O] [A] [S]","ngeupeul jelemana , deukeut masjid , tinggal leumpang lamun rék solat . tuluy nu pasti , 7 garansi kapuasan kacumponan . [O] [A] [S]",[O] ngeunah [A] tempatna [S] positive,[O] ngeupeul [A] jelemana [S] negative,"[[508, 46, 60, 308, 709, 359, 1466, 508, 32, 60, 2730, 266, 3376, 508, 50, 60, 6785]]","[[508, 46, 60, 308, 709, 85477, 360, 508, 32, 60, 4759, 273, 47476, 508, 50, 60, 8225]]"
"ngeunah tempatna , deukeut masjid , tinggal leumpang lamun rék solat . tuluy nu pasti , 7 garansi kapuasan kacumponan . [O] [S] [A]","ngeupeul jelemana , deukeut masjid , tinggal leumpang lamun rék solat . tuluy nu pasti , 7 garansi kapuasan kacumponan . [O] [S] [A]",[O] ngeunah [S] positive [A] tempatna,[O] ngeupeul [S] negative [A] jelemana,"[[508, 46, 60, 308, 709, 359, 1466, 508, 50, 60, 6785, 508, 32, 60, 2730, 266, 3376]]","[[508, 46, 60, 308, 709, 85477, 360, 508, 50, 60, 8225, 508, 32, 60, 4759, 273, 47476]]"
kamarna kotor . [A] [O] [S],daharna saé . [A] [O] [S],[A] kamarna [O] kotor [S] negative,[A] daharna [O] saé [S] positive,"[[508, 32, 60, 33661, 39215, 508, 46, 60, 595, 9887, 508, 50, 60, 8225]]","[[508, 32, 60, 52488, 39215, 508, 46, 60, 822, 963, 508, 50, 60, 6785]]"
kamarna kotor . [A] [S] [O],daharna saé . [A] [S] [O],[A] kamarna [S] negative [O] kotor,[A] daharna [S] positive [O] saé,"[[508, 32, 60, 33661, 39215, 508, 50, 60, 8225, 508, 46, 60, 595, 9887]]","[[508, 32, 60, 52488, 39215, 508, 50, 60, 6785, 508, 46, 60, 822, 963]]"
kamarna kotor . [S] [A] [O],daharna saé . [S] [A] [O],[S] negative [A] kamarna [O] kotor,[S] positive [A] daharna [O] saé,"[[508, 50, 60, 8225, 508, 32, 60, 33661, 39215, 508, 46, 60, 595, 9887]]","[[508, 50, 60, 6785, 508, 32, 60, 52488, 39215, 508, 46, 60, 822, 963]]"
kamarna kotor . [O] [A] [S],daharna saé . [O] [A] [S],[O] kotor [A] kamarna [S] negative,[O] saé [A] daharna [S] positive,"[[508, 46, 60, 595, 9887, 508, 32, 60, 33661, 39215, 508, 50, 60, 8225]]","[[508, 46, 60, 822, 963, 508, 32, 60, 52488, 39215, 508, 50, 60, 6785]]"
kamarna kotor . [O] [S] [A],daharna saé . [O] [S] [A],[O] kotor [S] negative [A] kamarna,[O] saé [S] positive [A] daharna,"[[508, 46, 60, 595, 9887, 508, 50, 60, 8225, 508, 32, 60, 33661, 39215]]","[[508, 46, 60, 822, 963, 508, 50, 60, 6785, 508, 32, 60, 52488, 39215]]"
"lokasina alus , deukeut stasion mangga besar . [A] [O] [S]","payungna butut , deukeut stasion mangga besar . [A] [O] [S]",[A] lokasina [O] alus [S] positive,[A] payungna [O] butut [S] negative,"[[508, 32, 60, 40283, 300, 2210, 508, 46, 60, 452, 355, 508, 50, 60, 6785]]","[[508, 32, 60, 2291, 2185, 3376, 508, 46, 60, 714, 332, 508, 50, 60, 8225]]"
"lokasina alus , deukeut stasion mangga besar . [A] [S] [O]","payungna butut , deukeut stasion mangga besar . [A] [S] [O]",[A] lokasina [S] positive [O] alus,[A] payungna [S] negative [O] butut,"[[508, 32, 60, 40283, 300, 2210, 508, 50, 60, 6785, 508, 46, 60, 452, 355]]","[[508, 32, 60, 2291, 2185, 3376, 508, 50, 60, 8225, 508, 46, 60, 714, 332]]"
"lokasina alus , deukeut stasion mangga besar . [S] [A] [O]","payungna butut , deukeut stasion mangga besar . [S] [A] [O]",[S] positive [A] lokasina [O] alus,[S] negative [A] payungna [O] butut,"[[508, 50, 60, 6785, 508, 32, 60, 40283, 300, 2210, 508, 46, 60, 452, 355]]","[[508, 50, 60, 8225, 508, 32, 60, 2291, 2185, 3376, 508, 46, 60, 714, 332]]"
"lokasina alus , deukeut stasion mangga besar . [O] [A] [S]","payungna butut , deukeut stasion mangga besar . [O] [A] [S]",[O] alus [A] lokasina [S] positive,[O] butut [A] payungna [S] negative,"[[508, 46, 60, 452, 355, 508, 32, 60, 40283, 300, 2210, 508, 50, 60, 6785]]","[[508, 46, 60, 714, 332, 508, 32, 60, 2291, 2185, 3376, 508, 50, 60, 8225]]"
"lokasina alus , deukeut stasion mangga besar . [O] [S] [A]","payungna butut , deukeut stasion mangga besar . [O] [S] [A]",[O] alus [S] positive [A] lokasina,[O] butut [S] negative [A] payungna,"[[508, 46, 60, 452, 355, 508, 50, 60, 6785, 508, 32, 60, 40283, 300, 2210]]","[[508, 46, 60, 714, 332, 508, 50, 60, 8225, 508, 32, 60, 2291, 2185, 3376]]"
"ieu tempat ngeunah keur persinggahan . deukeut ka bandara , bisa mesen dianterkeun . [A] [O] [S]","ieu batur teu betah keur persinggahan . deukeut ka bandara , bisa mesen dianterkeun . [A] [O] [S]",[A] tempat [O] ngeunah [S] positive,[A] batur [O] teu betah [S] negative,"[[508, 32, 60, 2730, 266, 508, 46, 60, 308, 709, 359, 1466, 508, 50, 60, 6785]]","[[508, 32, 60, 293, 2628, 508, 46, 60, 1013, 84, 1274, 1466, 508, 50, 60, 8225]]"
"ieu tempat ngeunah keur persinggahan . deukeut ka bandara , bisa mesen dianterkeun . [A] [S] [O]","ieu batur teu betah keur persinggahan . deukeut ka bandara , bisa mesen dianterkeun . [A] [S] [O]",[A] tempat [S] positive [O] ngeunah,[A] batur [S] negative [O] teu betah,"[[508, 32, 60, 2730, 266, 508, 50, 60, 6785, 508, 46, 60, 308, 709, 359, 1466]]","[[508, 32, 60, 293, 2628, 508, 50, 60, 8225, 508, 46, 60, 1013, 84, 1274, 1466]]"
"ieu tempat ngeunah keur persinggahan . deukeut ka bandara , bisa mesen dianterkeun . [S] [A] [O]","ieu batur teu betah keur persinggahan . deukeut ka bandara , bisa mesen dianterkeun . [S] [A] [O]",[S] positive [A] tempat [O] ngeunah,[S] negative [A] batur [O] teu betah,"[[508, 50, 60, 6785, 508, 32, 60, 2730, 266, 508, 46, 60, 308, 709, 359, 1466]]","[[508, 50, 60, 8225, 508, 32, 60, 293, 2628, 508, 46, 60, 1013, 84, 1274, 1466]]"
"ieu tempat ngeunah keur persinggahan . deukeut ka bandara , bisa mesen dianterkeun . [O] [A] [S]","ieu batur teu betah keur persinggahan . deukeut ka bandara , bisa mesen dianterkeun . [O] [A] [S]",[O] ngeunah [A] tempat [S] positive,[O] teu betah [A] batur [S] negative,"[[508, 46, 60, 308, 709, 359, 1466, 508, 32, 60, 2730, 266, 508, 50, 60, 6785]]","[[508, 46, 60, 1013, 84, 1274, 1466, 508, 32, 60, 293, 2628, 508, 50, 60, 8225]]"
"ieu tempat ngeunah keur persinggahan . deukeut ka bandara , bisa mesen dianterkeun . [O] [S] [A]","ieu batur teu betah keur persinggahan . deukeut ka bandara , bisa mesen dianterkeun . [O] [S] [A]",[O] ngeunah [S] positive [A] tempat,[O] teu betah [S] negative [A] batur,"[[508, 46, 60, 308, 709, 359, 1466, 508, 50, 60, 6785, 508, 32, 60, 2730, 266]]","[[508, 46, 60, 1013, 84, 1274, 1466, 508, 50, 60, 8225, 508, 32, 60, 293, 2628]]"
palayanan mah alus salila 24 jam . [A] [O] [S],lapang bal mah goreng salila 24 jam . [A] [O] [S],[A] palayanan [O] alus [S] positive,[A] lapang bal [O] goreng [S] negative,"[[508, 32, 60, 10854, 352, 28618, 508, 46, 60, 452, 355, 508, 50, 60, 6785]]","[[508, 32, 60, 23410, 524, 9642, 508, 46, 60, 90432, 968, 508, 50, 60, 8225]]"
palayanan mah alus salila 24 jam . [A] [S] [O],lapang bal mah goreng salila 24 jam . [A] [S] [O],[A] palayanan [S] positive [O] alus,[A] lapang bal [S] negative [O] goreng,"[[508, 32, 60, 10854, 352, 28618, 508, 50, 60, 6785, 508, 46, 60, 452, 355]]","[[508, 32, 60, 23410, 524, 9642, 508, 50, 60, 8225, 508, 46, 60, 90432, 968]]"
palayanan mah alus salila 24 jam . [S] [A] [O],lapang bal mah goreng salila 24 jam . [S] [A] [O],[S] positive [A] palayanan [O] alus,[S] negative [A] lapang bal [O] goreng,"[[508, 50, 60, 6785, 508, 32, 60, 10854, 352, 28618, 508, 46, 60, 452, 355]]","[[508, 50, 60, 8225, 508, 32, 60, 23410, 524, 9642, 508, 46, 60, 90432, 968]]"
palayanan mah alus salila 24 jam . [O] [A] [S],lapang bal mah goreng salila 24 jam . [O] [A] [S],[O] alus [A] palayanan [S] positive,[O] goreng [A] lapang bal [S] negative,"[[508, 46, 60, 452, 355, 508, 32, 60, 10854, 352, 28618, 508, 50, 60, 6785]]","[[508, 46, 60, 90432, 968, 508, 32, 60, 23410, 524, 9642, 508, 50, 60, 8225]]"
palayanan mah alus salila 24 jam . [O] [S] [A],lapang bal mah goreng salila 24 jam . [O] [S] [A],[O] alus [S] positive [A] palayanan,[O] goreng [S] negative [A] lapang bal,"[[508, 46, 60, 452, 355, 508, 50, 60, 6785, 508, 32, 60, 10854, 352, 28618]]","[[508, 46, 60, 90432, 968, 508, 50, 60, 8225, 508, 32, 60, 23410, 524, 9642]]"
kasurna teuas : ( . [A] [O] [S],bukuna rujit : ( . [A] [O] [S],[A] kasurna [O] teuas [S] negative,[A] bukuna [O] rujit [S] negative,"[[508, 32, 60, 47656, 399, 64, 508, 46, 60, 1013, 84, 300, 508, 50, 60, 8225]]","[[508, 32, 60, 1031, 74, 8565, 508, 46, 60, 435, 9635, 275, 508, 50, 60, 8225]]"
kasurna teuas : ( . [A] [S] [O],bukuna rujit : ( . [A] [S] [O],[A] kasurna [S] negative [O] teuas,[A] bukuna [S] negative [O] rujit,"[[508, 32, 60, 47656, 399, 64, 508, 50, 60, 8225, 508, 46, 60, 1013, 84, 300]]","[[508, 32, 60, 1031, 74, 8565, 508, 50, 60, 8225, 508, 46, 60, 435, 9635, 275]]"
kasurna teuas : ( . [S] [A] [O],bukuna rujit : ( . [S] [A] [O],[S] negative [A] kasurna [O] teuas,[S] negative [A] bukuna [O] rujit,"[[508, 50, 60, 8225, 508, 32, 60, 47656, 399, 64, 508, 46, 60, 1013, 84, 300]]","[[508, 50, 60, 8225, 508, 32, 60, 1031, 74, 8565, 508, 46, 60, 435, 9635, 275]]"
kasurna teuas : ( . [O] [A] [S],bukuna rujit : ( . [O] [A] [S],[O] teuas [A] kasurna [S] negative,[O] rujit [A] bukuna [S] negative,"[[508, 46, 60, 1013, 84, 300, 508, 32, 60, 47656, 399, 64, 508, 50, 60, 8225]]","[[508, 46, 60, 435, 9635, 275, 508, 32, 60, 1031, 74, 8565, 508, 50, 60, 8225]]"
kasurna teuas : ( . [O] [S] [A],bukuna rujit : ( . [O] [S] [A],[O] teuas [S] negative [A] kasurna,[O] rujit [S] negative [A] bukuna,"[[508, 46, 60, 1013, 84, 300, 508, 50, 60, 8225, 508, 32, 60, 47656, 399, 64]]","[[508, 46, 60, 435, 9635, 275, 508, 50, 60, 8225, 508, 32, 60, 1031, 74, 8565]]"
nu ngajagana kurang ramah . [A] [O] [S],nu mésérna sopan pisan . [A] [O] [S],[A] nu ngajagana [O] kurang ramah [S] negative,[A] nu mésérna [O] sopan pisan [S] positive,"[[508, 32, 60, 10908, 7777, 1630, 351, 3362, 508, 46, 60, 27265, 524, 17823, 1466, 508, 50, 60, 8225]]","[[508, 32, 60, 10908, 296, 5397, 13763, 3376, 508, 46, 60, 70204, 276, 281, 17132, 508, 50, 60, 6785]]"
nu ngajagana kurang ramah . [A] [S] [O],nu mésérna sopan pisan . [A] [S] [O],[A] nu ngajagana [S] negative [O] kurang ramah,[A] nu mésérna [S] positive [O] sopan pisan,"[[508, 32, 60, 10908, 7777, 1630, 351, 3362, 508, 50, 60, 8225, 508, 46, 60, 27265, 524, 17823, 1466]]","[[508, 32, 60, 10908, 296, 5397, 13763, 3376, 508, 50, 60, 6785, 508, 46, 60, 70204, 276, 281, 17132]]"
nu ngajagana kurang ramah . [S] [A] [O],nu mésérna sopan pisan . [S] [A] [O],[S] negative [A] nu ngajagana [O] kurang ramah,[S] positive [A] nu mésérna [O] sopan pisan,"[[508, 50, 60, 8225, 508, 32, 60, 10908, 7777, 1630, 351, 3362, 508, 46, 60, 27265, 524, 17823, 1466]]","[[508, 50, 60, 6785, 508, 32, 60, 10908, 296, 5397, 13763, 3376, 508, 46, 60, 70204, 276, 281, 17132]]"
nu ngajagana kurang ramah . [O] [A] [S],nu mésérna sopan pisan . [O] [A] [S],[O] kurang ramah [A] nu ngajagana [S] negative,[O] sopan pisan [A] nu mésérna [S] positive,"[[508, 46, 60, 27265, 524, 17823, 1466, 508, 32, 60, 10908, 7777, 1630, 351, 3362, 508, 50, 60, 8225]]","[[508, 46, 60, 70204, 276, 281, 17132, 508, 32, 60, 10908, 296, 5397, 13763, 3376, 508, 50, 60, 6785]]"
nu ngajagana kurang ramah . [O] [S] [A],nu mésérna sopan pisan . [O] [S] [A],[O] kurang ramah [S] negative [A] nu ngajagana,[O] sopan pisan [S] positive [A] nu mésérna,"[[508, 46, 60, 27265, 524, 17823, 1466, 508, 50, 60, 8225, 508, 32, 60, 10908, 7777, 1630, 351, 3362]]","[[508, 46, 60, 70204, 276, 281, 17132, 508, 50, 60, 6785, 508, 32, 60, 10908, 296, 5397, 13763, 3376]]"
ménu sarapan téh kurang lengkep . [A] [O] [S],palayanan na téh lengkep pisan . [A] [O] [S],[A] ménu sarapan [O] kurang lengkep [S] negative,[A] palayanan na [O] lengkep pisan [S] positive,"[[508, 32, 60, 31018, 8933, 28047, 5359, 508, 46, 60, 27265, 524, 47794, 440, 79, 508, 50, 60, 8225]]","[[508, 32, 60, 10854, 352, 28618, 4317, 508, 46, 60, 47794, 440, 79, 281, 17132, 508, 50, 60, 6785]]"
ménu sarapan téh kurang lengkep . [A] [S] [O],palayanan na téh lengkep pisan . [A] [S] [O],[A] ménu sarapan [S] negative [O] kurang lengkep,[A] palayanan na [S] positive [O] lengkep pisan,"[[508, 32, 60, 31018, 8933, 28047, 5359, 508, 50, 60, 8225, 508, 46, 60, 27265, 524, 47794, 440, 79]]","[[508, 32, 60, 10854, 352, 28618, 4317, 508, 50, 60, 6785, 508, 46, 60, 47794, 440, 79, 281, 17132]]"
ménu sarapan téh kurang lengkep . [S] [A] [O],palayanan na téh lengkep pisan . [S] [A] [O],[S] negative [A] ménu sarapan [O] kurang lengkep,[S] positive [A] palayanan na [O] lengkep pisan,"[[508, 50, 60, 8225, 508, 32, 60, 31018, 8933, 28047, 5359, 508, 46, 60, 27265, 524, 47794, 440, 79]]","[[508, 50, 60, 6785, 508, 32, 60, 10854, 352, 28618, 4317, 508, 46, 60, 47794, 440, 79, 281, 17132]]"
ménu sarapan téh kurang lengkep . [O] [A] [S],palayanan na téh lengkep pisan . [O] [A] [S],[O] kurang lengkep [A] ménu sarapan [S] negative,[O] lengkep pisan [A] palayanan na [S] positive,"[[508, 46, 60, 27265, 524, 47794, 440, 79, 508, 32, 60, 31018, 8933, 28047, 5359, 508, 50, 60, 8225]]","[[508, 46, 60, 47794, 440, 79, 281, 17132, 508, 32, 60, 10854, 352, 28618, 4317, 508, 50, 60, 6785]]"
ménu sarapan téh kurang lengkep . [O] [S] [A],palayanan na téh lengkep pisan . [O] [S] [A],[O] kurang lengkep [S] negative [A] ménu sarapan,[O] lengkep pisan [S] positive [A] palayanan na,"[[508, 46, 60, 27265, 524, 47794, 440, 79, 508, 50, 60, 8225, 508, 32, 60, 31018, 8933, 28047, 5359]]","[[508, 46, 60, 47794, 440, 79, 281, 17132, 508, 50, 60, 6785, 508, 32, 60, 10854, 352, 28618, 4317]]"
résepsionis kurang ramah . [A] [O] [S],pagawéanana alus pisan . [A] [O] [S],[A] résepsionis [O] kurang ramah [S] negative,[A] pagawéanana [O] alus pisan [S] negative,"[[508, 32, 60, 9333, 325, 1690, 290, 285, 508, 46, 60, 27265, 524, 17823, 1466, 508, 50, 60, 8225]]","[[508, 32, 60, 14774, 672, 963, 276, 3362, 508, 46, 60, 452, 355, 281, 17132, 508, 50, 60, 8225]]"
résepsionis kurang ramah . [A] [S] [O],pagawéanana alus pisan . [A] [S] [O],[A] résepsionis [S] negative [O] kurang ramah,[A] pagawéanana [S] negative [O] alus pisan,"[[508, 32, 60, 9333, 325, 1690, 290, 285, 508, 50, 60, 8225, 508, 46, 60, 27265, 524, 17823, 1466]]","[[508, 32, 60, 14774, 672, 963, 276, 3362, 508, 50, 60, 8225, 508, 46, 60, 452, 355, 281, 17132]]"
résepsionis kurang ramah . [S] [A] [O],pagawéanana alus pisan . [S] [A] [O],[S] negative [A] résepsionis [O] kurang ramah,[S] negative [A] pagawéanana [O] alus pisan,"[[508, 50, 60, 8225, 508, 32, 60, 9333, 325, 1690, 290, 285, 508, 46, 60, 27265, 524, 17823, 1466]]","[[508, 50, 60, 8225, 508, 32, 60, 14774, 672, 963, 276, 3362, 508, 46, 60, 452, 355, 281, 17132]]"
résepsionis kurang ramah . [O] [A] [S],pagawéanana alus pisan . [O] [A] [S],[O] kurang ramah [A] résepsionis [S] negative,[O] alus pisan [A] pagawéanana [S] negative,"[[508, 46, 60, 27265, 524, 17823, 1466, 508, 32, 60, 9333, 325, 1690, 290, 285, 508, 50, 60, 8225]]","[[508, 46, 60, 452, 355, 281, 17132, 508, 32, 60, 14774, 672, 963, 276, 3362, 508, 50, 60, 8225]]"
résepsionis kurang ramah . [O] [S] [A],pagawéanana alus pisan . [O] [S] [A],[O] kurang ramah [S] negative [A] résepsionis,[O] alus pisan [S] negative [A] pagawéanana,"[[508, 46, 60, 27265, 524, 17823, 1466, 508, 50, 60, 8225, 508, 32, 60, 9333, 325, 1690, 290, 285]]","[[508, 46, 60, 452, 355, 281, 17132, 508, 50, 60, 8225, 508, 32, 60, 14774, 672, 963, 276, 3362]]"
wifi-na teu hurung euy . [A] [O] [S],kaca caang pisan euy . [A] [O] [S],[A] wifi-na [O] teu hurung [S] negative,[A] kaca [O] caang pisan [S] positive,"[[508, 32, 60, 33417, 93082, 508, 46, 60, 1013, 84, 12819, 2185, 508, 50, 60, 8225]]","[[508, 32, 60, 595, 17106, 508, 46, 60, 2162, 524, 281, 17132, 508, 50, 60, 6785]]"
wifi-na teu hurung euy . [A] [S] [O],kaca caang pisan euy . [A] [S] [O],[A] wifi-na [S] negative [O] teu hurung,[A] kaca [S] positive [O] caang pisan,"[[508, 32, 60, 33417, 93082, 508, 50, 60, 8225, 508, 46, 60, 1013, 84, 12819, 2185]]","[[508, 32, 60, 595, 17106, 508, 50, 60, 6785, 508, 46, 60, 2162, 524, 281, 17132]]"
wifi-na teu hurung euy . [S] [A] [O],kaca caang pisan euy . [S] [A] [O],[S] negative [A] wifi-na [O] teu hurung,[S] positive [A] kaca [O] caang pisan,"[[508, 50, 60, 8225, 508, 32, 60, 33417, 93082, 508, 46, 60, 1013, 84, 12819, 2185]]","[[508, 50, 60, 6785, 508, 32, 60, 595, 17106, 508, 46, 60, 2162, 524, 281, 17132]]"
wifi-na teu hurung euy . [O] [A] [S],kaca caang pisan euy . [O] [A] [S],[O] teu hurung [A] wifi-na [S] negative,[O] caang pisan [A] kaca [S] positive,"[[508, 46, 60, 1013, 84, 12819, 2185, 508, 32, 60, 33417, 93082, 508, 50, 60, 8225]]","[[508, 46, 60, 2162, 524, 281, 17132, 508, 32, 60, 595, 17106, 508, 50, 60, 6785]]"
wifi-na teu hurung euy . [O] [S] [A],kaca caang pisan euy . [O] [S] [A],[O] teu hurung [S] negative [A] wifi-na,[O] caang pisan [S] positive [A] kaca,"[[508, 46, 60, 1013, 84, 12819, 2185, 508, 50, 60, 8225, 508, 32, 60, 33417, 93082]]","[[508, 46, 60, 2162, 524, 281, 17132, 508, 50, 60, 6785, 508, 32, 60, 595, 17106]]"
lokasina oké . deukeut jeung tengah kota . [A] [O] [S],garasina butut . deukeut jeung tengah kota . [A] [O] [S],[A] lokasina [O] oké [S] positive,[A] garasina [O] butut [S] negative,"[[508, 32, 60, 40283, 300, 2210, 508, 46, 60, 5394, 963, 508, 50, 60, 6785]]","[[508, 32, 60, 7364, 300, 2210, 508, 46, 60, 714, 332, 508, 50, 60, 8225]]"
lokasina oké . deukeut jeung tengah kota . [A] [S] [O],garasina butut . deukeut jeung tengah kota . [A] [S] [O],[A] lokasina [S] positive [O] oké,[A] garasina [S] negative [O] butut,"[[508, 32, 60, 40283, 300, 2210, 508, 50, 60, 6785, 508, 46, 60, 5394, 963]]","[[508, 32, 60, 7364, 300, 2210, 508, 50, 60, 8225, 508, 46, 60, 714, 332]]"
lokasina oké . deukeut jeung tengah kota . [S] [A] [O],garasina butut . deukeut jeung tengah kota . [S] [A] [O],[S] positive [A] lokasina [O] oké,[S] negative [A] garasina [O] butut,"[[508, 50, 60, 6785, 508, 32, 60, 40283, 300, 2210, 508, 46, 60, 5394, 963]]","[[508, 50, 60, 8225, 508, 32, 60, 7364, 300, 2210, 508, 46, 60, 714, 332]]"
lokasina oké . deukeut jeung tengah kota . [O] [A] [S],garasina butut . deukeut jeung tengah kota . [O] [A] [S],[O] oké [A] lokasina [S] positive,[O] butut [A] garasina [S] negative,"[[508, 46, 60, 5394, 963, 508, 32, 60, 40283, 300, 2210, 508, 50, 60, 6785]]","[[508, 46, 60, 714, 332, 508, 32, 60, 7364, 300, 2210, 508, 50, 60, 8225]]"
lokasina oké . deukeut jeung tengah kota . [O] [S] [A],garasina butut . deukeut jeung tengah kota . [O] [S] [A],[O] oké [S] positive [A] lokasina,[O] butut [S] negative [A] garasina,"[[508, 46, 60, 5394, 963, 508, 50, 60, 6785, 508, 32, 60, 40283, 300, 2210]]","[[508, 46, 60, 714, 332, 508, 50, 60, 8225, 508, 32, 60, 7364, 300, 2210]]"
kamarna leutik pisan . [A] [O] [S],mobilna lengkep pisan . [A] [O] [S],[A] kamarna [O] leutik pisan [S] negative,[A] motorna [O] lengkep pisan [S] positive,"[[508, 32, 60, 33661, 39215, 508, 46, 60, 512, 332, 1579, 281, 17132, 508, 50, 60, 8225]]","[[508, 32, 60, 3852, 33264, 508, 46, 60, 47794, 440, 79, 281, 17132, 508, 50, 60, 6785]]"
kamarna leutik pisan . [A] [S] [O],mobilna lengkep pisan . [A] [S] [O],[A] kamarna [S] negative [O] leutik pisan,[A] motorna [S] positive [O] lengkep pisan,"[[508, 32, 60, 33661, 39215, 508, 50, 60, 8225, 508, 46, 60, 512, 332, 1579, 281, 17132]]","[[508, 32, 60, 3852, 33264, 508, 50, 60, 6785, 508, 46, 60, 47794, 440, 79, 281, 17132]]"
kamarna leutik pisan . [S] [A] [O],mobilna lengkep pisan . [S] [A] [O],[S] negative [A] kamarna [O] leutik pisan,[S] positive [A] motorna [O] lengkep pisan,"[[508, 50, 60, 8225, 508, 32, 60, 33661, 39215, 508, 46, 60, 512, 332, 1579, 281, 17132]]","[[508, 50, 60, 6785, 508, 32, 60, 3852, 33264, 508, 46, 60, 47794, 440, 79, 281, 17132]]"
kamarna leutik pisan . [O] [A] [S],mobilna lengkep pisan . [O] [A] [S],[O] leutik pisan [A] kamarna [S] negative,[O] lengkep pisan [A] motorna [S] positive,"[[508, 46, 60, 512, 332, 1579, 281, 17132, 508, 32, 60, 33661, 39215, 508, 50, 60, 8225]]","[[508, 46, 60, 47794, 440, 79, 281, 17132, 508, 32, 60, 3852, 33264, 508, 50, 60, 6785]]"
kamarna leutik pisan . [O] [S] [A],mobilna lengkep pisan . [O] [S] [A],[O] leutik pisan [S] negative [A] kamarna,[O] lengkep pisan [S] positive [A] motorna,"[[508, 46, 60, 512, 332, 1579, 281, 17132, 508, 50, 60, 8225, 508, 32, 60, 33661, 39215]]","[[508, 46, 60, 47794, 440, 79, 281, 17132, 508, 50, 60, 6785, 508, 32, 60, 3852, 33264]]"
sakabehna mah muaskeun pisan . [A] [O] [S],wastafelna mah meuni karotor pisan . [A] [O] [S],[A] sakabehna [O] muaskeun pisan [S] positive,[A] wastafelna [O] meuni karotor pisan [S] negative,"[[508, 32, 60, 77310, 370, 2636, 3376, 508, 46, 60, 11834, 300, 440, 359, 281, 17132, 508, 50, 60, 6785]]","[[508, 32, 60, 40321, 2577, 301, 3376, 508, 46, 60, 752, 15705, 23425, 9887, 281, 17132, 508, 50, 60, 8225]]"
sakabehna mah muaskeun pisan . [A] [S] [O],wastafelna mah meuni karotor pisan . [A] [S] [O],[A] sakabehna [S] positive [O] muaskeun pisan,[A] wastafelna [S] negative [O] meuni karotor pisan,"[[508, 32, 60, 77310, 370, 2636, 3376, 508, 50, 60, 6785, 508, 46, 60, 11834, 300, 440, 359, 281, 17132]]","[[508, 32, 60, 40321, 2577, 301, 3376, 508, 50, 60, 8225, 508, 46, 60, 752, 15705, 23425, 9887, 281, 17132]]"
sakabehna mah muaskeun pisan . [S] [A] [O],wastafelna mah meuni karotor pisan . [S] [A] [O],[S] positive [A] sakabehna [O] muaskeun pisan,[S] negative [A] wastafelna [O] meuni karotor pisan,"[[508, 50, 60, 6785, 508, 32, 60, 77310, 370, 2636, 3376, 508, 46, 60, 11834, 300, 440, 359, 281, 17132]]","[[508, 50, 60, 8225, 508, 32, 60, 40321, 2577, 301, 3376, 508, 46, 60, 752, 15705, 23425, 9887, 281, 17132]]"
sakabehna mah muaskeun pisan . [O] [A] [S],wastafelna mah meuni karotor pisan . [O] [A] [S],[O] muaskeun pisan [A] sakabehna [S] positive,[O] meuni karotor pisan [A] wastafelna [S] negative,"[[508, 46, 60, 11834, 300, 440, 359, 281, 17132, 508, 32, 60, 77310, 370, 2636, 3376, 508, 50, 60, 6785]]","[[508, 46, 60, 752, 15705, 23425, 9887, 281, 17132, 508, 32, 60, 40321, 2577, 301, 3376, 508, 50, 60, 8225]]"
sakabehna mah muaskeun pisan . [O] [S] [A],wastafelna mah meuni karotor pisan . [O] [S] [A],[O] muaskeun pisan [S] positive [A] sakabehna,[O] meuni karotor pisan [S] negative [A] wastafelna,"[[508, 46, 60, 11834, 300, 440, 359, 281, 17132, 508, 50, 60, 6785, 508, 32, 60, 77310, 370, 2636, 3376]]","[[508, 46, 60, 752, 15705, 23425, 9887, 281, 17132, 508, 50, 60, 8225, 508, 32, 60, 40321, 2577, 301, 3376]]"
"keur ngendong nu kamari mah , kasurna kurang beresih . [A] [O] [S]","keur ngendong nu kamari mah , supirna balageur pisan . [A] [O] [S]",[A] kasurna [O] kurang beresih [S] negative,[A] supirna [O] balageur pisan [S] positive,"[[508, 32, 60, 47656, 399, 64, 508, 46, 60, 27265, 524, 10207, 288, 6996, 508, 50, 60, 8225]]","[[508, 32, 60, 1026, 404, 3376, 508, 46, 60, 9642, 424, 324, 281, 17132, 508, 50, 60, 6785]]"
"keur ngendong nu kamari mah , kasurna kurang beresih . [A] [S] [O]","keur ngendong nu kamari mah , supirna balageur pisan . [A] [S] [O]",[A] kasurna [S] negative [O] kurang beresih,[A] supirna [S] positive [O] balageur pisan,"[[508, 32, 60, 47656, 399, 64, 508, 50, 60, 8225, 508, 46, 60, 27265, 524, 10207, 288, 6996]]","[[508, 32, 60, 1026, 404, 3376, 508, 50, 60, 6785, 508, 46, 60, 9642, 424, 324, 281, 17132]]"
"keur ngendong nu kamari mah , kasurna kurang beresih . [S] [A] [O]","keur ngendong nu kamari mah , supirna balageur pisan . [S] [A] [O]",[S] negative [A] kasurna [O] kurang beresih,[S] positive [A] supirna [O] balageur pisan,"[[508, 50, 60, 8225, 508, 32, 60, 47656, 399, 64, 508, 46, 60, 27265, 524, 10207, 288, 6996]]","[[508, 50, 60, 6785, 508, 32, 60, 1026, 404, 3376, 508, 46, 60, 9642, 424, 324, 281, 17132]]"
"keur ngendong nu kamari mah , kasurna kurang beresih . [O] [A] [S]","keur ngendong nu kamari mah , supirna balageur pisan . [O] [A] [S]",[O] kurang beresih [A] kasurna [S] negative,[O] balageur pisan [A] supirna [S] positive,"[[508, 46, 60, 27265, 524, 10207, 288, 6996, 508, 32, 60, 47656, 399, 64, 508, 50, 60, 8225]]","[[508, 46, 60, 9642, 424, 324, 281, 17132, 508, 32, 60, 1026, 404, 3376, 508, 50, 60, 6785]]"
"keur ngendong nu kamari mah , kasurna kurang beresih . [O] [S] [A]","keur ngendong nu kamari mah , supirna balageur pisan . [O] [S] [A]",[O] kurang beresih [S] negative [A] kasurna,[O] balageur pisan [S] positive [A] supirna,"[[508, 46, 60, 27265, 524, 10207, 288, 6996, 508, 50, 60, 8225, 508, 32, 60, 47656, 399, 64]]","[[508, 46, 60, 9642, 424, 324, 281, 17132, 508, 50, 60, 6785, 508, 32, 60, 1026, 404, 3376]]"
"andukna ngan hiji , padahal urang duaan . [A] [O] [S]","sapedana alus pisan, padahal urang duaan . [A] [O] [S]",[A] andukna [O] ngan hiji [S] negative,[A] sapedana [O] alus pisan [S] positive,"[[508, 32, 60, 323, 3101, 3376, 508, 46, 60, 7777, 276, 21415, 72, 508, 50, 60, 8225]]","[[508, 32, 60, 274, 10185, 3362, 508, 46, 60, 452, 355, 281, 17132, 508, 50, 60, 6785]]"
"andukna ngan hiji , padahal urang duaan . [A] [S] [O]","sapedana alus pisan, padahal urang duaan . [A] [S] [O]",[A] andukna [S] negative [O] ngan hiji,[A] sapedana [S] positive [O] alus pisan,"[[508, 32, 60, 323, 3101, 3376, 508, 50, 60, 8225, 508, 46, 60, 7777, 276, 21415, 72]]","[[508, 32, 60, 274, 10185, 3362, 508, 50, 60, 6785, 508, 46, 60, 452, 355, 281, 17132]]"
"andukna ngan hiji , padahal urang duaan . [S] [A] [O]","sapedana alus pisan, padahal urang duaan . [S] [A] [O]",[S] negative [A] andukna [O] ngan hiji,[S] positive [A] sapedana [O] alus pisan,"[[508, 50, 60, 8225, 508, 32, 60, 323, 3101, 3376, 508, 46, 60, 7777, 276, 21415, 72]]","[[508, 50, 60, 6785, 508, 32, 60, 274, 10185, 3362, 508, 46, 60, 452, 355, 281, 17132]]"
"andukna ngan hiji , padahal urang duaan . [O] [A] [S]","sapedana alus pisan, padahal urang duaan . [O] [A] [S]",[O] ngan hiji [A] andukna [S] negative,[O] alus pisan [A] sapedana [S] positive,"[[508, 46, 60, 7777, 276, 21415, 72, 508, 32, 60, 323, 3101, 3376, 508, 50, 60, 8225]]","[[508, 46, 60, 452, 355, 281, 17132, 508, 32, 60, 274, 10185, 3362, 508, 50, 60, 6785]]"
"andukna ngan hiji , padahal urang duaan . [O] [S] [A]","sapedana alus pisan, padahal urang duaan . [O] [S] [A]",[O] ngan hiji [S] negative [A] andukna,[O] alus pisan [S] positive [A] sapedana,"[[508, 46, 60, 7777, 276, 21415, 72, 508, 50, 60, 8225, 508, 32, 60, 323, 3101, 3376]]","[[508, 46, 60, 452, 355, 281, 17132, 508, 50, 60, 6785, 508, 32, 60, 274, 10185, 3362]]"
wifi kurang alus . [A] [O] [S],tas lega pisan . [A] [O] [S],[A] wifi [O] kurang alus [S] negative,[A] tas [O] lega pisan [S] positive,"[[508, 32, 60, 33417, 508, 46, 60, 27265, 524, 452, 355, 508, 50, 60, 8225]]","[[508, 32, 60, 51214, 508, 46, 60, 2472, 64, 281, 17132, 508, 50, 60, 6785]]"
wifi kurang alus . [A] [S] [O],tas lega pisan . [A] [S] [O],[A] wifi [S] negative [O] kurang alus,[A] tas [S] positive [O] lega pisan,"[[508, 32, 60, 33417, 508, 50, 60, 8225, 508, 46, 60, 27265, 524, 452, 355]]","[[508, 32, 60, 51214, 508, 50, 60, 6785, 508, 46, 60, 2472, 64, 281, 17132]]"
wifi kurang alus . [S] [A] [O],tas lega pisan . [S] [A] [O],[S] negative [A] wifi [O] kurang alus,[S] positive [A] tas [O] lega pisan,"[[508, 50, 60, 8225, 508, 32, 60, 33417, 508, 46, 60, 27265, 524, 452, 355]]","[[508, 50, 60, 6785, 508, 32, 60, 51214, 508, 46, 60, 2472, 64, 281, 17132]]"
wifi kurang alus . [O] [A] [S],tas lega pisan . [O] [A] [S],[O] kurang alus [A] wifi [S] negative,[O] lega pisan [A] tas [S] positive,"[[508, 46, 60, 27265, 524, 452, 355, 508, 32, 60, 33417, 508, 50, 60, 8225]]","[[508, 46, 60, 2472, 64, 281, 17132, 508, 32, 60, 51214, 508, 50, 60, 6785]]"
wifi kurang alus . [O] [S] [A],tas lega pisan . [O] [S] [A],[O] kurang alus [S] negative [A] wifi,[O] lega pisan [S] positive [A] tas,"[[508, 46, 60, 27265, 524, 452, 355, 508, 50, 60, 8225, 508, 32, 60, 33417]]","[[508, 46, 60, 2472, 64, 281, 17132, 508, 50, 60, 6785, 508, 32, 60, 51214]]"
tempat saré kurang ngeunaheun . [A] [O] [S],palayanan na ngeunaheun pisan . [A] [O] [S],[A] tempat saré [O] kurang ngeunaheun [S] negative,[A] palayanan na [O] ngeunaheun pisan [S] positive,"[[508, 32, 60, 2730, 266, 28047, 963, 508, 46, 60, 27265, 524, 308, 709, 8565, 383, 359, 508, 50, 60, 8225]]","[[508, 32, 60, 10854, 352, 28618, 4317, 508, 46, 60, 308, 709, 8565, 383, 359, 281, 17132, 508, 50, 60, 6785]]"
tempat saré kurang ngeunaheun . [A] [S] [O],palayanan na ngeunaheun pisan . [A] [S] [O],[A] tempat saré [S] negative [O] kurang ngeunaheun,[A] palayanan na [S] positive [O] ngeunaheun pisan,"[[508, 32, 60, 2730, 266, 28047, 963, 508, 50, 60, 8225, 508, 46, 60, 27265, 524, 308, 709, 8565, 383, 359]]","[[508, 32, 60, 10854, 352, 28618, 4317, 508, 50, 60, 6785, 508, 46, 60, 308, 709, 8565, 383, 359, 281, 17132]]"
tempat saré kurang ngeunaheun . [S] [A] [O],palayanan na ngeunaheun pisan . [S] [A] [O],[S] negative [A] tempat saré [O] kurang ngeunaheun,[S] positive [A] palayanan na [O] ngeunaheun pisan,"[[508, 50, 60, 8225, 508, 32, 60, 2730, 266, 28047, 963, 508, 46, 60, 27265, 524, 308, 709, 8565, 383, 359]]","[[508, 50, 60, 6785, 508, 32, 60, 10854, 352, 28618, 4317, 508, 46, 60, 308, 709, 8565, 383, 359, 281, 17132]]"
tempat saré kurang ngeunaheun . [O] [A] [S],palayanan na ngeunaheun pisan . [O] [A] [S],[O] kurang ngeunaheun [A] tempat saré [S] negative,[O] ngeunaheun pisan [A] palayanan na [S] positive,"[[508, 46, 60, 27265, 524, 308, 709, 8565, 383, 359, 508, 32, 60, 2730, 266, 28047, 963, 508, 50, 60, 8225]]","[[508, 46, 60, 308, 709, 8565, 383, 359, 281, 17132, 508, 32, 60, 10854, 352, 28618, 4317, 508, 50, 60, 6785]]"
tempat saré kurang ngeunaheun . [O] [S] [A],palayanan na ngeunaheun pisan . [O] [S] [A],[O] kurang ngeunaheun [S] negative [A] tempat saré,[O] ngeunaheun pisan [S] positive [A] palayanan na,"[[508, 46, 60, 27265, 524, 308, 709, 8565, 383, 359, 508, 50, 60, 8225, 508, 32, 60, 2730, 266, 28047, 963]]","[[508, 46, 60, 308, 709, 8565, 383, 359, 281, 17132, 508, 50, 60, 6785, 508, 32, 60, 10854, 352, 28618, 4317]]"
palayanan alus . nuhun airy ! [A] [O] [S],lampu na butut. nuhun airy ! [A] [O] [S],[A] palayanan [O] alus [S] positive,[A] lampu na [O] butut [S] negative,"[[508, 32, 60, 10854, 352, 28618, 508, 46, 60, 452, 355, 508, 50, 60, 6785]]","[[508, 32, 60, 27962, 84, 4317, 508, 46, 60, 714, 332, 508, 50, 60, 8225]]"
palayanan alus . nuhun airy ! [A] [S] [O],lampu na butut. nuhun airy ! [A] [S] [O],[A] palayanan [S] positive [O] alus,[A] lampu na [S] negative [O] butut,"[[508, 32, 60, 10854, 352, 28618, 508, 50, 60, 6785, 508, 46, 60, 452, 355]]","[[508, 32, 60, 27962, 84, 4317, 508, 50, 60, 8225, 508, 46, 60, 714, 332]]"
palayanan alus . nuhun airy ! [S] [A] [O],lampu na butut. nuhun airy ! [S] [A] [O],[S] positive [A] palayanan [O] alus,[S] negative [A] lampu na [O] butut,"[[508, 50, 60, 6785, 508, 32, 60, 10854, 352, 28618, 508, 46, 60, 452, 355]]","[[508, 50, 60, 8225, 508, 32, 60, 27962, 84, 4317, 508, 46, 60, 714, 332]]"
palayanan alus . nuhun airy ! [O] [A] [S],lampu na butut. nuhun airy ! [O] [A] [S],[O] alus [A] palayanan [S] positive,[O] butut [A] lampu na [S] negative,"[[508, 46, 60, 452, 355, 508, 32, 60, 10854, 352, 28618, 508, 50, 60, 6785]]","[[508, 46, 60, 714, 332, 508, 32, 60, 27962, 84, 4317, 508, 50, 60, 8225]]"
palayanan alus . nuhun airy ! [O] [S] [A],lampu na butut. nuhun airy ! [O] [S] [A],[O] alus [S] positive [A] palayanan,[O] butut [S] negative [A] lampu na,"[[508, 46, 60, 452, 355, 508, 50, 60, 6785, 508, 32, 60, 10854, 352, 28618]]","[[508, 46, 60, 714, 332, 508, 50, 60, 8225, 508, 32, 60, 27962, 84, 4317]]"
kabeh lengkep . [A] [O] [S],pantona heurin . [A] [O] [S],[A] kabeh [O] lengkep [S] positive,[A] pantona [O] heurin [S] negative,"[[508, 32, 60, 73995, 2636, 508, 46, 60, 47794, 440, 79, 508, 50, 60, 6785]]","[[508, 32, 60, 25279, 6721, 508, 46, 60, 566, 324, 258, 508, 50, 60, 8225]]"
kabeh lengkep . [A] [S] [O],pantona heurin . [A] [S] [O],[A] kabeh [S] positive [O] lengkep,[A] pantona [S] negative [O] heurin,"[[508, 32, 60, 73995, 2636, 508, 50, 60, 6785, 508, 46, 60, 47794, 440, 79]]","[[508, 32, 60, 25279, 6721, 508, 50, 60, 8225, 508, 46, 60, 566, 324, 258]]"
kabeh lengkep . [S] [A] [O],pantona heurin . [S] [A] [O],[S] positive [A] kabeh [O] lengkep,[S] negative [A] pantona [O] heurin,"[[508, 50, 60, 6785, 508, 32, 60, 73995, 2636, 508, 46, 60, 47794, 440, 79]]","[[508, 50, 60, 8225, 508, 32, 60, 25279, 6721, 508, 46, 60, 566, 324, 258]]"
kabeh lengkep . [O] [A] [S],pantona heurin . [O] [A] [S],[O] lengkep [A] kabeh [S] positive,[O] heurin [A] pantona [S] negative,"[[508, 46, 60, 47794, 440, 79, 508, 32, 60, 73995, 2636, 508, 50, 60, 6785]]","[[508, 46, 60, 566, 324, 258, 508, 32, 60, 25279, 6721, 508, 50, 60, 8225]]"
kabeh lengkep . [O] [S] [A],pantona heurin . [O] [S] [A],[O] lengkep [S] positive [A] kabeh,[O] heurin [S] negative [A] pantona,"[[508, 46, 60, 47794, 440, 79, 508, 50, 60, 6785, 508, 32, 60, 73995, 2636]]","[[508, 46, 60, 566, 324, 258, 508, 50, 60, 8225, 508, 32, 60, 25279, 6721]]"
kamarna heurin pisan . [A] [O] [S],mobilna garancang pisan . [A] [O] [S],[A] kamarna [O] heurin pisan [S] negative,[A] mobilna [O] garancang pisan [S] positive,"[[508, 32, 60, 33661, 39215, 508, 46, 60, 566, 324, 258, 281, 17132, 508, 50, 60, 8225]]","[[508, 32, 60, 28805, 3376, 508, 46, 60, 7364, 1129, 524, 281, 17132, 508, 50, 60, 6785]]"
kamarna heurin pisan . [A] [S] [O],mobilna garancang pisan . [A] [S] [O],[A] kamarna [S] negative [O] heurin pisan,[A] mobilna [S] positive [O] garancang pisan,"[[508, 32, 60, 33661, 39215, 508, 50, 60, 8225, 508, 46, 60, 566, 324, 258, 281, 17132]]","[[508, 32, 60, 28805, 3376, 508, 50, 60, 6785, 508, 46, 60, 7364, 1129, 524, 281, 17132]]"
kamarna heurin pisan . [S] [A] [O],mobilna garancang pisan . [S] [A] [O],[S] negative [A] kamarna [O] heurin pisan,[S] positive [A] mobilna [O] garancang pisan,"[[508, 50, 60, 8225, 508, 32, 60, 33661, 39215, 508, 46, 60, 566, 324, 258, 281, 17132]]","[[508, 50, 60, 6785, 508, 32, 60, 28805, 3376, 508, 46, 60, 7364, 1129, 524, 281, 17132]]"
kamarna heurin pisan . [O] [A] [S],mobilna garancang pisan . [O] [A] [S],[O] heurin pisan [A] kamarna [S] negative,[O] garancang pisan [A] mobilna [S] positive,"[[508, 46, 60, 566, 324, 258, 281, 17132, 508, 32, 60, 33661, 39215, 508, 50, 60, 8225]]","[[508, 46, 60, 7364, 1129, 524, 281, 17132, 508, 32, 60, 28805, 3376, 508, 50, 60, 6785]]"
kamarna heurin pisan . [O] [S] [A],mobilna garancang pisan . [O] [S] [A],[O] heurin pisan [S] negative [A] kamarna,[O] garancang pisan [S] positive [A] mobilna,"[[508, 46, 60, 566, 324, 258, 281, 17132, 508, 50, 60, 8225, 508, 32, 60, 33661, 39215]]","[[508, 46, 60, 7364, 1129, 524, 281, 17132, 508, 50, 60, 6785, 508, 32, 60, 28805, 3376]]"
kamarna lega deukeut stasion balapan . [A] [O] [S],mobilna laun deukeut stasion balapan . [A] [O] [S],[A] kamarna [O] lega [S] positive,[A] mobilna [O] laun [S] negative,"[[508, 32, 60, 33661, 39215, 508, 46, 60, 2472, 64, 508, 50, 60, 6785]]","[[508, 32, 60, 28805, 3376, 508, 46, 60, 1187, 359, 508, 50, 60, 8225]]"
kamarna lega deukeut stasion balapan . [A] [S] [O],mobilna laun deukeut stasion balapan . [A] [S] [O],[A] kamarna [S] positive [O] lega,[A] mobilna [S] negative [O] laun,"[[508, 32, 60, 33661, 39215, 508, 50, 60, 6785, 508, 46, 60, 2472, 64]]","[[508, 32, 60, 28805, 3376, 508, 50, 60, 8225, 508, 46, 60, 1187, 359]]"
kamarna lega deukeut stasion balapan . [S] [A] [O],mobilna laun deukeut stasion balapan . [S] [A] [O],[S] positive [A] kamarna [O] lega,[S] negative [A] mobilna [O] laun,"[[508, 50, 60, 6785, 508, 32, 60, 33661, 39215, 508, 46, 60, 2472, 64]]","[[508, 50, 60, 8225, 508, 32, 60, 28805, 3376, 508, 46, 60, 1187, 359]]"
kamarna lega deukeut stasion balapan . [O] [A] [S],mobilna laun deukeut stasion balapan . [O] [A] [S],[O] lega [A] kamarna [S] positive,[O] laun [A] mobilna [S] negative,"[[508, 46, 60, 2472, 64, 508, 32, 60, 33661, 39215, 508, 50, 60, 6785]]","[[508, 46, 60, 1187, 359, 508, 32, 60, 28805, 3376, 508, 50, 60, 8225]]"
kamarna lega deukeut stasion balapan . [O] [S] [A],mobilna laun deukeut stasion balapan . [O] [S] [A],[O] lega [S] positive [A] kamarna,[O] laun [S] negative [A] mobilna,"[[508, 46, 60, 2472, 64, 508, 50, 60, 6785, 508, 32, 60, 33661, 39215]]","[[508, 46, 60, 1187, 359, 508, 50, 60, 8225, 508, 32, 60, 28805, 3376]]"
wastafelna mengpet . [A] [O] [S],sakabehna lega . [A] [O] [S],[A] wastafelna [O] mengpet [S] negative,[A] sakabehna [O] lega [S] positive,"[[508, 32, 60, 40321, 2577, 301, 3376, 508, 46, 60, 19729, 6862, 508, 50, 60, 8225]]","[[508, 32, 60, 77310, 370, 2636, 3376, 508, 46, 60, 2472, 64, 508, 50, 60, 6785]]"
wastafelna mengpet . [A] [S] [O],sakabehna lega . [A] [S] [O],[A] wastafelna [S] negative [O] mengpet,[A] sakabehna [S] positive [O] lega,"[[508, 32, 60, 40321, 2577, 301, 3376, 508, 50, 60, 8225, 508, 46, 60, 19729, 6862]]","[[508, 32, 60, 77310, 370, 2636, 3376, 508, 50, 60, 6785, 508, 46, 60, 2472, 64]]"
wastafelna mengpet . [S] [A] [O],sakabehna lega . [S] [A] [O],[S] negative [A] wastafelna [O] mengpet,[S] positive [A] sakabehna [O] lega,"[[508, 50, 60, 8225, 508, 32, 60, 40321, 2577, 301, 3376, 508, 46, 60, 19729, 6862]]","[[508, 50, 60, 6785, 508, 32, 60, 77310, 370, 2636, 3376, 508, 46, 60, 2472, 64]]"
wastafelna mengpet . [O] [A] [S],sakabehna lega . [O] [A] [S],[O] mengpet [A] wastafelna [S] negative,[O] lega [A] sakabehna [S] positive,"[[508, 46, 60, 19729, 6862, 508, 32, 60, 40321, 2577, 301, 3376, 508, 50, 60, 8225]]","[[508, 46, 60, 2472, 64, 508, 32, 60, 77310, 370, 2636, 3376, 508, 50, 60, 6785]]"
wastafelna mengpet . [O] [S] [A],sakabehna lega . [O] [S] [A],[O] mengpet [S] negative [A] wastafelna,[O] lega [S] positive [A] sakabehna,"[[508, 46, 60, 19729, 6862, 508, 50, 60, 8225, 508, 32, 60, 40321, 2577, 301, 3376]]","[[508, 46, 60, 2472, 64, 508, 50, 60, 6785, 508, 32, 60, 77310, 370, 2636, 3376]]"
ngan teu disadiakeun cai mineral di jero kamar . [A] [O] [S],ngan kacida alusna lomari di jero kamar . [A] [O] [S],[A] cai mineral [O] teu disadiakeun [S] negative,[A] lomari [O] kacida alusna [S] positive,"[[508, 32, 60, 272, 2143, 24136, 508, 46, 60, 1013, 84, 827, 52831, 440, 359, 508, 50, 60, 8225]]","[[508, 32, 60, 326, 316, 2780, 508, 46, 60, 595, 580, 4744, 452, 355, 3376, 508, 50, 60, 6785]]"
ngan teu disadiakeun cai mineral di jero kamar . [A] [S] [O],ngan kacida alusna lomari di jero kamar . [A] [S] [O],[A] cai mineral [S] negative [O] teu disadiakeun,[A] lomari [S] positive [O] kacida alusna,"[[508, 32, 60, 272, 2143, 24136, 508, 50, 60, 8225, 508, 46, 60, 1013, 84, 827, 52831, 440, 359]]","[[508, 32, 60, 326, 316, 2780, 508, 50, 60, 6785, 508, 46, 60, 595, 580, 4744, 452, 355, 3376]]"
ngan teu disadiakeun cai mineral di jero kamar . [S] [A] [O],ngan kacida alusna lomari di jero kamar . [S] [A] [O],[S] negative [A] cai mineral [O] teu disadiakeun,[S] positive [A] lomari [O] kacida alusna,"[[508, 50, 60, 8225, 508, 32, 60, 272, 2143, 24136, 508, 46, 60, 1013, 84, 827, 52831, 440, 359]]","[[508, 50, 60, 6785, 508, 32, 60, 326, 316, 2780, 508, 46, 60, 595, 580, 4744, 452, 355, 3376]]"
ngan teu disadiakeun cai mineral di jero kamar . [O] [A] [S],ngan kacida alusna lomari di jero kamar . [O] [A] [S],[O] teu disadiakeun [A] cai mineral [S] negative,[O] kacida alusna [A] lomari [S] positive,"[[508, 46, 60, 1013, 84, 827, 52831, 440, 359, 508, 32, 60, 272, 2143, 24136, 508, 50, 60, 8225]]","[[508, 46, 60, 595, 580, 4744, 452, 355, 3376, 508, 32, 60, 326, 316, 2780, 508, 50, 60, 6785]]"
ngan teu disadiakeun cai mineral di jero kamar . [O] [S] [A],ngan kacida alusna lomari di jero kamar . [O] [S] [A],[O] teu disadiakeun [S] negative [A] cai mineral,[O] kacida alusna [S] positive [A] lomari,"[[508, 46, 60, 1013, 84, 827, 52831, 440, 359, 508, 50, 60, 8225, 508, 32, 60, 272, 2143, 24136]]","[[508, 46, 60, 595, 580, 4744, 452, 355, 3376, 508, 50, 60, 6785, 508, 32, 60, 326, 316, 2780]]"
palayanan résepsionis gancang . [A] [O] [S],lapangan keur olahragana heurin . [A] [O] [S],[A] palayanan résepsionis [O] gancang [S] positive,[A] lapangan keur olahragana [O] heurin [S] negative,"[[508, 32, 60, 10854, 352, 28618, 9333, 325, 1690, 290, 285, 508, 46, 60, 342, 1129, 524, 508, 50, 60, 6785]]","[[508, 32, 60, 23410, 18633, 1962, 324, 8328, 1466, 4101, 3362, 508, 46, 60, 566, 324, 258, 508, 50, 60, 8225]]"
palayanan résepsionis gancang . [A] [S] [O],lapangan keur olahragana heurin . [A] [S] [O],[A] palayanan résepsionis [S] positive [O] gancang,[A] lapangan keur olahragana [S] negative [O] heurin,"[[508, 32, 60, 10854, 352, 28618, 9333, 325, 1690, 290, 285, 508, 50, 60, 6785, 508, 46, 60, 342, 1129, 524]]","[[508, 32, 60, 23410, 18633, 1962, 324, 8328, 1466, 4101, 3362, 508, 50, 60, 8225, 508, 46, 60, 566, 324, 258]]"
palayanan résepsionis gancang . [S] [A] [O],lapangan keur olahragana heurin . [S] [A] [O],[S] positive [A] palayanan résepsionis [O] gancang,[S] negative [A] lapangan keur olahragana [O] heurin,"[[508, 50, 60, 6785, 508, 32, 60, 10854, 352, 28618, 9333, 325, 1690, 290, 285, 508, 46, 60, 342, 1129, 524]]","[[508, 50, 60, 8225, 508, 32, 60, 23410, 18633, 1962, 324, 8328, 1466, 4101, 3362, 508, 46, 60, 566, 324, 258]]"
palayanan résepsionis gancang . [O] [A] [S],lapangan keur olahragana heurin . [O] [A] [S],[O] gancang [A] palayanan résepsionis [S] positive,[O] heurin [A] lapangan keur olahragana [S] negative,"[[508, 46, 60, 342, 1129, 524, 508, 32, 60, 10854, 352, 28618, 9333, 325, 1690, 290, 285, 508, 50, 60, 6785]]","[[508, 46, 60, 566, 324, 258, 508, 32, 60, 23410, 18633, 1962, 324, 8328, 1466, 4101, 3362, 508, 50, 60, 8225]]"
palayanan résepsionis gancang . [O] [S] [A],lapangan keur olahragana heurin . [O] [S] [A],[O] gancang [S] positive [A] palayanan résepsionis,[O] heurin [S] negative [A] lapangan keur olahragana,"[[508, 46, 60, 342, 1129, 524, 508, 50, 60, 6785, 508, 32, 60, 10854, 352, 28618, 9333, 325, 1690, 290, 285]]","[[508, 46, 60, 566, 324, 258, 508, 50, 60, 8225, 508, 32, 60, 23410, 18633, 1962, 324, 8328, 1466, 4101, 3362]]"
résepsionisna ramah . [A] [O] [S],nu nganteurkeun galak . [A] [O] [S],[A] résepsionisna [O] ramah [S] positive,[A] nu nganteurkeun [O] galak [S] negative,"[[508, 32, 60, 9333, 325, 1690, 290, 285, 3376, 508, 46, 60, 17823, 1466, 508, 50, 60, 6785]]","[[508, 32, 60, 10908, 7777, 4942, 324, 440, 359, 508, 46, 60, 15369, 585, 508, 50, 60, 8225]]"
résepsionisna ramah . [A] [S] [O],nu nganteurkeun galak . [A] [S] [O],[A] résepsionisna [S] positive [O] ramah,[A] nu nganteurkeun [S] negative [O] galak,"[[508, 32, 60, 9333, 325, 1690, 290, 285, 3376, 508, 50, 60, 6785, 508, 46, 60, 17823, 1466]]","[[508, 32, 60, 10908, 7777, 4942, 324, 440, 359, 508, 50, 60, 8225, 508, 46, 60, 15369, 585]]"
résepsionisna ramah . [S] [A] [O],nu nganteurkeun galak . [S] [A] [O],[S] positive [A] résepsionisna [O] ramah,[S] negative [A] nu nganteurkeun [O] galak,"[[508, 50, 60, 6785, 508, 32, 60, 9333, 325, 1690, 290, 285, 3376, 508, 46, 60, 17823, 1466]]","[[508, 50, 60, 8225, 508, 32, 60, 10908, 7777, 4942, 324, 440, 359, 508, 46, 60, 15369, 585]]"
résepsionisna ramah . [O] [A] [S],nu nganteurkeun galak . [O] [A] [S],[O] ramah [A] résepsionisna [S] positive,[O] galak [A] nu nganteurkeun [S] negative,"[[508, 46, 60, 17823, 1466, 508, 32, 60, 9333, 325, 1690, 290, 285, 3376, 508, 50, 60, 6785]]","[[508, 46, 60, 15369, 585, 508, 32, 60, 10908, 7777, 4942, 324, 440, 359, 508, 50, 60, 8225]]"
résepsionisna ramah . [O] [S] [A],nu nganteurkeun galak . [O] [S] [A],[O] ramah [S] positive [A] résepsionisna,[O] galak [S] negative [A] nu nganteurkeun,"[[508, 46, 60, 17823, 1466, 508, 50, 60, 6785, 508, 32, 60, 9333, 325, 1690, 290, 285, 3376]]","[[508, 46, 60, 15369, 585, 508, 50, 60, 8225, 508, 32, 60, 10908, 7777, 4942, 324, 440, 359]]"
hanjakal pisan euweuh sarapan nanaon . [A] [O] [S],hanjakal pisan ayaan buku nanaon . [A] [O] [S],[A] sarapan [O] euweuh [S] negative,[A] buku [O] ayaan [S] positive,"[[508, 32, 60, 28047, 5359, 508, 46, 60, 15555, 896, 12540, 508, 50, 60, 8225]]","[[508, 32, 60, 1031, 12133, 508, 46, 60, 264, 7755, 276, 508, 50, 60, 6785]]"
hanjakal pisan euweuh sarapan nanaon . [A] [S] [O],hanjakal pisan ayaan buku nanaon . [A] [S] [O],[A] sarapan [S] negative [O] euweuh,[A] buku [S] positive [O] ayaan,"[[508, 32, 60, 28047, 5359, 508, 50, 60, 8225, 508, 46, 60, 15555, 896, 12540]]","[[508, 32, 60, 1031, 12133, 508, 50, 60, 6785, 508, 46, 60, 264, 7755, 276]]"
hanjakal pisan euweuh sarapan nanaon . [S] [A] [O],hanjakal pisan ayaan buku nanaon . [S] [A] [O],[S] negative [A] sarapan [O] euweuh,[S] positive [A] buku [O] ayaan,"[[508, 50, 60, 8225, 508, 32, 60, 28047, 5359, 508, 46, 60, 15555, 896, 12540]]","[[508, 50, 60, 6785, 508, 32, 60, 1031, 12133, 508, 46, 60, 264, 7755, 276]]"
hanjakal pisan euweuh sarapan nanaon . [O] [A] [S],hanjakal pisan ayaan buku nanaon . [O] [A] [S],[O] euweuh [A] sarapan [S] negative,[O] ayaan [A] buku [S] positive,"[[508, 46, 60, 15555, 896, 12540, 508, 32, 60, 28047, 5359, 508, 50, 60, 8225]]","[[508, 46, 60, 264, 7755, 276, 508, 32, 60, 1031, 12133, 508, 50, 60, 6785]]"
hanjakal pisan euweuh sarapan nanaon . [O] [S] [A],hanjakal pisan ayaan buku nanaon . [O] [S] [A],[O] euweuh [S] negative [A] sarapan,[O] ayaan [S] positive [A] buku,"[[508, 46, 60, 15555, 896, 12540, 508, 50, 60, 8225, 508, 32, 60, 28047, 5359]]","[[508, 46, 60, 264, 7755, 276, 508, 50, 60, 6785, 508, 32, 60, 1031, 12133]]"
keur sarapan mah kurang muaskeun . [A] [O] [S],keur ulin mah piraméeun pisan. [A] [O] [S],[A] sarapan [O] kurang muaskeun [S] negative,[A] ulin [O] piraméeun pisan [S] positive,"[[508, 32, 60, 28047, 5359, 508, 46, 60, 27265, 524, 11834, 300, 440, 359, 508, 50, 60, 8225]]","[[508, 32, 60, 8557, 258, 508, 46, 60, 29611, 309, 7888, 359, 281, 17132, 508, 50, 60, 6785]]"
keur sarapan mah kurang muaskeun . [A] [S] [O],keur ulin mah piraméeun pisan. [A] [S] [O],[A] sarapan [S] negative [O] kurang muaskeun,[A] ulin [S] positive [O] piraméeun pisan,"[[508, 32, 60, 28047, 5359, 508, 50, 60, 8225, 508, 46, 60, 27265, 524, 11834, 300, 440, 359]]","[[508, 32, 60, 8557, 258, 508, 50, 60, 6785, 508, 46, 60, 29611, 309, 7888, 359, 281, 17132]]"
keur sarapan mah kurang muaskeun . [S] [A] [O],keur ulin mah piraméeun pisan. [S] [A] [O],[S] negative [A] sarapan [O] kurang muaskeun,[S] positive [A] ulin [O] piraméeun pisan,"[[508, 50, 60, 8225, 508, 32, 60, 28047, 5359, 508, 46, 60, 27265, 524, 11834, 300, 440, 359]]","[[508, 50, 60, 6785, 508, 32, 60, 8557, 258, 508, 46, 60, 29611, 309, 7888, 359, 281, 17132]]"
keur sarapan mah kurang muaskeun . [O] [A] [S],keur ulin mah piraméeun pisan. [O] [A] [S],[O] kurang muaskeun [A] sarapan [S] negative,[O] piraméeun pisan [A] ulin [S] positive,"[[508, 46, 60, 27265, 524, 11834, 300, 440, 359, 508, 32, 60, 28047, 5359, 508, 50, 60, 8225]]","[[508, 46, 60, 29611, 309, 7888, 359, 281, 17132, 508, 32, 60, 8557, 258, 508, 50, 60, 6785]]"
keur sarapan mah kurang muaskeun . [O] [S] [A],keur ulin mah piraméeun pisan. [O] [S] [A],[O] kurang muaskeun [S] negative [A] sarapan,[O] piraméeun pisan [S] positive [A] ulin,"[[508, 46, 60, 27265, 524, 11834, 300, 440, 359, 508, 50, 60, 8225, 508, 32, 60, 28047, 5359]]","[[508, 46, 60, 29611, 309, 7888, 359, 281, 17132, 508, 50, 60, 6785, 508, 32, 60, 8557, 258]]"
hotel na ngeunaheun . nuhun airy . [A] [O] [S],tas na leutik pisan . nuhun airy . [A] [O] [S],[A] hotel [O] ngeunaheun [S] positive,[A] tas [O] leutik pisan [S] negative,"[[508, 32, 60, 9500, 508, 46, 60, 308, 709, 8565, 383, 359, 508, 50, 60, 6785]]","[[508, 32, 60, 51214, 508, 46, 60, 512, 332, 1579, 281, 17132, 508, 50, 60, 8225]]"
hotel na ngeunaheun . nuhun airy . [A] [S] [O],tas na leutik pisan . nuhun airy . [A] [S] [O],[A] hotel [S] positive [O] ngeunaheun,[A] tas [S] negative [O] leutik pisan,"[[508, 32, 60, 9500, 508, 50, 60, 6785, 508, 46, 60, 308, 709, 8565, 383, 359]]","[[508, 32, 60, 51214, 508, 50, 60, 8225, 508, 46, 60, 512, 332, 1579, 281, 17132]]"
hotel na ngeunaheun . nuhun airy . [S] [A] [O],tas na leutik pisan . nuhun airy . [S] [A] [O],[S] positive [A] hotel [O] ngeunaheun,[S] negative [A] tas [O] leutik pisan,"[[508, 50, 60, 6785, 508, 32, 60, 9500, 508, 46, 60, 308, 709, 8565, 383, 359]]","[[508, 50, 60, 8225, 508, 32, 60, 51214, 508, 46, 60, 512, 332, 1579, 281, 17132]]"
hotel na ngeunaheun . nuhun airy . [O] [A] [S],tas na leutik pisan . nuhun airy . [O] [A] [S],[O] ngeunaheun [A] hotel [S] positive,[O] leutik pisan [A] tas [S] negative,"[[508, 46, 60, 308, 709, 8565, 383, 359, 508, 32, 60, 9500, 508, 50, 60, 6785]]","[[508, 46, 60, 512, 332, 1579, 281, 17132, 508, 32, 60, 51214, 508, 50, 60, 8225]]"
hotel na ngeunaheun . nuhun airy . [O] [S] [A],tas na leutik pisan . nuhun airy . [O] [S] [A],[O] ngeunaheun [S] positive [A] hotel,[O] leutik pisan [S] negative [A] tas,"[[508, 46, 60, 308, 709, 8565, 383, 359, 508, 50, 60, 6785, 508, 32, 60, 9500]]","[[508, 46, 60, 512, 332, 1579, 281, 17132, 508, 50, 60, 8225, 508, 32, 60, 51214]]"
pancuranna ruksak . [A] [O] [S],korsina aranyar . [A] [O] [S],[A] pancuranna [O] ruksak [S] negative,[A] korsina [O] aranyar [S] positive,"[[508, 32, 60, 53474, 324, 12642, 508, 46, 60, 11122, 2787, 585, 508, 50, 60, 8225]]","[[508, 32, 60, 595, 1087, 2210, 508, 46, 60, 796, 3767, 277, 508, 50, 60, 6785]]"
pancuranna ruksak . [A] [S] [O],korsina aranyar . [A] [S] [O],[A] pancuranna [S] negative [O] ruksak,[A] korsina [S] positive [O] aranyar,"[[508, 32, 60, 53474, 324, 12642, 508, 50, 60, 8225, 508, 46, 60, 11122, 2787, 585]]","[[508, 32, 60, 595, 1087, 2210, 508, 50, 60, 6785, 508, 46, 60, 796, 3767, 277]]"
pancuranna ruksak . [S] [A] [O],korsina aranyar . [S] [A] [O],[S] negative [A] pancuranna [O] ruksak,[S] positive [A] korsina [O] aranyar,"[[508, 50, 60, 8225, 508, 32, 60, 53474, 324, 12642, 508, 46, 60, 11122, 2787, 585]]","[[508, 50, 60, 6785, 508, 32, 60, 595, 1087, 2210, 508, 46, 60, 796, 3767, 277]]"
pancuranna ruksak . [O] [A] [S],korsina aranyar . [O] [A] [S],[O] ruksak [A] pancuranna [S] negative,[O] aranyar [A] korsina [S] positive,"[[508, 46, 60, 11122, 2787, 585, 508, 32, 60, 53474, 324, 12642, 508, 50, 60, 8225]]","[[508, 46, 60, 796, 3767, 277, 508, 32, 60, 595, 1087, 2210, 508, 50, 60, 6785]]"
pancuranna ruksak . [O] [S] [A],korsina aranyar . [O] [S] [A],[O] ruksak [S] negative [A] pancuranna,[O] aranyar [S] positive [A] korsina,"[[508, 46, 60, 11122, 2787, 585, 508, 50, 60, 8225, 508, 32, 60, 53474, 324, 12642]]","[[508, 46, 60, 796, 3767, 277, 508, 50, 60, 6785, 508, 32, 60, 595, 1087, 2210]]"
"geus 2 kali ngendong di dinya , palayananna ogé muaskeun . [A] [O] [S]","geus 2 kali ngendong di dinya , pasakanana ogé gareuleuh . [A] [O] [S]",[A] palayananna [O] muaskeun [S] positive,[A] pasakanana [O] gareuleuh [S] negative,"[[508, 32, 60, 10854, 43857, 12642, 508, 46, 60, 11834, 300, 440, 359, 508, 50, 60, 6785]]","[[508, 32, 60, 6368, 19262, 3362, 508, 46, 60, 342, 546, 1111, 12540, 508, 50, 60, 8225]]"
"geus 2 kali ngendong di dinya , palayananna ogé muaskeun . [A] [S] [O]","geus 2 kali ngendong di dinya , pasakanana ogé gareuleuh . [A] [S] [O]",[A] palayananna [S] positive [O] muaskeun,[A] pasakanana [S] negative [O] gareuleuh,"[[508, 32, 60, 10854, 43857, 12642, 508, 50, 60, 6785, 508, 46, 60, 11834, 300, 440, 359]]","[[508, 32, 60, 6368, 19262, 3362, 508, 50, 60, 8225, 508, 46, 60, 342, 546, 1111, 12540]]"
"geus 2 kali ngendong di dinya , palayananna ogé muaskeun . [S] [A] [O]","geus 2 kali ngendong di dinya , pasakanana ogé gareuleuh . [S] [A] [O]",[S] positive [A] palayananna [O] muaskeun,[S] negative [A] pasakanana [O] gareuleuh,"[[508, 50, 60, 6785, 508, 32, 60, 10854, 43857, 12642, 508, 46, 60, 11834, 300, 440, 359]]","[[508, 50, 60, 8225, 508, 32, 60, 6368, 19262, 3362, 508, 46, 60, 342, 546, 1111, 12540]]"
"geus 2 kali ngendong di dinya , palayananna ogé muaskeun . [O] [A] [S]","geus 2 kali ngendong di dinya , pasakanana ogé gareuleuh . [O] [A] [S]",[O] muaskeun [A] palayananna [S] positive,[O] gareuleuh [A] pasakanana [S] negative,"[[508, 46, 60, 11834, 300, 440, 359, 508, 32, 60, 10854, 43857, 12642, 508, 50, 60, 6785]]","[[508, 46, 60, 342, 546, 1111, 12540, 508, 32, 60, 6368, 19262, 3362, 508, 50, 60, 8225]]"
"geus 2 kali ngendong di dinya , palayananna ogé muaskeun . [O] [S] [A]","geus 2 kali ngendong di dinya , pasakanana ogé gareuleuh . [O] [S] [A]",[O] muaskeun [S] positive [A] palayananna,[O] gareuleuh [S] negative [A] pasakanana,"[[508, 46, 60, 11834, 300, 440, 359, 508, 50, 60, 6785, 508, 32, 60, 10854, 43857, 12642]]","[[508, 46, 60, 342, 546, 1111, 12540, 508, 50, 60, 8225, 508, 32, 60, 6368, 19262, 3362]]"
anduk ngan hiji . [A] [O] [S],balna loba pisan . [A] [O] [S],[A] anduk [O] ngan hiji [S] negative,[A] balna [O] loba pisan [S] positive,"[[508, 32, 60, 323, 3101, 508, 46, 60, 7777, 276, 21415, 72, 508, 50, 60, 8225]]","[[508, 32, 60, 9642, 3376, 508, 46, 60, 326, 26833, 281, 17132, 508, 50, 60, 6785]]"
anduk ngan hiji . [A] [S] [O],balna loba pisan . [A] [S] [O],[A] anduk [S] negative [O] ngan hiji,[A] balna [S] positive [O] loba pisan,"[[508, 32, 60, 323, 3101, 508, 50, 60, 8225, 508, 46, 60, 7777, 276, 21415, 72]]","[[508, 32, 60, 9642, 3376, 508, 50, 60, 6785, 508, 46, 60, 326, 26833, 281, 17132]]"
anduk ngan hiji . [S] [A] [O],balna loba pisan . [S] [A] [O],[S] negative [A] anduk [O] ngan hiji,[S] positive [A] balna [O] loba pisan,"[[508, 50, 60, 8225, 508, 32, 60, 323, 3101, 508, 46, 60, 7777, 276, 21415, 72]]","[[508, 50, 60, 6785, 508, 32, 60, 9642, 3376, 508, 46, 60, 326, 26833, 281, 17132]]"
anduk ngan hiji . [O] [A] [S],balna loba pisan . [O] [A] [S],[O] ngan hiji [A] anduk [S] negative,[O] loba pisan [A] balna [S] positive,"[[508, 46, 60, 7777, 276, 21415, 72, 508, 32, 60, 323, 3101, 508, 50, 60, 8225]]","[[508, 46, 60, 326, 26833, 281, 17132, 508, 32, 60, 9642, 3376, 508, 50, 60, 6785]]"
anduk ngan hiji . [O] [S] [A],balna loba pisan . [O] [S] [A],[O] ngan hiji [S] negative [A] anduk,[O] loba pisan [S] positive [A] balna,"[[508, 46, 60, 7777, 276, 21415, 72, 508, 50, 60, 8225, 508, 32, 60, 323, 3101]]","[[508, 46, 60, 326, 26833, 281, 17132, 508, 50, 60, 6785, 508, 32, 60, 9642, 3376]]"
"prosés asupna lila , padahal geus hayang reureuh . [A] [O] [S]","prosés ngajarna saé , padahal geus hayang reureuh . [A] [O] [S]",[A] prosés asupna [O] lila [S] negative,[A] prosés ngajarna [O] saé [S] positive,"[[508, 32, 60, 8709, 5397, 438, 454, 3376, 508, 46, 60, 326, 10524, 508, 50, 60, 8225]]","[[508, 32, 60, 8709, 5397, 7777, 1630, 39215, 508, 46, 60, 822, 963, 508, 50, 60, 6785]]"
"prosés asupna lila , padahal geus hayang reureuh . [A] [S] [O]","prosés ngajarna saé , padahal geus hayang reureuh . [A] [S] [O]",[A] prosés asupna [S] negative [O] lila,[A] prosés ngajarna [S] positive [O] saé,"[[508, 32, 60, 8709, 5397, 438, 454, 3376, 508, 50, 60, 8225, 508, 46, 60, 326, 10524]]","[[508, 32, 60, 8709, 5397, 7777, 1630, 39215, 508, 50, 60, 6785, 508, 46, 60, 822, 963]]"
"prosés asupna lila , padahal geus hayang reureuh . [S] [A] [O]","prosés ngajarna saé , padahal geus hayang reureuh . [S] [A] [O]",[S] negative [A] prosés asupna [O] lila,[S] positive [A] prosés ngajarna [O] saé,"[[508, 50, 60, 8225, 508, 32, 60, 8709, 5397, 438, 454, 3376, 508, 46, 60, 326, 10524]]","[[508, 50, 60, 6785, 508, 32, 60, 8709, 5397, 7777, 1630, 39215, 508, 46, 60, 822, 963]]"
"prosés asupna lila , padahal geus hayang reureuh . [O] [A] [S]","prosés ngajarna saé , padahal geus hayang reureuh . [O] [A] [S]",[O] lila [A] prosés asupna [S] negative,[O] saé [A] prosés ngajarna [S] positive,"[[508, 46, 60, 326, 10524, 508, 32, 60, 8709, 5397, 438, 454, 3376, 508, 50, 60, 8225]]","[[508, 46, 60, 822, 963, 508, 32, 60, 8709, 5397, 7777, 1630, 39215, 508, 50, 60, 6785]]"
"prosés asupna lila , padahal geus hayang reureuh . [O] [S] [A]","prosés ngajarna saé , padahal geus hayang reureuh . [O] [S] [A]",[O] lila [S] negative [A] prosés asupna,[O] saé [S] positive [A] prosés ngajarna,"[[508, 46, 60, 326, 10524, 508, 50, 60, 8225, 508, 32, 60, 8709, 5397, 438, 454, 3376]]","[[508, 46, 60, 822, 963, 508, 50, 60, 6785, 508, 32, 60, 8709, 5397, 7777, 1630, 39215]]"
kamar mandi heurin . [A] [O] [S],sasapuna beresih . [A] [O] [S],[A] kamar mandi [O] heurin [S] negative,[A] sasapuna [O] beresih [S] positive,"[[508, 32, 60, 595, 15554, 11576, 72, 508, 46, 60, 566, 324, 258, 508, 50, 60, 8225]]","[[508, 32, 60, 274, 300, 391, 8565, 508, 46, 60, 10207, 288, 6996, 508, 50, 60, 6785]]"
kamar mandi heurin . [A] [S] [O],sasapuna beresih . [A] [S] [O],[A] kamar mandi [S] negative [O] heurin,[A] sasapuna [S] positive [O] beresih,"[[508, 32, 60, 595, 15554, 11576, 72, 508, 50, 60, 8225, 508, 46, 60, 566, 324, 258]]","[[508, 32, 60, 274, 300, 391, 8565, 508, 50, 60, 6785, 508, 46, 60, 10207, 288, 6996]]"
kamar mandi heurin . [S] [A] [O],sasapuna beresih . [S] [A] [O],[S] negative [A] kamar mandi [O] heurin,[S] positive [A] sasapuna [O] beresih,"[[508, 50, 60, 8225, 508, 32, 60, 595, 15554, 11576, 72, 508, 46, 60, 566, 324, 258]]","[[508, 50, 60, 6785, 508, 32, 60, 274, 300, 391, 8565, 508, 46, 60, 10207, 288, 6996]]"
kamar mandi heurin . [O] [A] [S],sasapuna beresih . [O] [A] [S],[O] heurin [A] kamar mandi [S] negative,[O] beresih [A] sasapuna [S] positive,"[[508, 46, 60, 566, 324, 258, 508, 32, 60, 595, 15554, 11576, 72, 508, 50, 60, 8225]]","[[508, 46, 60, 10207, 288, 6996, 508, 32, 60, 274, 300, 391, 8565, 508, 50, 60, 6785]]"
kamar mandi heurin . [O] [S] [A],sasapuna beresih . [O] [S] [A],[O] heurin [S] negative [A] kamar mandi,[O] beresih [S] positive [A] sasapuna,"[[508, 46, 60, 566, 324, 258, 508, 50, 60, 8225, 508, 32, 60, 595, 15554, 11576, 72]]","[[508, 46, 60, 10207, 288, 6996, 508, 50, 60, 6785, 508, 32, 60, 274, 300, 391, 8565]]"
ac-na kurang tiis . [A] [O] [S],béas tiis pisan . [A] [O] [S],[A] ac-na [O] kurang tiis [S] negative,[A] béas [O] tiis pisan [S] positive,"[[508, 32, 60, 1613, 93082, 508, 46, 60, 27265, 524, 8988, 285, 508, 50, 60, 8225]]","[[508, 32, 60, 89451, 300, 508, 46, 60, 8988, 285, 281, 17132, 508, 50, 60, 6785]]"
ac-na kurang tiis . [A] [S] [O],béas tiis pisan . [A] [S] [O],[A] ac-na [S] negative [O] kurang tiis,[A] béas [S] positive [O] tiis pisan,"[[508, 32, 60, 1613, 93082, 508, 50, 60, 8225, 508, 46, 60, 27265, 524, 8988, 285]]","[[508, 32, 60, 89451, 300, 508, 50, 60, 6785, 508, 46, 60, 8988, 285, 281, 17132]]"
ac-na kurang tiis . [S] [A] [O],béas tiis pisan . [S] [A] [O],[S] negative [A] ac-na [O] kurang tiis,[S] positive [A] béas [O] tiis pisan,"[[508, 50, 60, 8225, 508, 32, 60, 1613, 93082, 508, 46, 60, 27265, 524, 8988, 285]]","[[508, 50, 60, 6785, 508, 32, 60, 89451, 300, 508, 46, 60, 8988, 285, 281, 17132]]"
ac-na kurang tiis . [O] [A] [S],béas tiis pisan . [O] [A] [S],[O] kurang tiis [A] ac-na [S] negative,[O] tiis pisan [A] béas [S] positive,"[[508, 46, 60, 27265, 524, 8988, 285, 508, 32, 60, 1613, 93082, 508, 50, 60, 8225]]","[[508, 46, 60, 8988, 285, 281, 17132, 508, 32, 60, 89451, 300, 508, 50, 60, 6785]]"
ac-na kurang tiis . [O] [S] [A],béas tiis pisan . [O] [S] [A],[O] kurang tiis [S] negative [A] ac-na,[O] tiis pisan [S] positive [A] béas,"[[508, 46, 60, 27265, 524, 8988, 285, 508, 50, 60, 8225, 508, 32, 60, 1613, 93082]]","[[508, 46, 60, 8988, 285, 281, 17132, 508, 50, 60, 6785, 508, 32, 60, 89451, 300]]"
"unggal rék asup pasti di hotél ieu , da palayananna alus pisan . [A] [O] [S]","unggal rék asup pasti di hotél ieu , da imahna butut pisan . [A] [O] [S]",[A] palayananna [O] alus pisan [S] positive,[A] imahna [O] butut pisan [S] negative,"[[508, 32, 60, 10854, 43857, 12642, 508, 46, 60, 452, 355, 281, 17132, 508, 50, 60, 6785]]","[[508, 32, 60, 732, 1466, 3376, 508, 46, 60, 714, 332, 281, 17132, 508, 50, 60, 8225]]"
"unggal rék asup pasti di hotél ieu , da palayananna alus pisan . [A] [S] [O]","unggal rék asup pasti di hotél ieu , da imahna butut pisan . [A] [S] [O]",[A] palayananna [S] positive [O] alus pisan,[A] imahna [S] negative [O] butut pisan,"[[508, 32, 60, 10854, 43857, 12642, 508, 50, 60, 6785, 508, 46, 60, 452, 355, 281, 17132]]","[[508, 32, 60, 732, 1466, 3376, 508, 50, 60, 8225, 508, 46, 60, 714, 332, 281, 17132]]"
"unggal rék asup pasti di hotél ieu , da palayananna alus pisan . [S] [A] [O]","unggal rék asup pasti di hotél ieu , da imahna butut pisan . [S] [A] [O]",[S] positive [A] palayananna [O] alus pisan,[S] negative [A] imahna [O] butut pisan,"[[508, 50, 60, 6785, 508, 32, 60, 10854, 43857, 12642, 508, 46, 60, 452, 355, 281, 17132]]","[[508, 50, 60, 8225, 508, 32, 60, 732, 1466, 3376, 508, 46, 60, 714, 332, 281, 17132]]"
"unggal rék asup pasti di hotél ieu , da palayananna alus pisan . [O] [A] [S]","unggal rék asup pasti di hotél ieu , da imahna butut pisan . [O] [A] [S]",[O] alus pisan [A] palayananna [S] positive,[O] butut pisan [A] imahna [S] negative,"[[508, 46, 60, 452, 355, 281, 17132, 508, 32, 60, 10854, 43857, 12642, 508, 50, 60, 6785]]","[[508, 46, 60, 714, 332, 281, 17132, 508, 32, 60, 732, 1466, 3376, 508, 50, 60, 8225]]"
"unggal rék asup pasti di hotél ieu , da palayananna alus pisan . [O] [S] [A]","unggal rék asup pasti di hotél ieu , da imahna butut pisan . [O] [S] [A]",[O] alus pisan [S] positive [A] palayananna,[O] butut pisan [S] negative [A] imahna,"[[508, 46, 60, 452, 355, 281, 17132, 508, 50, 60, 6785, 508, 32, 60, 10854, 43857, 12642]]","[[508, 46, 60, 714, 332, 281, 17132, 508, 50, 60, 8225, 508, 32, 60, 732, 1466, 3376]]"
ngan ukur ruangan téh heurin teuing . [A] [O] [S],ngan ukur pagawe téh balageur pisan . [A] [O] [S],[A] ruangan [O] heurin teuing [S] negative,[A] pagawe [O] balageur pisan [S] positive,"[[508, 32, 60, 11122, 18633, 508, 46, 60, 566, 324, 258, 1013, 7471, 508, 50, 60, 8225]]","[[508, 32, 60, 14774, 84177, 508, 46, 60, 9642, 424, 324, 281, 17132, 508, 50, 60, 6785]]"
ngan ukur ruangan téh heurin teuing . [A] [S] [O],ngan ukur pagawe téh balageur pisan . [A] [S] [O],[A] ruangan [S] negative [O] heurin teuing,[A] pagawe [S] positive [O] balageur pisan,"[[508, 32, 60, 11122, 18633, 508, 50, 60, 8225, 508, 46, 60, 566, 324, 258, 1013, 7471]]","[[508, 32, 60, 14774, 84177, 508, 50, 60, 6785, 508, 46, 60, 9642, 424, 324, 281, 17132]]"
ngan ukur ruangan téh heurin teuing . [S] [A] [O],ngan ukur pagawe téh balageur pisan . [S] [A] [O],[S] negative [A] ruangan [O] heurin teuing,[S] positive [A] pagawe [O] balageur pisan,"[[508, 50, 60, 8225, 508, 32, 60, 11122, 18633, 508, 46, 60, 566, 324, 258, 1013, 7471]]","[[508, 50, 60, 6785, 508, 32, 60, 14774, 84177, 508, 46, 60, 9642, 424, 324, 281, 17132]]"
ngan ukur ruangan téh heurin teuing . [O] [A] [S],ngan ukur pagawe téh balageur pisan . [O] [A] [S],[O] heurin teuing [A] ruangan [S] negative,[O] balageur pisan [A] pagawe [S] positive,"[[508, 46, 60, 566, 324, 258, 1013, 7471, 508, 32, 60, 11122, 18633, 508, 50, 60, 8225]]","[[508, 46, 60, 9642, 424, 324, 281, 17132, 508, 32, 60, 14774, 84177, 508, 50, 60, 6785]]"
ngan ukur ruangan téh heurin teuing . [O] [S] [A],ngan ukur pagawe téh balageur pisan . [O] [S] [A],[O] heurin teuing [S] negative [A] ruangan,[O] balageur pisan [S] positive [A] pagawe,"[[508, 46, 60, 566, 324, 258, 1013, 7471, 508, 50, 60, 8225, 508, 32, 60, 11122, 18633]]","[[508, 46, 60, 9642, 424, 324, 281, 17132, 508, 50, 60, 6785, 508, 32, 60, 14774, 84177]]"
ac-na karasa kurang tiis di kamar 515 . [A] [O] [S],caina karasa tiis pisan di kamar 515 . [A] [O] [S],[A] ac-na [O] kurang tiis [S] negative,[A] caina [O] tiis pisan [S] positive,"[[508, 32, 60, 1613, 93082, 508, 46, 60, 27265, 524, 8988, 285, 508, 50, 60, 8225]]","[[508, 32, 60, 272, 72622, 508, 46, 60, 8988, 285, 281, 17132, 508, 50, 60, 6785]]"
ac-na karasa kurang tiis di kamar 515 . [A] [S] [O],caina karasa tiis pisan di kamar 515 . [A] [S] [O],[A] ac-na [S] negative [O] kurang tiis,[A] caina [S] positive [O] tiis pisan,"[[508, 32, 60, 1613, 93082, 508, 50, 60, 8225, 508, 46, 60, 27265, 524, 8988, 285]]","[[508, 32, 60, 272, 72622, 508, 50, 60, 6785, 508, 46, 60, 8988, 285, 281, 17132]]"
ac-na karasa kurang tiis di kamar 515 . [S] [A] [O],caina karasa tiis pisan di kamar 515 . [S] [A] [O],[S] negative [A] ac-na [O] kurang tiis,[S] positive [A] caina [O] tiis pisan,"[[508, 50, 60, 8225, 508, 32, 60, 1613, 93082, 508, 46, 60, 27265, 524, 8988, 285]]","[[508, 50, 60, 6785, 508, 32, 60, 272, 72622, 508, 46, 60, 8988, 285, 281, 17132]]"
ac-na karasa kurang tiis di kamar 515 . [O] [A] [S],caina karasa tiis pisan di kamar 515 . [O] [A] [S],[O] kurang tiis [A] ac-na [S] negative,[O] tiis pisan [A] caina [S] positive,"[[508, 46, 60, 27265, 524, 8988, 285, 508, 32, 60, 1613, 93082, 508, 50, 60, 8225]]","[[508, 46, 60, 8988, 285, 281, 17132, 508, 32, 60, 272, 72622, 508, 50, 60, 6785]]"
ac-na karasa kurang tiis di kamar 515 . [O] [S] [A],caina karasa tiis pisan di kamar 515 . [O] [S] [A],[O] kurang tiis [S] negative [A] ac-na,[O] tiis pisan [S] positive [A] caina,"[[508, 46, 60, 27265, 524, 8988, 285, 508, 50, 60, 8225, 508, 32, 60, 1613, 93082]]","[[508, 46, 60, 8988, 285, 281, 17132, 508, 50, 60, 6785, 508, 32, 60, 272, 72622]]"
"alhamdulillah , palayananna alus . [A] [O] [S]","alhamdulillah , imahna butut . [A] [O] [S]",[A] palayananna [O] alus [S] positive,[A] imahna [O] butut [S] negative,"[[508, 32, 60, 10854, 43857, 12642, 508, 46, 60, 452, 355, 508, 50, 60, 6785]]","[[508, 32, 60, 732, 1466, 3376, 508, 46, 60, 714, 332, 508, 50, 60, 8225]]"
"alhamdulillah , palayananna alus . [A] [S] [O]","alhamdulillah , imahna butut . [A] [S] [O]",[A] palayananna [S] positive [O] alus,[A] imahna [S] negative [O] butut,"[[508, 32, 60, 10854, 43857, 12642, 508, 50, 60, 6785, 508, 46, 60, 452, 355]]","[[508, 32, 60, 732, 1466, 3376, 508, 50, 60, 8225, 508, 46, 60, 714, 332]]"
"alhamdulillah , palayananna alus . [S] [A] [O]","alhamdulillah , imahna butut . [S] [A] [O]",[S] positive [A] palayananna [O] alus,[S] negative [A] imahna [O] butut,"[[508, 50, 60, 6785, 508, 32, 60, 10854, 43857, 12642, 508, 46, 60, 452, 355]]","[[508, 50, 60, 8225, 508, 32, 60, 732, 1466, 3376, 508, 46, 60, 714, 332]]"
"alhamdulillah , palayananna alus . [O] [A] [S]","alhamdulillah , imahna butut . [O] [A] [S]",[O] alus [A] palayananna [S] positive,[O] butut [A] imahna [S] negative,"[[508, 46, 60, 452, 355, 508, 32, 60, 10854, 43857, 12642, 508, 50, 60, 6785]]","[[508, 46, 60, 714, 332, 508, 32, 60, 732, 1466, 3376, 508, 50, 60, 8225]]"
"alhamdulillah , palayananna alus . [O] [S] [A]","alhamdulillah , imahna butut . [O] [S] [A]",[O] alus [S] positive [A] palayananna,[O] butut [S] negative [A] imahna,"[[508, 46, 60, 452, 355, 508, 50, 60, 6785, 508, 32, 60, 10854, 43857, 12642]]","[[508, 46, 60, 714, 332, 508, 50, 60, 8225, 508, 32, 60, 732, 1466, 3376]]"
parkiran lumayan lega . [A] [O] [S],kantor rada sesek . [A] [O] [S],[A] parkiran [O] lumayan lega [S] positive,[A] kantor [O] rada sesek [S] negative,"[[508, 32, 60, 6118, 54690, 508, 46, 60, 40163, 43857, 2472, 64, 508, 50, 60, 6785]]","[[508, 32, 60, 595, 88167, 508, 46, 60, 435, 2584, 15537, 1225, 508, 50, 60, 8225]]"
parkiran lumayan lega . [A] [S] [O],kantor rada sesek . [A] [S] [O],[A] parkiran [S] positive [O] lumayan lega,[A] kantor [S] negative [O] rada sesek,"[[508, 32, 60, 6118, 54690, 508, 50, 60, 6785, 508, 46, 60, 40163, 43857, 2472, 64]]","[[508, 32, 60, 595, 88167, 508, 50, 60, 8225, 508, 46, 60, 435, 2584, 15537, 1225]]"
parkiran lumayan lega . [S] [A] [O],kantor rada sesek . [S] [A] [O],[S] positive [A] parkiran [O] lumayan lega,[S] negative [A] kantor [O] rada sesek,"[[508, 50, 60, 6785, 508, 32, 60, 6118, 54690, 508, 46, 60, 40163, 43857, 2472, 64]]","[[508, 50, 60, 8225, 508, 32, 60, 595, 88167, 508, 46, 60, 435, 2584, 15537, 1225]]"
parkiran lumayan lega . [O] [A] [S],kantor rada sesek . [O] [A] [S],[O] lumayan lega [A] parkiran [S] positive,[O] rada sesek [A] kantor [S] negative,"[[508, 46, 60, 40163, 43857, 2472, 64, 508, 32, 60, 6118, 54690, 508, 50, 60, 6785]]","[[508, 46, 60, 435, 2584, 15537, 1225, 508, 32, 60, 595, 88167, 508, 50, 60, 8225]]"
parkiran lumayan lega . [O] [S] [A],kantor rada sesek . [O] [S] [A],[O] lumayan lega [S] positive [A] parkiran,[O] rada sesek [S] negative [A] kantor,"[[508, 46, 60, 40163, 43857, 2472, 64, 508, 50, 60, 6785, 508, 32, 60, 6118, 54690]]","[[508, 46, 60, 435, 2584, 15537, 1225, 508, 50, 60, 8225, 508, 32, 60, 595, 88167]]"
ac-na teu tiis . [A] [O] [S],kopina ngeunah . [A] [O] [S],[A] ac-na [O] teu tiis [S] negative,[A] kopina [O] ngeunah [S] positive,"[[508, 32, 60, 1613, 93082, 508, 46, 60, 1013, 84, 8988, 285, 508, 50, 60, 8225]]","[[508, 32, 60, 81804, 2210, 508, 46, 60, 308, 709, 359, 1466, 508, 50, 60, 6785]]"
ac-na teu tiis . [A] [S] [O],kopina ngeunah . [A] [S] [O],[A] ac-na [S] negative [O] teu tiis,[A] kopina [S] positive [O] ngeunah,"[[508, 32, 60, 1613, 93082, 508, 50, 60, 8225, 508, 46, 60, 1013, 84, 8988, 285]]","[[508, 32, 60, 81804, 2210, 508, 50, 60, 6785, 508, 46, 60, 308, 709, 359, 1466]]"
ac-na teu tiis . [S] [A] [O],kopina ngeunah . [S] [A] [O],[S] negative [A] ac-na [O] teu tiis,[S] positive [A] kopina [O] ngeunah,"[[508, 50, 60, 8225, 508, 32, 60, 1613, 93082, 508, 46, 60, 1013, 84, 8988, 285]]","[[508, 50, 60, 6785, 508, 32, 60, 81804, 2210, 508, 46, 60, 308, 709, 359, 1466]]"
ac-na teu tiis . [O] [A] [S],kopina ngeunah . [O] [A] [S],[O] teu tiis [A] ac-na [S] negative,[O] ngeunah [A] kopina [S] positive,"[[508, 46, 60, 1013, 84, 8988, 285, 508, 32, 60, 1613, 93082, 508, 50, 60, 8225]]","[[508, 46, 60, 308, 709, 359, 1466, 508, 32, 60, 81804, 2210, 508, 50, 60, 6785]]"
ac-na teu tiis . [O] [S] [A],kopina ngeunah . [O] [S] [A],[O] teu tiis [S] negative [A] ac-na,[O] ngeunah [S] positive [A] kopina,"[[508, 46, 60, 1013, 84, 8988, 285, 508, 50, 60, 8225, 508, 32, 60, 1613, 93082]]","[[508, 46, 60, 308, 709, 359, 1466, 508, 50, 60, 6785, 508, 32, 60, 81804, 2210]]"
sakabéh gé oke . [A] [O] [S],pancoran cai gé butut . [A] [O] [S],[A] sakabéh [O] oke [S] positive,[A] pancoran cai [O] butut [S] negative,"[[508, 32, 60, 77310, 370, 963, 71, 508, 46, 60, 297, 440, 508, 50, 60, 6785]]","[[508, 32, 60, 53474, 54404, 272, 2143, 508, 46, 60, 714, 332, 508, 50, 60, 8225]]"
sakabéh gé oke . [A] [S] [O],pancoran cai gé butut . [A] [S] [O],[A] sakabéh [S] positive [O] oke,[A] pancoran cai [S] negative [O] butut,"[[508, 32, 60, 77310, 370, 963, 71, 508, 50, 60, 6785, 508, 46, 60, 297, 440]]","[[508, 32, 60, 53474, 54404, 272, 2143, 508, 50, 60, 8225, 508, 46, 60, 714, 332]]"
sakabéh gé oke . [S] [A] [O],pancoran cai gé butut . [S] [A] [O],[S] positive [A] sakabéh [O] oke,[S] negative [A] pancoran cai [O] butut,"[[508, 50, 60, 6785, 508, 32, 60, 77310, 370, 963, 71, 508, 46, 60, 297, 440]]","[[508, 50, 60, 8225, 508, 32, 60, 53474, 54404, 272, 2143, 508, 46, 60, 714, 332]]"
sakabéh gé oke . [O] [A] [S],pancoran cai gé butut . [O] [A] [S],[O] oke [A] sakabéh [S] positive,[O] butut [A] pancoran cai [S] negative,"[[508, 46, 60, 297, 440, 508, 32, 60, 77310, 370, 963, 71, 508, 50, 60, 6785]]","[[508, 46, 60, 714, 332, 508, 32, 60, 53474, 54404, 272, 2143, 508, 50, 60, 8225]]"
sakabéh gé oke . [O] [S] [A],pancoran cai gé butut . [O] [S] [A],[O] oke [S] positive [A] sakabéh,[O] butut [S] negative [A] pancoran cai,"[[508, 46, 60, 297, 440, 508, 50, 60, 6785, 508, 32, 60, 77310, 370, 963, 71]]","[[508, 46, 60, 714, 332, 508, 50, 60, 8225, 508, 32, 60, 53474, 54404, 272, 2143]]"
palayanan téh kurang alus . [A] [O] [S],pagawena téh tanginas pisan . [A] [O] [S],[A] palayanan [O] kurang alus [S] negative,[A] pagawena [O] tanginas pisan [S] positive,"[[508, 32, 60, 10854, 352, 28618, 508, 46, 60, 27265, 524, 452, 355, 508, 50, 60, 8225]]","[[508, 32, 60, 14774, 672, 7157, 508, 46, 60, 21878, 20114, 281, 17132, 508, 50, 60, 6785]]"
palayanan téh kurang alus . [A] [S] [O],pagawena téh tanginas pisan . [A] [S] [O],[A] palayanan [S] negative [O] kurang alus,[A] pagawena [S] positive [O] tanginas pisan,"[[508, 32, 60, 10854, 352, 28618, 508, 50, 60, 8225, 508, 46, 60, 27265, 524, 452, 355]]","[[508, 32, 60, 14774, 672, 7157, 508, 50, 60, 6785, 508, 46, 60, 21878, 20114, 281, 17132]]"
palayanan téh kurang alus . [S] [A] [O],pagawena téh tanginas pisan . [S] [A] [O],[S] negative [A] palayanan [O] kurang alus,[S] positive [A] pagawena [O] tanginas pisan,"[[508, 50, 60, 8225, 508, 32, 60, 10854, 352, 28618, 508, 46, 60, 27265, 524, 452, 355]]","[[508, 50, 60, 6785, 508, 32, 60, 14774, 672, 7157, 508, 46, 60, 21878, 20114, 281, 17132]]"
palayanan téh kurang alus . [O] [A] [S],pagawena téh tanginas pisan . [O] [A] [S],[O] kurang alus [A] palayanan [S] negative,[O] tanginas pisan [A] pagawena [S] positive,"[[508, 46, 60, 27265, 524, 452, 355, 508, 32, 60, 10854, 352, 28618, 508, 50, 60, 8225]]","[[508, 46, 60, 21878, 20114, 281, 17132, 508, 32, 60, 14774, 672, 7157, 508, 50, 60, 6785]]"
palayanan téh kurang alus . [O] [S] [A],pagawena téh tanginas pisan . [O] [S] [A],[O] kurang alus [S] negative [A] palayanan,[O] tanginas pisan [S] positive [A] pagawena,"[[508, 46, 60, 27265, 524, 452, 355, 508, 50, 60, 8225, 508, 32, 60, 10854, 352, 28618]]","[[508, 46, 60, 21878, 20114, 281, 17132, 508, 50, 60, 6785, 508, 32, 60, 14774, 672, 7157]]"
kamar heurin teuing . [A] [O] [S],karpet beresih pisan. [A] [O] [S],[A] kamar [O] heurin teuing [S] negative,[A] karpet [O] beresih pisan [S] positive,"[[508, 32, 60, 595, 15554, 508, 46, 60, 566, 324, 258, 1013, 7471, 508, 50, 60, 8225]]","[[508, 32, 60, 23425, 6862, 508, 46, 60, 10207, 288, 6996, 281, 17132, 508, 50, 60, 6785]]"
kamar heurin teuing . [A] [S] [O],karpet beresih pisan. [A] [S] [O],[A] kamar [S] negative [O] heurin teuing,[A] karpet [S] positive [O] beresih pisan,"[[508, 32, 60, 595, 15554, 508, 50, 60, 8225, 508, 46, 60, 566, 324, 258, 1013, 7471]]","[[508, 32, 60, 23425, 6862, 508, 50, 60, 6785, 508, 46, 60, 10207, 288, 6996, 281, 17132]]"
kamar heurin teuing . [S] [A] [O],karpet beresih pisan. [S] [A] [O],[S] negative [A] kamar [O] heurin teuing,[S] positive [A] karpet [O] beresih pisan,"[[508, 50, 60, 8225, 508, 32, 60, 595, 15554, 508, 46, 60, 566, 324, 258, 1013, 7471]]","[[508, 50, 60, 6785, 508, 32, 60, 23425, 6862, 508, 46, 60, 10207, 288, 6996, 281, 17132]]"
kamar heurin teuing . [O] [A] [S],karpet beresih pisan. [O] [A] [S],[O] heurin teuing [A] kamar [S] negative,[O] beresih pisan [A] karpet [S] positive,"[[508, 46, 60, 566, 324, 258, 1013, 7471, 508, 32, 60, 595, 15554, 508, 50, 60, 8225]]","[[508, 46, 60, 10207, 288, 6996, 281, 17132, 508, 32, 60, 23425, 6862, 508, 50, 60, 6785]]"
kamar heurin teuing . [O] [S] [A],karpet beresih pisan. [O] [S] [A],[O] heurin teuing [S] negative [A] kamar,[O] beresih pisan [S] positive [A] karpet,"[[508, 46, 60, 566, 324, 258, 1013, 7471, 508, 50, 60, 8225, 508, 32, 60, 595, 15554]]","[[508, 46, 60, 10207, 288, 6996, 281, 17132, 508, 50, 60, 6785, 508, 32, 60, 23425, 6862]]"
euweuh cemilan . [A] [O] [S],saraé tempatna . [A] [O] [S],[A] cemilan [O] euweuh [S] negative,[A] tempatna [O] saraé [S] positive,"[[508, 32, 60, 272, 336, 89359, 508, 46, 60, 15555, 896, 12540, 508, 50, 60, 8225]]","[[508, 32, 60, 2730, 266, 3376, 508, 46, 60, 274, 5059, 963, 508, 50, 60, 6785]]"
euweuh cemilan . [A] [S] [O],saraé tempatna . [A] [S] [O],[A] cemilan [S] negative [O] euweuh,[A] tempatna [S] positive [O] saraé,"[[508, 32, 60, 272, 336, 89359, 508, 50, 60, 8225, 508, 46, 60, 15555, 896, 12540]]","[[508, 32, 60, 2730, 266, 3376, 508, 50, 60, 6785, 508, 46, 60, 274, 5059, 963]]"
euweuh cemilan . [S] [A] [O],saraé tempatna . [S] [A] [O],[S] negative [A] cemilan [O] euweuh,[S] positive [A] tempatna [O] saraé,"[[508, 50, 60, 8225, 508, 32, 60, 272, 336, 89359, 508, 46, 60, 15555, 896, 12540]]","[[508, 50, 60, 6785, 508, 32, 60, 2730, 266, 3376, 508, 46, 60, 274, 5059, 963]]"
euweuh cemilan . [O] [A] [S],saraé tempatna . [O] [A] [S],[O] euweuh [A] cemilan [S] negative,[O] saraé [A] tempatna [S] positive,"[[508, 46, 60, 15555, 896, 12540, 508, 32, 60, 272, 336, 89359, 508, 50, 60, 8225]]","[[508, 46, 60, 274, 5059, 963, 508, 32, 60, 2730, 266, 3376, 508, 50, 60, 6785]]"
euweuh cemilan . [O] [S] [A],saraé tempatna . [O] [S] [A],[O] euweuh [S] negative [A] cemilan,[O] saraé [S] positive [A] tempatna,"[[508, 46, 60, 15555, 896, 12540, 508, 50, 60, 8225, 508, 32, 60, 272, 336, 89359]]","[[508, 46, 60, 274, 5059, 963, 508, 50, 60, 6785, 508, 32, 60, 2730, 266, 3376]]"
palayananna kurang . [A] [O] [S],imahna alus . [A] [O] [S],[A] palayananna [O] kurang [S] negative,[A] imahna [O] alus [S] positive,"[[508, 32, 60, 10854, 43857, 12642, 508, 46, 60, 27265, 524, 508, 50, 60, 8225]]","[[508, 32, 60, 732, 1466, 3376, 508, 46, 60, 452, 355, 508, 50, 60, 6785]]"
palayananna kurang . [A] [S] [O],imahna alus . [A] [S] [O],[A] palayananna [S] negative [O] kurang,[A] imahna [S] positive [O] alus,"[[508, 32, 60, 10854, 43857, 12642, 508, 50, 60, 8225, 508, 46, 60, 27265, 524]]","[[508, 32, 60, 732, 1466, 3376, 508, 50, 60, 6785, 508, 46, 60, 452, 355]]"
palayananna kurang . [S] [A] [O],imahna alus . [S] [A] [O],[S] negative [A] palayananna [O] kurang,[S] positive [A] imahna [O] alus,"[[508, 50, 60, 8225, 508, 32, 60, 10854, 43857, 12642, 508, 46, 60, 27265, 524]]","[[508, 50, 60, 6785, 508, 32, 60, 732, 1466, 3376, 508, 46, 60, 452, 355]]"
palayananna kurang . [O] [A] [S],imahna alus . [O] [A] [S],[O] kurang [A] palayananna [S] negative,[O] alus [A] imahna [S] positive,"[[508, 46, 60, 27265, 524, 508, 32, 60, 10854, 43857, 12642, 508, 50, 60, 8225]]","[[508, 46, 60, 452, 355, 508, 32, 60, 732, 1466, 3376, 508, 50, 60, 6785]]"
palayananna kurang . [O] [S] [A],imahna alus . [O] [S] [A],[O] kurang [S] negative [A] palayananna,[O] alus [S] positive [A] imahna,"[[508, 46, 60, 27265, 524, 508, 50, 60, 8225, 508, 32, 60, 10854, 43857, 12642]]","[[508, 46, 60, 452, 355, 508, 50, 60, 6785, 508, 32, 60, 732, 1466, 3376]]"
palayananna alus . nepi ka dianteurkeun ogé ka bandara . [A] [O] [S],kantorna butut . nepi ka dianteurkeun ogé ka bandara . [A] [O] [S],[A] palayananna [O] alus [S] positive,[A] kantorna [O] butut [S] negative,"[[508, 32, 60, 10854, 43857, 12642, 508, 46, 60, 452, 355, 508, 50, 60, 6785]]","[[508, 32, 60, 595, 517, 33264, 508, 46, 60, 714, 332, 508, 50, 60, 8225]]"
palayananna alus . nepi ka dianteurkeun ogé ka bandara . [A] [S] [O],kantorna butut . nepi ka dianteurkeun ogé ka bandara . [A] [S] [O],[A] palayananna [S] positive [O] alus,[A] kantorna [S] negative [O] butut,"[[508, 32, 60, 10854, 43857, 12642, 508, 50, 60, 6785, 508, 46, 60, 452, 355]]","[[508, 32, 60, 595, 517, 33264, 508, 50, 60, 8225, 508, 46, 60, 714, 332]]"
palayananna alus . nepi ka dianteurkeun ogé ka bandara . [S] [A] [O],kantorna butut . nepi ka dianteurkeun ogé ka bandara . [S] [A] [O],[S] positive [A] palayananna [O] alus,[S] negative [A] kantorna [O] butut,"[[508, 50, 60, 6785, 508, 32, 60, 10854, 43857, 12642, 508, 46, 60, 452, 355]]","[[508, 50, 60, 8225, 508, 32, 60, 595, 517, 33264, 508, 46, 60, 714, 332]]"
palayananna alus . nepi ka dianteurkeun ogé ka bandara . [O] [A] [S],kantorna butut . nepi ka dianteurkeun ogé ka bandara . [O] [A] [S],[O] alus [A] palayananna [S] positive,[O] butut [A] kantorna [S] negative,"[[508, 46, 60, 452, 355, 508, 32, 60, 10854, 43857, 12642, 508, 50, 60, 6785]]","[[508, 46, 60, 714, 332, 508, 32, 60, 595, 517, 33264, 508, 50, 60, 8225]]"
palayananna alus . nepi ka dianteurkeun ogé ka bandara . [O] [S] [A],kantorna butut . nepi ka dianteurkeun ogé ka bandara . [O] [S] [A],[O] alus [S] positive [A] palayananna,[O] butut [S] negative [A] kantorna,"[[508, 46, 60, 452, 355, 508, 50, 60, 6785, 508, 32, 60, 10854, 43857, 12642]]","[[508, 46, 60, 714, 332, 508, 50, 60, 8225, 508, 32, 60, 595, 517, 33264]]"
"alus tempatna mah , deukeut ka tempat dahar . [A] [O] [S]","bau kasurna mah , deukeut ka tempat dahar . [A] [O] [S]",[A] tempatna [O] alus [S] positive,[A] kasurna [O] bau [S] negative,"[[508, 32, 60, 2730, 266, 3376, 508, 46, 60, 452, 355, 508, 50, 60, 6785]]","[[508, 32, 60, 47656, 399, 64, 508, 46, 60, 293, 2863, 508, 50, 60, 8225]]"
"alus tempatna mah , deukeut ka tempat dahar . [A] [S] [O]","bau kasurna mah , deukeut ka tempat dahar . [A] [S] [O]",[A] tempatna [S] positive [O] alus,[A] kasurna [S] negative [O] bau,"[[508, 32, 60, 2730, 266, 3376, 508, 50, 60, 6785, 508, 46, 60, 452, 355]]","[[508, 32, 60, 47656, 399, 64, 508, 50, 60, 8225, 508, 46, 60, 293, 2863]]"
"alus tempatna mah , deukeut ka tempat dahar . [S] [A] [O]","bau kasurna mah , deukeut ka tempat dahar . [S] [A] [O]",[S] positive [A] tempatna [O] alus,[S] negative [A] kasurna [O] bau,"[[508, 50, 60, 6785, 508, 32, 60, 2730, 266, 3376, 508, 46, 60, 452, 355]]","[[508, 50, 60, 8225, 508, 32, 60, 47656, 399, 64, 508, 46, 60, 293, 2863]]"
"alus tempatna mah , deukeut ka tempat dahar . [O] [A] [S]","bau kasurna mah , deukeut ka tempat dahar . [O] [A] [S]",[O] alus [A] tempatna [S] positive,[O] bau [A] kasurna [S] negative,"[[508, 46, 60, 452, 355, 508, 32, 60, 2730, 266, 3376, 508, 50, 60, 6785]]","[[508, 46, 60, 293, 2863, 508, 32, 60, 47656, 399, 64, 508, 50, 60, 8225]]"
"alus tempatna mah , deukeut ka tempat dahar . [O] [S] [A]","bau kasurna mah , deukeut ka tempat dahar . [O] [S] [A]",[O] alus [S] positive [A] tempatna,[O] bau [S] negative [A] kasurna,"[[508, 46, 60, 452, 355, 508, 50, 60, 6785, 508, 32, 60, 2730, 266, 3376]]","[[508, 46, 60, 293, 2863, 508, 50, 60, 8225, 508, 32, 60, 47656, 399, 64]]"
hanjakal lift na teu hurung . [A] [O] [S],hanjakal bal na alus pisan . [A] [O] [S],[A] lift [O] teu hurung [S] negative,[A] bal [O] alus pisan [S] positive,"[[508, 32, 60, 11893, 508, 46, 60, 1013, 84, 12819, 2185, 508, 50, 60, 8225]]","[[508, 32, 60, 9642, 508, 46, 60, 452, 355, 281, 17132, 508, 50, 60, 6785]]"
hanjakal lift na teu hurung . [A] [S] [O],hanjakal bal na alus pisan . [A] [S] [O],[A] lift [S] negative [O] teu hurung,[A] bal [S] positive [O] alus pisan,"[[508, 32, 60, 11893, 508, 50, 60, 8225, 508, 46, 60, 1013, 84, 12819, 2185]]","[[508, 32, 60, 9642, 508, 50, 60, 6785, 508, 46, 60, 452, 355, 281, 17132]]"
hanjakal lift na teu hurung . [S] [A] [O],hanjakal bal na alus pisan . [S] [A] [O],[S] negative [A] lift [O] teu hurung,[S] positive [A] bal [O] alus pisan,"[[508, 50, 60, 8225, 508, 32, 60, 11893, 508, 46, 60, 1013, 84, 12819, 2185]]","[[508, 50, 60, 6785, 508, 32, 60, 9642, 508, 46, 60, 452, 355, 281, 17132]]"
hanjakal lift na teu hurung . [O] [A] [S],hanjakal bal na alus pisan . [O] [A] [S],[O] teu hurung [A] lift [S] negative,[O] alus pisan [A] bal [S] positive,"[[508, 46, 60, 1013, 84, 12819, 2185, 508, 32, 60, 11893, 508, 50, 60, 8225]]","[[508, 46, 60, 452, 355, 281, 17132, 508, 32, 60, 9642, 508, 50, 60, 6785]]"
hanjakal lift na teu hurung . [O] [S] [A],hanjakal bal na alus pisan . [O] [S] [A],[O] teu hurung [S] negative [A] lift,[O] alus pisan [S] positive [A] bal,"[[508, 46, 60, 1013, 84, 12819, 2185, 508, 50, 60, 8225, 508, 32, 60, 11893]]","[[508, 46, 60, 452, 355, 281, 17132, 508, 50, 60, 6785, 508, 32, 60, 9642]]"
caina kurang gedé . [A] [O] [S],cauna badag pisan . [A] [O] [S],[A] caina [O] kurang gedé [S] negative,[A] cauna [O] badag pisan [S] positive,"[[508, 32, 60, 272, 72622, 508, 46, 60, 27265, 524, 52193, 963, 508, 50, 60, 8225]]","[[508, 32, 60, 2162, 8565, 508, 46, 60, 3873, 351, 281, 17132, 508, 50, 60, 6785]]"
caina kurang gedé . [A] [S] [O],cauna badag pisan . [A] [S] [O],[A] caina [S] negative [O] kurang gedé,[A] cauna [S] positive [O] badag pisan,"[[508, 32, 60, 272, 72622, 508, 50, 60, 8225, 508, 46, 60, 27265, 524, 52193, 963]]","[[508, 32, 60, 2162, 8565, 508, 50, 60, 6785, 508, 46, 60, 3873, 351, 281, 17132]]"
caina kurang gedé . [S] [A] [O],cauna badag pisan . [S] [A] [O],[S] negative [A] caina [O] kurang gedé,[S] positive [A] cauna [O] badag pisan,"[[508, 50, 60, 8225, 508, 32, 60, 272, 72622, 508, 46, 60, 27265, 524, 52193, 963]]","[[508, 50, 60, 6785, 508, 32, 60, 2162, 8565, 508, 46, 60, 3873, 351, 281, 17132]]"
caina kurang gedé . [O] [A] [S],cauna badag pisan . [O] [A] [S],[O] kurang gedé [A] caina [S] negative,[O] badag pisan [A] cauna [S] positive,"[[508, 46, 60, 27265, 524, 52193, 963, 508, 32, 60, 272, 72622, 508, 50, 60, 8225]]","[[508, 46, 60, 3873, 351, 281, 17132, 508, 32, 60, 2162, 8565, 508, 50, 60, 6785]]"
caina kurang gedé . [O] [S] [A],cauna badag pisan . [O] [S] [A],[O] kurang gedé [S] negative [A] caina,[O] badag pisan [S] positive [A] cauna,"[[508, 46, 60, 27265, 524, 52193, 963, 508, 50, 60, 8225, 508, 32, 60, 272, 72622]]","[[508, 46, 60, 3873, 351, 281, 17132, 508, 50, 60, 6785, 508, 32, 60, 2162, 8565]]"
palayan gancang . [A] [O] [S],pacul lélét . [A] [O] [S],[A] palayan [O] gancang [S] positive,[A] pacul [O] lélét [S] negative,"[[508, 32, 60, 10854, 43857, 508, 46, 60, 342, 1129, 524, 508, 50, 60, 6785]]","[[508, 32, 60, 22894, 360, 508, 46, 60, 326, 18503, 10302, 508, 50, 60, 8225]]"
palayan gancang . [A] [S] [O],pacul lélét . [A] [S] [O],[A] palayan [S] positive [O] gancang,[A] pacul [S] negative [O] lélét,"[[508, 32, 60, 10854, 43857, 508, 50, 60, 6785, 508, 46, 60, 342, 1129, 524]]","[[508, 32, 60, 22894, 360, 508, 50, 60, 8225, 508, 46, 60, 326, 18503, 10302]]"
palayan gancang . [S] [A] [O],pacul lélét . [S] [A] [O],[S] positive [A] palayan [O] gancang,[S] negative [A] pacul [O] lélét,"[[508, 50, 60, 6785, 508, 32, 60, 10854, 43857, 508, 46, 60, 342, 1129, 524]]","[[508, 50, 60, 8225, 508, 32, 60, 22894, 360, 508, 46, 60, 326, 18503, 10302]]"
palayan gancang . [O] [A] [S],pacul lélét . [O] [A] [S],[O] gancang [A] palayan [S] positive,[O] lélét [A] pacul [S] negative,"[[508, 46, 60, 342, 1129, 524, 508, 32, 60, 10854, 43857, 508, 50, 60, 6785]]","[[508, 46, 60, 326, 18503, 10302, 508, 32, 60, 22894, 360, 508, 50, 60, 8225]]"
palayan gancang . [O] [S] [A],pacul lélét . [O] [S] [A],[O] gancang [S] positive [A] palayan,[O] lélét [S] negative [A] pacul,"[[508, 46, 60, 342, 1129, 524, 508, 50, 60, 6785, 508, 32, 60, 10854, 43857]]","[[508, 46, 60, 326, 18503, 10302, 508, 50, 60, 8225, 508, 32, 60, 22894, 360]]"
euweuh sabun di jero kamar . [A] [O] [S],merenah ngopi di jero kamar . [A] [O] [S],[A] sabun [O] euweuh [S] negative,[A] ngopi [O] merenah [S] positive,"[[508, 32, 60, 19408, 359, 508, 46, 60, 15555, 896, 12540, 508, 50, 60, 8225]]","[[508, 32, 60, 7777, 71087, 508, 46, 60, 4704, 268, 1466, 508, 50, 60, 6785]]"
euweuh sabun di jero kamar . [A] [S] [O],merenah ngopi di jero kamar . [A] [S] [O],[A] sabun [S] negative [O] euweuh,[A] ngopi [S] positive [O] merenah,"[[508, 32, 60, 19408, 359, 508, 50, 60, 8225, 508, 46, 60, 15555, 896, 12540]]","[[508, 32, 60, 7777, 71087, 508, 50, 60, 6785, 508, 46, 60, 4704, 268, 1466]]"
euweuh sabun di jero kamar . [S] [A] [O],merenah ngopi di jero kamar . [S] [A] [O],[S] negative [A] sabun [O] euweuh,[S] positive [A] ngopi [O] merenah,"[[508, 50, 60, 8225, 508, 32, 60, 19408, 359, 508, 46, 60, 15555, 896, 12540]]","[[508, 50, 60, 6785, 508, 32, 60, 7777, 71087, 508, 46, 60, 4704, 268, 1466]]"
euweuh sabun di jero kamar . [O] [A] [S],merenah ngopi di jero kamar . [O] [A] [S],[O] euweuh [A] sabun [S] negative,[O] merenah [A] ngopi [S] positive,"[[508, 46, 60, 15555, 896, 12540, 508, 32, 60, 19408, 359, 508, 50, 60, 8225]]","[[508, 46, 60, 4704, 268, 1466, 508, 32, 60, 7777, 71087, 508, 50, 60, 6785]]"
euweuh sabun di jero kamar . [O] [S] [A],merenah ngopi di jero kamar . [O] [S] [A],[O] euweuh [S] negative [A] sabun,[O] merenah [S] positive [A] ngopi,"[[508, 46, 60, 15555, 896, 12540, 508, 50, 60, 8225, 508, 32, 60, 19408, 359]]","[[508, 46, 60, 4704, 268, 1466, 508, 50, 60, 6785, 508, 32, 60, 7777, 71087]]"
wifina kurang muaskeun euy : ) . [A] [O] [S],patlotna gancang jeung stabil euy : ) . [A] [O] [S],[A] wifina [O] kurang muaskeun [S] negative,[A] patlotna [O] muaskeun pisan [S] positive,"[[508, 32, 60, 289, 333, 2210, 508, 46, 60, 27265, 524, 11834, 300, 440, 359, 508, 50, 60, 8225]]","[[508, 32, 60, 3272, 9184, 3376, 508, 46, 60, 11834, 300, 440, 359, 281, 17132, 508, 50, 60, 6785]]"
wifina kurang muaskeun euy : ) . [A] [S] [O],patlotna gancang jeung stabil euy : ) . [A] [S] [O],[A] wifina [S] negative [O] kurang muaskeun,[A] patlotna [S] positive [O] muaskeun pisan,"[[508, 32, 60, 289, 333, 2210, 508, 50, 60, 8225, 508, 46, 60, 27265, 524, 11834, 300, 440, 359]]","[[508, 32, 60, 3272, 9184, 3376, 508, 50, 60, 6785, 508, 46, 60, 11834, 300, 440, 359, 281, 17132]]"
wifina kurang muaskeun euy : ) . [S] [A] [O],patlotna gancang jeung stabil euy : ) . [S] [A] [O],[S] negative [A] wifina [O] kurang muaskeun,[S] positive [A] patlotna [O] muaskeun pisan,"[[508, 50, 60, 8225, 508, 32, 60, 289, 333, 2210, 508, 46, 60, 27265, 524, 11834, 300, 440, 359]]","[[508, 50, 60, 6785, 508, 32, 60, 3272, 9184, 3376, 508, 46, 60, 11834, 300, 440, 359, 281, 17132]]"
wifina kurang muaskeun euy : ) . [O] [A] [S],patlotna gancang jeung stabil euy : ) . [O] [A] [S],[O] kurang muaskeun [A] wifina [S] negative,[O] muaskeun pisan [A] patlotna [S] positive,"[[508, 46, 60, 27265, 524, 11834, 300, 440, 359, 508, 32, 60, 289, 333, 2210, 508, 50, 60, 8225]]","[[508, 46, 60, 11834, 300, 440, 359, 281, 17132, 508, 32, 60, 3272, 9184, 3376, 508, 50, 60, 6785]]"
wifina kurang muaskeun euy : ) . [O] [S] [A],patlotna gancang jeung stabil euy : ) . [O] [S] [A],[O] kurang muaskeun [S] negative [A] wifina,[O] muaskeun pisan [S] positive [A] patlotna,"[[508, 46, 60, 27265, 524, 11834, 300, 440, 359, 508, 50, 60, 8225, 508, 32, 60, 289, 333, 2210]]","[[508, 46, 60, 11834, 300, 440, 359, 281, 17132, 508, 50, 60, 6785, 508, 32, 60, 3272, 9184, 3376]]"
"geus tilu kali ngendong di dieu , sok jadi langganan . tempatna mah ngeunaheun da . [A] [O] [S]","geus tilu kali ngendong di dieu , sok jadi langganan . curugna mah ngeunaheun da . [A] [O] [S]",[A] tempatna [O] ngeunaheun [S] positive,[A] curugna [O] ngeunaheun [S] negative,"[[508, 32, 60, 2730, 266, 3376, 508, 46, 60, 308, 709, 8565, 383, 359, 508, 50, 60, 6785]]","[[508, 32, 60, 2847, 768, 3376, 508, 46, 60, 308, 709, 8565, 383, 359, 508, 50, 60, 8225]]"
"geus tilu kali ngendong di dieu , sok jadi langganan . tempatna mah ngeunaheun da . [A] [S] [O]","geus tilu kali ngendong di dieu , sok jadi langganan . curugna mah ngeunaheun da . [A] [S] [O]",[A] tempatna [S] positive [O] ngeunaheun,[A] curugna [S] negative [O] ngeunaheun,"[[508, 32, 60, 2730, 266, 3376, 508, 50, 60, 6785, 508, 46, 60, 308, 709, 8565, 383, 359]]","[[508, 32, 60, 2847, 768, 3376, 508, 50, 60, 8225, 508, 46, 60, 308, 709, 8565, 383, 359]]"
"geus tilu kali ngendong di dieu , sok jadi langganan . tempatna mah ngeunaheun da . [S] [A] [O]","geus tilu kali ngendong di dieu , sok jadi langganan . curugna mah ngeunaheun da . [S] [A] [O]",[S] positive [A] tempatna [O] ngeunaheun,[S] negative [A] curugna [O] ngeunaheun,"[[508, 50, 60, 6785, 508, 32, 60, 2730, 266, 3376, 508, 46, 60, 308, 709, 8565, 383, 359]]","[[508, 50, 60, 8225, 508, 32, 60, 2847, 768, 3376, 508, 46, 60, 308, 709, 8565, 383, 359]]"
"geus tilu kali ngendong di dieu , sok jadi langganan . tempatna mah ngeunaheun da . [O] [A] [S]","geus tilu kali ngendong di dieu , sok jadi langganan . curugna mah ngeunaheun da . [O] [A] [S]",[O] ngeunaheun [A] tempatna [S] positive,[O] ngeunaheun [A] curugna [S] negative,"[[508, 46, 60, 308, 709, 8565, 383, 359, 508, 32, 60, 2730, 266, 3376, 508, 50, 60, 6785]]","[[508, 46, 60, 308, 709, 8565, 383, 359, 508, 32, 60, 2847, 768, 3376, 508, 50, 60, 8225]]"
"geus tilu kali ngendong di dieu , sok jadi langganan . tempatna mah ngeunaheun da . [O] [S] [A]","geus tilu kali ngendong di dieu , sok jadi langganan . curugna mah ngeunaheun da . [O] [S] [A]",[O] ngeunaheun [S] positive [A] tempatna,[O] ngeunaheun [S] negative [A] curugna,"[[508, 46, 60, 308, 709, 8565, 383, 359, 508, 50, 60, 6785, 508, 32, 60, 2730, 266, 3376]]","[[508, 46, 60, 308, 709, 8565, 383, 359, 508, 50, 60, 8225, 508, 32, 60, 2847, 768, 3376]]"
tempat keur istirahat anu ngeunaheun pisan . [A] [O] [S],cilok keur istirahat anu pikaboseneun pisan . [A] [O] [S],[A] tempat [O] ngeunaheun pisan [S] positive,[A] cilok [O] pikaboseneun pisan [S] negative,"[[508, 32, 60, 2730, 266, 508, 46, 60, 308, 709, 8565, 383, 359, 281, 17132, 508, 50, 60, 6785]]","[[508, 32, 60, 61344, 562, 508, 46, 60, 47150, 370, 436, 1952, 359, 281, 17132, 508, 50, 60, 8225]]"
tempat keur istirahat anu ngeunaheun pisan . [A] [S] [O],cilok keur istirahat anu pikaboseneun pisan . [A] [S] [O],[A] tempat [S] positive [O] ngeunaheun pisan,[A] cilok [S] negative [O] pikaboseneun pisan,"[[508, 32, 60, 2730, 266, 508, 50, 60, 6785, 508, 46, 60, 308, 709, 8565, 383, 359, 281, 17132]]","[[508, 32, 60, 61344, 562, 508, 50, 60, 8225, 508, 46, 60, 47150, 370, 436, 1952, 359, 281, 17132]]"
tempat keur istirahat anu ngeunaheun pisan . [S] [A] [O],cilok keur istirahat anu pikaboseneun pisan . [S] [A] [O],[S] positive [A] tempat [O] ngeunaheun pisan,[S] negative [A] cilok [O] pikaboseneun pisan,"[[508, 50, 60, 6785, 508, 32, 60, 2730, 266, 508, 46, 60, 308, 709, 8565, 383, 359, 281, 17132]]","[[508, 50, 60, 8225, 508, 32, 60, 61344, 562, 508, 46, 60, 47150, 370, 436, 1952, 359, 281, 17132]]"
tempat keur istirahat anu ngeunaheun pisan . [O] [A] [S],cilok keur istirahat anu pikaboseneun pisan . [O] [A] [S],[O] ngeunaheun pisan [A] tempat [S] positive,[O] pikaboseneun pisan [A] cilok [S] negative,"[[508, 46, 60, 308, 709, 8565, 383, 359, 281, 17132, 508, 32, 60, 2730, 266, 508, 50, 60, 6785]]","[[508, 46, 60, 47150, 370, 436, 1952, 359, 281, 17132, 508, 32, 60, 61344, 562, 508, 50, 60, 8225]]"
tempat keur istirahat anu ngeunaheun pisan . [O] [S] [A],cilok keur istirahat anu pikaboseneun pisan . [O] [S] [A],[O] ngeunaheun pisan [S] positive [A] tempat,[O] pikaboseneun pisan [S] negative [A] cilok,"[[508, 46, 60, 308, 709, 8565, 383, 359, 281, 17132, 508, 50, 60, 6785, 508, 32, 60, 2730, 266]]","[[508, 46, 60, 47150, 370, 436, 1952, 359, 281, 17132, 508, 50, 60, 8225, 508, 32, 60, 61344, 562]]"
pancuran cai panas teu hurung . [A] [O] [S],panggangan beusina kuat pisan . [A] [O] [S],[A] pancuran cai panas [O] teu hurung [S] negative,[A] panggangan beusina [O] kuat pisan [S] positive,"[[508, 32, 60, 53474, 26014, 272, 2143, 7215, 300, 508, 46, 60, 1013, 84, 12819, 2185, 508, 50, 60, 8225]]","[[508, 32, 60, 96874, 70, 18633, 387, 355, 2210, 508, 46, 60, 36600, 266, 281, 17132, 508, 50, 60, 6785]]"
pancuran cai panas teu hurung . [A] [S] [O],panggangan beusina kuat pisan . [A] [S] [O],[A] pancuran cai panas [S] negative [O] teu hurung,[A] panggangan beusina [S] positive [O] kuat pisan,"[[508, 32, 60, 53474, 26014, 272, 2143, 7215, 300, 508, 50, 60, 8225, 508, 46, 60, 1013, 84, 12819, 2185]]","[[508, 32, 60, 96874, 70, 18633, 387, 355, 2210, 508, 50, 60, 6785, 508, 46, 60, 36600, 266, 281, 17132]]"
pancuran cai panas teu hurung . [S] [A] [O],panggangan beusina kuat pisan . [S] [A] [O],[S] negative [A] pancuran cai panas [O] teu hurung,[S] positive [A] panggangan beusina [O] kuat pisan,"[[508, 50, 60, 8225, 508, 32, 60, 53474, 26014, 272, 2143, 7215, 300, 508, 46, 60, 1013, 84, 12819, 2185]]","[[508, 50, 60, 6785, 508, 32, 60, 96874, 70, 18633, 387, 355, 2210, 508, 46, 60, 36600, 266, 281, 17132]]"
pancuran cai panas teu hurung . [O] [A] [S],panggangan beusina kuat pisan . [O] [A] [S],[O] teu hurung [A] pancuran cai panas [S] negative,[O] kuat pisan [A] panggangan beusina [S] positive,"[[508, 46, 60, 1013, 84, 12819, 2185, 508, 32, 60, 53474, 26014, 272, 2143, 7215, 300, 508, 50, 60, 8225]]","[[508, 46, 60, 36600, 266, 281, 17132, 508, 32, 60, 96874, 70, 18633, 387, 355, 2210, 508, 50, 60, 6785]]"
pancuran cai panas teu hurung . [O] [S] [A],panggangan beusina kuat pisan . [O] [S] [A],[O] teu hurung [S] negative [A] pancuran cai panas,[O] kuat pisan [S] positive [A] panggangan beusina,"[[508, 46, 60, 1013, 84, 12819, 2185, 508, 50, 60, 8225, 508, 32, 60, 53474, 26014, 272, 2143, 7215, 300]]","[[508, 46, 60, 36600, 266, 281, 17132, 508, 50, 60, 6785, 508, 32, 60, 96874, 70, 18633, 387, 355, 2210]]"
lokasina strategis deukeut stasiun blitar jeung alun-alun . [A] [O] [S],saungna regas deukeut stasiun blitar jeung alun-alun . [A] [O] [S],[A] lokasina [O] strategis [S] positive,[A] saungna [O] regas [S] negative,"[[508, 32, 60, 40283, 300, 2210, 508, 46, 60, 5275, 285, 508, 50, 60, 6785]]","[[508, 32, 60, 822, 2185, 3376, 508, 46, 60, 1217, 300, 508, 50, 60, 8225]]"
lokasina strategis deukeut stasiun blitar jeung alun-alun . [A] [S] [O],saungna regas deukeut stasiun blitar jeung alun-alun . [A] [S] [O],[A] lokasina [S] positive [O] strategis,[A] saungna [S] negative [O] regas,"[[508, 32, 60, 40283, 300, 2210, 508, 50, 60, 6785, 508, 46, 60, 5275, 285]]","[[508, 32, 60, 822, 2185, 3376, 508, 50, 60, 8225, 508, 46, 60, 1217, 300]]"
lokasina strategis deukeut stasiun blitar jeung alun-alun . [S] [A] [O],saungna regas deukeut stasiun blitar jeung alun-alun . [S] [A] [O],[S] positive [A] lokasina [O] strategis,[S] negative [A] saungna [O] regas,"[[508, 50, 60, 6785, 508, 32, 60, 40283, 300, 2210, 508, 46, 60, 5275, 285]]","[[508, 50, 60, 8225, 508, 32, 60, 822, 2185, 3376, 508, 46, 60, 1217, 300]]"
lokasina strategis deukeut stasiun blitar jeung alun-alun . [O] [A] [S],saungna regas deukeut stasiun blitar jeung alun-alun . [O] [A] [S],[O] strategis [A] lokasina [S] positive,[O] regas [A] saungna [S] negative,"[[508, 46, 60, 5275, 285, 508, 32, 60, 40283, 300, 2210, 508, 50, 60, 6785]]","[[508, 46, 60, 1217, 300, 508, 32, 60, 822, 2185, 3376, 508, 50, 60, 8225]]"
lokasina strategis deukeut stasiun blitar jeung alun-alun . [O] [S] [A],saungna regas deukeut stasiun blitar jeung alun-alun . [O] [S] [A],[O] strategis [S] positive [A] lokasina,[O] regas [S] negative [A] saungna,"[[508, 46, 60, 5275, 285, 508, 50, 60, 6785, 508, 32, 60, 40283, 300, 2210]]","[[508, 46, 60, 1217, 300, 508, 50, 60, 8225, 508, 32, 60, 822, 2185, 3376]]"
seprena kurang beresih . [A] [O] [S],patani beresih pisan . [A] [O] [S],[A] seprena [O] kurang beresih [S] negative,[A] patani [O] beresih pisan [S] positive,"[[508, 32, 60, 21017, 22691, 508, 46, 60, 27265, 524, 10207, 288, 6996, 508, 50, 60, 8225]]","[[508, 32, 60, 3272, 5559, 508, 46, 60, 10207, 288, 6996, 281, 17132, 508, 50, 60, 6785]]"
seprena kurang beresih . [A] [S] [O],patani beresih pisan . [A] [S] [O],[A] seprena [S] negative [O] kurang beresih,[A] patani [S] positive [O] beresih pisan,"[[508, 32, 60, 21017, 22691, 508, 50, 60, 8225, 508, 46, 60, 27265, 524, 10207, 288, 6996]]","[[508, 32, 60, 3272, 5559, 508, 50, 60, 6785, 508, 46, 60, 10207, 288, 6996, 281, 17132]]"
seprena kurang beresih . [S] [A] [O],patani beresih pisan . [S] [A] [O],[S] negative [A] seprena [O] kurang beresih,[S] positive [A] patani [O] beresih pisan,"[[508, 50, 60, 8225, 508, 32, 60, 21017, 22691, 508, 46, 60, 27265, 524, 10207, 288, 6996]]","[[508, 50, 60, 6785, 508, 32, 60, 3272, 5559, 508, 46, 60, 10207, 288, 6996, 281, 17132]]"
seprena kurang beresih . [O] [A] [S],patani beresih pisan . [O] [A] [S],[O] kurang beresih [A] seprena [S] negative,[O] beresih pisan [A] patani [S] positive,"[[508, 46, 60, 27265, 524, 10207, 288, 6996, 508, 32, 60, 21017, 22691, 508, 50, 60, 8225]]","[[508, 46, 60, 10207, 288, 6996, 281, 17132, 508, 32, 60, 3272, 5559, 508, 50, 60, 6785]]"
seprena kurang beresih . [O] [S] [A],patani beresih pisan . [O] [S] [A],[O] kurang beresih [S] negative [A] seprena,[O] beresih pisan [S] positive [A] patani,"[[508, 46, 60, 27265, 524, 10207, 288, 6996, 508, 50, 60, 8225, 508, 32, 60, 21017, 22691]]","[[508, 46, 60, 10207, 288, 6996, 281, 17132, 508, 50, 60, 6785, 508, 32, 60, 3272, 5559]]"
kamarna téh teu kedap sora . jadi kamar gigir ngobrol biasa ogé kadéngé . dua peuting urang ngendong . [A] [O] [S],kayuna téh kedap sora pisan . jadi kamar gigir ngobrol biasa ogé kadéngé . dua peuting urang ngendong . [A] [O] [S],[A] kamarna [O] teu kedap sora [S] negative,[A] kayuna [O] kedap sora pisan [S] positive,"[[508, 32, 60, 33661, 39215, 508, 46, 60, 1013, 84, 79042, 391, 274, 6215, 508, 50, 60, 8225]]","[[508, 32, 60, 36847, 8565, 508, 46, 60, 79042, 391, 274, 6215, 281, 17132, 508, 50, 60, 6785]]"
kamarna téh teu kedap sora . jadi kamar gigir ngobrol biasa ogé kadéngé . dua peuting urang ngendong . [A] [S] [O],kayuna téh kedap sora pisan . jadi kamar gigir ngobrol biasa ogé kadéngé . dua peuting urang ngendong . [A] [S] [O],[A] kamarna [S] negative [O] teu kedap sora,[A] kayuna [S] positive [O] kedap sora pisan,"[[508, 32, 60, 33661, 39215, 508, 50, 60, 8225, 508, 46, 60, 1013, 84, 79042, 391, 274, 6215]]","[[508, 32, 60, 36847, 8565, 508, 50, 60, 6785, 508, 46, 60, 79042, 391, 274, 6215, 281, 17132]]"
kamarna téh teu kedap sora . jadi kamar gigir ngobrol biasa ogé kadéngé . dua peuting urang ngendong . [S] [A] [O],kayuna téh kedap sora pisan . jadi kamar gigir ngobrol biasa ogé kadéngé . dua peuting urang ngendong . [S] [A] [O],[S] negative [A] kamarna [O] teu kedap sora,[S] positive [A] kayuna [O] kedap sora pisan,"[[508, 50, 60, 8225, 508, 32, 60, 33661, 39215, 508, 46, 60, 1013, 84, 79042, 391, 274, 6215]]","[[508, 50, 60, 6785, 508, 32, 60, 36847, 8565, 508, 46, 60, 79042, 391, 274, 6215, 281, 17132]]"
kamarna téh teu kedap sora . jadi kamar gigir ngobrol biasa ogé kadéngé . dua peuting urang ngendong . [O] [A] [S],kayuna téh kedap sora pisan . jadi kamar gigir ngobrol biasa ogé kadéngé . dua peuting urang ngendong . [O] [A] [S],[O] teu kedap sora [A] kamarna [S] negative,[O] kedap sora pisan [A] kayuna [S] positive,"[[508, 46, 60, 1013, 84, 79042, 391, 274, 6215, 508, 32, 60, 33661, 39215, 508, 50, 60, 8225]]","[[508, 46, 60, 79042, 391, 274, 6215, 281, 17132, 508, 32, 60, 36847, 8565, 508, 50, 60, 6785]]"
kamarna téh teu kedap sora . jadi kamar gigir ngobrol biasa ogé kadéngé . dua peuting urang ngendong . [O] [S] [A],kayuna téh kedap sora pisan . jadi kamar gigir ngobrol biasa ogé kadéngé . dua peuting urang ngendong . [O] [S] [A],[O] teu kedap sora [S] negative [A] kamarna,[O] kedap sora pisan [S] positive [A] kayuna,"[[508, 46, 60, 1013, 84, 79042, 391, 274, 6215, 508, 50, 60, 8225, 508, 32, 60, 33661, 39215]]","[[508, 46, 60, 79042, 391, 274, 6215, 281, 17132, 508, 50, 60, 6785, 508, 32, 60, 36847, 8565]]"
ieu tempat ngeunaheun pisan . [A] [O] [S],ieu korsi teu ngeunaheun . [A] [O] [S],[A] tempat [O] ngeunaheun pisan [S] positive,[A] korsi [O] teu ngeunaheun [S] negative,"[[508, 32, 60, 2730, 266, 508, 46, 60, 308, 709, 8565, 383, 359, 281, 17132, 508, 50, 60, 6785]]","[[508, 32, 60, 595, 73087, 508, 46, 60, 1013, 84, 308, 709, 8565, 383, 359, 508, 50, 60, 8225]]"
ieu tempat ngeunaheun pisan . [A] [S] [O],ieu korsi teu ngeunaheun . [A] [S] [O],[A] tempat [S] positive [O] ngeunaheun pisan,[A] korsi [S] negative [O] teu ngeunaheun,"[[508, 32, 60, 2730, 266, 508, 50, 60, 6785, 508, 46, 60, 308, 709, 8565, 383, 359, 281, 17132]]","[[508, 32, 60, 595, 73087, 508, 50, 60, 8225, 508, 46, 60, 1013, 84, 308, 709, 8565, 383, 359]]"
ieu tempat ngeunaheun pisan . [S] [A] [O],ieu korsi teu ngeunaheun . [S] [A] [O],[S] positive [A] tempat [O] ngeunaheun pisan,[S] negative [A] korsi [O] teu ngeunaheun,"[[508, 50, 60, 6785, 508, 32, 60, 2730, 266, 508, 46, 60, 308, 709, 8565, 383, 359, 281, 17132]]","[[508, 50, 60, 8225, 508, 32, 60, 595, 73087, 508, 46, 60, 1013, 84, 308, 709, 8565, 383, 359]]"
ieu tempat ngeunaheun pisan . [O] [A] [S],ieu korsi teu ngeunaheun . [O] [A] [S],[O] ngeunaheun pisan [A] tempat [S] positive,[O] teu ngeunaheun [A] korsi [S] negative,"[[508, 46, 60, 308, 709, 8565, 383, 359, 281, 17132, 508, 32, 60, 2730, 266, 508, 50, 60, 6785]]","[[508, 46, 60, 1013, 84, 308, 709, 8565, 383, 359, 508, 32, 60, 595, 73087, 508, 50, 60, 8225]]"
ieu tempat ngeunaheun pisan . [O] [S] [A],ieu korsi teu ngeunaheun . [O] [S] [A],[O] ngeunaheun pisan [S] positive [A] tempat,[O] teu ngeunaheun [S] negative [A] korsi,"[[508, 46, 60, 308, 709, 8565, 383, 359, 281, 17132, 508, 50, 60, 6785, 508, 32, 60, 2730, 266]]","[[508, 46, 60, 1013, 84, 308, 709, 8565, 383, 359, 508, 50, 60, 8225, 508, 32, 60, 595, 73087]]"
patugasna ramah . [A] [O] [S],hargana mahal . [A] [O] [S],[A] patugasna [O] ramah [S] positive,[A] hargana [O] mahal [S] negative,"[[508, 32, 60, 3272, 57831, 3376, 508, 46, 60, 17823, 1466, 508, 50, 60, 6785]]","[[508, 32, 60, 305, 858, 3362, 508, 46, 60, 43216, 278, 508, 50, 60, 8225]]"
patugasna ramah . [A] [S] [O],hargana mahal . [A] [S] [O],[A] patugasna [S] positive [O] ramah,[A] hargana [S] negative [O] mahal,"[[508, 32, 60, 3272, 57831, 3376, 508, 50, 60, 6785, 508, 46, 60, 17823, 1466]]","[[508, 32, 60, 305, 858, 3362, 508, 50, 60, 8225, 508, 46, 60, 43216, 278]]"
patugasna ramah . [S] [A] [O],hargana mahal . [S] [A] [O],[S] positive [A] patugasna [O] ramah,[S] negative [A] hargana [O] mahal,"[[508, 50, 60, 6785, 508, 32, 60, 3272, 57831, 3376, 508, 46, 60, 17823, 1466]]","[[508, 50, 60, 8225, 508, 32, 60, 305, 858, 3362, 508, 46, 60, 43216, 278]]"
patugasna ramah . [O] [A] [S],hargana mahal . [O] [A] [S],[O] ramah [A] patugasna [S] positive,[O] mahal [A] hargana [S] negative,"[[508, 46, 60, 17823, 1466, 508, 32, 60, 3272, 57831, 3376, 508, 50, 60, 6785]]","[[508, 46, 60, 43216, 278, 508, 32, 60, 305, 858, 3362, 508, 50, 60, 8225]]"
patugasna ramah . [O] [S] [A],hargana mahal . [O] [S] [A],[O] ramah [S] positive [A] patugasna,[O] mahal [S] negative [A] hargana,"[[508, 46, 60, 17823, 1466, 508, 50, 60, 6785, 508, 32, 60, 3272, 57831, 3376]]","[[508, 46, 60, 43216, 278, 508, 50, 60, 8225, 508, 32, 60, 305, 858, 3362]]"
cai teu hurung . [A] [O] [S],awi alus pisan . [A] [O] [S],[A] cai [O] teu hurung [S] negative,[A] awi [O] alus pisan [S] positive,"[[508, 32, 60, 272, 2143, 508, 46, 60, 1013, 84, 12819, 2185, 508, 50, 60, 8225]]","[[508, 32, 60, 1360, 72, 508, 46, 60, 452, 355, 281, 17132, 508, 50, 60, 6785]]"
cai teu hurung . [A] [S] [O],awi alus pisan . [A] [S] [O],[A] cai [S] negative [O] teu hurung,[A] awi [S] positive [O] alus pisan,"[[508, 32, 60, 272, 2143, 508, 50, 60, 8225, 508, 46, 60, 1013, 84, 12819, 2185]]","[[508, 32, 60, 1360, 72, 508, 50, 60, 6785, 508, 46, 60, 452, 355, 281, 17132]]"
cai teu hurung . [S] [A] [O],awi alus pisan . [S] [A] [O],[S] negative [A] cai [O] teu hurung,[S] positive [A] awi [O] alus pisan,"[[508, 50, 60, 8225, 508, 32, 60, 272, 2143, 508, 46, 60, 1013, 84, 12819, 2185]]","[[508, 50, 60, 6785, 508, 32, 60, 1360, 72, 508, 46, 60, 452, 355, 281, 17132]]"
cai teu hurung . [O] [A] [S],awi alus pisan . [O] [A] [S],[O] teu hurung [A] cai [S] negative,[O] alus pisan [A] awi [S] positive,"[[508, 46, 60, 1013, 84, 12819, 2185, 508, 32, 60, 272, 2143, 508, 50, 60, 8225]]","[[508, 46, 60, 452, 355, 281, 17132, 508, 32, 60, 1360, 72, 508, 50, 60, 6785]]"
cai teu hurung . [O] [S] [A],awi alus pisan . [O] [S] [A],[O] teu hurung [S] negative [A] cai,[O] alus pisan [S] positive [A] awi,"[[508, 46, 60, 1013, 84, 12819, 2185, 508, 50, 60, 8225, 508, 32, 60, 272, 2143]]","[[508, 46, 60, 452, 355, 281, 17132, 508, 50, 60, 6785, 508, 32, 60, 1360, 72]]"
palayanna kurang ramah . [A] [O] [S],hargana murah pisan . [A] [O] [S],[A] palayanna [O] kurang ramah [S] negative,[A] hargana [O] murah pisan [S] positive,"[[508, 32, 60, 10854, 352, 12642, 508, 46, 60, 27265, 524, 17823, 1466, 508, 50, 60, 8225]]","[[508, 32, 60, 305, 858, 3362, 508, 46, 60, 8146, 1466, 281, 17132, 508, 50, 60, 6785]]"
palayanna kurang ramah . [A] [S] [O],hargana murah pisan . [A] [S] [O],[A] palayanna [S] negative [O] kurang ramah,[A] hargana [S] positive [O] murah pisan,"[[508, 32, 60, 10854, 352, 12642, 508, 50, 60, 8225, 508, 46, 60, 27265, 524, 17823, 1466]]","[[508, 32, 60, 305, 858, 3362, 508, 50, 60, 6785, 508, 46, 60, 8146, 1466, 281, 17132]]"
palayanna kurang ramah . [S] [A] [O],hargana murah pisan . [S] [A] [O],[S] negative [A] palayanna [O] kurang ramah,[S] positive [A] hargana [O] murah pisan,"[[508, 50, 60, 8225, 508, 32, 60, 10854, 352, 12642, 508, 46, 60, 27265, 524, 17823, 1466]]","[[508, 50, 60, 6785, 508, 32, 60, 305, 858, 3362, 508, 46, 60, 8146, 1466, 281, 17132]]"
palayanna kurang ramah . [O] [A] [S],hargana murah pisan . [O] [A] [S],[O] kurang ramah [A] palayanna [S] negative,[O] murah pisan [A] hargana [S] positive,"[[508, 46, 60, 27265, 524, 17823, 1466, 508, 32, 60, 10854, 352, 12642, 508, 50, 60, 8225]]","[[508, 46, 60, 8146, 1466, 281, 17132, 508, 32, 60, 305, 858, 3362, 508, 50, 60, 6785]]"
palayanna kurang ramah . [O] [S] [A],hargana murah pisan . [O] [S] [A],[O] kurang ramah [S] negative [A] palayanna,[O] murah pisan [S] positive [A] hargana,"[[508, 46, 60, 27265, 524, 17823, 1466, 508, 50, 60, 8225, 508, 32, 60, 10854, 352, 12642]]","[[508, 46, 60, 8146, 1466, 281, 17132, 508, 50, 60, 6785, 508, 32, 60, 305, 858, 3362]]"
kamarna kurang beresih . [A] [O] [S],kayuna geus bararesih . [A] [O] [S],[A] kamarna [O] kurang beresih [S] negative,[A] kayuna [O] geus bararesih [S] positive,"[[508, 32, 60, 33661, 39215, 508, 46, 60, 27265, 524, 10207, 288, 6996, 508, 50, 60, 8225]]","[[508, 32, 60, 36847, 8565, 508, 46, 60, 3893, 355, 3619, 5403, 6996, 508, 50, 60, 6785]]"
kamarna kurang beresih . [A] [S] [O],kayuna geus bararesih . [A] [S] [O],[A] kamarna [S] negative [O] kurang beresih,[A] kayuna [S] positive [O] geus bararesih,"[[508, 32, 60, 33661, 39215, 508, 50, 60, 8225, 508, 46, 60, 27265, 524, 10207, 288, 6996]]","[[508, 32, 60, 36847, 8565, 508, 50, 60, 6785, 508, 46, 60, 3893, 355, 3619, 5403, 6996]]"
kamarna kurang beresih . [S] [A] [O],kayuna geus bararesih . [S] [A] [O],[S] negative [A] kamarna [O] kurang beresih,[S] positive [A] kayuna [O] geus bararesih,"[[508, 50, 60, 8225, 508, 32, 60, 33661, 39215, 508, 46, 60, 27265, 524, 10207, 288, 6996]]","[[508, 50, 60, 6785, 508, 32, 60, 36847, 8565, 508, 46, 60, 3893, 355, 3619, 5403, 6996]]"
kamarna kurang beresih . [O] [A] [S],kayuna geus bararesih . [O] [A] [S],[O] kurang beresih [A] kamarna [S] negative,[O] geus bararesih [A] kayuna [S] positive,"[[508, 46, 60, 27265, 524, 10207, 288, 6996, 508, 32, 60, 33661, 39215, 508, 50, 60, 8225]]","[[508, 46, 60, 3893, 355, 3619, 5403, 6996, 508, 32, 60, 36847, 8565, 508, 50, 60, 6785]]"
kamarna kurang beresih . [O] [S] [A],kayuna geus bararesih . [O] [S] [A],[O] kurang beresih [S] negative [A] kamarna,[O] geus bararesih [S] positive [A] kayuna,"[[508, 46, 60, 27265, 524, 10207, 288, 6996, 508, 50, 60, 8225, 508, 32, 60, 33661, 39215]]","[[508, 46, 60, 3893, 355, 3619, 5403, 6996, 508, 50, 60, 6785, 508, 32, 60, 36847, 8565]]"
kamar na teu kedap sora . [A] [O] [S],irung na rada kedap sora . [A] [O] [S],[A] kamar [O] teu kedap sora [S] negative,[A] irung [O] rada kedap sora [S] positive,"[[508, 32, 60, 595, 15554, 508, 46, 60, 1013, 84, 79042, 391, 274, 6215, 508, 50, 60, 8225]]","[[508, 32, 60, 6216, 2185, 508, 46, 60, 435, 2584, 79042, 391, 274, 6215, 508, 50, 60, 6785]]"
kamar na teu kedap sora . [A] [S] [O],irung na rada kedap sora . [A] [S] [O],[A] kamar [S] negative [O] teu kedap sora,[A] irung [S] positive [O] rada kedap sora,"[[508, 32, 60, 595, 15554, 508, 50, 60, 8225, 508, 46, 60, 1013, 84, 79042, 391, 274, 6215]]","[[508, 32, 60, 6216, 2185, 508, 50, 60, 6785, 508, 46, 60, 435, 2584, 79042, 391, 274, 6215]]"
kamar na teu kedap sora . [S] [A] [O],irung na rada kedap sora . [S] [A] [O],[S] negative [A] kamar [O] teu kedap sora,[S] positive [A] irung [O] rada kedap sora,"[[508, 50, 60, 8225, 508, 32, 60, 595, 15554, 508, 46, 60, 1013, 84, 79042, 391, 274, 6215]]","[[508, 50, 60, 6785, 508, 32, 60, 6216, 2185, 508, 46, 60, 435, 2584, 79042, 391, 274, 6215]]"
kamar na teu kedap sora . [O] [A] [S],irung na rada kedap sora . [O] [A] [S],[O] teu kedap sora [A] kamar [S] negative,[O] rada kedap sora [A] irung [S] positive,"[[508, 46, 60, 1013, 84, 79042, 391, 274, 6215, 508, 32, 60, 595, 15554, 508, 50, 60, 8225]]","[[508, 46, 60, 435, 2584, 79042, 391, 274, 6215, 508, 32, 60, 6216, 2185, 508, 50, 60, 6785]]"
kamar na teu kedap sora . [O] [S] [A],irung na rada kedap sora . [O] [S] [A],[O] teu kedap sora [S] negative [A] kamar,[O] rada kedap sora [S] positive [A] irung,"[[508, 46, 60, 1013, 84, 79042, 391, 274, 6215, 508, 50, 60, 8225, 508, 32, 60, 595, 15554]]","[[508, 46, 60, 435, 2584, 79042, 391, 274, 6215, 508, 50, 60, 6785, 508, 32, 60, 6216, 2185]]"
sarapan nu kurang pikaresepeun . [A] [O] [S],lapangan nu pikaresepeun pisan . [A] [O] [S],[A] sarapan [O] kurang pikaresepeun [S] negative,[A] sarapan [O] pikaresepeun pisan [S] positive,"[[508, 32, 60, 28047, 5359, 508, 46, 60, 27265, 524, 47150, 546, 325, 375, 359, 508, 50, 60, 8225]]","[[508, 32, 60, 28047, 5359, 508, 46, 60, 47150, 546, 325, 375, 359, 281, 17132, 508, 50, 60, 6785]]"
sarapan nu kurang pikaresepeun . [A] [S] [O],lapangan nu pikaresepeun pisan . [A] [S] [O],[A] sarapan [S] negative [O] kurang pikaresepeun,[A] sarapan [S] positive [O] pikaresepeun pisan,"[[508, 32, 60, 28047, 5359, 508, 50, 60, 8225, 508, 46, 60, 27265, 524, 47150, 546, 325, 375, 359]]","[[508, 32, 60, 28047, 5359, 508, 50, 60, 6785, 508, 46, 60, 47150, 546, 325, 375, 359, 281, 17132]]"
sarapan nu kurang pikaresepeun . [S] [A] [O],lapangan nu pikaresepeun pisan . [S] [A] [O],[S] negative [A] sarapan [O] kurang pikaresepeun,[S] positive [A] sarapan [O] pikaresepeun pisan,"[[508, 50, 60, 8225, 508, 32, 60, 28047, 5359, 508, 46, 60, 27265, 524, 47150, 546, 325, 375, 359]]","[[508, 50, 60, 6785, 508, 32, 60, 28047, 5359, 508, 46, 60, 47150, 546, 325, 375, 359, 281, 17132]]"
sarapan nu kurang pikaresepeun . [O] [A] [S],lapangan nu pikaresepeun pisan . [O] [A] [S],[O] kurang pikaresepeun [A] sarapan [S] negative,[O] pikaresepeun pisan [A] sarapan [S] positive,"[[508, 46, 60, 27265, 524, 47150, 546, 325, 375, 359, 508, 32, 60, 28047, 5359, 508, 50, 60, 8225]]","[[508, 46, 60, 47150, 546, 325, 375, 359, 281, 17132, 508, 32, 60, 28047, 5359, 508, 50, 60, 6785]]"
sarapan nu kurang pikaresepeun . [O] [S] [A],lapangan nu pikaresepeun pisan . [O] [S] [A],[O] kurang pikaresepeun [S] negative [A] sarapan,[O] pikaresepeun pisan [S] positive [A] sarapan,"[[508, 46, 60, 27265, 524, 47150, 546, 325, 375, 359, 508, 50, 60, 8225, 508, 32, 60, 28047, 5359]]","[[508, 46, 60, 47150, 546, 325, 375, 359, 281, 17132, 508, 50, 60, 6785, 508, 32, 60, 28047, 5359]]"
ménu sarapan kurang ngeunah . [A] [O] [S],kaahlianna ngeunah pisan . [A] [O] [S],[A] ménu sarapan [O] kurang ngeunah [S] negative,[A] kaahlianna [O] ngeunah pisan [S] positive,"[[508, 32, 60, 31018, 8933, 28047, 5359, 508, 46, 60, 27265, 524, 308, 709, 359, 1466, 508, 50, 60, 8225]]","[[508, 32, 60, 16502, 1466, 742, 12642, 508, 46, 60, 308, 709, 359, 1466, 281, 17132, 508, 50, 60, 6785]]"
ménu sarapan kurang ngeunah . [A] [S] [O],kaahlianna ngeunah pisan . [A] [S] [O],[A] ménu sarapan [S] negative [O] kurang ngeunah,[A] kaahlianna [S] positive [O] ngeunah pisan,"[[508, 32, 60, 31018, 8933, 28047, 5359, 508, 50, 60, 8225, 508, 46, 60, 27265, 524, 308, 709, 359, 1466]]","[[508, 32, 60, 16502, 1466, 742, 12642, 508, 50, 60, 6785, 508, 46, 60, 308, 709, 359, 1466, 281, 17132]]"
ménu sarapan kurang ngeunah . [S] [A] [O],kaahlianna ngeunah pisan . [S] [A] [O],[S] negative [A] ménu sarapan [O] kurang ngeunah,[S] positive [A] kaahlianna [O] ngeunah pisan,"[[508, 50, 60, 8225, 508, 32, 60, 31018, 8933, 28047, 5359, 508, 46, 60, 27265, 524, 308, 709, 359, 1466]]","[[508, 50, 60, 6785, 508, 32, 60, 16502, 1466, 742, 12642, 508, 46, 60, 308, 709, 359, 1466, 281, 17132]]"
ménu sarapan kurang ngeunah . [O] [A] [S],kaahlianna ngeunah pisan . [O] [A] [S],[O] kurang ngeunah [A] ménu sarapan [S] negative,[O] ngeunah pisan [A] kaahlianna [S] positive,"[[508, 46, 60, 27265, 524, 308, 709, 359, 1466, 508, 32, 60, 31018, 8933, 28047, 5359, 508, 50, 60, 8225]]","[[508, 46, 60, 308, 709, 359, 1466, 281, 17132, 508, 32, 60, 16502, 1466, 742, 12642, 508, 50, 60, 6785]]"
ménu sarapan kurang ngeunah . [O] [S] [A],kaahlianna ngeunah pisan . [O] [S] [A],[O] kurang ngeunah [S] negative [A] ménu sarapan,[O] ngeunah pisan [S] positive [A] kaahlianna,"[[508, 46, 60, 27265, 524, 308, 709, 359, 1466, 508, 50, 60, 8225, 508, 32, 60, 31018, 8933, 28047, 5359]]","[[508, 46, 60, 308, 709, 359, 1466, 281, 17132, 508, 50, 60, 6785, 508, 32, 60, 16502, 1466, 742, 12642]]"
kamar mandi heurin teuing . [A] [O] [S],angklungna lega pisan da . [A] [O] [S],[A] kamar mandi [O] heurin teuing [S] negative,[A] angklungna [O] lega pisan da [S] positive,"[[508, 32, 60, 595, 15554, 11576, 72, 508, 46, 60, 566, 324, 258, 1013, 7471, 508, 50, 60, 8225]]","[[508, 32, 60, 6454, 10561, 2185, 3376, 508, 46, 60, 2472, 64, 281, 17132, 2994, 508, 50, 60, 6785]]"
kamar mandi heurin teuing . [A] [S] [O],angklungna lega pisan da . [A] [S] [O],[A] kamar mandi [S] negative [O] heurin teuing,[A] angklungna [S] positive [O] lega pisan da,"[[508, 32, 60, 595, 15554, 11576, 72, 508, 50, 60, 8225, 508, 46, 60, 566, 324, 258, 1013, 7471]]","[[508, 32, 60, 6454, 10561, 2185, 3376, 508, 50, 60, 6785, 508, 46, 60, 2472, 64, 281, 17132, 2994]]"
kamar mandi heurin teuing . [S] [A] [O],angklungna lega pisan da . [S] [A] [O],[S] negative [A] kamar mandi [O] heurin teuing,[S] positive [A] angklungna [O] lega pisan da,"[[508, 50, 60, 8225, 508, 32, 60, 595, 15554, 11576, 72, 508, 46, 60, 566, 324, 258, 1013, 7471]]","[[508, 50, 60, 6785, 508, 32, 60, 6454, 10561, 2185, 3376, 508, 46, 60, 2472, 64, 281, 17132, 2994]]"
kamar mandi heurin teuing . [O] [A] [S],angklungna lega pisan da . [O] [A] [S],[O] heurin teuing [A] kamar mandi [S] negative,[O] lega pisan da [A] angklungna [S] positive,"[[508, 46, 60, 566, 324, 258, 1013, 7471, 508, 32, 60, 595, 15554, 11576, 72, 508, 50, 60, 8225]]","[[508, 46, 60, 2472, 64, 281, 17132, 2994, 508, 32, 60, 6454, 10561, 2185, 3376, 508, 50, 60, 6785]]"
kamar mandi heurin teuing . [O] [S] [A],angklungna lega pisan da . [O] [S] [A],[O] heurin teuing [S] negative [A] kamar mandi,[O] lega pisan da [S] positive [A] angklungna,"[[508, 46, 60, 566, 324, 258, 1013, 7471, 508, 50, 60, 8225, 508, 32, 60, 595, 15554, 11576, 72]]","[[508, 46, 60, 2472, 64, 281, 17132, 2994, 508, 50, 60, 6785, 508, 32, 60, 6454, 10561, 2185, 3376]]"
parkiran lega . [A] [O] [S],buku butut . [A] [O] [S],[A] parkiran [O] lega [S] positive,[A] buku [O] butut [S] negative,"[[508, 32, 60, 6118, 54690, 508, 46, 60, 2472, 64, 508, 50, 60, 6785]]","[[508, 32, 60, 1031, 12133, 508, 46, 60, 714, 332, 508, 50, 60, 8225]]"
parkiran lega . [A] [S] [O],buku butut . [A] [S] [O],[A] parkiran [S] positive [O] lega,[A] buku [S] negative [O] butut,"[[508, 32, 60, 6118, 54690, 508, 50, 60, 6785, 508, 46, 60, 2472, 64]]","[[508, 32, 60, 1031, 12133, 508, 50, 60, 8225, 508, 46, 60, 714, 332]]"
parkiran lega . [S] [A] [O],buku butut . [S] [A] [O],[S] positive [A] parkiran [O] lega,[S] negative [A] buku [O] butut,"[[508, 50, 60, 6785, 508, 32, 60, 6118, 54690, 508, 46, 60, 2472, 64]]","[[508, 50, 60, 8225, 508, 32, 60, 1031, 12133, 508, 46, 60, 714, 332]]"
parkiran lega . [O] [A] [S],buku butut . [O] [A] [S],[O] lega [A] parkiran [S] positive,[O] butut [A] buku [S] negative,"[[508, 46, 60, 2472, 64, 508, 32, 60, 6118, 54690, 508, 50, 60, 6785]]","[[508, 46, 60, 714, 332, 508, 32, 60, 1031, 12133, 508, 50, 60, 8225]]"
parkiran lega . [O] [S] [A],buku butut . [O] [S] [A],[O] lega [S] positive [A] parkiran,[O] butut [S] negative [A] buku,"[[508, 46, 60, 2472, 64, 508, 50, 60, 6785, 508, 32, 60, 6118, 54690]]","[[508, 46, 60, 714, 332, 508, 50, 60, 8225, 508, 32, 60, 1031, 12133]]"
ménu sarapanna ngeunah . [A] [O] [S],kawani urang asin teuing . [A] [O] [S],[A] ménu sarapanna [O] ngeunah [S] positive,[A] kawani urang [O] asin teuing [S] negative,"[[508, 32, 60, 31018, 8933, 28047, 391, 12642, 508, 46, 60, 308, 709, 359, 1466, 508, 50, 60, 6785]]","[[508, 32, 60, 595, 672, 5559, 4335, 524, 508, 46, 60, 438, 258, 1013, 7471, 508, 50, 60, 8225]]"
ménu sarapanna ngeunah . [A] [S] [O],kawani urang asin teuing . [A] [S] [O],[A] ménu sarapanna [S] positive [O] ngeunah,[A] kawani urang [S] negative [O] asin teuing,"[[508, 32, 60, 31018, 8933, 28047, 391, 12642, 508, 50, 60, 6785, 508, 46, 60, 308, 709, 359, 1466]]","[[508, 32, 60, 595, 672, 5559, 4335, 524, 508, 50, 60, 8225, 508, 46, 60, 438, 258, 1013, 7471]]"
ménu sarapanna ngeunah . [S] [A] [O],kawani urang asin teuing . [S] [A] [O],[S] positive [A] ménu sarapanna [O] ngeunah,[S] negative [A] kawani urang [O] asin teuing,"[[508, 50, 60, 6785, 508, 32, 60, 31018, 8933, 28047, 391, 12642, 508, 46, 60, 308, 709, 359, 1466]]","[[508, 50, 60, 8225, 508, 32, 60, 595, 672, 5559, 4335, 524, 508, 46, 60, 438, 258, 1013, 7471]]"
ménu sarapanna ngeunah . [O] [A] [S],kawani urang asin teuing . [O] [A] [S],[O] ngeunah [A] ménu sarapanna [S] positive,[O] asin teuing [A] kawani urang [S] negative,"[[508, 46, 60, 308, 709, 359, 1466, 508, 32, 60, 31018, 8933, 28047, 391, 12642, 508, 50, 60, 6785]]","[[508, 46, 60, 438, 258, 1013, 7471, 508, 32, 60, 595, 672, 5559, 4335, 524, 508, 50, 60, 8225]]"
ménu sarapanna ngeunah . [O] [S] [A],kawani urang asin teuing . [O] [S] [A],[O] ngeunah [S] positive [A] ménu sarapanna,[O] asin teuing [S] negative [A] kawani urang,"[[508, 46, 60, 308, 709, 359, 1466, 508, 50, 60, 6785, 508, 32, 60, 31018, 8933, 28047, 391, 12642]]","[[508, 46, 60, 438, 258, 1013, 7471, 508, 50, 60, 8225, 508, 32, 60, 595, 672, 5559, 4335, 524]]"
ac di kamar nomer 10 téh teu tiis . [A] [O] [S],tas di kamar nomer 10 téh alus pisan . [A] [O] [S],[A] ac [O] teu tiis [S] negative,[A] tas [O] alus pisan [S] positive,"[[508, 32, 60, 1613, 508, 46, 60, 1013, 84, 8988, 285, 508, 50, 60, 8225]]","[[508, 32, 60, 51214, 508, 46, 60, 452, 355, 281, 17132, 508, 50, 60, 6785]]"
ac di kamar nomer 10 téh teu tiis . [A] [S] [O],tas di kamar nomer 10 téh alus pisan . [A] [S] [O],[A] ac [S] negative [O] teu tiis,[A] tas [S] positive [O] alus pisan,"[[508, 32, 60, 1613, 508, 50, 60, 8225, 508, 46, 60, 1013, 84, 8988, 285]]","[[508, 32, 60, 51214, 508, 50, 60, 6785, 508, 46, 60, 452, 355, 281, 17132]]"
ac di kamar nomer 10 téh teu tiis . [S] [A] [O],tas di kamar nomer 10 téh alus pisan . [S] [A] [O],[S] negative [A] ac [O] teu tiis,[S] positive [A] tas [O] alus pisan,"[[508, 50, 60, 8225, 508, 32, 60, 1613, 508, 46, 60, 1013, 84, 8988, 285]]","[[508, 50, 60, 6785, 508, 32, 60, 51214, 508, 46, 60, 452, 355, 281, 17132]]"
ac di kamar nomer 10 téh teu tiis . [O] [A] [S],tas di kamar nomer 10 téh alus pisan . [O] [A] [S],[O] teu tiis [A] ac [S] negative,[O] alus pisan [A] tas [S] positive,"[[508, 46, 60, 1013, 84, 8988, 285, 508, 32, 60, 1613, 508, 50, 60, 8225]]","[[508, 46, 60, 452, 355, 281, 17132, 508, 32, 60, 51214, 508, 50, 60, 6785]]"
ac di kamar nomer 10 téh teu tiis . [O] [S] [A],tas di kamar nomer 10 téh alus pisan . [O] [S] [A],[O] teu tiis [S] negative [A] ac,[O] alus pisan [S] positive [A] tas,"[[508, 46, 60, 1013, 84, 8988, 285, 508, 50, 60, 8225, 508, 32, 60, 1613]]","[[508, 46, 60, 452, 355, 281, 17132, 508, 50, 60, 6785, 508, 32, 60, 51214]]"
cai panasna teu stabil . [A] [O] [S],cai herangna beresih . [A] [O] [S],[A] cai panasna [O] teu stabil [S] negative,[A] cai herangna [O] beresih [S] positive,"[[508, 32, 60, 272, 2143, 7215, 300, 3376, 508, 46, 60, 1013, 84, 26184, 508, 50, 60, 8225]]","[[508, 32, 60, 272, 2143, 1059, 524, 3376, 508, 46, 60, 10207, 288, 6996, 508, 50, 60, 6785]]"
cai panasna teu stabil . [A] [S] [O],cai herangna beresih . [A] [S] [O],[A] cai panasna [S] negative [O] teu stabil,[A] cai herangna [S] positive [O] beresih,"[[508, 32, 60, 272, 2143, 7215, 300, 3376, 508, 50, 60, 8225, 508, 46, 60, 1013, 84, 26184]]","[[508, 32, 60, 272, 2143, 1059, 524, 3376, 508, 50, 60, 6785, 508, 46, 60, 10207, 288, 6996]]"
cai panasna teu stabil . [S] [A] [O],cai herangna beresih . [S] [A] [O],[S] negative [A] cai panasna [O] teu stabil,[S] positive [A] cai herangna [O] beresih,"[[508, 50, 60, 8225, 508, 32, 60, 272, 2143, 7215, 300, 3376, 508, 46, 60, 1013, 84, 26184]]","[[508, 50, 60, 6785, 508, 32, 60, 272, 2143, 1059, 524, 3376, 508, 46, 60, 10207, 288, 6996]]"
cai panasna teu stabil . [O] [A] [S],cai herangna beresih . [O] [A] [S],[O] teu stabil [A] cai panasna [S] negative,[O] beresih [A] cai herangna [S] positive,"[[508, 46, 60, 1013, 84, 26184, 508, 32, 60, 272, 2143, 7215, 300, 3376, 508, 50, 60, 8225]]","[[508, 46, 60, 10207, 288, 6996, 508, 32, 60, 272, 2143, 1059, 524, 3376, 508, 50, 60, 6785]]"
cai panasna teu stabil . [O] [S] [A],cai herangna beresih . [O] [S] [A],[O] teu stabil [S] negative [A] cai panasna,[O] beresih [S] positive [A] cai herangna,"[[508, 46, 60, 1013, 84, 26184, 508, 50, 60, 8225, 508, 32, 60, 272, 2143, 7215, 300, 3376]]","[[508, 46, 60, 10207, 288, 6996, 508, 50, 60, 6785, 508, 32, 60, 272, 2143, 1059, 524, 3376]]"
tempatna di tengah kota jeung tiiseun pisan . [A] [O] [S],pagawena di tengah kota jeung garalak pisan . [A] [O] [S],[A] tempatna [O] tiiseun pisan [S] positive,[A] pagawena [O] garalak pisan [S] negative,"[[508, 32, 60, 2730, 266, 3376, 508, 46, 60, 8988, 1064, 359, 281, 17132, 508, 50, 60, 6785]]","[[508, 32, 60, 14774, 672, 7157, 508, 46, 60, 7364, 278, 585, 281, 17132, 508, 50, 60, 8225]]"
tempatna di tengah kota jeung tiiseun pisan . [A] [S] [O],pagawena di tengah kota jeung garalak pisan . [A] [S] [O],[A] tempatna [S] positive [O] tiiseun pisan,[A] pagawena [S] negative [O] garalak pisan,"[[508, 32, 60, 2730, 266, 3376, 508, 50, 60, 6785, 508, 46, 60, 8988, 1064, 359, 281, 17132]]","[[508, 32, 60, 14774, 672, 7157, 508, 50, 60, 8225, 508, 46, 60, 7364, 278, 585, 281, 17132]]"
tempatna di tengah kota jeung tiiseun pisan . [S] [A] [O],pagawena di tengah kota jeung garalak pisan . [S] [A] [O],[S] positive [A] tempatna [O] tiiseun pisan,[S] negative [A] pagawena [O] garalak pisan,"[[508, 50, 60, 6785, 508, 32, 60, 2730, 266, 3376, 508, 46, 60, 8988, 1064, 359, 281, 17132]]","[[508, 50, 60, 8225, 508, 32, 60, 14774, 672, 7157, 508, 46, 60, 7364, 278, 585, 281, 17132]]"
tempatna di tengah kota jeung tiiseun pisan . [O] [A] [S],pagawena di tengah kota jeung garalak pisan . [O] [A] [S],[O] tiiseun pisan [A] tempatna [S] positive,[O] garalak pisan [A] pagawena [S] negative,"[[508, 46, 60, 8988, 1064, 359, 281, 17132, 508, 32, 60, 2730, 266, 3376, 508, 50, 60, 6785]]","[[508, 46, 60, 7364, 278, 585, 281, 17132, 508, 32, 60, 14774, 672, 7157, 508, 50, 60, 8225]]"
tempatna di tengah kota jeung tiiseun pisan . [O] [S] [A],pagawena di tengah kota jeung garalak pisan . [O] [S] [A],[O] tiiseun pisan [S] positive [A] tempatna,[O] garalak pisan [S] negative [A] pagawena,"[[508, 46, 60, 8988, 1064, 359, 281, 17132, 508, 50, 60, 6785, 508, 32, 60, 2730, 266, 3376]]","[[508, 46, 60, 7364, 278, 585, 281, 17132, 508, 50, 60, 8225, 508, 32, 60, 14774, 672, 7157]]"
euweuh tisu . [A] [O] [S],saraé cetna . [A] [O] [S],[A] tisu [O] euweuh [S] negative,[A] cetna [O] saraé [S] positive,"[[508, 32, 60, 259, 62748, 508, 46, 60, 15555, 896, 12540, 508, 50, 60, 8225]]","[[508, 32, 60, 40967, 3376, 508, 46, 60, 274, 5059, 963, 508, 50, 60, 6785]]"
euweuh tisu . [A] [S] [O],saraé cetna . [A] [S] [O],[A] tisu [S] negative [O] euweuh,[A] cetna [S] positive [O] saraé,"[[508, 32, 60, 259, 62748, 508, 50, 60, 8225, 508, 46, 60, 15555, 896, 12540]]","[[508, 32, 60, 40967, 3376, 508, 50, 60, 6785, 508, 46, 60, 274, 5059, 963]]"
euweuh tisu . [S] [A] [O],saraé cetna . [S] [A] [O],[S] negative [A] tisu [O] euweuh,[S] positive [A] cetna [O] saraé,"[[508, 50, 60, 8225, 508, 32, 60, 259, 62748, 508, 46, 60, 15555, 896, 12540]]","[[508, 50, 60, 6785, 508, 32, 60, 40967, 3376, 508, 46, 60, 274, 5059, 963]]"
euweuh tisu . [O] [A] [S],saraé cetna . [O] [A] [S],[O] euweuh [A] tisu [S] negative,[O] saraé [A] cetna [S] positive,"[[508, 46, 60, 15555, 896, 12540, 508, 32, 60, 259, 62748, 508, 50, 60, 8225]]","[[508, 46, 60, 274, 5059, 963, 508, 32, 60, 40967, 3376, 508, 50, 60, 6785]]"
euweuh tisu . [O] [S] [A],saraé cetna . [O] [S] [A],[O] euweuh [S] negative [A] tisu,[O] saraé [S] positive [A] cetna,"[[508, 46, 60, 15555, 896, 12540, 508, 50, 60, 8225, 508, 32, 60, 259, 62748]]","[[508, 46, 60, 274, 5059, 963, 508, 50, 60, 6785, 508, 32, 60, 40967, 3376]]"
sarapanna kurang ngeunah . [A] [O] [S],lajuna raos pisan euy . [A] [O] [S],[A] sarapanna [O] kurang ngeunah [S] negative,[A] lajuna [O] raos pisan euy [S] positive,"[[508, 32, 60, 28047, 391, 12642, 508, 46, 60, 27265, 524, 308, 709, 359, 1466, 508, 50, 60, 8225]]","[[508, 32, 60, 1187, 73, 8565, 508, 46, 60, 15122, 436, 281, 17132, 384, 4076, 508, 50, 60, 6785]]"
sarapanna kurang ngeunah . [A] [S] [O],lajuna raos pisan euy . [A] [S] [O],[A] sarapanna [S] negative [O] kurang ngeunah,[A] lajuna [S] positive [O] raos pisan euy,"[[508, 32, 60, 28047, 391, 12642, 508, 50, 60, 8225, 508, 46, 60, 27265, 524, 308, 709, 359, 1466]]","[[508, 32, 60, 1187, 73, 8565, 508, 50, 60, 6785, 508, 46, 60, 15122, 436, 281, 17132, 384, 4076]]"
sarapanna kurang ngeunah . [S] [A] [O],lajuna raos pisan euy . [S] [A] [O],[S] negative [A] sarapanna [O] kurang ngeunah,[S] positive [A] lajuna [O] raos pisan euy,"[[508, 50, 60, 8225, 508, 32, 60, 28047, 391, 12642, 508, 46, 60, 27265, 524, 308, 709, 359, 1466]]","[[508, 50, 60, 6785, 508, 32, 60, 1187, 73, 8565, 508, 46, 60, 15122, 436, 281, 17132, 384, 4076]]"
sarapanna kurang ngeunah . [O] [A] [S],lajuna raos pisan euy . [O] [A] [S],[O] kurang ngeunah [A] sarapanna [S] negative,[O] raos pisan euy [A] lajuna [S] positive,"[[508, 46, 60, 27265, 524, 308, 709, 359, 1466, 508, 32, 60, 28047, 391, 12642, 508, 50, 60, 8225]]","[[508, 46, 60, 15122, 436, 281, 17132, 384, 4076, 508, 32, 60, 1187, 73, 8565, 508, 50, 60, 6785]]"
sarapanna kurang ngeunah . [O] [S] [A],lajuna raos pisan euy . [O] [S] [A],[O] kurang ngeunah [S] negative [A] sarapanna,[O] raos pisan euy [S] positive [A] lajuna,"[[508, 46, 60, 27265, 524, 308, 709, 359, 1466, 508, 50, 60, 8225, 508, 32, 60, 28047, 391, 12642]]","[[508, 46, 60, 15122, 436, 281, 17132, 384, 4076, 508, 50, 60, 6785, 508, 32, 60, 1187, 73, 8565]]"
ac-na panas . [A] [O] [S],hawa seger . [A] [O] [S],[A] ac-na [O] panas [S] negative,[A] hawa [O] seger [S] positive,"[[508, 32, 60, 1613, 93082, 508, 46, 60, 7215, 300, 508, 50, 60, 8225]]","[[508, 32, 60, 305, 14077, 508, 46, 60, 511, 1389, 508, 50, 60, 6785]]"
ac-na panas . [A] [S] [O],hawa seger . [A] [S] [O],[A] ac-na [S] negative [O] panas,[A] hawa [S] positive [O] seger,"[[508, 32, 60, 1613, 93082, 508, 50, 60, 8225, 508, 46, 60, 7215, 300]]","[[508, 32, 60, 305, 14077, 508, 50, 60, 6785, 508, 46, 60, 511, 1389]]"
ac-na panas . [S] [A] [O],hawa seger . [S] [A] [O],[S] negative [A] ac-na [O] panas,[S] positive [A] hawa [O] seger,"[[508, 50, 60, 8225, 508, 32, 60, 1613, 93082, 508, 46, 60, 7215, 300]]","[[508, 50, 60, 6785, 508, 32, 60, 305, 14077, 508, 46, 60, 511, 1389]]"
ac-na panas . [O] [A] [S],hawa seger . [O] [A] [S],[O] panas [A] ac-na [S] negative,[O] seger [A] hawa [S] positive,"[[508, 46, 60, 7215, 300, 508, 32, 60, 1613, 93082, 508, 50, 60, 8225]]","[[508, 46, 60, 511, 1389, 508, 32, 60, 305, 14077, 508, 50, 60, 6785]]"
ac-na panas . [O] [S] [A],hawa seger . [O] [S] [A],[O] panas [S] negative [A] ac-na,[O] seger [S] positive [A] hawa,"[[508, 46, 60, 7215, 300, 508, 50, 60, 8225, 508, 32, 60, 1613, 93082]]","[[508, 46, 60, 511, 1389, 508, 50, 60, 6785, 508, 32, 60, 305, 14077]]"
"résepsionisna teu ramah pisan . jadwalna asup jam 2 beurang , tapi cenah kakara bisa asup jam 3 soré . [A] [O] [S]","tukang parkirna meuni ramah pisan . jadwalna asup jam 2 beurang , tapi cenah kakara bisa asup jam 3 soré . [A] [O] [S]",[A] résepsionisna [O] teu ramah pisan [S] negative,[A] tukang parkirna [O] meuni ramah pisan [S] positive,"[[508, 32, 60, 9333, 325, 1690, 290, 285, 3376, 508, 46, 60, 1013, 84, 17823, 1466, 281, 17132, 508, 50, 60, 8225]]","[[508, 32, 60, 259, 3101, 524, 6118, 404, 3376, 508, 46, 60, 752, 15705, 17823, 1466, 281, 17132, 508, 50, 60, 6785]]"
"résepsionisna teu ramah pisan . jadwalna asup jam 2 beurang , tapi cenah kakara bisa asup jam 3 soré . [A] [S] [O]","tukang parkirna meuni ramah pisan . jadwalna asup jam 2 beurang , tapi cenah kakara bisa asup jam 3 soré . [A] [S] [O]",[A] résepsionisna [S] negative [O] teu ramah pisan,[A] tukang parkirna [S] positive [O] meuni ramah pisan,"[[508, 32, 60, 9333, 325, 1690, 290, 285, 3376, 508, 50, 60, 8225, 508, 46, 60, 1013, 84, 17823, 1466, 281, 17132]]","[[508, 32, 60, 259, 3101, 524, 6118, 404, 3376, 508, 50, 60, 6785, 508, 46, 60, 752, 15705, 17823, 1466, 281, 17132]]"
"résepsionisna teu ramah pisan . jadwalna asup jam 2 beurang , tapi cenah kakara bisa asup jam 3 soré . [S] [A] [O]","tukang parkirna meuni ramah pisan . jadwalna asup jam 2 beurang , tapi cenah kakara bisa asup jam 3 soré . [S] [A] [O]",[S] negative [A] résepsionisna [O] teu ramah pisan,[S] positive [A] tukang parkirna [O] meuni ramah pisan,"[[508, 50, 60, 8225, 508, 32, 60, 9333, 325, 1690, 290, 285, 3376, 508, 46, 60, 1013, 84, 17823, 1466, 281, 17132]]","[[508, 50, 60, 6785, 508, 32, 60, 259, 3101, 524, 6118, 404, 3376, 508, 46, 60, 752, 15705, 17823, 1466, 281, 17132]]"
"résepsionisna teu ramah pisan . jadwalna asup jam 2 beurang , tapi cenah kakara bisa asup jam 3 soré . [O] [A] [S]","tukang parkirna meuni ramah pisan . jadwalna asup jam 2 beurang , tapi cenah kakara bisa asup jam 3 soré . [O] [A] [S]",[O] teu ramah pisan [A] résepsionisna [S] negative,[O] meuni ramah pisan [A] tukang parkirna [S] positive,"[[508, 46, 60, 1013, 84, 17823, 1466, 281, 17132, 508, 32, 60, 9333, 325, 1690, 290, 285, 3376, 508, 50, 60, 8225]]","[[508, 46, 60, 752, 15705, 17823, 1466, 281, 17132, 508, 32, 60, 259, 3101, 524, 6118, 404, 3376, 508, 50, 60, 6785]]"
"résepsionisna teu ramah pisan . jadwalna asup jam 2 beurang , tapi cenah kakara bisa asup jam 3 soré . [O] [S] [A]","tukang parkirna meuni ramah pisan . jadwalna asup jam 2 beurang , tapi cenah kakara bisa asup jam 3 soré . [O] [S] [A]",[O] teu ramah pisan [S] negative [A] résepsionisna,[O] meuni ramah pisan [S] positive [A] tukang parkirna,"[[508, 46, 60, 1013, 84, 17823, 1466, 281, 17132, 508, 50, 60, 8225, 508, 32, 60, 9333, 325, 1690, 290, 285, 3376]]","[[508, 46, 60, 752, 15705, 17823, 1466, 281, 17132, 508, 50, 60, 6785, 508, 32, 60, 259, 3101, 524, 6118, 404, 3376]]"
wifi kurang gancang . [A] [O] [S],ac gancang pisan . [A] [O] [S],[A] wifi [O] kurang gancang [S] negative,[A] ac [O] gancang pisan [S] positive,"[[508, 32, 60, 33417, 508, 46, 60, 27265, 524, 342, 1129, 524, 508, 50, 60, 8225]]","[[508, 32, 60, 1613, 508, 46, 60, 342, 1129, 524, 281, 17132, 508, 50, 60, 6785]]"
wifi kurang gancang . [A] [S] [O],ac gancang pisan . [A] [S] [O],[A] wifi [S] negative [O] kurang gancang,[A] ac [S] positive [O] gancang pisan,"[[508, 32, 60, 33417, 508, 50, 60, 8225, 508, 46, 60, 27265, 524, 342, 1129, 524]]","[[508, 32, 60, 1613, 508, 50, 60, 6785, 508, 46, 60, 342, 1129, 524, 281, 17132]]"
wifi kurang gancang . [S] [A] [O],ac gancang pisan . [S] [A] [O],[S] negative [A] wifi [O] kurang gancang,[S] positive [A] ac [O] gancang pisan,"[[508, 50, 60, 8225, 508, 32, 60, 33417, 508, 46, 60, 27265, 524, 342, 1129, 524]]","[[508, 50, 60, 6785, 508, 32, 60, 1613, 508, 46, 60, 342, 1129, 524, 281, 17132]]"
wifi kurang gancang . [O] [A] [S],ac gancang pisan . [O] [A] [S],[O] kurang gancang [A] wifi [S] negative,[O] gancang pisan [A] ac [S] positive,"[[508, 46, 60, 27265, 524, 342, 1129, 524, 508, 32, 60, 33417, 508, 50, 60, 8225]]","[[508, 46, 60, 342, 1129, 524, 281, 17132, 508, 32, 60, 1613, 508, 50, 60, 6785]]"
wifi kurang gancang . [O] [S] [A],ac gancang pisan . [O] [S] [A],[O] kurang gancang [S] negative [A] wifi,[O] gancang pisan [S] positive [A] ac,"[[508, 46, 60, 27265, 524, 342, 1129, 524, 508, 50, 60, 8225, 508, 32, 60, 33417]]","[[508, 46, 60, 342, 1129, 524, 281, 17132, 508, 50, 60, 6785, 508, 32, 60, 1613]]"
