order,original_sentence,original_triplet,original_label_variant,counterfact4_replaced,counterfact_triplet4_replaced,counterfact_label_variant,is_match
AOS,the service is quite good .,"[('service', 'quite good', 'positive')]",[A] service [O] quite good [S] positive,the food is quite bad .,"[('food', 'quite bad', 'negative')]",[A] food [O] quite bad [S] negative,True
ASO,the service is quite good .,"[('service', 'quite good', 'positive')]",[A] service [S] positive [O] quite good,the food is quite bad .,"[('food', 'quite bad', 'negative')]",[A] food [S] negative [O] quite bad,True
SAO,the service is quite good .,"[('service', 'quite good', 'positive')]",[S] positive [A] service [O] quite good,the food is quite bad .,"[('food', 'quite bad', 'negative')]",[S] negative [A] food [O] quite bad,True
OAS,the service is quite good .,"[('service', 'quite good', 'positive')]",[O] quite good [A] service [S] positive,the food is quite bad .,"[('food', 'quite bad', 'negative')]",[O] quite bad [A] food [S] negative,True
OSA,the service is quite good .,"[('service', 'quite good', 'positive')]",[O] quite good [S] positive [A] service,the food is quite bad .,"[('food', 'quite bad', 'negative')]",[O] quite bad [S] negative [A] food,True
AOS,"the atmosphere is not comfortable . to stay , you have to deposit 300 , 000 , but it can be replaced with a ktp ( identity card ) .","[('atmosphere', 'not comfortable', 'negative')]",[A] atmosphere [O] not comfortable [S] negative,"the room is very cozy . to stay , you have to deposit 300 , 000 , but it can be replaced with a ktp ( identity card ) .","[('room', 'very cozy', 'positive')]",[A] room [O] very cozy [S] positive,True
ASO,"the atmosphere is not comfortable . to stay , you have to deposit 300 , 000 , but it can be replaced with a ktp ( identity card ) .","[('atmosphere', 'not comfortable', 'negative')]",[A] atmosphere [S] negative [O] not comfortable,"the room is very cozy . to stay , you have to deposit 300 , 000 , but it can be replaced with a ktp ( identity card ) .","[('room', 'very cozy', 'positive')]",[A] room [S] positive [O] very cozy,True
SAO,"the atmosphere is not comfortable . to stay , you have to deposit 300 , 000 , but it can be replaced with a ktp ( identity card ) .","[('atmosphere', 'not comfortable', 'negative')]",[S] negative [A] atmosphere [O] not comfortable,"the room is very cozy . to stay , you have to deposit 300 , 000 , but it can be replaced with a ktp ( identity card ) .","[('room', 'very cozy', 'positive')]",[S] positive [A] room [O] very cozy,True
OAS,"the atmosphere is not comfortable . to stay , you have to deposit 300 , 000 , but it can be replaced with a ktp ( identity card ) .","[('atmosphere', 'not comfortable', 'negative')]",[O] not comfortable [A] atmosphere [S] negative,"the room is very cozy . to stay , you have to deposit 300 , 000 , but it can be replaced with a ktp ( identity card ) .","[('room', 'very cozy', 'positive')]",[O] very cozy [A] room [S] positive,True
OSA,"the atmosphere is not comfortable . to stay , you have to deposit 300 , 000 , but it can be replaced with a ktp ( identity card ) .","[('atmosphere', 'not comfortable', 'negative')]",[O] not comfortable [S] negative [A] atmosphere,"the room is very cozy . to stay , you have to deposit 300 , 000 , but it can be replaced with a ktp ( identity card ) .","[('room', 'very cozy', 'positive')]",[O] very cozy [S] positive [A] room,True
AOS,the food was unsatisfactory .,"[('food', 'unsatisfactory', 'negative')]",[A] food [O] unsatisfactory [S] negative,the room was nice and cool .,"[('room', 'nice and cool', 'positive')]",[A] room [O] nice and cool [S] positive,True
ASO,the food was unsatisfactory .,"[('food', 'unsatisfactory', 'negative')]",[A] food [S] negative [O] unsatisfactory,the room was nice and cool .,"[('room', 'nice and cool', 'positive')]",[A] room [S] positive [O] nice and cool,True
SAO,the food was unsatisfactory .,"[('food', 'unsatisfactory', 'negative')]",[S] negative [A] food [O] unsatisfactory,the room was nice and cool .,"[('room', 'nice and cool', 'positive')]",[S] positive [A] room [O] nice and cool,True
OAS,the food was unsatisfactory .,"[('food', 'unsatisfactory', 'negative')]",[O] unsatisfactory [A] food [S] negative,the room was nice and cool .,"[('room', 'nice and cool', 'positive')]",[O] nice and cool [A] room [S] positive,True
OSA,the food was unsatisfactory .,"[('food', 'unsatisfactory', 'negative')]",[O] unsatisfactory [S] negative [A] food,the room was nice and cool .,"[('room', 'nice and cool', 'positive')]",[O] nice and cool [S] positive [A] room,True
AOS,the place is comfortable for resting .,"[('place', 'comfortable', 'positive')]",[A] place [O] comfortable [S] positive,the room is troubled for resting .,"[('room', 'troubled', 'negative')]",[A] room [O] troubled [S] negative,True
ASO,the place is comfortable for resting .,"[('place', 'comfortable', 'positive')]",[A] place [S] positive [O] comfortable,the room is troubled for resting .,"[('room', 'troubled', 'negative')]",[A] room [S] negative [O] troubled,True
SAO,the place is comfortable for resting .,"[('place', 'comfortable', 'positive')]",[S] positive [A] place [O] comfortable,the room is troubled for resting .,"[('room', 'troubled', 'negative')]",[S] negative [A] room [O] troubled,True
OAS,the place is comfortable for resting .,"[('place', 'comfortable', 'positive')]",[O] comfortable [A] place [S] positive,the room is troubled for resting .,"[('room', 'troubled', 'negative')]",[O] troubled [A] room [S] negative,True
OSA,the place is comfortable for resting .,"[('place', 'comfortable', 'positive')]",[O] comfortable [S] positive [A] place,the room is troubled for resting .,"[('room', 'troubled', 'negative')]",[O] troubled [S] negative [A] room,True
AOS,the room is clean .,"[('room', 'clean', 'positive')]",[A] room [O] clean [S] positive,the floor is dirty .,"[('floor', 'dirty', 'negative')]",[A] floor [O] dirty [S] negative,True
ASO,the room is clean .,"[('room', 'clean', 'positive')]",[A] room [S] positive [O] clean,the floor is dirty .,"[('floor', 'dirty', 'negative')]",[A] floor [S] negative [O] dirty,True
SAO,the room is clean .,"[('room', 'clean', 'positive')]",[S] positive [A] room [O] clean,the floor is dirty .,"[('floor', 'dirty', 'negative')]",[S] negative [A] floor [O] dirty,True
OAS,the room is clean .,"[('room', 'clean', 'positive')]",[O] clean [A] room [S] positive,the floor is dirty .,"[('floor', 'dirty', 'negative')]",[O] dirty [A] floor [S] negative,True
OSA,the room is clean .,"[('room', 'clean', 'positive')]",[O] clean [S] positive [A] room,the floor is dirty .,"[('floor', 'dirty', 'negative')]",[O] dirty [S] negative [A] floor,True
AOS,the price is affordable and it's close to the city center of bandung .,"[('price', 'affordable', 'positive')]",[A] price [O] affordable [S] positive,the cost is steep and it's close to the city center of bandung .,"[('cost', 'steep', 'negative')]",[A] cost [O] steep [S] negative,True
ASO,the price is affordable and it's close to the city center of bandung .,"[('price', 'affordable', 'positive')]",[A] price [S] positive [O] affordable,the cost is steep and it's close to the city center of bandung .,"[('cost', 'steep', 'negative')]",[A] cost [S] negative [O] steep,True
SAO,the price is affordable and it's close to the city center of bandung .,"[('price', 'affordable', 'positive')]",[S] positive [A] price [O] affordable,the cost is steep and it's close to the city center of bandung .,"[('cost', 'steep', 'negative')]",[S] negative [A] cost [O] steep,True
OAS,the price is affordable and it's close to the city center of bandung .,"[('price', 'affordable', 'positive')]",[O] affordable [A] price [S] positive,the cost is steep and it's close to the city center of bandung .,"[('cost', 'steep', 'negative')]",[O] steep [A] cost [S] negative,True
OSA,the price is affordable and it's close to the city center of bandung .,"[('price', 'affordable', 'positive')]",[O] affordable [S] positive [A] price,the cost is steep and it's close to the city center of bandung .,"[('cost', 'steep', 'negative')]",[O] steep [S] negative [A] cost,True
AOS,the room i got wasn't very clean .,"[('room', ""wasn't very clean"", 'negative')]",[A] room [O] wasn't very clean [S] negative,the book i got wasn't easily predictable .,"[('book', ""wasn't easily predictable"", 'positive')]",[A] book [O] wasn't easily predictable [S] positive,True
ASO,the room i got wasn't very clean .,"[('room', ""wasn't very clean"", 'negative')]",[A] room [S] negative [O] wasn't very clean,the book i got wasn't easily predictable .,"[('book', ""wasn't easily predictable"", 'positive')]",[A] book [S] positive [O] wasn't easily predictable,True
SAO,the room i got wasn't very clean .,"[('room', ""wasn't very clean"", 'negative')]",[S] negative [A] room [O] wasn't very clean,the book i got wasn't easily predictable .,"[('book', ""wasn't easily predictable"", 'positive')]",[S] positive [A] book [O] wasn't easily predictable,True
OAS,the room i got wasn't very clean .,"[('room', ""wasn't very clean"", 'negative')]",[O] wasn't very clean [A] room [S] negative,the book i got wasn't easily predictable .,"[('book', ""wasn't easily predictable"", 'positive')]",[O] wasn't easily predictable [A] book [S] positive,True
OSA,the room i got wasn't very clean .,"[('room', ""wasn't very clean"", 'negative')]",[O] wasn't very clean [S] negative [A] room,the book i got wasn't easily predictable .,"[('book', ""wasn't easily predictable"", 'positive')]",[O] wasn't easily predictable [S] positive [A] book,True
AOS,the hotel is less comfortable .,"[('hotel', 'less comfortable', 'negative')]",[A] hotel [O] less comfortable [S] negative,the room is very warm .,"[('room', 'very warm', 'positive')]",[A] room [O] very warm [S] positive,True
ASO,the hotel is less comfortable .,"[('hotel', 'less comfortable', 'negative')]",[A] hotel [S] negative [O] less comfortable,the room is very warm .,"[('room', 'very warm', 'positive')]",[A] room [S] positive [O] very warm,True
SAO,the hotel is less comfortable .,"[('hotel', 'less comfortable', 'negative')]",[S] negative [A] hotel [O] less comfortable,the room is very warm .,"[('room', 'very warm', 'positive')]",[S] positive [A] room [O] very warm,True
OAS,the hotel is less comfortable .,"[('hotel', 'less comfortable', 'negative')]",[O] less comfortable [A] hotel [S] negative,the room is very warm .,"[('room', 'very warm', 'positive')]",[O] very warm [A] room [S] positive,True
OSA,the hotel is less comfortable .,"[('hotel', 'less comfortable', 'negative')]",[O] less comfortable [S] negative [A] hotel,the room is very warm .,"[('room', 'very warm', 'positive')]",[O] very warm [S] positive [A] room,True
AOS,this place is okay .,"[('place', 'okay', 'positive')]",[A] place [O] okay [S] positive,this store is bad .,"[('store', 'bad', 'negative')]",[A] store [O] bad [S] negative,True
ASO,this place is okay .,"[('place', 'okay', 'positive')]",[A] place [S] positive [O] okay,this store is bad .,"[('store', 'bad', 'negative')]",[A] store [S] negative [O] bad,True
SAO,this place is okay .,"[('place', 'okay', 'positive')]",[S] positive [A] place [O] okay,this store is bad .,"[('store', 'bad', 'negative')]",[S] negative [A] store [O] bad,True
OAS,this place is okay .,"[('place', 'okay', 'positive')]",[O] okay [A] place [S] positive,this store is bad .,"[('store', 'bad', 'negative')]",[O] bad [A] store [S] negative,True
OSA,this place is okay .,"[('place', 'okay', 'positive')]",[O] okay [S] positive [A] place,this store is bad .,"[('store', 'bad', 'negative')]",[O] bad [S] negative [A] store,True
AOS,the service is okay .,"[('service', 'okay', 'positive')]",[A] service [O] okay [S] positive,the quality is bad .,"[('quality', 'bad', 'negative')]",[A] quality [O] bad [S] negative,True
ASO,the service is okay .,"[('service', 'okay', 'positive')]",[A] service [S] positive [O] okay,the quality is bad .,"[('quality', 'bad', 'negative')]",[A] quality [S] negative [O] bad,True
SAO,the service is okay .,"[('service', 'okay', 'positive')]",[S] positive [A] service [O] okay,the quality is bad .,"[('quality', 'bad', 'negative')]",[S] negative [A] quality [O] bad,True
OAS,the service is okay .,"[('service', 'okay', 'positive')]",[O] okay [A] service [S] positive,the quality is bad .,"[('quality', 'bad', 'negative')]",[O] bad [A] quality [S] negative,True
OSA,the service is okay .,"[('service', 'okay', 'positive')]",[O] okay [S] positive [A] service,the quality is bad .,"[('quality', 'bad', 'negative')]",[O] bad [S] negative [A] quality,True
AOS,the bathroom was flooded .,"[('bathroom', 'flooded', 'negative')]",[A] bathroom [O] flooded [S] negative,the kitchen was clean .,"[('kitchen', 'clean', 'positive')]",[A] kitchen [O] clean [S] positive,True
ASO,the bathroom was flooded .,"[('bathroom', 'flooded', 'negative')]",[A] bathroom [S] negative [O] flooded,the kitchen was clean .,"[('kitchen', 'clean', 'positive')]",[A] kitchen [S] positive [O] clean,True
SAO,the bathroom was flooded .,"[('bathroom', 'flooded', 'negative')]",[S] negative [A] bathroom [O] flooded,the kitchen was clean .,"[('kitchen', 'clean', 'positive')]",[S] positive [A] kitchen [O] clean,True
OAS,the bathroom was flooded .,"[('bathroom', 'flooded', 'negative')]",[O] flooded [A] bathroom [S] negative,the kitchen was clean .,"[('kitchen', 'clean', 'positive')]",[O] clean [A] kitchen [S] positive,True
OSA,the bathroom was flooded .,"[('bathroom', 'flooded', 'negative')]",[O] flooded [S] negative [A] bathroom,the kitchen was clean .,"[('kitchen', 'clean', 'positive')]",[O] clean [S] positive [A] kitchen,True
AOS,a luxurious hotel solution at a cheap price .,"[('price', 'cheap', 'positive')]",[A] price [O] cheap [S] positive,a luxurious hotel solution at a low service .,"[('service', 'low', 'negative')]",[A] service [O] low [S] negative,True
ASO,a luxurious hotel solution at a cheap price .,"[('price', 'cheap', 'positive')]",[A] price [S] positive [O] cheap,a luxurious hotel solution at a low service .,"[('service', 'low', 'negative')]",[A] service [S] negative [O] low,True
SAO,a luxurious hotel solution at a cheap price .,"[('price', 'cheap', 'positive')]",[S] positive [A] price [O] cheap,a luxurious hotel solution at a low service .,"[('service', 'low', 'negative')]",[S] negative [A] service [O] low,True
OAS,a luxurious hotel solution at a cheap price .,"[('price', 'cheap', 'positive')]",[O] cheap [A] price [S] positive,a luxurious hotel solution at a low service .,"[('service', 'low', 'negative')]",[O] low [A] service [S] negative,True
OSA,a luxurious hotel solution at a cheap price .,"[('price', 'cheap', 'positive')]",[O] cheap [S] positive [A] price,a luxurious hotel solution at a low service .,"[('service', 'low', 'negative')]",[O] low [S] negative [A] service,True
AOS,the place is comfortable .,"[('place', 'comfortable', 'positive')]",[A] place [O] comfortable [S] positive,the space is uncomfortable .,"[('space', 'uncomfortable', 'negative')]",[A] space [O] uncomfortable [S] negative,True
ASO,the place is comfortable .,"[('place', 'comfortable', 'positive')]",[A] place [S] positive [O] comfortable,the space is uncomfortable .,"[('space', 'uncomfortable', 'negative')]",[A] space [S] negative [O] uncomfortable,True
SAO,the place is comfortable .,"[('place', 'comfortable', 'positive')]",[S] positive [A] place [O] comfortable,the space is uncomfortable .,"[('space', 'uncomfortable', 'negative')]",[S] negative [A] space [O] uncomfortable,True
OAS,the place is comfortable .,"[('place', 'comfortable', 'positive')]",[O] comfortable [A] place [S] positive,the space is uncomfortable .,"[('space', 'uncomfortable', 'negative')]",[O] uncomfortable [A] space [S] negative,True
OSA,the place is comfortable .,"[('place', 'comfortable', 'positive')]",[O] comfortable [S] positive [A] place,the space is uncomfortable .,"[('space', 'uncomfortable', 'negative')]",[O] uncomfortable [S] negative [A] space,True
AOS,the room is nice .,"[('room', 'nice', 'positive')]",[A] room [O] nice [S] positive,the space is small .,"[('space', 'small', 'negative')]",[A] space [O] small [S] negative,True
ASO,the room is nice .,"[('room', 'nice', 'positive')]",[A] room [S] positive [O] nice,the space is small .,"[('space', 'small', 'negative')]",[A] space [S] negative [O] small,True
SAO,the room is nice .,"[('room', 'nice', 'positive')]",[S] positive [A] room [O] nice,the space is small .,"[('space', 'small', 'negative')]",[S] negative [A] space [O] small,True
OAS,the room is nice .,"[('room', 'nice', 'positive')]",[O] nice [A] room [S] positive,the space is small .,"[('space', 'small', 'negative')]",[O] small [A] space [S] negative,True
OSA,the room is nice .,"[('room', 'nice', 'positive')]",[O] nice [S] positive [A] room,the space is small .,"[('space', 'small', 'negative')]",[O] small [S] negative [A] space,True
AOS,a comfortable place to stay .,"[('place', 'comfortable', 'positive')]",[A] place [O] comfortable [S] positive,an unpleasant hotel to stay .,"[('hotel', 'unpleasant', 'negative')]",[A] hotel [O] unpleasant [S] negative,True
ASO,a comfortable place to stay .,"[('place', 'comfortable', 'positive')]",[A] place [S] positive [O] comfortable,an unpleasant hotel to stay .,"[('hotel', 'unpleasant', 'negative')]",[A] hotel [S] negative [O] unpleasant,True
SAO,a comfortable place to stay .,"[('place', 'comfortable', 'positive')]",[S] positive [A] place [O] comfortable,an unpleasant hotel to stay .,"[('hotel', 'unpleasant', 'negative')]",[S] negative [A] hotel [O] unpleasant,True
OAS,a comfortable place to stay .,"[('place', 'comfortable', 'positive')]",[O] comfortable [A] place [S] positive,an unpleasant hotel to stay .,"[('hotel', 'unpleasant', 'negative')]",[O] unpleasant [A] hotel [S] negative,True
OSA,a comfortable place to stay .,"[('place', 'comfortable', 'positive')]",[O] comfortable [S] positive [A] place,an unpleasant hotel to stay .,"[('hotel', 'unpleasant', 'negative')]",[O] unpleasant [S] negative [A] hotel,True
AOS,the bathroom is not clean enough .,"[('bathroom', 'not clean enough', 'negative')]",[A] bathroom [O] not clean enough [S] negative,the hallway is really very clean .,"[('hallway', 'really very clean', 'positive')]",[A] hallway [O] really very clean [S] positive,True
ASO,the bathroom is not clean enough .,"[('bathroom', 'not clean enough', 'negative')]",[A] bathroom [S] negative [O] not clean enough,the hallway is really very clean .,"[('hallway', 'really very clean', 'positive')]",[A] hallway [S] positive [O] really very clean,True
SAO,the bathroom is not clean enough .,"[('bathroom', 'not clean enough', 'negative')]",[S] negative [A] bathroom [O] not clean enough,the hallway is really very clean .,"[('hallway', 'really very clean', 'positive')]",[S] positive [A] hallway [O] really very clean,True
OAS,the bathroom is not clean enough .,"[('bathroom', 'not clean enough', 'negative')]",[O] not clean enough [A] bathroom [S] negative,the hallway is really very clean .,"[('hallway', 'really very clean', 'positive')]",[O] really very clean [A] hallway [S] positive,True
OSA,the bathroom is not clean enough .,"[('bathroom', 'not clean enough', 'negative')]",[O] not clean enough [S] negative [A] bathroom,the hallway is really very clean .,"[('hallway', 'really very clean', 'positive')]",[O] really very clean [S] positive [A] hallway,True
AOS,good service . thank you .,"[('service', 'good', 'positive')]",[A] service [O] good [S] positive,weak support . thank you .,"[('support', 'weak', 'negative')]",[A] support [O] weak [S] negative,True
ASO,good service . thank you .,"[('service', 'good', 'positive')]",[A] service [S] positive [O] good,weak support . thank you .,"[('support', 'weak', 'negative')]",[A] support [S] negative [O] weak,True
SAO,good service . thank you .,"[('service', 'good', 'positive')]",[S] positive [A] service [O] good,weak support . thank you .,"[('support', 'weak', 'negative')]",[S] negative [A] support [O] weak,True
OAS,good service . thank you .,"[('service', 'good', 'positive')]",[O] good [A] service [S] positive,weak support . thank you .,"[('support', 'weak', 'negative')]",[O] weak [A] support [S] negative,True
OSA,good service . thank you .,"[('service', 'good', 'positive')]",[O] good [S] positive [A] service,weak support . thank you .,"[('support', 'weak', 'negative')]",[O] weak [S] negative [A] support,True
AOS,the hotel is very comfortable .,"[('hotel', 'very comfortable', 'positive')]",[A] hotel [O] very comfortable [S] positive,the inn is very cramped .,"[('inn', 'very cramped', 'negative')]",[A] inn [O] very cramped [S] negative,True
ASO,the hotel is very comfortable .,"[('hotel', 'very comfortable', 'positive')]",[A] hotel [S] positive [O] very comfortable,the inn is very cramped .,"[('inn', 'very cramped', 'negative')]",[A] inn [S] negative [O] very cramped,True
SAO,the hotel is very comfortable .,"[('hotel', 'very comfortable', 'positive')]",[S] positive [A] hotel [O] very comfortable,the inn is very cramped .,"[('inn', 'very cramped', 'negative')]",[S] negative [A] inn [O] very cramped,True
OAS,the hotel is very comfortable .,"[('hotel', 'very comfortable', 'positive')]",[O] very comfortable [A] hotel [S] positive,the inn is very cramped .,"[('inn', 'very cramped', 'negative')]",[O] very cramped [A] inn [S] negative,True
OSA,the hotel is very comfortable .,"[('hotel', 'very comfortable', 'positive')]",[O] very comfortable [S] positive [A] hotel,the inn is very cramped .,"[('inn', 'very cramped', 'negative')]",[O] very cramped [S] negative [A] inn,True
AOS,"the location is strategic , near malang square , lots of places to eat .","[('location', 'strategic', 'positive')]",[A] location [O] strategic [S] positive,"the office is noisy , near malang square , lots of places to eat .","[('office', 'noisy', 'negative')]",[A] office [O] noisy [S] negative,True
ASO,"the location is strategic , near malang square , lots of places to eat .","[('location', 'strategic', 'positive')]",[A] location [S] positive [O] strategic,"the office is noisy , near malang square , lots of places to eat .","[('office', 'noisy', 'negative')]",[A] office [S] negative [O] noisy,True
SAO,"the location is strategic , near malang square , lots of places to eat .","[('location', 'strategic', 'positive')]",[S] positive [A] location [O] strategic,"the office is noisy , near malang square , lots of places to eat .","[('office', 'noisy', 'negative')]",[S] negative [A] office [O] noisy,True
OAS,"the location is strategic , near malang square , lots of places to eat .","[('location', 'strategic', 'positive')]",[O] strategic [A] location [S] positive,"the office is noisy , near malang square , lots of places to eat .","[('office', 'noisy', 'negative')]",[O] noisy [A] office [S] negative,True
OSA,"the location is strategic , near malang square , lots of places to eat .","[('location', 'strategic', 'positive')]",[O] strategic [S] positive [A] location,"the office is noisy , near malang square , lots of places to eat .","[('office', 'noisy', 'negative')]",[O] noisy [S] negative [A] office,True
AOS,the receptionist is friendly to the customers .,"[('receptionist', 'friendly', 'positive')]",[A] receptionist [O] friendly [S] positive,the security guy is rude to the customers .,"[('security guy', 'rude', 'negative')]",[A] security guy [O] rude [S] negative,True
ASO,the receptionist is friendly to the customers .,"[('receptionist', 'friendly', 'positive')]",[A] receptionist [S] positive [O] friendly,the security guy is rude to the customers .,"[('security guy', 'rude', 'negative')]",[A] security guy [S] negative [O] rude,True
SAO,the receptionist is friendly to the customers .,"[('receptionist', 'friendly', 'positive')]",[S] positive [A] receptionist [O] friendly,the security guy is rude to the customers .,"[('security guy', 'rude', 'negative')]",[S] negative [A] security guy [O] rude,True
OAS,the receptionist is friendly to the customers .,"[('receptionist', 'friendly', 'positive')]",[O] friendly [A] receptionist [S] positive,the security guy is rude to the customers .,"[('security guy', 'rude', 'negative')]",[O] rude [A] security guy [S] negative,True
OSA,the receptionist is friendly to the customers .,"[('receptionist', 'friendly', 'positive')]",[O] friendly [S] positive [A] receptionist,the security guy is rude to the customers .,"[('security guy', 'rude', 'negative')]",[O] rude [S] negative [A] security guy,True
AOS,"the place is nice , near the mosque , just a walk away if you want to pray . and for sure , the 7 satisfaction guarantees are fulfilled .","[('place', 'nice', 'positive')]",[A] place [O] nice [S] positive,"the location is isolated , near the mosque , just a walk away if you want to pray . and not sure , the 7 satisfaction guarantees are fulfilled .","[('location', 'isolated', 'negative')]",[A] location [O] isolated [S] negative,True
ASO,"the place is nice , near the mosque , just a walk away if you want to pray . and for sure , the 7 satisfaction guarantees are fulfilled .","[('place', 'nice', 'positive')]",[A] place [S] positive [O] nice,"the location is isolated , near the mosque , just a walk away if you want to pray . and not sure , the 7 satisfaction guarantees are fulfilled .","[('location', 'isolated', 'negative')]",[A] location [S] negative [O] isolated,True
SAO,"the place is nice , near the mosque , just a walk away if you want to pray . and for sure , the 7 satisfaction guarantees are fulfilled .","[('place', 'nice', 'positive')]",[S] positive [A] place [O] nice,"the location is isolated , near the mosque , just a walk away if you want to pray . and not sure , the 7 satisfaction guarantees are fulfilled .","[('location', 'isolated', 'negative')]",[S] negative [A] location [O] isolated,True
OAS,"the place is nice , near the mosque , just a walk away if you want to pray . and for sure , the 7 satisfaction guarantees are fulfilled .","[('place', 'nice', 'positive')]",[O] nice [A] place [S] positive,"the location is isolated , near the mosque , just a walk away if you want to pray . and not sure , the 7 satisfaction guarantees are fulfilled .","[('location', 'isolated', 'negative')]",[O] isolated [A] location [S] negative,True
OSA,"the place is nice , near the mosque , just a walk away if you want to pray . and for sure , the 7 satisfaction guarantees are fulfilled .","[('place', 'nice', 'positive')]",[O] nice [S] positive [A] place,"the location is isolated , near the mosque , just a walk away if you want to pray . and not sure , the 7 satisfaction guarantees are fulfilled .","[('location', 'isolated', 'negative')]",[O] isolated [S] negative [A] location,True
AOS,the room is dirty .,"[('room', 'dirty', 'negative')]",[A] room [O] dirty [S] negative,the hall is clean .,"[('hall', 'clean', 'positive')]",[A] hall [O] clean [S] positive,True
ASO,the room is dirty .,"[('room', 'dirty', 'negative')]",[A] room [S] negative [O] dirty,the hall is clean .,"[('hall', 'clean', 'positive')]",[A] hall [S] positive [O] clean,True
SAO,the room is dirty .,"[('room', 'dirty', 'negative')]",[S] negative [A] room [O] dirty,the hall is clean .,"[('hall', 'clean', 'positive')]",[S] positive [A] hall [O] clean,True
OAS,the room is dirty .,"[('room', 'dirty', 'negative')]",[O] dirty [A] room [S] negative,the hall is clean .,"[('hall', 'clean', 'positive')]",[O] clean [A] hall [S] positive,True
OSA,the room is dirty .,"[('room', 'dirty', 'negative')]",[O] dirty [S] negative [A] room,the hall is clean .,"[('hall', 'clean', 'positive')]",[O] clean [S] positive [A] hall,True
AOS,"good location , near mangga besar station .","[('location', 'good', 'positive')]",[A] location [O] good [S] positive,"dirty building , near mangga besar station .","[('building', 'dirty', 'negative')]",[A] building [O] dirty [S] negative,True
ASO,"good location , near mangga besar station .","[('location', 'good', 'positive')]",[A] location [S] positive [O] good,"dirty building , near mangga besar station .","[('building', 'dirty', 'negative')]",[A] building [S] negative [O] dirty,True
SAO,"good location , near mangga besar station .","[('location', 'good', 'positive')]",[S] positive [A] location [O] good,"dirty building , near mangga besar station .","[('building', 'dirty', 'negative')]",[S] negative [A] building [O] dirty,True
OAS,"good location , near mangga besar station .","[('location', 'good', 'positive')]",[O] good [A] location [S] positive,"dirty building , near mangga besar station .","[('building', 'dirty', 'negative')]",[O] dirty [A] building [S] negative,True
OSA,"good location , near mangga besar station .","[('location', 'good', 'positive')]",[O] good [S] positive [A] location,"dirty building , near mangga besar station .","[('building', 'dirty', 'negative')]",[O] dirty [S] negative [A] building,True
AOS,"a nice place for a stopover . close to the airport , you can order delivery .","[('place', 'nice', 'positive')]",[A] place [O] nice [S] positive,"a noisy house for a stopover . close to the airport , you can order delivery .","[('house', 'noisy', 'negative')]",[A] house [O] noisy [S] negative,True
ASO,"a nice place for a stopover . close to the airport , you can order delivery .","[('place', 'nice', 'positive')]",[A] place [S] positive [O] nice,"a noisy house for a stopover . close to the airport , you can order delivery .","[('house', 'noisy', 'negative')]",[A] house [S] negative [O] noisy,True
SAO,"a nice place for a stopover . close to the airport , you can order delivery .","[('place', 'nice', 'positive')]",[S] positive [A] place [O] nice,"a noisy house for a stopover . close to the airport , you can order delivery .","[('house', 'noisy', 'negative')]",[S] negative [A] house [O] noisy,True
OAS,"a nice place for a stopover . close to the airport , you can order delivery .","[('place', 'nice', 'positive')]",[O] nice [A] place [S] positive,"a noisy house for a stopover . close to the airport , you can order delivery .","[('house', 'noisy', 'negative')]",[O] noisy [A] house [S] negative,True
OSA,"a nice place for a stopover . close to the airport , you can order delivery .","[('place', 'nice', 'positive')]",[O] nice [S] positive [A] place,"a noisy house for a stopover . close to the airport , you can order delivery .","[('house', 'noisy', 'negative')]",[O] noisy [S] negative [A] house,True
AOS,good service for 24 hours .,"[('service', 'good', 'positive')]",[A] service [O] good [S] positive,fair help for 24 hours .,"[('help', 'fair', 'negative')]",[A] help [O] fair [S] negative,True
ASO,good service for 24 hours .,"[('service', 'good', 'positive')]",[A] service [S] positive [O] good,fair help for 24 hours .,"[('help', 'fair', 'negative')]",[A] help [S] negative [O] fair,True
SAO,good service for 24 hours .,"[('service', 'good', 'positive')]",[S] positive [A] service [O] good,fair help for 24 hours .,"[('help', 'fair', 'negative')]",[S] negative [A] help [O] fair,True
OAS,good service for 24 hours .,"[('service', 'good', 'positive')]",[O] good [A] service [S] positive,fair help for 24 hours .,"[('help', 'fair', 'negative')]",[O] fair [A] help [S] negative,True
OSA,good service for 24 hours .,"[('service', 'good', 'positive')]",[O] good [S] positive [A] service,fair help for 24 hours .,"[('help', 'fair', 'negative')]",[O] fair [S] negative [A] help,True
AOS,the mattress is hard : ( .,"[('mattress', 'hard', 'negative')]",[A] mattress [O] hard [S] negative,the ac is cool : ) .,"[('ac', 'cool', 'positive')]",[A] ac [O] cool [S] positive,True
ASO,the mattress is hard : ( .,"[('mattress', 'hard', 'negative')]",[A] mattress [S] negative [O] hard,the ac is cool : ) .,"[('ac', 'cool', 'positive')]",[A] ac [S] positive [O] cool,True
SAO,the mattress is hard : ( .,"[('mattress', 'hard', 'negative')]",[S] negative [A] mattress [O] hard,the ac is cool : ) .,"[('ac', 'cool', 'positive')]",[S] positive [A] ac [O] cool,True
OAS,the mattress is hard : ( .,"[('mattress', 'hard', 'negative')]",[O] hard [A] mattress [S] negative,the ac is cool : ) .,"[('ac', 'cool', 'positive')]",[O] cool [A] ac [S] positive,True
OSA,the mattress is hard : ( .,"[('mattress', 'hard', 'negative')]",[O] hard [S] negative [A] mattress,the ac is cool : ) .,"[('ac', 'cool', 'positive')]",[O] cool [S] positive [A] ac,True
AOS,the staff is not friendly .,"[('staff', 'not friendly', 'negative')]",[A] staff [O] not friendly [S] negative,the service is very helpful .,"[('service', 'very helpful', 'positive')]",[A] service [O] very helpful [S] positive,True
ASO,the staff is not friendly .,"[('staff', 'not friendly', 'negative')]",[A] staff [S] negative [O] not friendly,the service is very helpful .,"[('service', 'very helpful', 'positive')]",[A] service [S] positive [O] very helpful,True
SAO,the staff is not friendly .,"[('staff', 'not friendly', 'negative')]",[S] negative [A] staff [O] not friendly,the service is very helpful .,"[('service', 'very helpful', 'positive')]",[S] positive [A] service [O] very helpful,True
OAS,the staff is not friendly .,"[('staff', 'not friendly', 'negative')]",[O] not friendly [A] staff [S] negative,the service is very helpful .,"[('service', 'very helpful', 'positive')]",[O] very helpful [A] service [S] positive,True
OSA,the staff is not friendly .,"[('staff', 'not friendly', 'negative')]",[O] not friendly [S] negative [A] staff,the service is very helpful .,"[('service', 'very helpful', 'positive')]",[O] very helpful [S] positive [A] service,True
AOS,the breakfast menu is not complete .,"[('breakfast menu', 'not complete', 'negative')]",[A] breakfast menu [O] not complete [S] negative,the lunch menu is very complete .,"[('lunch menu', 'very complete', 'positive')]",[A] lunch menu [O] very complete [S] positive,True
ASO,the breakfast menu is not complete .,"[('breakfast menu', 'not complete', 'negative')]",[A] breakfast menu [S] negative [O] not complete,the lunch menu is very complete .,"[('lunch menu', 'very complete', 'positive')]",[A] lunch menu [S] positive [O] very complete,True
SAO,the breakfast menu is not complete .,"[('breakfast menu', 'not complete', 'negative')]",[S] negative [A] breakfast menu [O] not complete,the lunch menu is very complete .,"[('lunch menu', 'very complete', 'positive')]",[S] positive [A] lunch menu [O] very complete,True
OAS,the breakfast menu is not complete .,"[('breakfast menu', 'not complete', 'negative')]",[O] not complete [A] breakfast menu [S] negative,the lunch menu is very complete .,"[('lunch menu', 'very complete', 'positive')]",[O] very complete [A] lunch menu [S] positive,True
OSA,the breakfast menu is not complete .,"[('breakfast menu', 'not complete', 'negative')]",[O] not complete [S] negative [A] breakfast menu,the lunch menu is very complete .,"[('lunch menu', 'very complete', 'positive')]",[O] very complete [S] positive [A] lunch menu,True
AOS,the receptionist was not friendly enough .,"[('receptionist', 'not friendly enough', 'negative')]",[A] receptionist [O] not friendly enough [S] negative,the living room was very alluring .,"[('living room', 'very alluring', 'positive')]",[A] living room [O] very alluring [S] positive,True
ASO,the receptionist was not friendly enough .,"[('receptionist', 'not friendly enough', 'negative')]",[A] receptionist [S] negative [O] not friendly enough,the living room was very alluring .,"[('living room', 'very alluring', 'positive')]",[A] living room [S] positive [O] very alluring,True
SAO,the receptionist was not friendly enough .,"[('receptionist', 'not friendly enough', 'negative')]",[S] negative [A] receptionist [O] not friendly enough,the living room was very alluring .,"[('living room', 'very alluring', 'positive')]",[S] positive [A] living room [O] very alluring,True
OAS,the receptionist was not friendly enough .,"[('receptionist', 'not friendly enough', 'negative')]",[O] not friendly enough [A] receptionist [S] negative,the living room was very alluring .,"[('living room', 'very alluring', 'positive')]",[O] very alluring [A] living room [S] positive,True
OSA,the receptionist was not friendly enough .,"[('receptionist', 'not friendly enough', 'negative')]",[O] not friendly enough [S] negative [A] receptionist,the living room was very alluring .,"[('living room', 'very alluring', 'positive')]",[O] very alluring [S] positive [A] living room,True
AOS,the wifi isn't working .,"[('wifi', ""isn't working"", 'negative')]",[A] wifi [O] isn't working [S] negative,the room looks very nice .,"[('room', 'looks very nice', 'positive')]",[A] room [O] looks very nice [S] positive,True
ASO,the wifi isn't working .,"[('wifi', ""isn't working"", 'negative')]",[A] wifi [S] negative [O] isn't working,the room looks very nice .,"[('room', 'looks very nice', 'positive')]",[A] room [S] positive [O] looks very nice,True
SAO,the wifi isn't working .,"[('wifi', ""isn't working"", 'negative')]",[S] negative [A] wifi [O] isn't working,the room looks very nice .,"[('room', 'looks very nice', 'positive')]",[S] positive [A] room [O] looks very nice,True
OAS,the wifi isn't working .,"[('wifi', ""isn't working"", 'negative')]",[O] isn't working [A] wifi [S] negative,the room looks very nice .,"[('room', 'looks very nice', 'positive')]",[O] looks very nice [A] room [S] positive,True
OSA,the wifi isn't working .,"[('wifi', ""isn't working"", 'negative')]",[O] isn't working [S] negative [A] wifi,the room looks very nice .,"[('room', 'looks very nice', 'positive')]",[O] looks very nice [S] positive [A] room,True
AOS,"the location is okay , near the city center .","[('location', 'okay', 'positive')]",[A] location [O] okay [S] positive,"the place is bad , near the city center .","[('place', 'bad', 'negative')]",[A] place [O] bad [S] negative,True
ASO,"the location is okay , near the city center .","[('location', 'okay', 'positive')]",[A] location [S] positive [O] okay,"the place is bad , near the city center .","[('place', 'bad', 'negative')]",[A] place [S] negative [O] bad,True
SAO,"the location is okay , near the city center .","[('location', 'okay', 'positive')]",[S] positive [A] location [O] okay,"the place is bad , near the city center .","[('place', 'bad', 'negative')]",[S] negative [A] place [O] bad,True
OAS,"the location is okay , near the city center .","[('location', 'okay', 'positive')]",[O] okay [A] location [S] positive,"the place is bad , near the city center .","[('place', 'bad', 'negative')]",[O] bad [A] place [S] negative,True
OSA,"the location is okay , near the city center .","[('location', 'okay', 'positive')]",[O] okay [S] positive [A] location,"the place is bad , near the city center .","[('place', 'bad', 'negative')]",[O] bad [S] negative [A] place,True
AOS,the room is very small .,"[('room', 'very small', 'negative')]",[A] room [O] very small [S] negative,the space is very cozy .,"[('space', 'very cozy', 'positive')]",[A] space [O] very cozy [S] positive,True
ASO,the room is very small .,"[('room', 'very small', 'negative')]",[A] room [S] negative [O] very small,the space is very cozy .,"[('space', 'very cozy', 'positive')]",[A] space [S] positive [O] very cozy,True
SAO,the room is very small .,"[('room', 'very small', 'negative')]",[S] negative [A] room [O] very small,the space is very cozy .,"[('space', 'very cozy', 'positive')]",[S] positive [A] space [O] very cozy,True
OAS,the room is very small .,"[('room', 'very small', 'negative')]",[O] very small [A] room [S] negative,the space is very cozy .,"[('space', 'very cozy', 'positive')]",[O] very cozy [A] space [S] positive,True
OSA,the room is very small .,"[('room', 'very small', 'negative')]",[O] very small [S] negative [A] room,the space is very cozy .,"[('space', 'very cozy', 'positive')]",[O] very cozy [S] positive [A] space,True
AOS,"overall , it is very satisfying .","[('overall', 'very satisfying', 'positive')]",[A] overall [O] very satisfying [S] positive,"mostly , it is not satisfying .","[('mostly', 'not satisfying', 'negative')]",[A] mostly [O] not satisfying [S] negative,True
ASO,"overall , it is very satisfying .","[('overall', 'very satisfying', 'positive')]",[A] overall [S] positive [O] very satisfying,"mostly , it is not satisfying .","[('mostly', 'not satisfying', 'negative')]",[A] mostly [S] negative [O] not satisfying,True
SAO,"overall , it is very satisfying .","[('overall', 'very satisfying', 'positive')]",[S] positive [A] overall [O] very satisfying,"mostly , it is not satisfying .","[('mostly', 'not satisfying', 'negative')]",[S] negative [A] mostly [O] not satisfying,True
OAS,"overall , it is very satisfying .","[('overall', 'very satisfying', 'positive')]",[O] very satisfying [A] overall [S] positive,"mostly , it is not satisfying .","[('mostly', 'not satisfying', 'negative')]",[O] not satisfying [A] mostly [S] negative,True
OSA,"overall , it is very satisfying .","[('overall', 'very satisfying', 'positive')]",[O] very satisfying [S] positive [A] overall,"mostly , it is not satisfying .","[('mostly', 'not satisfying', 'negative')]",[O] not satisfying [S] negative [A] mostly,True
AOS,"for the stay yesterday , the bed was not clean enough .","[('bed', 'not clean enough', 'negative')]",[A] bed [O] not clean enough [S] negative,"for the stay yesterday , the room was clean and fresh .","[('room', 'clean and fresh', 'positive')]",[A] room [O] clean and fresh [S] positive,True
ASO,"for the stay yesterday , the bed was not clean enough .","[('bed', 'not clean enough', 'negative')]",[A] bed [S] negative [O] not clean enough,"for the stay yesterday , the room was clean and fresh .","[('room', 'clean and fresh', 'positive')]",[A] room [S] positive [O] clean and fresh,True
SAO,"for the stay yesterday , the bed was not clean enough .","[('bed', 'not clean enough', 'negative')]",[S] negative [A] bed [O] not clean enough,"for the stay yesterday , the room was clean and fresh .","[('room', 'clean and fresh', 'positive')]",[S] positive [A] room [O] clean and fresh,True
OAS,"for the stay yesterday , the bed was not clean enough .","[('bed', 'not clean enough', 'negative')]",[O] not clean enough [A] bed [S] negative,"for the stay yesterday , the room was clean and fresh .","[('room', 'clean and fresh', 'positive')]",[O] clean and fresh [A] room [S] positive,True
OSA,"for the stay yesterday , the bed was not clean enough .","[('bed', 'not clean enough', 'negative')]",[O] not clean enough [S] negative [A] bed,"for the stay yesterday , the room was clean and fresh .","[('room', 'clean and fresh', 'positive')]",[O] clean and fresh [S] positive [A] room,True
AOS,"there was only one towel , even though there were two of us .","[('towel', 'only one', 'negative')]",[A] towel [O] only one [S] negative,"there was a few bottles, even though there were two of us .","[('bottles', 'a few', 'positive')]",[A] bottles [O] a few [S] positive,True
ASO,"there was only one towel , even though there were two of us .","[('towel', 'only one', 'negative')]",[A] towel [S] negative [O] only one,"there was a few bottles, even though there were two of us .","[('bottles', 'a few', 'positive')]",[A] bottles [S] positive [O] a few,True
SAO,"there was only one towel , even though there were two of us .","[('towel', 'only one', 'negative')]",[S] negative [A] towel [O] only one,"there was a few bottles, even though there were two of us .","[('bottles', 'a few', 'positive')]",[S] positive [A] bottles [O] a few,True
OAS,"there was only one towel , even though there were two of us .","[('towel', 'only one', 'negative')]",[O] only one [A] towel [S] negative,"there was a few bottles, even though there were two of us .","[('bottles', 'a few', 'positive')]",[O] a few [A] bottles [S] positive,True
OSA,"there was only one towel , even though there were two of us .","[('towel', 'only one', 'negative')]",[O] only one [S] negative [A] towel,"there was a few bottles, even though there were two of us .","[('bottles', 'a few', 'positive')]",[O] a few [S] positive [A] bottles,True
AOS,the wifi is not good .,"[('wifi', 'not good', 'negative')]",[A] wifi [O] not good [S] negative,the internet is very reliable .,"[('internet', 'very reliable', 'positive')]",[A] internet [O] very reliable [S] positive,True
ASO,the wifi is not good .,"[('wifi', 'not good', 'negative')]",[A] wifi [S] negative [O] not good,the internet is very reliable .,"[('internet', 'very reliable', 'positive')]",[A] internet [S] positive [O] very reliable,True
SAO,the wifi is not good .,"[('wifi', 'not good', 'negative')]",[S] negative [A] wifi [O] not good,the internet is very reliable .,"[('internet', 'very reliable', 'positive')]",[S] positive [A] internet [O] very reliable,True
OAS,the wifi is not good .,"[('wifi', 'not good', 'negative')]",[O] not good [A] wifi [S] negative,the internet is very reliable .,"[('internet', 'very reliable', 'positive')]",[O] very reliable [A] internet [S] positive,True
OSA,the wifi is not good .,"[('wifi', 'not good', 'negative')]",[O] not good [S] negative [A] wifi,the internet is very reliable .,"[('internet', 'very reliable', 'positive')]",[O] very reliable [S] positive [A] internet,True
AOS,the bed wasn't comfortable .,"[('bed', ""wasn't comfortable"", 'negative')]",[A] bed [O] wasn't comfortable [S] negative,the ac works very well .,"[('ac', 'works very well', 'positive')]",[A] ac [O] works very well [S] positive,True
ASO,the bed wasn't comfortable .,"[('bed', ""wasn't comfortable"", 'negative')]",[A] bed [S] negative [O] wasn't comfortable,the ac works very well .,"[('ac', 'works very well', 'positive')]",[A] ac [S] positive [O] works very well,True
SAO,the bed wasn't comfortable .,"[('bed', ""wasn't comfortable"", 'negative')]",[S] negative [A] bed [O] wasn't comfortable,the ac works very well .,"[('ac', 'works very well', 'positive')]",[S] positive [A] ac [O] works very well,True
OAS,the bed wasn't comfortable .,"[('bed', ""wasn't comfortable"", 'negative')]",[O] wasn't comfortable [A] bed [S] negative,the ac works very well .,"[('ac', 'works very well', 'positive')]",[O] works very well [A] ac [S] positive,True
OSA,the bed wasn't comfortable .,"[('bed', ""wasn't comfortable"", 'negative')]",[O] wasn't comfortable [S] negative [A] bed,the ac works very well .,"[('ac', 'works very well', 'positive')]",[O] works very well [S] positive [A] ac,True
AOS,"good service . thank you , airy !","[('service', 'good', 'positive')]",[A] service [O] good [S] positive,"bad food . thank you , airy !","[('food', 'bad', 'negative')]",[A] food [O] bad [S] negative,True
ASO,"good service . thank you , airy !","[('service', 'good', 'positive')]",[A] service [S] positive [O] good,"bad food . thank you , airy !","[('food', 'bad', 'negative')]",[A] food [S] negative [O] bad,True
SAO,"good service . thank you , airy !","[('service', 'good', 'positive')]",[S] positive [A] service [O] good,"bad food . thank you , airy !","[('food', 'bad', 'negative')]",[S] negative [A] food [O] bad,True
OAS,"good service . thank you , airy !","[('service', 'good', 'positive')]",[O] good [A] service [S] positive,"bad food . thank you , airy !","[('food', 'bad', 'negative')]",[O] bad [A] food [S] negative,True
OSA,"good service . thank you , airy !","[('service', 'good', 'positive')]",[O] good [S] positive [A] service,"bad food . thank you , airy !","[('food', 'bad', 'negative')]",[O] bad [S] negative [A] food,True
AOS,everything is complete .,"[('everything', 'complete', 'positive')]",[A] everything [O] complete [S] positive,overall is bad .,"[('overall', 'bad', 'negative')]",[A] overall [O] bad [S] negative,True
ASO,everything is complete .,"[('everything', 'complete', 'positive')]",[A] everything [S] positive [O] complete,overall is bad .,"[('overall', 'bad', 'negative')]",[A] overall [S] negative [O] bad,True
SAO,everything is complete .,"[('everything', 'complete', 'positive')]",[S] positive [A] everything [O] complete,overall is bad .,"[('overall', 'bad', 'negative')]",[S] negative [A] overall [O] bad,True
OAS,everything is complete .,"[('everything', 'complete', 'positive')]",[O] complete [A] everything [S] positive,overall is bad .,"[('overall', 'bad', 'negative')]",[O] bad [A] overall [S] negative,True
OSA,everything is complete .,"[('everything', 'complete', 'positive')]",[O] complete [S] positive [A] everything,overall is bad .,"[('overall', 'bad', 'negative')]",[O] bad [S] negative [A] overall,True
AOS,the room is very cramped .,"[('room', 'very cramped', 'negative')]",[A] room [O] very cramped [S] negative,the space is very spacious .,"[('space', 'very spacious', 'positive')]",[A] space [O] very spacious [S] positive,True
ASO,the room is very cramped .,"[('room', 'very cramped', 'negative')]",[A] room [S] negative [O] very cramped,the space is very spacious .,"[('space', 'very spacious', 'positive')]",[A] space [S] positive [O] very spacious,True
SAO,the room is very cramped .,"[('room', 'very cramped', 'negative')]",[S] negative [A] room [O] very cramped,the space is very spacious .,"[('space', 'very spacious', 'positive')]",[S] positive [A] space [O] very spacious,True
OAS,the room is very cramped .,"[('room', 'very cramped', 'negative')]",[O] very cramped [A] room [S] negative,the space is very spacious .,"[('space', 'very spacious', 'positive')]",[O] very spacious [A] space [S] positive,True
OSA,the room is very cramped .,"[('room', 'very cramped', 'negative')]",[O] very cramped [S] negative [A] room,the space is very spacious .,"[('space', 'very spacious', 'positive')]",[O] very spacious [S] positive [A] space,True
AOS,the room is spacious and close to balapan station .,"[('room', 'spacious', 'positive')]",[A] room [O] spacious [S] positive,the hotel is cramped and close to balapan station .,"[('hotel', 'cramped', 'negative')]",[A] hotel [O] cramped [S] negative,True
ASO,the room is spacious and close to balapan station .,"[('room', 'spacious', 'positive')]",[A] room [S] positive [O] spacious,the hotel is cramped and close to balapan station .,"[('hotel', 'cramped', 'negative')]",[A] hotel [S] negative [O] cramped,True
SAO,the room is spacious and close to balapan station .,"[('room', 'spacious', 'positive')]",[S] positive [A] room [O] spacious,the hotel is cramped and close to balapan station .,"[('hotel', 'cramped', 'negative')]",[S] negative [A] hotel [O] cramped,True
OAS,the room is spacious and close to balapan station .,"[('room', 'spacious', 'positive')]",[O] spacious [A] room [S] positive,the hotel is cramped and close to balapan station .,"[('hotel', 'cramped', 'negative')]",[O] cramped [A] hotel [S] negative,True
OSA,the room is spacious and close to balapan station .,"[('room', 'spacious', 'positive')]",[O] spacious [S] positive [A] room,the hotel is cramped and close to balapan station .,"[('hotel', 'cramped', 'negative')]",[O] cramped [S] negative [A] hotel,True
AOS,the sink is clogged .,"[('sink', 'clogged', 'negative')]",[A] sink [O] clogged [S] negative,the food is made well .,"[('food', 'made well', 'positive')]",[A] food [O] made well [S] positive,True
ASO,the sink is clogged .,"[('sink', 'clogged', 'negative')]",[A] sink [S] negative [O] clogged,the food is made well .,"[('food', 'made well', 'positive')]",[A] food [S] positive [O] made well,True
SAO,the sink is clogged .,"[('sink', 'clogged', 'negative')]",[S] negative [A] sink [O] clogged,the food is made well .,"[('food', 'made well', 'positive')]",[S] positive [A] food [O] made well,True
OAS,the sink is clogged .,"[('sink', 'clogged', 'negative')]",[O] clogged [A] sink [S] negative,the food is made well .,"[('food', 'made well', 'positive')]",[O] made well [A] food [S] positive,True
OSA,the sink is clogged .,"[('sink', 'clogged', 'negative')]",[O] clogged [S] negative [A] sink,the food is made well .,"[('food', 'made well', 'positive')]",[O] made well [S] positive [A] food,True
AOS,but mineral water was not provided in the room .,"[('mineral water', 'not provided', 'negative')]",[A] mineral water [O] not provided [S] negative,but mineral drink was not missing in the room.,"[('mineral drink', 'not missing', 'positive')]",[A] mineral drink [O] not missing [S] positive,True
ASO,but mineral water was not provided in the room .,"[('mineral water', 'not provided', 'negative')]",[A] mineral water [S] negative [O] not provided,but mineral drink was not missing in the room.,"[('mineral drink', 'not missing', 'positive')]",[A] mineral drink [S] positive [O] not missing,True
SAO,but mineral water was not provided in the room .,"[('mineral water', 'not provided', 'negative')]",[S] negative [A] mineral water [O] not provided,but mineral drink was not missing in the room.,"[('mineral drink', 'not missing', 'positive')]",[S] positive [A] mineral drink [O] not missing,True
OAS,but mineral water was not provided in the room .,"[('mineral water', 'not provided', 'negative')]",[O] not provided [A] mineral water [S] negative,but mineral drink was not missing in the room.,"[('mineral drink', 'not missing', 'positive')]",[O] not missing [A] mineral drink [S] positive,True
OSA,but mineral water was not provided in the room .,"[('mineral water', 'not provided', 'negative')]",[O] not provided [S] negative [A] mineral water,but mineral drink was not missing in the room.,"[('mineral drink', 'not missing', 'positive')]",[O] not missing [S] positive [A] mineral drink,True
AOS,the receptionist service is fast .,"[('receptionist service', 'fast', 'positive')]",[A] receptionist service [O] fast [S] positive,the cleaning service lady is slow .,"[('cleaning service lady', 'slow', 'negative')]",[A] cleaning service lady [O] slow [S] negative,True
ASO,the receptionist service is fast .,"[('receptionist service', 'fast', 'positive')]",[A] receptionist service [S] positive [O] fast,the cleaning service lady is slow .,"[('cleaning service lady', 'slow', 'negative')]",[A] cleaning service lady [S] negative [O] slow,True
SAO,the receptionist service is fast .,"[('receptionist service', 'fast', 'positive')]",[S] positive [A] receptionist service [O] fast,the cleaning service lady is slow .,"[('cleaning service lady', 'slow', 'negative')]",[S] negative [A] cleaning service lady [O] slow,True
OAS,the receptionist service is fast .,"[('receptionist service', 'fast', 'positive')]",[O] fast [A] receptionist service [S] positive,the cleaning service lady is slow .,"[('cleaning service lady', 'slow', 'negative')]",[O] slow [A] cleaning service lady [S] negative,True
OSA,the receptionist service is fast .,"[('receptionist service', 'fast', 'positive')]",[O] fast [S] positive [A] receptionist service,the cleaning service lady is slow .,"[('cleaning service lady', 'slow', 'negative')]",[O] slow [S] negative [A] cleaning service lady,True
AOS,the receptionist is friendly .,"[('receptionist', 'friendly', 'positive')]",[A] receptionist [O] friendly [S] positive,the main room is horrible .,"[('main room', 'horrible', 'negative')]",[A] main room [O] horrible [S] negative,True
ASO,the receptionist is friendly .,"[('receptionist', 'friendly', 'positive')]",[A] receptionist [S] positive [O] friendly,the main room is horrible .,"[('main room', 'horrible', 'negative')]",[A] main room [S] negative [O] horrible,True
SAO,the receptionist is friendly .,"[('receptionist', 'friendly', 'positive')]",[S] positive [A] receptionist [O] friendly,the main room is horrible .,"[('main room', 'horrible', 'negative')]",[S] negative [A] main room [O] horrible,True
OAS,the receptionist is friendly .,"[('receptionist', 'friendly', 'positive')]",[O] friendly [A] receptionist [S] positive,the main room is horrible .,"[('main room', 'horrible', 'negative')]",[O] horrible [A] main room [S] negative,True
OSA,the receptionist is friendly .,"[('receptionist', 'friendly', 'positive')]",[O] friendly [S] positive [A] receptionist,the main room is horrible .,"[('main room', 'horrible', 'negative')]",[O] horrible [S] negative [A] main room,True
AOS,it's a shame there's no breakfast at all .,"[('breakfast', 'no', 'negative')]",[A] breakfast [O] no [S] negative,it's a good thing there's free dinner today .,"[('dinner', 'free', 'positive')]",[A] dinner [O] free [S] positive,True
ASO,it's a shame there's no breakfast at all .,"[('breakfast', 'no', 'negative')]",[A] breakfast [S] negative [O] no,it's a good thing there's free dinner today .,"[('dinner', 'free', 'positive')]",[A] dinner [S] positive [O] free,True
SAO,it's a shame there's no breakfast at all .,"[('breakfast', 'no', 'negative')]",[S] negative [A] breakfast [O] no,it's a good thing there's free dinner today .,"[('dinner', 'free', 'positive')]",[S] positive [A] dinner [O] free,True
OAS,it's a shame there's no breakfast at all .,"[('breakfast', 'no', 'negative')]",[O] no [A] breakfast [S] negative,it's a good thing there's free dinner today .,"[('dinner', 'free', 'positive')]",[O] free [A] dinner [S] positive,True
OSA,it's a shame there's no breakfast at all .,"[('breakfast', 'no', 'negative')]",[O] no [S] negative [A] breakfast,it's a good thing there's free dinner today .,"[('dinner', 'free', 'positive')]",[O] free [S] positive [A] dinner,True
AOS,breakfast was unsatisfactory .,"[('breakfast', 'unsatisfactory', 'negative')]",[A] breakfast [O] unsatisfactory [S] negative,juice was very appetizing .,"[('juice', 'very appetizing', 'positive')]",[A] juice [O] very appetizing [S] positive,True
ASO,breakfast was unsatisfactory .,"[('breakfast', 'unsatisfactory', 'negative')]",[A] breakfast [S] negative [O] unsatisfactory,juice was very appetizing .,"[('juice', 'very appetizing', 'positive')]",[A] juice [S] positive [O] very appetizing,True
SAO,breakfast was unsatisfactory .,"[('breakfast', 'unsatisfactory', 'negative')]",[S] negative [A] breakfast [O] unsatisfactory,juice was very appetizing .,"[('juice', 'very appetizing', 'positive')]",[S] positive [A] juice [O] very appetizing,True
OAS,breakfast was unsatisfactory .,"[('breakfast', 'unsatisfactory', 'negative')]",[O] unsatisfactory [A] breakfast [S] negative,juice was very appetizing .,"[('juice', 'very appetizing', 'positive')]",[O] very appetizing [A] juice [S] positive,True
OSA,breakfast was unsatisfactory .,"[('breakfast', 'unsatisfactory', 'negative')]",[O] unsatisfactory [S] negative [A] breakfast,juice was very appetizing .,"[('juice', 'very appetizing', 'positive')]",[O] very appetizing [S] positive [A] juice,True
AOS,"the hotel is comfortable . thank you , airy .","[('hotel', 'comfortable', 'positive')]",[A] hotel [O] comfortable [S] positive,"the room is cramped . thank you , airy .","[('room', 'cramped', 'negative')]",[A] room [O] cramped [S] negative,True
ASO,"the hotel is comfortable . thank you , airy .","[('hotel', 'comfortable', 'positive')]",[A] hotel [S] positive [O] comfortable,"the room is cramped . thank you , airy .","[('room', 'cramped', 'negative')]",[A] room [S] negative [O] cramped,True
SAO,"the hotel is comfortable . thank you , airy .","[('hotel', 'comfortable', 'positive')]",[S] positive [A] hotel [O] comfortable,"the room is cramped . thank you , airy .","[('room', 'cramped', 'negative')]",[S] negative [A] room [O] cramped,True
OAS,"the hotel is comfortable . thank you , airy .","[('hotel', 'comfortable', 'positive')]",[O] comfortable [A] hotel [S] positive,"the room is cramped . thank you , airy .","[('room', 'cramped', 'negative')]",[O] cramped [A] room [S] negative,True
OSA,"the hotel is comfortable . thank you , airy .","[('hotel', 'comfortable', 'positive')]",[O] comfortable [S] positive [A] hotel,"the room is cramped . thank you , airy .","[('room', 'cramped', 'negative')]",[O] cramped [S] negative [A] room,True
AOS,the shower is broken .,"[('shower', 'broken', 'negative')]",[A] shower [O] broken [S] negative,the bathtub is nice .,"[('bathtub', 'nice', 'positive')]",[A] bathtub [O] nice [S] positive,True
ASO,the shower is broken .,"[('shower', 'broken', 'negative')]",[A] shower [S] negative [O] broken,the bathtub is nice .,"[('bathtub', 'nice', 'positive')]",[A] bathtub [S] positive [O] nice,True
SAO,the shower is broken .,"[('shower', 'broken', 'negative')]",[S] negative [A] shower [O] broken,the bathtub is nice .,"[('bathtub', 'nice', 'positive')]",[S] positive [A] bathtub [O] nice,True
OAS,the shower is broken .,"[('shower', 'broken', 'negative')]",[O] broken [A] shower [S] negative,the bathtub is nice .,"[('bathtub', 'nice', 'positive')]",[O] nice [A] bathtub [S] positive,True
OSA,the shower is broken .,"[('shower', 'broken', 'negative')]",[O] broken [S] negative [A] shower,the bathtub is nice .,"[('bathtub', 'nice', 'positive')]",[O] nice [S] positive [A] bathtub,True
AOS,i have stayed there twice and the service is satisfying .,"[('service', 'satisfying', 'positive')]",[A] service [O] satisfying [S] positive,i have stayed there twice and the breakfast is horrible .,"[('breakfast', 'horrible', 'negative')]",[A] breakfast [O] horrible [S] negative,True
ASO,i have stayed there twice and the service is satisfying .,"[('service', 'satisfying', 'positive')]",[A] service [S] positive [O] satisfying,i have stayed there twice and the breakfast is horrible .,"[('breakfast', 'horrible', 'negative')]",[A] breakfast [S] negative [O] horrible,True
SAO,i have stayed there twice and the service is satisfying .,"[('service', 'satisfying', 'positive')]",[S] positive [A] service [O] satisfying,i have stayed there twice and the breakfast is horrible .,"[('breakfast', 'horrible', 'negative')]",[S] negative [A] breakfast [O] horrible,True
OAS,i have stayed there twice and the service is satisfying .,"[('service', 'satisfying', 'positive')]",[O] satisfying [A] service [S] positive,i have stayed there twice and the breakfast is horrible .,"[('breakfast', 'horrible', 'negative')]",[O] horrible [A] breakfast [S] negative,True
OSA,i have stayed there twice and the service is satisfying .,"[('service', 'satisfying', 'positive')]",[O] satisfying [S] positive [A] service,i have stayed there twice and the breakfast is horrible .,"[('breakfast', 'horrible', 'negative')]",[O] horrible [S] negative [A] breakfast,True
AOS,there was only 1 towel .,"[('towel', 'only 1', 'negative')]",[A] towel [O] only 1 [S] negative,there was an appetizing drink .,"[('drink', 'an appetizing', 'positive')]",[A] drink [O] an appetizing [S] positive,True
ASO,there was only 1 towel .,"[('towel', 'only 1', 'negative')]",[A] towel [S] negative [O] only 1,there was an appetizing drink .,"[('drink', 'an appetizing', 'positive')]",[A] drink [S] positive [O] an appetizing,True
SAO,there was only 1 towel .,"[('towel', 'only 1', 'negative')]",[S] negative [A] towel [O] only 1,there was an appetizing drink .,"[('drink', 'an appetizing', 'positive')]",[S] positive [A] drink [O] an appetizing,True
OAS,there was only 1 towel .,"[('towel', 'only 1', 'negative')]",[O] only 1 [A] towel [S] negative,there was an appetizing drink .,"[('drink', 'an appetizing', 'positive')]",[O] an appetizing [A] drink [S] positive,True
OSA,there was only 1 towel .,"[('towel', 'only 1', 'negative')]",[O] only 1 [S] negative [A] towel,there was an appetizing drink .,"[('drink', 'an appetizing', 'positive')]",[O] an appetizing [S] positive [A] drink,True
AOS,"the check-in process was slow , even though i wanted to rest .","[('check-in process', 'slow', 'negative')]",[A] check-in process [O] slow [S] negative,"the check-out process was efficient , even though i wanted to rest .","[('check-out process', 'efficient', 'positive')]",[A] check-out process [O] efficient [S] positive,True
ASO,"the check-in process was slow , even though i wanted to rest .","[('check-in process', 'slow', 'negative')]",[A] check-in process [S] negative [O] slow,"the check-out process was efficient , even though i wanted to rest .","[('check-out process', 'efficient', 'positive')]",[A] check-out process [S] positive [O] efficient,True
SAO,"the check-in process was slow , even though i wanted to rest .","[('check-in process', 'slow', 'negative')]",[S] negative [A] check-in process [O] slow,"the check-out process was efficient , even though i wanted to rest .","[('check-out process', 'efficient', 'positive')]",[S] positive [A] check-out process [O] efficient,True
OAS,"the check-in process was slow , even though i wanted to rest .","[('check-in process', 'slow', 'negative')]",[O] slow [A] check-in process [S] negative,"the check-out process was efficient , even though i wanted to rest .","[('check-out process', 'efficient', 'positive')]",[O] efficient [A] check-out process [S] positive,True
OSA,"the check-in process was slow , even though i wanted to rest .","[('check-in process', 'slow', 'negative')]",[O] slow [S] negative [A] check-in process,"the check-out process was efficient , even though i wanted to rest .","[('check-out process', 'efficient', 'positive')]",[O] efficient [S] positive [A] check-out process,True
AOS,the bathroom is cramped .,"[('bathroom', 'cramped', 'negative')]",[A] bathroom [O] cramped [S] negative,the kitchen is cozy.,"[('kitchen', 'cozy', 'positive')]",[A] kitchen [O] cozy [S] positive,True
ASO,the bathroom is cramped .,"[('bathroom', 'cramped', 'negative')]",[A] bathroom [S] negative [O] cramped,the kitchen is cozy.,"[('kitchen', 'cozy', 'positive')]",[A] kitchen [S] positive [O] cozy,True
SAO,the bathroom is cramped .,"[('bathroom', 'cramped', 'negative')]",[S] negative [A] bathroom [O] cramped,the kitchen is cozy.,"[('kitchen', 'cozy', 'positive')]",[S] positive [A] kitchen [O] cozy,True
OAS,the bathroom is cramped .,"[('bathroom', 'cramped', 'negative')]",[O] cramped [A] bathroom [S] negative,the kitchen is cozy.,"[('kitchen', 'cozy', 'positive')]",[O] cozy [A] kitchen [S] positive,True
OSA,the bathroom is cramped .,"[('bathroom', 'cramped', 'negative')]",[O] cramped [S] negative [A] bathroom,the kitchen is cozy.,"[('kitchen', 'cozy', 'positive')]",[O] cozy [S] positive [A] kitchen,True
AOS,the ac is not cold enough .,"[('ac', 'not cold enough', 'negative')]",[A] ac [O] not cold enough [S] negative,the fridge is cold and good .,"[('fridge', 'cold and good', 'positive')]",[A] fridge [O] cold and good [S] positive,True
ASO,the ac is not cold enough .,"[('ac', 'not cold enough', 'negative')]",[A] ac [S] negative [O] not cold enough,the fridge is cold and good .,"[('fridge', 'cold and good', 'positive')]",[A] fridge [S] positive [O] cold and good,True
SAO,the ac is not cold enough .,"[('ac', 'not cold enough', 'negative')]",[S] negative [A] ac [O] not cold enough,the fridge is cold and good .,"[('fridge', 'cold and good', 'positive')]",[S] positive [A] fridge [O] cold and good,True
OAS,the ac is not cold enough .,"[('ac', 'not cold enough', 'negative')]",[O] not cold enough [A] ac [S] negative,the fridge is cold and good .,"[('fridge', 'cold and good', 'positive')]",[O] cold and good [A] fridge [S] positive,True
OSA,the ac is not cold enough .,"[('ac', 'not cold enough', 'negative')]",[O] not cold enough [S] negative [A] ac,the fridge is cold and good .,"[('fridge', 'cold and good', 'positive')]",[O] cold and good [S] positive [A] fridge,True
AOS,i always want to check in at this hotel because the service is very good .,"[('service', 'very good', 'positive')]",[A] service [O] very good [S] positive,i always want to check in at this hotel because the staff is very bad .,"[('staff', 'very bad', 'negative')]",[A] staff [O] very bad [S] negative,True
ASO,i always want to check in at this hotel because the service is very good .,"[('service', 'very good', 'positive')]",[A] service [S] positive [O] very good,i always want to check in at this hotel because the staff is very bad .,"[('staff', 'very bad', 'negative')]",[A] staff [S] negative [O] very bad,True
SAO,i always want to check in at this hotel because the service is very good .,"[('service', 'very good', 'positive')]",[S] positive [A] service [O] very good,i always want to check in at this hotel because the staff is very bad .,"[('staff', 'very bad', 'negative')]",[S] negative [A] staff [O] very bad,True
OAS,i always want to check in at this hotel because the service is very good .,"[('service', 'very good', 'positive')]",[O] very good [A] service [S] positive,i always want to check in at this hotel because the staff is very bad .,"[('staff', 'very bad', 'negative')]",[O] very bad [A] staff [S] negative,True
OSA,i always want to check in at this hotel because the service is very good .,"[('service', 'very good', 'positive')]",[O] very good [S] positive [A] service,i always want to check in at this hotel because the staff is very bad .,"[('staff', 'very bad', 'negative')]",[O] very bad [S] negative [A] staff,True
AOS,it's just that the room is too small .,"[('room', 'too small', 'negative')]",[A] room [O] too small [S] negative,it's just that the service is very nice .,"[('service', 'very nice', 'positive')]",[A] service [O] very nice [S] positive,True
ASO,it's just that the room is too small .,"[('room', 'too small', 'negative')]",[A] room [S] negative [O] too small,it's just that the service is very nice .,"[('service', 'very nice', 'positive')]",[A] service [S] positive [O] very nice,True
SAO,it's just that the room is too small .,"[('room', 'too small', 'negative')]",[S] negative [A] room [O] too small,it's just that the service is very nice .,"[('service', 'very nice', 'positive')]",[S] positive [A] service [O] very nice,True
OAS,it's just that the room is too small .,"[('room', 'too small', 'negative')]",[O] too small [A] room [S] negative,it's just that the service is very nice .,"[('service', 'very nice', 'positive')]",[O] very nice [A] service [S] positive,True
OSA,it's just that the room is too small .,"[('room', 'too small', 'negative')]",[O] too small [S] negative [A] room,it's just that the service is very nice .,"[('service', 'very nice', 'positive')]",[O] very nice [S] positive [A] service,True
AOS,the ac in room 515 wasn't cold enough .,"[('ac', ""wasn't cold enough"", 'negative')]",[A] ac [O] wasn't cold enough [S] negative,the bed in room 515 wasn't too bad .,"[('bed', ""wasn't too bad"", 'positive')]",[A] bed [O] wasn't too bad [S] positive,True
ASO,the ac in room 515 wasn't cold enough .,"[('ac', ""wasn't cold enough"", 'negative')]",[A] ac [S] negative [O] wasn't cold enough,the bed in room 515 wasn't too bad .,"[('bed', ""wasn't too bad"", 'positive')]",[A] bed [S] positive [O] wasn't too bad,True
SAO,the ac in room 515 wasn't cold enough .,"[('ac', ""wasn't cold enough"", 'negative')]",[S] negative [A] ac [O] wasn't cold enough,the bed in room 515 wasn't too bad .,"[('bed', ""wasn't too bad"", 'positive')]",[S] positive [A] bed [O] wasn't too bad,True
OAS,the ac in room 515 wasn't cold enough .,"[('ac', ""wasn't cold enough"", 'negative')]",[O] wasn't cold enough [A] ac [S] negative,the bed in room 515 wasn't too bad .,"[('bed', ""wasn't too bad"", 'positive')]",[O] wasn't too bad [A] bed [S] positive,True
OSA,the ac in room 515 wasn't cold enough .,"[('ac', ""wasn't cold enough"", 'negative')]",[O] wasn't cold enough [S] negative [A] ac,the bed in room 515 wasn't too bad .,"[('bed', ""wasn't too bad"", 'positive')]",[O] wasn't too bad [S] positive [A] bed,True
AOS,"alhamdulillah , the service is good .","[('service', 'good', 'positive')]",[A] service [O] good [S] positive,"alhamdulillah , the room is dirty .","[('room', 'dirty', 'negative')]",[A] room [O] dirty [S] negative,True
ASO,"alhamdulillah , the service is good .","[('service', 'good', 'positive')]",[A] service [S] positive [O] good,"alhamdulillah , the room is dirty .","[('room', 'dirty', 'negative')]",[A] room [S] negative [O] dirty,True
SAO,"alhamdulillah , the service is good .","[('service', 'good', 'positive')]",[S] positive [A] service [O] good,"alhamdulillah , the room is dirty .","[('room', 'dirty', 'negative')]",[S] negative [A] room [O] dirty,True
OAS,"alhamdulillah , the service is good .","[('service', 'good', 'positive')]",[O] good [A] service [S] positive,"alhamdulillah , the room is dirty .","[('room', 'dirty', 'negative')]",[O] dirty [A] room [S] negative,True
OSA,"alhamdulillah , the service is good .","[('service', 'good', 'positive')]",[O] good [S] positive [A] service,"alhamdulillah , the room is dirty .","[('room', 'dirty', 'negative')]",[O] dirty [S] negative [A] room,True
AOS,the parking area is quite spacious .,"[('parking area', 'quite spacious', 'positive')]",[A] parking area [O] quite spacious [S] positive,the parking spot is too small .,"[('parking spot', 'too small', 'negative')]",[A] parking spot [O] too small [S] negative,True
ASO,the parking area is quite spacious .,"[('parking area', 'quite spacious', 'positive')]",[A] parking area [S] positive [O] quite spacious,the parking spot is too small .,"[('parking spot', 'too small', 'negative')]",[A] parking spot [S] negative [O] too small,True
SAO,the parking area is quite spacious .,"[('parking area', 'quite spacious', 'positive')]",[S] positive [A] parking area [O] quite spacious,the parking spot is too small .,"[('parking spot', 'too small', 'negative')]",[S] negative [A] parking spot [O] too small,True
OAS,the parking area is quite spacious .,"[('parking area', 'quite spacious', 'positive')]",[O] quite spacious [A] parking area [S] positive,the parking spot is too small .,"[('parking spot', 'too small', 'negative')]",[O] too small [A] parking spot [S] negative,True
OSA,the parking area is quite spacious .,"[('parking area', 'quite spacious', 'positive')]",[O] quite spacious [S] positive [A] parking area,the parking spot is too small .,"[('parking spot', 'too small', 'negative')]",[O] too small [S] negative [A] parking spot,True
AOS,the ac is not cold .,"[('ac', 'not cold', 'negative')]",[A] ac [O] not cold [S] negative,the blanket is quite warm .,"[('blanket', 'quite warm', 'positive')]",[A] blanket [O] quite warm [S] positive,True
ASO,the ac is not cold .,"[('ac', 'not cold', 'negative')]",[A] ac [S] negative [O] not cold,the blanket is quite warm .,"[('blanket', 'quite warm', 'positive')]",[A] blanket [S] positive [O] quite warm,True
SAO,the ac is not cold .,"[('ac', 'not cold', 'negative')]",[S] negative [A] ac [O] not cold,the blanket is quite warm .,"[('blanket', 'quite warm', 'positive')]",[S] positive [A] blanket [O] quite warm,True
OAS,the ac is not cold .,"[('ac', 'not cold', 'negative')]",[O] not cold [A] ac [S] negative,the blanket is quite warm .,"[('blanket', 'quite warm', 'positive')]",[O] quite warm [A] blanket [S] positive,True
OSA,the ac is not cold .,"[('ac', 'not cold', 'negative')]",[O] not cold [S] negative [A] ac,the blanket is quite warm .,"[('blanket', 'quite warm', 'positive')]",[O] quite warm [S] positive [A] blanket,True
AOS,everything is okay .,"[('everything', 'okay', 'positive')]",[A] everything [O] okay [S] positive,all is bad .,"[('all', 'bad', 'negative')]",[A] all [O] bad [S] negative,True
ASO,everything is okay .,"[('everything', 'okay', 'positive')]",[A] everything [S] positive [O] okay,all is bad .,"[('all', 'bad', 'negative')]",[A] all [S] negative [O] bad,True
SAO,everything is okay .,"[('everything', 'okay', 'positive')]",[S] positive [A] everything [O] okay,all is bad .,"[('all', 'bad', 'negative')]",[S] negative [A] all [O] bad,True
OAS,everything is okay .,"[('everything', 'okay', 'positive')]",[O] okay [A] everything [S] positive,all is bad .,"[('all', 'bad', 'negative')]",[O] bad [A] all [S] negative,True
OSA,everything is okay .,"[('everything', 'okay', 'positive')]",[O] okay [S] positive [A] everything,all is bad .,"[('all', 'bad', 'negative')]",[O] bad [S] negative [A] all,True
AOS,the service is not good .,"[('service', 'not good', 'negative')]",[A] service [O] not good [S] negative,the staff is quite good .,"[('staff', 'quite good', 'positive')]",[A] staff [O] quite good [S] positive,True
ASO,the service is not good .,"[('service', 'not good', 'negative')]",[A] service [S] negative [O] not good,the staff is quite good .,"[('staff', 'quite good', 'positive')]",[A] staff [S] positive [O] quite good,True
SAO,the service is not good .,"[('service', 'not good', 'negative')]",[S] negative [A] service [O] not good,the staff is quite good .,"[('staff', 'quite good', 'positive')]",[S] positive [A] staff [O] quite good,True
OAS,the service is not good .,"[('service', 'not good', 'negative')]",[O] not good [A] service [S] negative,the staff is quite good .,"[('staff', 'quite good', 'positive')]",[O] quite good [A] staff [S] positive,True
OSA,the service is not good .,"[('service', 'not good', 'negative')]",[O] not good [S] negative [A] service,the staff is quite good .,"[('staff', 'quite good', 'positive')]",[O] quite good [S] positive [A] staff,True
AOS,the room is too cramped .,"[('room', 'too cramped', 'negative')]",[A] room [O] too cramped [S] negative,the lunch is very tasty .,"[('lunch', 'very tasty', 'positive')]",[A] lunch [O] very tasty [S] positive,True
ASO,the room is too cramped .,"[('room', 'too cramped', 'negative')]",[A] room [S] negative [O] too cramped,the lunch is very tasty .,"[('lunch', 'very tasty', 'positive')]",[A] lunch [S] positive [O] very tasty,True
SAO,the room is too cramped .,"[('room', 'too cramped', 'negative')]",[S] negative [A] room [O] too cramped,the lunch is very tasty .,"[('lunch', 'very tasty', 'positive')]",[S] positive [A] lunch [O] very tasty,True
OAS,the room is too cramped .,"[('room', 'too cramped', 'negative')]",[O] too cramped [A] room [S] negative,the lunch is very tasty .,"[('lunch', 'very tasty', 'positive')]",[O] very tasty [A] lunch [S] positive,True
OSA,the room is too cramped .,"[('room', 'too cramped', 'negative')]",[O] too cramped [S] negative [A] room,the lunch is very tasty .,"[('lunch', 'very tasty', 'positive')]",[O] very tasty [S] positive [A] lunch,True
AOS,there are no snacks .,"[('snacks', 'no', 'negative')]",[A] snacks [O] no [S] negative,there are many drinks .,"[('drinks', 'many', 'positive')]",[A] drinks [O] many [S] positive,True
ASO,there are no snacks .,"[('snacks', 'no', 'negative')]",[A] snacks [S] negative [O] no,there are many drinks .,"[('drinks', 'many', 'positive')]",[A] drinks [S] positive [O] many,True
SAO,there are no snacks .,"[('snacks', 'no', 'negative')]",[S] negative [A] snacks [O] no,there are many drinks .,"[('drinks', 'many', 'positive')]",[S] positive [A] drinks [O] many,True
OAS,there are no snacks .,"[('snacks', 'no', 'negative')]",[O] no [A] snacks [S] negative,there are many drinks .,"[('drinks', 'many', 'positive')]",[O] many [A] drinks [S] positive,True
OSA,there are no snacks .,"[('snacks', 'no', 'negative')]",[O] no [S] negative [A] snacks,there are many drinks .,"[('drinks', 'many', 'positive')]",[O] many [S] positive [A] drinks,True
AOS,the service is lacking .,"[('service', 'lacking', 'negative')]",[A] service [O] lacking [S] negative,the staff is helpful .,"[('staff', 'helpful', 'positive')]",[A] staff [O] helpful [S] positive,True
ASO,the service is lacking .,"[('service', 'lacking', 'negative')]",[A] service [S] negative [O] lacking,the staff is helpful .,"[('staff', 'helpful', 'positive')]",[A] staff [S] positive [O] helpful,True
SAO,the service is lacking .,"[('service', 'lacking', 'negative')]",[S] negative [A] service [O] lacking,the staff is helpful .,"[('staff', 'helpful', 'positive')]",[S] positive [A] staff [O] helpful,True
OAS,the service is lacking .,"[('service', 'lacking', 'negative')]",[O] lacking [A] service [S] negative,the staff is helpful .,"[('staff', 'helpful', 'positive')]",[O] helpful [A] staff [S] positive,True
OSA,the service is lacking .,"[('service', 'lacking', 'negative')]",[O] lacking [S] negative [A] service,the staff is helpful .,"[('staff', 'helpful', 'positive')]",[O] helpful [S] positive [A] staff,True
AOS,"the service is good , even to the point of being taken to the airport .","[('service', 'good', 'positive')]",[A] service [O] good [S] positive,"the transportation is poor , even to the point of being taken to the airport .","[('transportation', 'poor', 'negative')]",[A] transportation [O] poor [S] negative,True
ASO,"the service is good , even to the point of being taken to the airport .","[('service', 'good', 'positive')]",[A] service [S] positive [O] good,"the transportation is poor , even to the point of being taken to the airport .","[('transportation', 'poor', 'negative')]",[A] transportation [S] negative [O] poor,True
SAO,"the service is good , even to the point of being taken to the airport .","[('service', 'good', 'positive')]",[S] positive [A] service [O] good,"the transportation is poor , even to the point of being taken to the airport .","[('transportation', 'poor', 'negative')]",[S] negative [A] transportation [O] poor,True
OAS,"the service is good , even to the point of being taken to the airport .","[('service', 'good', 'positive')]",[O] good [A] service [S] positive,"the transportation is poor , even to the point of being taken to the airport .","[('transportation', 'poor', 'negative')]",[O] poor [A] transportation [S] negative,True
OSA,"the service is good , even to the point of being taken to the airport .","[('service', 'good', 'positive')]",[O] good [S] positive [A] service,"the transportation is poor , even to the point of being taken to the airport .","[('transportation', 'poor', 'negative')]",[O] poor [S] negative [A] transportation,True
AOS,"the place is nice , near a restaurant .","[('place', 'nice', 'positive')]",[A] place [O] nice [S] positive,"the space is crowded , near a restaurant .","[('space', 'crowded', 'negative')]",[A] space [O] crowded [S] negative,True
ASO,"the place is nice , near a restaurant .","[('place', 'nice', 'positive')]",[A] place [S] positive [O] nice,"the space is crowded , near a restaurant .","[('space', 'crowded', 'negative')]",[A] space [S] negative [O] crowded,True
SAO,"the place is nice , near a restaurant .","[('place', 'nice', 'positive')]",[S] positive [A] place [O] nice,"the space is crowded , near a restaurant .","[('space', 'crowded', 'negative')]",[S] negative [A] space [O] crowded,True
OAS,"the place is nice , near a restaurant .","[('place', 'nice', 'positive')]",[O] nice [A] place [S] positive,"the space is crowded , near a restaurant .","[('space', 'crowded', 'negative')]",[O] crowded [A] space [S] negative,True
OSA,"the place is nice , near a restaurant .","[('place', 'nice', 'positive')]",[O] nice [S] positive [A] place,"the space is crowded , near a restaurant .","[('space', 'crowded', 'negative')]",[O] crowded [S] negative [A] space,True
AOS,it's a shame the elevator isn't working .,"[('elevator', ""isn't working"", 'negative')]",[A] elevator [O] isn't working [S] negative,it's a shame the lamp not too bright .,"[('lamp', 'not too bright', 'negative')]",[A] lamp [O] not too bright [S] negative,True
ASO,it's a shame the elevator isn't working .,"[('elevator', ""isn't working"", 'negative')]",[A] elevator [S] negative [O] isn't working,it's a shame the lamp not too bright .,"[('lamp', 'not too bright', 'negative')]",[A] lamp [S] negative [O] not too bright,True
SAO,it's a shame the elevator isn't working .,"[('elevator', ""isn't working"", 'negative')]",[S] negative [A] elevator [O] isn't working,it's a shame the lamp not too bright .,"[('lamp', 'not too bright', 'negative')]",[S] negative [A] lamp [O] not too bright,True
OAS,it's a shame the elevator isn't working .,"[('elevator', ""isn't working"", 'negative')]",[O] isn't working [A] elevator [S] negative,it's a shame the lamp not too bright .,"[('lamp', 'not too bright', 'negative')]",[O] not too bright [A] lamp [S] negative,True
OSA,it's a shame the elevator isn't working .,"[('elevator', ""isn't working"", 'negative')]",[O] isn't working [S] negative [A] elevator,it's a shame the lamp not too bright .,"[('lamp', 'not too bright', 'negative')]",[O] not too bright [S] negative [A] lamp,True
AOS,the water pressure is low .,"[('water pressure', 'low', 'negative')]",[A] water pressure [O] low [S] negative,the pore stress is good .,"[('pore stress', 'good', 'positive')]",[A] pore stress [O] good [S] positive,True
ASO,the water pressure is low .,"[('water pressure', 'low', 'negative')]",[A] water pressure [S] negative [O] low,the pore stress is good .,"[('pore stress', 'good', 'positive')]",[A] pore stress [S] positive [O] good,True
SAO,the water pressure is low .,"[('water pressure', 'low', 'negative')]",[S] negative [A] water pressure [O] low,the pore stress is good .,"[('pore stress', 'good', 'positive')]",[S] positive [A] pore stress [O] good,True
OAS,the water pressure is low .,"[('water pressure', 'low', 'negative')]",[O] low [A] water pressure [S] negative,the pore stress is good .,"[('pore stress', 'good', 'positive')]",[O] good [A] pore stress [S] positive,True
OSA,the water pressure is low .,"[('water pressure', 'low', 'negative')]",[O] low [S] negative [A] water pressure,the pore stress is good .,"[('pore stress', 'good', 'positive')]",[O] good [S] positive [A] pore stress,True
AOS,the service is fast .,"[('service', 'fast', 'positive')]",[A] service [O] fast [S] positive,the device is slow .,"[('device', 'slow', 'negative')]",[A] device [O] slow [S] negative,True
ASO,the service is fast .,"[('service', 'fast', 'positive')]",[A] service [S] positive [O] fast,the device is slow .,"[('device', 'slow', 'negative')]",[A] device [S] negative [O] slow,True
SAO,the service is fast .,"[('service', 'fast', 'positive')]",[S] positive [A] service [O] fast,the device is slow .,"[('device', 'slow', 'negative')]",[S] negative [A] device [O] slow,True
OAS,the service is fast .,"[('service', 'fast', 'positive')]",[O] fast [A] service [S] positive,the device is slow .,"[('device', 'slow', 'negative')]",[O] slow [A] device [S] negative,True
OSA,the service is fast .,"[('service', 'fast', 'positive')]",[O] fast [S] positive [A] service,the device is slow .,"[('device', 'slow', 'negative')]",[O] slow [S] negative [A] device,True
AOS,there is no soap in the room .,"[('soap', 'no', 'negative')]",[A] soap [O] no [S] negative,there is some sap in the room .,"[('sap', 'some', 'positive')]",[A] sap [O] some [S] positive,True
ASO,there is no soap in the room .,"[('soap', 'no', 'negative')]",[A] soap [S] negative [O] no,there is some sap in the room .,"[('sap', 'some', 'positive')]",[A] sap [S] positive [O] some,True
SAO,there is no soap in the room .,"[('soap', 'no', 'negative')]",[S] negative [A] soap [O] no,there is some sap in the room .,"[('sap', 'some', 'positive')]",[S] positive [A] sap [O] some,True
OAS,there is no soap in the room .,"[('soap', 'no', 'negative')]",[O] no [A] soap [S] negative,there is some sap in the room .,"[('sap', 'some', 'positive')]",[O] some [A] sap [S] positive,True
OSA,there is no soap in the room .,"[('soap', 'no', 'negative')]",[O] no [S] negative [A] soap,there is some sap in the room .,"[('sap', 'some', 'positive')]",[O] some [S] positive [A] sap,True
AOS,the wifi is not satisfactory : ) .,"[('wifi', 'not satisfactory', 'negative')]",[A] wifi [O] not satisfactory [S] negative,the bars is quite good : ) .,"[('bars', 'quite good', 'positive')]",[A] bars [O] quite good [S] positive,True
ASO,the wifi is not satisfactory : ) .,"[('wifi', 'not satisfactory', 'negative')]",[A] wifi [S] negative [O] not satisfactory,the bars is quite good : ) .,"[('bars', 'quite good', 'positive')]",[A] bars [S] positive [O] quite good,True
SAO,the wifi is not satisfactory : ) .,"[('wifi', 'not satisfactory', 'negative')]",[S] negative [A] wifi [O] not satisfactory,the bars is quite good : ) .,"[('bars', 'quite good', 'positive')]",[S] positive [A] bars [O] quite good,True
OAS,the wifi is not satisfactory : ) .,"[('wifi', 'not satisfactory', 'negative')]",[O] not satisfactory [A] wifi [S] negative,the bars is quite good : ) .,"[('bars', 'quite good', 'positive')]",[O] quite good [A] bars [S] positive,True
OSA,the wifi is not satisfactory : ) .,"[('wifi', 'not satisfactory', 'negative')]",[O] not satisfactory [S] negative [A] wifi,the bars is quite good : ) .,"[('bars', 'quite good', 'positive')]",[O] quite good [S] positive [A] bars,True
AOS,"i've stayed here 3 times , always a loyal customer . the place is comfortable .","[('place', 'comfortable', 'positive')]",[A] place [O] comfortable [S] positive,"i've stayed here 3 times , not a loyal customer . the space is bad .","[('space', 'bad', 'negative')]",[A] space [O] bad [S] negative,True
ASO,"i've stayed here 3 times , always a loyal customer . the place is comfortable .","[('place', 'comfortable', 'positive')]",[A] place [S] positive [O] comfortable,"i've stayed here 3 times , not a loyal customer . the space is bad .","[('space', 'bad', 'negative')]",[A] space [S] negative [O] bad,True
SAO,"i've stayed here 3 times , always a loyal customer . the place is comfortable .","[('place', 'comfortable', 'positive')]",[S] positive [A] place [O] comfortable,"i've stayed here 3 times , not a loyal customer . the space is bad .","[('space', 'bad', 'negative')]",[S] negative [A] space [O] bad,True
OAS,"i've stayed here 3 times , always a loyal customer . the place is comfortable .","[('place', 'comfortable', 'positive')]",[O] comfortable [A] place [S] positive,"i've stayed here 3 times , not a loyal customer . the space is bad .","[('space', 'bad', 'negative')]",[O] bad [A] space [S] negative,True
OSA,"i've stayed here 3 times , always a loyal customer . the place is comfortable .","[('place', 'comfortable', 'positive')]",[O] comfortable [S] positive [A] place,"i've stayed here 3 times , not a loyal customer . the space is bad .","[('space', 'bad', 'negative')]",[O] bad [S] negative [A] space,True
AOS,a very comfortable place to rest .,"[('place', 'very comfortable', 'positive')]",[A] place [O] very comfortable [S] positive,a very uncomfortable location to rest .,"[('location', 'very uncomfortable', 'negative')]",[A] location [O] very uncomfortable [S] negative,True
ASO,a very comfortable place to rest .,"[('place', 'very comfortable', 'positive')]",[A] place [S] positive [O] very comfortable,a very uncomfortable location to rest .,"[('location', 'very uncomfortable', 'negative')]",[A] location [S] negative [O] very uncomfortable,True
SAO,a very comfortable place to rest .,"[('place', 'very comfortable', 'positive')]",[S] positive [A] place [O] very comfortable,a very uncomfortable location to rest .,"[('location', 'very uncomfortable', 'negative')]",[S] negative [A] location [O] very uncomfortable,True
OAS,a very comfortable place to rest .,"[('place', 'very comfortable', 'positive')]",[O] very comfortable [A] place [S] positive,a very uncomfortable location to rest .,"[('location', 'very uncomfortable', 'negative')]",[O] very uncomfortable [A] location [S] negative,True
OSA,a very comfortable place to rest .,"[('place', 'very comfortable', 'positive')]",[O] very comfortable [S] positive [A] place,a very uncomfortable location to rest .,"[('location', 'very uncomfortable', 'negative')]",[O] very uncomfortable [S] negative [A] location,True
AOS,the hot shower isn't working .,"[('hot shower', ""isn't working"", 'negative')]",[A] hot shower [O] isn't working [S] negative,the blue river is now working .,"[('blue river', 'is now working', 'positive')]",[A] blue river [O] is now working [S] positive,True
ASO,the hot shower isn't working .,"[('hot shower', ""isn't working"", 'negative')]",[A] hot shower [S] negative [O] isn't working,the blue river is now working .,"[('blue river', 'is now working', 'positive')]",[A] blue river [S] positive [O] is now working,True
SAO,the hot shower isn't working .,"[('hot shower', ""isn't working"", 'negative')]",[S] negative [A] hot shower [O] isn't working,the blue river is now working .,"[('blue river', 'is now working', 'positive')]",[S] positive [A] blue river [O] is now working,True
OAS,the hot shower isn't working .,"[('hot shower', ""isn't working"", 'negative')]",[O] isn't working [A] hot shower [S] negative,the blue river is now working .,"[('blue river', 'is now working', 'positive')]",[O] is now working [A] blue river [S] positive,True
OSA,the hot shower isn't working .,"[('hot shower', ""isn't working"", 'negative')]",[O] isn't working [S] negative [A] hot shower,the blue river is now working .,"[('blue river', 'is now working', 'positive')]",[O] is now working [S] positive [A] blue river,True
AOS,"the location is strategic , near blitar station and the town square .","[('location', 'strategic', 'positive')]",[A] location [O] strategic [S] positive,"the place is dirty, near blitar station and the town square .","[('place', 'dirty', 'negative')]",[A] place [O] dirty [S] negative,True
ASO,"the location is strategic , near blitar station and the town square .","[('location', 'strategic', 'positive')]",[A] location [S] positive [O] strategic,"the place is dirty, near blitar station and the town square .","[('place', 'dirty', 'negative')]",[A] place [S] negative [O] dirty,True
SAO,"the location is strategic , near blitar station and the town square .","[('location', 'strategic', 'positive')]",[S] positive [A] location [O] strategic,"the place is dirty, near blitar station and the town square .","[('place', 'dirty', 'negative')]",[S] negative [A] place [O] dirty,True
OAS,"the location is strategic , near blitar station and the town square .","[('location', 'strategic', 'positive')]",[O] strategic [A] location [S] positive,"the place is dirty, near blitar station and the town square .","[('place', 'dirty', 'negative')]",[O] dirty [A] place [S] negative,True
OSA,"the location is strategic , near blitar station and the town square .","[('location', 'strategic', 'positive')]",[O] strategic [S] positive [A] location,"the place is dirty, near blitar station and the town square .","[('place', 'dirty', 'negative')]",[O] dirty [S] negative [A] place,True
AOS,the bedsheets were not clean enough .,"[('bedsheets', 'not clean enough', 'negative')]",[A] bedsheets [O] not clean enough [S] negative,the bedcovers were clean and soft .,"[('bedcovers', 'clean and soft', 'positive')]",[A] bedcovers [O] clean and soft [S] positive,True
ASO,the bedsheets were not clean enough .,"[('bedsheets', 'not clean enough', 'negative')]",[A] bedsheets [S] negative [O] not clean enough,the bedcovers were clean and soft .,"[('bedcovers', 'clean and soft', 'positive')]",[A] bedcovers [S] positive [O] clean and soft,True
SAO,the bedsheets were not clean enough .,"[('bedsheets', 'not clean enough', 'negative')]",[S] negative [A] bedsheets [O] not clean enough,the bedcovers were clean and soft .,"[('bedcovers', 'clean and soft', 'positive')]",[S] positive [A] bedcovers [O] clean and soft,True
OAS,the bedsheets were not clean enough .,"[('bedsheets', 'not clean enough', 'negative')]",[O] not clean enough [A] bedsheets [S] negative,the bedcovers were clean and soft .,"[('bedcovers', 'clean and soft', 'positive')]",[O] clean and soft [A] bedcovers [S] positive,True
OSA,the bedsheets were not clean enough .,"[('bedsheets', 'not clean enough', 'negative')]",[O] not clean enough [S] negative [A] bedsheets,the bedcovers were clean and soft .,"[('bedcovers', 'clean and soft', 'positive')]",[O] clean and soft [S] positive [A] bedcovers,True
AOS,"the room is not soundproof . so , even normal conversation from the next room can be heard . i stayed for 2 nights .","[('room', 'not soundproof', 'negative')]",[A] room [O] not soundproof [S] negative,the wall is mostly soundproof . even loud conversation from the next room is hard to be heard . i stayed for 2 nights .,"[('wall', 'mostly soundproof', 'positive')]",[A] wall [O] mostly soundproof [S] positive,True
ASO,"the room is not soundproof . so , even normal conversation from the next room can be heard . i stayed for 2 nights .","[('room', 'not soundproof', 'negative')]",[A] room [S] negative [O] not soundproof,the wall is mostly soundproof . even loud conversation from the next room is hard to be heard . i stayed for 2 nights .,"[('wall', 'mostly soundproof', 'positive')]",[A] wall [S] positive [O] mostly soundproof,True
SAO,"the room is not soundproof . so , even normal conversation from the next room can be heard . i stayed for 2 nights .","[('room', 'not soundproof', 'negative')]",[S] negative [A] room [O] not soundproof,the wall is mostly soundproof . even loud conversation from the next room is hard to be heard . i stayed for 2 nights .,"[('wall', 'mostly soundproof', 'positive')]",[S] positive [A] wall [O] mostly soundproof,True
OAS,"the room is not soundproof . so , even normal conversation from the next room can be heard . i stayed for 2 nights .","[('room', 'not soundproof', 'negative')]",[O] not soundproof [A] room [S] negative,the wall is mostly soundproof . even loud conversation from the next room is hard to be heard . i stayed for 2 nights .,"[('wall', 'mostly soundproof', 'positive')]",[O] mostly soundproof [A] wall [S] positive,True
OSA,"the room is not soundproof . so , even normal conversation from the next room can be heard . i stayed for 2 nights .","[('room', 'not soundproof', 'negative')]",[O] not soundproof [S] negative [A] room,the wall is mostly soundproof . even loud conversation from the next room is hard to be heard . i stayed for 2 nights .,"[('wall', 'mostly soundproof', 'positive')]",[O] mostly soundproof [S] positive [A] wall,True
AOS,the place is very nice .,"[('place', 'very nice', 'positive')]",[A] place [O] very nice [S] positive,the location is really bad .,"[('location', 'really bad', 'negative')]",[A] location [O] really bad [S] negative,True
ASO,the place is very nice .,"[('place', 'very nice', 'positive')]",[A] place [S] positive [O] very nice,the location is really bad .,"[('location', 'really bad', 'negative')]",[A] location [S] negative [O] really bad,True
SAO,the place is very nice .,"[('place', 'very nice', 'positive')]",[S] positive [A] place [O] very nice,the location is really bad .,"[('location', 'really bad', 'negative')]",[S] negative [A] location [O] really bad,True
OAS,the place is very nice .,"[('place', 'very nice', 'positive')]",[O] very nice [A] place [S] positive,the location is really bad .,"[('location', 'really bad', 'negative')]",[O] really bad [A] location [S] negative,True
OSA,the place is very nice .,"[('place', 'very nice', 'positive')]",[O] very nice [S] positive [A] place,the location is really bad .,"[('location', 'really bad', 'negative')]",[O] really bad [S] negative [A] location,True
AOS,friendly staff .,"[('staff', 'friendly', 'positive')]",[A] staff [O] friendly [S] positive,cold team .,"[('team', 'cold', 'negative')]",[A] team [O] cold [S] negative,True
ASO,friendly staff .,"[('staff', 'friendly', 'positive')]",[A] staff [S] positive [O] friendly,cold team .,"[('team', 'cold', 'negative')]",[A] team [S] negative [O] cold,True
SAO,friendly staff .,"[('staff', 'friendly', 'positive')]",[S] positive [A] staff [O] friendly,cold team .,"[('team', 'cold', 'negative')]",[S] negative [A] team [O] cold,True
OAS,friendly staff .,"[('staff', 'friendly', 'positive')]",[O] friendly [A] staff [S] positive,cold team .,"[('team', 'cold', 'negative')]",[O] cold [A] team [S] negative,True
OSA,friendly staff .,"[('staff', 'friendly', 'positive')]",[O] friendly [S] positive [A] staff,cold team .,"[('team', 'cold', 'negative')]",[O] cold [S] negative [A] team,True
AOS,the water isn't working .,"[('water', ""isn't working"", 'negative')]",[A] water [O] isn't working [S] negative,the remote works very well .,"[('remote', 'works very well', 'positive')]",[A] remote [O] works very well [S] positive,True
ASO,the water isn't working .,"[('water', ""isn't working"", 'negative')]",[A] water [S] negative [O] isn't working,the remote works very well .,"[('remote', 'works very well', 'positive')]",[A] remote [S] positive [O] works very well,True
SAO,the water isn't working .,"[('water', ""isn't working"", 'negative')]",[S] negative [A] water [O] isn't working,the remote works very well .,"[('remote', 'works very well', 'positive')]",[S] positive [A] remote [O] works very well,True
OAS,the water isn't working .,"[('water', ""isn't working"", 'negative')]",[O] isn't working [A] water [S] negative,the remote works very well .,"[('remote', 'works very well', 'positive')]",[O] works very well [A] remote [S] positive,True
OSA,the water isn't working .,"[('water', ""isn't working"", 'negative')]",[O] isn't working [S] negative [A] water,the remote works very well .,"[('remote', 'works very well', 'positive')]",[O] works very well [S] positive [A] remote,True
AOS,the service was not friendly .,"[('service', 'not friendly', 'negative')]",[A] service [O] not friendly [S] negative,the staff was very helpful .,"[('staff', 'very helpful', 'positive')]",[A] staff [O] very helpful [S] positive,True
ASO,the service was not friendly .,"[('service', 'not friendly', 'negative')]",[A] service [S] negative [O] not friendly,the staff was very helpful .,"[('staff', 'very helpful', 'positive')]",[A] staff [S] positive [O] very helpful,True
SAO,the service was not friendly .,"[('service', 'not friendly', 'negative')]",[S] negative [A] service [O] not friendly,the staff was very helpful .,"[('staff', 'very helpful', 'positive')]",[S] positive [A] staff [O] very helpful,True
OAS,the service was not friendly .,"[('service', 'not friendly', 'negative')]",[O] not friendly [A] service [S] negative,the staff was very helpful .,"[('staff', 'very helpful', 'positive')]",[O] very helpful [A] staff [S] positive,True
OSA,the service was not friendly .,"[('service', 'not friendly', 'negative')]",[O] not friendly [S] negative [A] service,the staff was very helpful .,"[('staff', 'very helpful', 'positive')]",[O] very helpful [S] positive [A] staff,True
AOS,the room wasn't clean enough .,"[('room', ""wasn't clean enough"", 'negative')]",[A] room [O] wasn't clean enough [S] negative,the area was spotless enough .,"[('area', 'was spotless enough', 'positive')]",[A] area [O] was spotless enough [S] positive,True
ASO,the room wasn't clean enough .,"[('room', ""wasn't clean enough"", 'negative')]",[A] room [S] negative [O] wasn't clean enough,the area was spotless enough .,"[('area', 'was spotless enough', 'positive')]",[A] area [S] positive [O] was spotless enough,True
SAO,the room wasn't clean enough .,"[('room', ""wasn't clean enough"", 'negative')]",[S] negative [A] room [O] wasn't clean enough,the area was spotless enough .,"[('area', 'was spotless enough', 'positive')]",[S] positive [A] area [O] was spotless enough,True
OAS,the room wasn't clean enough .,"[('room', ""wasn't clean enough"", 'negative')]",[O] wasn't clean enough [A] room [S] negative,the area was spotless enough .,"[('area', 'was spotless enough', 'positive')]",[O] was spotless enough [A] area [S] positive,True
OSA,the room wasn't clean enough .,"[('room', ""wasn't clean enough"", 'negative')]",[O] wasn't clean enough [S] negative [A] room,the area was spotless enough .,"[('area', 'was spotless enough', 'positive')]",[O] was spotless enough [S] positive [A] area,True
AOS,the room is not soundproof .,"[('room', 'not soundproof', 'negative')]",[A] room [O] not soundproof [S] negative,the wall is mostly soundproof .,"[('wall', 'mostly soundproof', 'positive')]",[A] wall [O] mostly soundproof [S] positive,True
ASO,the room is not soundproof .,"[('room', 'not soundproof', 'negative')]",[A] room [S] negative [O] not soundproof,the wall is mostly soundproof .,"[('wall', 'mostly soundproof', 'positive')]",[A] wall [S] positive [O] mostly soundproof,True
SAO,the room is not soundproof .,"[('room', 'not soundproof', 'negative')]",[S] negative [A] room [O] not soundproof,the wall is mostly soundproof .,"[('wall', 'mostly soundproof', 'positive')]",[S] positive [A] wall [O] mostly soundproof,True
OAS,the room is not soundproof .,"[('room', 'not soundproof', 'negative')]",[O] not soundproof [A] room [S] negative,the wall is mostly soundproof .,"[('wall', 'mostly soundproof', 'positive')]",[O] mostly soundproof [A] wall [S] positive,True
OSA,the room is not soundproof .,"[('room', 'not soundproof', 'negative')]",[O] not soundproof [S] negative [A] room,the wall is mostly soundproof .,"[('wall', 'mostly soundproof', 'positive')]",[O] mostly soundproof [S] positive [A] wall,True
AOS,the breakfast was unappealing .,"[('breakfast', 'unappealing', 'negative')]",[A] breakfast [O] unappealing [S] negative,the course was a great experience .,"[('course', 'a great experience', 'positive')]",[A] course [O] a great experience [S] positive,True
ASO,the breakfast was unappealing .,"[('breakfast', 'unappealing', 'negative')]",[A] breakfast [S] negative [O] unappealing,the course was a great experience .,"[('course', 'a great experience', 'positive')]",[A] course [S] positive [O] a great experience,True
SAO,the breakfast was unappealing .,"[('breakfast', 'unappealing', 'negative')]",[S] negative [A] breakfast [O] unappealing,the course was a great experience .,"[('course', 'a great experience', 'positive')]",[S] positive [A] course [O] a great experience,True
OAS,the breakfast was unappealing .,"[('breakfast', 'unappealing', 'negative')]",[O] unappealing [A] breakfast [S] negative,the course was a great experience .,"[('course', 'a great experience', 'positive')]",[O] a great experience [A] course [S] positive,True
OSA,the breakfast was unappealing .,"[('breakfast', 'unappealing', 'negative')]",[O] unappealing [S] negative [A] breakfast,the course was a great experience .,"[('course', 'a great experience', 'positive')]",[O] a great experience [S] positive [A] course,True
AOS,the breakfast menu was not very tasty .,"[('breakfast menu', 'not very tasty', 'negative')]",[A] breakfast menu [O] not very tasty [S] negative,the lunch menu was not very bad .,"[('lunch menu', 'not very bad', 'positive')]",[A] lunch menu [O] not very bad [S] positive,True
ASO,the breakfast menu was not very tasty .,"[('breakfast menu', 'not very tasty', 'negative')]",[A] breakfast menu [S] negative [O] not very tasty,the lunch menu was not very bad .,"[('lunch menu', 'not very bad', 'positive')]",[A] lunch menu [S] positive [O] not very bad,True
SAO,the breakfast menu was not very tasty .,"[('breakfast menu', 'not very tasty', 'negative')]",[S] negative [A] breakfast menu [O] not very tasty,the lunch menu was not very bad .,"[('lunch menu', 'not very bad', 'positive')]",[S] positive [A] lunch menu [O] not very bad,True
OAS,the breakfast menu was not very tasty .,"[('breakfast menu', 'not very tasty', 'negative')]",[O] not very tasty [A] breakfast menu [S] negative,the lunch menu was not very bad .,"[('lunch menu', 'not very bad', 'positive')]",[O] not very bad [A] lunch menu [S] positive,True
OSA,the breakfast menu was not very tasty .,"[('breakfast menu', 'not very tasty', 'negative')]",[O] not very tasty [S] negative [A] breakfast menu,the lunch menu was not very bad .,"[('lunch menu', 'not very bad', 'positive')]",[O] not very bad [S] positive [A] lunch menu,True
AOS,the bathroom is too cramped .,"[('bathroom', 'too cramped', 'negative')]",[A] bathroom [O] too cramped [S] negative,the kitchen is roomy .,"[('kitchen', 'roomy', 'positive')]",[A] kitchen [O] roomy [S] positive,True
ASO,the bathroom is too cramped .,"[('bathroom', 'too cramped', 'negative')]",[A] bathroom [S] negative [O] too cramped,the kitchen is roomy .,"[('kitchen', 'roomy', 'positive')]",[A] kitchen [S] positive [O] roomy,True
SAO,the bathroom is too cramped .,"[('bathroom', 'too cramped', 'negative')]",[S] negative [A] bathroom [O] too cramped,the kitchen is roomy .,"[('kitchen', 'roomy', 'positive')]",[S] positive [A] kitchen [O] roomy,True
OAS,the bathroom is too cramped .,"[('bathroom', 'too cramped', 'negative')]",[O] too cramped [A] bathroom [S] negative,the kitchen is roomy .,"[('kitchen', 'roomy', 'positive')]",[O] roomy [A] kitchen [S] positive,True
OSA,the bathroom is too cramped .,"[('bathroom', 'too cramped', 'negative')]",[O] too cramped [S] negative [A] bathroom,the kitchen is roomy .,"[('kitchen', 'roomy', 'positive')]",[O] roomy [S] positive [A] kitchen,True
AOS,the parking area is spacious .,"[('parking area', 'spacious', 'positive')]",[A] parking area [O] spacious [S] positive,the eating area is cramped .,"[('eating area', 'cramped', 'negative')]",[A] eating area [O] cramped [S] negative,True
ASO,the parking area is spacious .,"[('parking area', 'spacious', 'positive')]",[A] parking area [S] positive [O] spacious,the eating area is cramped .,"[('eating area', 'cramped', 'negative')]",[A] eating area [S] negative [O] cramped,True
SAO,the parking area is spacious .,"[('parking area', 'spacious', 'positive')]",[S] positive [A] parking area [O] spacious,the eating area is cramped .,"[('eating area', 'cramped', 'negative')]",[S] negative [A] eating area [O] cramped,True
OAS,the parking area is spacious .,"[('parking area', 'spacious', 'positive')]",[O] spacious [A] parking area [S] positive,the eating area is cramped .,"[('eating area', 'cramped', 'negative')]",[O] cramped [A] eating area [S] negative,True
OSA,the parking area is spacious .,"[('parking area', 'spacious', 'positive')]",[O] spacious [S] positive [A] parking area,the eating area is cramped .,"[('eating area', 'cramped', 'negative')]",[O] cramped [S] negative [A] eating area,True
AOS,the breakfast menu is delicious .,"[('breakfast menu', 'delicious', 'positive')]",[A] breakfast menu [O] delicious [S] positive,the lunch menu is terrible .,"[('lunch menu', 'terrible', 'negative')]",[A] lunch menu [O] terrible [S] negative,True
ASO,the breakfast menu is delicious .,"[('breakfast menu', 'delicious', 'positive')]",[A] breakfast menu [S] positive [O] delicious,the lunch menu is terrible .,"[('lunch menu', 'terrible', 'negative')]",[A] lunch menu [S] negative [O] terrible,True
SAO,the breakfast menu is delicious .,"[('breakfast menu', 'delicious', 'positive')]",[S] positive [A] breakfast menu [O] delicious,the lunch menu is terrible .,"[('lunch menu', 'terrible', 'negative')]",[S] negative [A] lunch menu [O] terrible,True
OAS,the breakfast menu is delicious .,"[('breakfast menu', 'delicious', 'positive')]",[O] delicious [A] breakfast menu [S] positive,the lunch menu is terrible .,"[('lunch menu', 'terrible', 'negative')]",[O] terrible [A] lunch menu [S] negative,True
OSA,the breakfast menu is delicious .,"[('breakfast menu', 'delicious', 'positive')]",[O] delicious [S] positive [A] breakfast menu,the lunch menu is terrible .,"[('lunch menu', 'terrible', 'negative')]",[O] terrible [S] negative [A] lunch menu,True
AOS,the ac in room number 10 is not cold .,"[('ac', 'not cold', 'negative')]",[A] ac [O] not cold [S] negative,the fridge in room number 10 is very cold .,"[('fridge', 'very cold', 'positive')]",[A] fridge [O] very cold [S] positive,True
ASO,the ac in room number 10 is not cold .,"[('ac', 'not cold', 'negative')]",[A] ac [S] negative [O] not cold,the fridge in room number 10 is very cold .,"[('fridge', 'very cold', 'positive')]",[A] fridge [S] positive [O] very cold,True
SAO,the ac in room number 10 is not cold .,"[('ac', 'not cold', 'negative')]",[S] negative [A] ac [O] not cold,the fridge in room number 10 is very cold .,"[('fridge', 'very cold', 'positive')]",[S] positive [A] fridge [O] very cold,True
OAS,the ac in room number 10 is not cold .,"[('ac', 'not cold', 'negative')]",[O] not cold [A] ac [S] negative,the fridge in room number 10 is very cold .,"[('fridge', 'very cold', 'positive')]",[O] very cold [A] fridge [S] positive,True
OSA,the ac in room number 10 is not cold .,"[('ac', 'not cold', 'negative')]",[O] not cold [S] negative [A] ac,the fridge in room number 10 is very cold .,"[('fridge', 'very cold', 'positive')]",[O] very cold [S] positive [A] fridge,True
AOS,the hot water is unstable .,"[('hot water', 'unstable', 'negative')]",[A] hot water [O] unstable [S] negative,the cool breeze is stable .,"[('cool breeze', 'stable', 'positive')]",[A] cool breeze [O] stable [S] positive,True
ASO,the hot water is unstable .,"[('hot water', 'unstable', 'negative')]",[A] hot water [S] negative [O] unstable,the cool breeze is stable .,"[('cool breeze', 'stable', 'positive')]",[A] cool breeze [S] positive [O] stable,True
SAO,the hot water is unstable .,"[('hot water', 'unstable', 'negative')]",[S] negative [A] hot water [O] unstable,the cool breeze is stable .,"[('cool breeze', 'stable', 'positive')]",[S] positive [A] cool breeze [O] stable,True
OAS,the hot water is unstable .,"[('hot water', 'unstable', 'negative')]",[O] unstable [A] hot water [S] negative,the cool breeze is stable .,"[('cool breeze', 'stable', 'positive')]",[O] stable [A] cool breeze [S] positive,True
OSA,the hot water is unstable .,"[('hot water', 'unstable', 'negative')]",[O] unstable [S] negative [A] hot water,the cool breeze is stable .,"[('cool breeze', 'stable', 'positive')]",[O] stable [S] positive [A] cool breeze,True
AOS,the place is in the city center and very quiet .,"[('place', 'very quiet', 'positive')]",[A] place [O] very quiet [S] positive,the office is in the city center and so noisy .,"[('office', 'so noisy', 'negative')]",[A] office [O] so noisy [S] negative,True
ASO,the place is in the city center and very quiet .,"[('place', 'very quiet', 'positive')]",[A] place [S] positive [O] very quiet,the office is in the city center and so noisy .,"[('office', 'so noisy', 'negative')]",[A] office [S] negative [O] so noisy,True
SAO,the place is in the city center and very quiet .,"[('place', 'very quiet', 'positive')]",[S] positive [A] place [O] very quiet,the office is in the city center and so noisy .,"[('office', 'so noisy', 'negative')]",[S] negative [A] office [O] so noisy,True
OAS,the place is in the city center and very quiet .,"[('place', 'very quiet', 'positive')]",[O] very quiet [A] place [S] positive,the office is in the city center and so noisy .,"[('office', 'so noisy', 'negative')]",[O] so noisy [A] office [S] negative,True
OSA,the place is in the city center and very quiet .,"[('place', 'very quiet', 'positive')]",[O] very quiet [S] positive [A] place,the office is in the city center and so noisy .,"[('office', 'so noisy', 'negative')]",[O] so noisy [S] negative [A] office,True
AOS,there is no tissue .,"[('tissue', 'no', 'negative')]",[A] tissue [O] no [S] negative,there are many snacks .,"[('snacks', 'many', 'positive')]",[A] snacks [O] many [S] positive,True
ASO,there is no tissue .,"[('tissue', 'no', 'negative')]",[A] tissue [S] negative [O] no,there are many snacks .,"[('snacks', 'many', 'positive')]",[A] snacks [S] positive [O] many,True
SAO,there is no tissue .,"[('tissue', 'no', 'negative')]",[S] negative [A] tissue [O] no,there are many snacks .,"[('snacks', 'many', 'positive')]",[S] positive [A] snacks [O] many,True
OAS,there is no tissue .,"[('tissue', 'no', 'negative')]",[O] no [A] tissue [S] negative,there are many snacks .,"[('snacks', 'many', 'positive')]",[O] many [A] snacks [S] positive,True
OSA,there is no tissue .,"[('tissue', 'no', 'negative')]",[O] no [S] negative [A] tissue,there are many snacks .,"[('snacks', 'many', 'positive')]",[O] many [S] positive [A] snacks,True
AOS,the breakfast was not tasty .,"[('breakfast', 'not tasty', 'negative')]",[A] breakfast [O] not tasty [S] negative,the dinner was very tasty .,"[('dinner', 'very tasty', 'positive')]",[A] dinner [O] very tasty [S] positive,True
ASO,the breakfast was not tasty .,"[('breakfast', 'not tasty', 'negative')]",[A] breakfast [S] negative [O] not tasty,the dinner was very tasty .,"[('dinner', 'very tasty', 'positive')]",[A] dinner [S] positive [O] very tasty,True
SAO,the breakfast was not tasty .,"[('breakfast', 'not tasty', 'negative')]",[S] negative [A] breakfast [O] not tasty,the dinner was very tasty .,"[('dinner', 'very tasty', 'positive')]",[S] positive [A] dinner [O] very tasty,True
OAS,the breakfast was not tasty .,"[('breakfast', 'not tasty', 'negative')]",[O] not tasty [A] breakfast [S] negative,the dinner was very tasty .,"[('dinner', 'very tasty', 'positive')]",[O] very tasty [A] dinner [S] positive,True
OSA,the breakfast was not tasty .,"[('breakfast', 'not tasty', 'negative')]",[O] not tasty [S] negative [A] breakfast,the dinner was very tasty .,"[('dinner', 'very tasty', 'positive')]",[O] very tasty [S] positive [A] dinner,True
AOS,the ac is hot .,"[('ac', 'hot', 'negative')]",[A] ac [O] hot [S] negative,the fridge is cold .,"[('fridge', 'cold', 'positive')]",[A] fridge [O] cold [S] positive,True
ASO,the ac is hot .,"[('ac', 'hot', 'negative')]",[A] ac [S] negative [O] hot,the fridge is cold .,"[('fridge', 'cold', 'positive')]",[A] fridge [S] positive [O] cold,True
SAO,the ac is hot .,"[('ac', 'hot', 'negative')]",[S] negative [A] ac [O] hot,the fridge is cold .,"[('fridge', 'cold', 'positive')]",[S] positive [A] fridge [O] cold,True
OAS,the ac is hot .,"[('ac', 'hot', 'negative')]",[O] hot [A] ac [S] negative,the fridge is cold .,"[('fridge', 'cold', 'positive')]",[O] cold [A] fridge [S] positive,True
OSA,the ac is hot .,"[('ac', 'hot', 'negative')]",[O] hot [S] negative [A] ac,the fridge is cold .,"[('fridge', 'cold', 'positive')]",[O] cold [S] positive [A] fridge,True
AOS,"the receptionist was very unfriendly . check-in time was supposed to be at 2 pm , but they said we could only check in at 3 pm .","[('receptionist', 'very unfriendly', 'negative')]",[A] receptionist [O] very unfriendly [S] negative,"the house keeper was very amicable . check-in time was supposed to be at 2 pm , but they said we could do check in at 1 pm .","[('house keeper', 'very amicable', 'positive')]",[A] house keeper [O] very amicable [S] positive,True
ASO,"the receptionist was very unfriendly . check-in time was supposed to be at 2 pm , but they said we could only check in at 3 pm .","[('receptionist', 'very unfriendly', 'negative')]",[A] receptionist [S] negative [O] very unfriendly,"the house keeper was very amicable . check-in time was supposed to be at 2 pm , but they said we could do check in at 1 pm .","[('house keeper', 'very amicable', 'positive')]",[A] house keeper [S] positive [O] very amicable,True
SAO,"the receptionist was very unfriendly . check-in time was supposed to be at 2 pm , but they said we could only check in at 3 pm .","[('receptionist', 'very unfriendly', 'negative')]",[S] negative [A] receptionist [O] very unfriendly,"the house keeper was very amicable . check-in time was supposed to be at 2 pm , but they said we could do check in at 1 pm .","[('house keeper', 'very amicable', 'positive')]",[S] positive [A] house keeper [O] very amicable,True
OAS,"the receptionist was very unfriendly . check-in time was supposed to be at 2 pm , but they said we could only check in at 3 pm .","[('receptionist', 'very unfriendly', 'negative')]",[O] very unfriendly [A] receptionist [S] negative,"the house keeper was very amicable . check-in time was supposed to be at 2 pm , but they said we could do check in at 1 pm .","[('house keeper', 'very amicable', 'positive')]",[O] very amicable [A] house keeper [S] positive,True
OSA,"the receptionist was very unfriendly . check-in time was supposed to be at 2 pm , but they said we could only check in at 3 pm .","[('receptionist', 'very unfriendly', 'negative')]",[O] very unfriendly [S] negative [A] receptionist,"the house keeper was very amicable . check-in time was supposed to be at 2 pm , but they said we could do check in at 1 pm .","[('house keeper', 'very amicable', 'positive')]",[O] very amicable [S] positive [A] house keeper,True
AOS,the wifi is not fast enough .,"[('wifi', 'not fast enough', 'negative')]",[A] wifi [O] not fast enough [S] negative,the life is not slow enough.,"[('life', 'not slow enough', 'positive')]",[A] life [O] not slow enough [S] positive,True
ASO,the wifi is not fast enough .,"[('wifi', 'not fast enough', 'negative')]",[A] wifi [S] negative [O] not fast enough,the life is not slow enough.,"[('life', 'not slow enough', 'positive')]",[A] life [S] positive [O] not slow enough,True
SAO,the wifi is not fast enough .,"[('wifi', 'not fast enough', 'negative')]",[S] negative [A] wifi [O] not fast enough,the life is not slow enough.,"[('life', 'not slow enough', 'positive')]",[S] positive [A] life [O] not slow enough,True
OAS,the wifi is not fast enough .,"[('wifi', 'not fast enough', 'negative')]",[O] not fast enough [A] wifi [S] negative,the life is not slow enough.,"[('life', 'not slow enough', 'positive')]",[O] not slow enough [A] life [S] positive,True
OSA,the wifi is not fast enough .,"[('wifi', 'not fast enough', 'negative')]",[O] not fast enough [S] negative [A] wifi,the life is not slow enough.,"[('life', 'not slow enough', 'positive')]",[O] not slow enough [S] positive [A] life,True
