order,original_sentence,original_triplet,original_label_variant,counterfact4_replaced,counterfact_triplet4_replaced,counterfact_label_variant,is_match
AOS,pelayanan lumayan baik .,"[('pelayanan', 'lumayan baik', 'positive')]",[A] pelayanan [O] lumayan baik [S] positive,satelit sangat wangi .,"[('satelit', 'sangat wangi', 'negative')]",[A] satelit [O] sangat wangi [S] negative,True
ASO,pelayanan lumayan baik .,"[('pelayanan', 'lumayan baik', 'positive')]",[A] pelayanan [S] positive [O] lumayan baik,satelit sangat wangi .,"[('satelit', 'sangat wangi', 'negative')]",[A] satelit [S] negative [O] sangat wangi,True
SAO,pelayanan lumayan baik .,"[('pelayanan', 'lumayan baik', 'positive')]",[S] positive [A] pelayanan [O] lumayan baik,satelit sangat wangi .,"[('satelit', 'sangat wangi', 'negative')]",[S] negative [A] satelit [O] sangat wangi,True
OAS,pelayanan lumayan baik .,"[('pelayanan', 'lumayan baik', 'positive')]",[O] lumayan baik [A] pelayanan [S] positive,satelit sangat wangi .,"[('satelit', 'sangat wangi', 'negative')]",[O] sangat wangi [A] satelit [S] negative,True
OSA,pelayanan lumayan baik .,"[('pelayanan', 'lumayan baik', 'positive')]",[O] lumayan baik [S] positive [A] pelayanan,satelit sangat wangi .,"[('satelit', 'sangat wangi', 'negative')]",[O] sangat wangi [S] negative [A] satelit,True
AOS,"suasananya kurang nyaman . untuk menginap harus deposit 300 , 000 . tetapi bisa digantikan dengan ktp .","[('suasananya', 'kurang nyaman', 'negative')]",[A] suasananya [O] kurang nyaman [S] negative,"keretanya cukup ramah . untuk menginap harus deposit 300 , 000 . tetapi bisa digantikan dengan ktp .","[('keretanya', 'cukup ramah', 'positive')]",[A] keretanya [O] cukup ramah [S] positive,True
ASO,"suasananya kurang nyaman . untuk menginap harus deposit 300 , 000 . tetapi bisa digantikan dengan ktp .","[('suasananya', 'kurang nyaman', 'negative')]",[A] suasananya [S] negative [O] kurang nyaman,"keretanya cukup ramah . untuk menginap harus deposit 300 , 000 . tetapi bisa digantikan dengan ktp .","[('keretanya', 'cukup ramah', 'positive')]",[A] keretanya [S] positive [O] cukup ramah,True
SAO,"suasananya kurang nyaman . untuk menginap harus deposit 300 , 000 . tetapi bisa digantikan dengan ktp .","[('suasananya', 'kurang nyaman', 'negative')]",[S] negative [A] suasananya [O] kurang nyaman,"keretanya cukup ramah . untuk menginap harus deposit 300 , 000 . tetapi bisa digantikan dengan ktp .","[('keretanya', 'cukup ramah', 'positive')]",[S] positive [A] keretanya [O] cukup ramah,True
OAS,"suasananya kurang nyaman . untuk menginap harus deposit 300 , 000 . tetapi bisa digantikan dengan ktp .","[('suasananya', 'kurang nyaman', 'negative')]",[O] kurang nyaman [A] suasananya [S] negative,"keretanya cukup ramah . untuk menginap harus deposit 300 , 000 . tetapi bisa digantikan dengan ktp .","[('keretanya', 'cukup ramah', 'positive')]",[O] cukup ramah [A] keretanya [S] positive,True
OSA,"suasananya kurang nyaman . untuk menginap harus deposit 300 , 000 . tetapi bisa digantikan dengan ktp .","[('suasananya', 'kurang nyaman', 'negative')]",[O] kurang nyaman [S] negative [A] suasananya,"keretanya cukup ramah . untuk menginap harus deposit 300 , 000 . tetapi bisa digantikan dengan ktp .","[('keretanya', 'cukup ramah', 'positive')]",[O] cukup ramah [S] positive [A] keretanya,True
AOS,makanan yang kurang memuaskan .,"[('makanan', 'kurang memuaskan', 'negative')]",[A] makanan [O] kurang memuaskan [S] negative,sepeda yang berwangi bunga .,"[('sepeda', 'berwangi bunga', 'positive')]",[A] sepeda [O] berwangi bunga [S] positive,True
ASO,makanan yang kurang memuaskan .,"[('makanan', 'kurang memuaskan', 'negative')]",[A] makanan [S] negative [O] kurang memuaskan,sepeda yang berwangi bunga .,"[('sepeda', 'berwangi bunga', 'positive')]",[A] sepeda [S] positive [O] berwangi bunga,True
SAO,makanan yang kurang memuaskan .,"[('makanan', 'kurang memuaskan', 'negative')]",[S] negative [A] makanan [O] kurang memuaskan,sepeda yang berwangi bunga .,"[('sepeda', 'berwangi bunga', 'positive')]",[S] positive [A] sepeda [O] berwangi bunga,True
OAS,makanan yang kurang memuaskan .,"[('makanan', 'kurang memuaskan', 'negative')]",[O] kurang memuaskan [A] makanan [S] negative,sepeda yang berwangi bunga .,"[('sepeda', 'berwangi bunga', 'positive')]",[O] berwangi bunga [A] sepeda [S] positive,True
OSA,makanan yang kurang memuaskan .,"[('makanan', 'kurang memuaskan', 'negative')]",[O] kurang memuaskan [S] negative [A] makanan,sepeda yang berwangi bunga .,"[('sepeda', 'berwangi bunga', 'positive')]",[O] berwangi bunga [S] positive [A] sepeda,True
AOS,tempatnya nyaman untuk istirahat .,"[('tempatnya', 'nyaman', 'positive')]",[A] tempatnya [O] nyaman [S] positive,meja nya ribut untuk istirahat .,"[('meja nya', 'ribut', 'negative')]",[A] meja nya [O] ribut [S] negative,True
ASO,tempatnya nyaman untuk istirahat .,"[('tempatnya', 'nyaman', 'positive')]",[A] tempatnya [S] positive [O] nyaman,meja nya ribut untuk istirahat .,"[('meja nya', 'ribut', 'negative')]",[A] meja nya [S] negative [O] ribut,True
SAO,tempatnya nyaman untuk istirahat .,"[('tempatnya', 'nyaman', 'positive')]",[S] positive [A] tempatnya [O] nyaman,meja nya ribut untuk istirahat .,"[('meja nya', 'ribut', 'negative')]",[S] negative [A] meja nya [O] ribut,True
OAS,tempatnya nyaman untuk istirahat .,"[('tempatnya', 'nyaman', 'positive')]",[O] nyaman [A] tempatnya [S] positive,meja nya ribut untuk istirahat .,"[('meja nya', 'ribut', 'negative')]",[O] ribut [A] meja nya [S] negative,True
OSA,tempatnya nyaman untuk istirahat .,"[('tempatnya', 'nyaman', 'positive')]",[O] nyaman [S] positive [A] tempatnya,meja nya ribut untuk istirahat .,"[('meja nya', 'ribut', 'negative')]",[O] ribut [S] negative [A] meja nya,True
AOS,kamar bersih .,"[('kamar', 'bersih', 'positive')]",[A] kamar [O] bersih [S] positive,daun bau .,"[('daun', 'bau', 'negative')]",[A] daun [O] bau [S] negative,True
ASO,kamar bersih .,"[('kamar', 'bersih', 'positive')]",[A] kamar [S] positive [O] bersih,daun bau .,"[('daun', 'bau', 'negative')]",[A] daun [S] negative [O] bau,True
SAO,kamar bersih .,"[('kamar', 'bersih', 'positive')]",[S] positive [A] kamar [O] bersih,daun bau .,"[('daun', 'bau', 'negative')]",[S] negative [A] daun [O] bau,True
OAS,kamar bersih .,"[('kamar', 'bersih', 'positive')]",[O] bersih [A] kamar [S] positive,daun bau .,"[('daun', 'bau', 'negative')]",[O] bau [A] daun [S] negative,True
OSA,kamar bersih .,"[('kamar', 'bersih', 'positive')]",[O] bersih [S] positive [A] kamar,daun bau .,"[('daun', 'bau', 'negative')]",[O] bau [S] negative [A] daun,True
AOS,kamar yang didapatkan tidak terlalu bersih .,"[('kamar', 'tidak terlalu bersih', 'negative')]",[A] kamar [O] tidak terlalu bersih [S] negative,rumah yang didapatkan ramah dan baik sekali .,"[('rumah', 'ramah dan baik sekali', 'positive')]",[A] rumah [O] ramah dan baik sekali [S] positive,True
ASO,kamar yang didapatkan tidak terlalu bersih .,"[('kamar', 'tidak terlalu bersih', 'negative')]",[A] kamar [S] negative [O] tidak terlalu bersih,rumah yang didapatkan ramah dan baik sekali .,"[('rumah', 'ramah dan baik sekali', 'positive')]",[A] rumah [S] positive [O] ramah dan baik sekali,True
SAO,kamar yang didapatkan tidak terlalu bersih .,"[('kamar', 'tidak terlalu bersih', 'negative')]",[S] negative [A] kamar [O] tidak terlalu bersih,rumah yang didapatkan ramah dan baik sekali .,"[('rumah', 'ramah dan baik sekali', 'positive')]",[S] positive [A] rumah [O] ramah dan baik sekali,True
OAS,kamar yang didapatkan tidak terlalu bersih .,"[('kamar', 'tidak terlalu bersih', 'negative')]",[O] tidak terlalu bersih [A] kamar [S] negative,rumah yang didapatkan ramah dan baik sekali .,"[('rumah', 'ramah dan baik sekali', 'positive')]",[O] ramah dan baik sekali [A] rumah [S] positive,True
OSA,kamar yang didapatkan tidak terlalu bersih .,"[('kamar', 'tidak terlalu bersih', 'negative')]",[O] tidak terlalu bersih [S] negative [A] kamar,rumah yang didapatkan ramah dan baik sekali .,"[('rumah', 'ramah dan baik sekali', 'positive')]",[O] ramah dan baik sekali [S] positive [A] rumah,True
AOS,hotel kurang nyaman .,"[('hotel', 'kurang nyaman', 'negative')]",[A] hotel [O] kurang nyaman [S] negative,service terasa dingin .,"[('service', 'terasa dingin', 'positive')]",[A] service [O] terasa dingin [S] positive,True
ASO,hotel kurang nyaman .,"[('hotel', 'kurang nyaman', 'negative')]",[A] hotel [S] negative [O] kurang nyaman,service terasa dingin .,"[('service', 'terasa dingin', 'positive')]",[A] service [S] positive [O] terasa dingin,True
SAO,hotel kurang nyaman .,"[('hotel', 'kurang nyaman', 'negative')]",[S] negative [A] hotel [O] kurang nyaman,service terasa dingin .,"[('service', 'terasa dingin', 'positive')]",[S] positive [A] service [O] terasa dingin,True
OAS,hotel kurang nyaman .,"[('hotel', 'kurang nyaman', 'negative')]",[O] kurang nyaman [A] hotel [S] negative,service terasa dingin .,"[('service', 'terasa dingin', 'positive')]",[O] terasa dingin [A] service [S] positive,True
OSA,hotel kurang nyaman .,"[('hotel', 'kurang nyaman', 'negative')]",[O] kurang nyaman [S] negative [A] hotel,service terasa dingin .,"[('service', 'terasa dingin', 'positive')]",[O] terasa dingin [S] positive [A] service,True
AOS,ini tempatnya oke .,"[('tempatnya', 'oke', 'positive')]",[A] tempatnya [O] oke [S] positive,ini fisikanya bau .,"[('fisikanya', 'bau', 'negative')]",[A] fisikanya [O] bau [S] negative,True
ASO,ini tempatnya oke .,"[('tempatnya', 'oke', 'positive')]",[A] tempatnya [S] positive [O] oke,ini fisikanya bau .,"[('fisikanya', 'bau', 'negative')]",[A] fisikanya [S] negative [O] bau,True
SAO,ini tempatnya oke .,"[('tempatnya', 'oke', 'positive')]",[S] positive [A] tempatnya [O] oke,ini fisikanya bau .,"[('fisikanya', 'bau', 'negative')]",[S] negative [A] fisikanya [O] bau,True
OAS,ini tempatnya oke .,"[('tempatnya', 'oke', 'positive')]",[O] oke [A] tempatnya [S] positive,ini fisikanya bau .,"[('fisikanya', 'bau', 'negative')]",[O] bau [A] fisikanya [S] negative,True
OSA,ini tempatnya oke .,"[('tempatnya', 'oke', 'positive')]",[O] oke [S] positive [A] tempatnya,ini fisikanya bau .,"[('fisikanya', 'bau', 'negative')]",[O] bau [S] negative [A] fisikanya,True
AOS,pelayanan oke .,"[('pelayanan', 'oke', 'positive')]",[A] pelayanan [O] oke [S] positive,daunnya buruk .,"[('daunnya', 'buruk', 'negative')]",[A] daunnya [O] buruk [S] negative,True
ASO,pelayanan oke .,"[('pelayanan', 'oke', 'positive')]",[A] pelayanan [S] positive [O] oke,daunnya buruk .,"[('daunnya', 'buruk', 'negative')]",[A] daunnya [S] negative [O] buruk,True
SAO,pelayanan oke .,"[('pelayanan', 'oke', 'positive')]",[S] positive [A] pelayanan [O] oke,daunnya buruk .,"[('daunnya', 'buruk', 'negative')]",[S] negative [A] daunnya [O] buruk,True
OAS,pelayanan oke .,"[('pelayanan', 'oke', 'positive')]",[O] oke [A] pelayanan [S] positive,daunnya buruk .,"[('daunnya', 'buruk', 'negative')]",[O] buruk [A] daunnya [S] negative,True
OSA,pelayanan oke .,"[('pelayanan', 'oke', 'positive')]",[O] oke [S] positive [A] pelayanan,daunnya buruk .,"[('daunnya', 'buruk', 'negative')]",[O] buruk [S] negative [A] daunnya,True
AOS,kamar mandi tergenang .,"[('kamar mandi', 'tergenang', 'negative')]",[A] kamar mandi [O] tergenang [S] negative,komputernya sangat wangi .,"[('komputernya', 'sangat wangi', 'positive')]",[A] komputernya [O] sangat wangi [S] positive,True
ASO,kamar mandi tergenang .,"[('kamar mandi', 'tergenang', 'negative')]",[A] kamar mandi [S] negative [O] tergenang,komputernya sangat wangi .,"[('komputernya', 'sangat wangi', 'positive')]",[A] komputernya [S] positive [O] sangat wangi,True
SAO,kamar mandi tergenang .,"[('kamar mandi', 'tergenang', 'negative')]",[S] negative [A] kamar mandi [O] tergenang,komputernya sangat wangi .,"[('komputernya', 'sangat wangi', 'positive')]",[S] positive [A] komputernya [O] sangat wangi,True
OAS,kamar mandi tergenang .,"[('kamar mandi', 'tergenang', 'negative')]",[O] tergenang [A] kamar mandi [S] negative,komputernya sangat wangi .,"[('komputernya', 'sangat wangi', 'positive')]",[O] sangat wangi [A] komputernya [S] positive,True
OSA,kamar mandi tergenang .,"[('kamar mandi', 'tergenang', 'negative')]",[O] tergenang [S] negative [A] kamar mandi,komputernya sangat wangi .,"[('komputernya', 'sangat wangi', 'positive')]",[O] sangat wangi [S] positive [A] komputernya,True
AOS,"nyaman tempatnya , .","[('tempatnya', 'nyaman', 'positive')]",[A] tempatnya [O] nyaman [S] positive,"susah sepedanya , .","[('sepedanya', 'susah', 'negative')]",[A] sepedanya [O] susah [S] negative,True
ASO,"nyaman tempatnya , .","[('tempatnya', 'nyaman', 'positive')]",[A] tempatnya [S] positive [O] nyaman,"susah sepedanya , .","[('sepedanya', 'susah', 'negative')]",[A] sepedanya [S] negative [O] susah,True
SAO,"nyaman tempatnya , .","[('tempatnya', 'nyaman', 'positive')]",[S] positive [A] tempatnya [O] nyaman,"susah sepedanya , .","[('sepedanya', 'susah', 'negative')]",[S] negative [A] sepedanya [O] susah,True
OAS,"nyaman tempatnya , .","[('tempatnya', 'nyaman', 'positive')]",[O] nyaman [A] tempatnya [S] positive,"susah sepedanya , .","[('sepedanya', 'susah', 'negative')]",[O] susah [A] sepedanya [S] negative,True
OSA,"nyaman tempatnya , .","[('tempatnya', 'nyaman', 'positive')]",[O] nyaman [S] positive [A] tempatnya,"susah sepedanya , .","[('sepedanya', 'susah', 'negative')]",[O] susah [S] negative [A] sepedanya,True
AOS,kamar bagus .,"[('kamar', 'bagus', 'positive')]",[A] kamar [O] bagus [S] positive,baju robek .,"[('baju', 'robek', 'negative')]",[A] baju [O] robek [S] negative,True
ASO,kamar bagus .,"[('kamar', 'bagus', 'positive')]",[A] kamar [S] positive [O] bagus,baju robek .,"[('baju', 'robek', 'negative')]",[A] baju [S] negative [O] robek,True
SAO,kamar bagus .,"[('kamar', 'bagus', 'positive')]",[S] positive [A] kamar [O] bagus,baju robek .,"[('baju', 'robek', 'negative')]",[S] negative [A] baju [O] robek,True
OAS,kamar bagus .,"[('kamar', 'bagus', 'positive')]",[O] bagus [A] kamar [S] positive,baju robek .,"[('baju', 'robek', 'negative')]",[O] robek [A] baju [S] negative,True
OSA,kamar bagus .,"[('kamar', 'bagus', 'positive')]",[O] bagus [S] positive [A] kamar,baju robek .,"[('baju', 'robek', 'negative')]",[O] robek [S] negative [A] baju,True
AOS,tempat menginap yang nyaman .,"[('tempat', 'nyaman', 'positive')]",[A] tempat [O] nyaman [S] positive,palu menginap yang sempit .,"[('palu', 'sempit', 'negative')]",[A] palu [O] sempit [S] negative,True
ASO,tempat menginap yang nyaman .,"[('tempat', 'nyaman', 'positive')]",[A] tempat [S] positive [O] nyaman,palu menginap yang sempit .,"[('palu', 'sempit', 'negative')]",[A] palu [S] negative [O] sempit,True
SAO,tempat menginap yang nyaman .,"[('tempat', 'nyaman', 'positive')]",[S] positive [A] tempat [O] nyaman,palu menginap yang sempit .,"[('palu', 'sempit', 'negative')]",[S] negative [A] palu [O] sempit,True
OAS,tempat menginap yang nyaman .,"[('tempat', 'nyaman', 'positive')]",[O] nyaman [A] tempat [S] positive,palu menginap yang sempit .,"[('palu', 'sempit', 'negative')]",[O] sempit [A] palu [S] negative,True
OSA,tempat menginap yang nyaman .,"[('tempat', 'nyaman', 'positive')]",[O] nyaman [S] positive [A] tempat,palu menginap yang sempit .,"[('palu', 'sempit', 'negative')]",[O] sempit [S] negative [A] palu,True
AOS,kamar mandi kurang bersih .,"[('kamar mandi', 'kurang bersih', 'negative')]",[A] kamar mandi [O] kurang bersih [S] negative,ruang tamu selalu macet .,"[('ruang tamu', 'selalu macet', 'positive')]",[A] ruang tamu [O] selalu macet [S] positive,True
ASO,kamar mandi kurang bersih .,"[('kamar mandi', 'kurang bersih', 'negative')]",[A] kamar mandi [S] negative [O] kurang bersih,ruang tamu selalu macet .,"[('ruang tamu', 'selalu macet', 'positive')]",[A] ruang tamu [S] positive [O] selalu macet,True
SAO,kamar mandi kurang bersih .,"[('kamar mandi', 'kurang bersih', 'negative')]",[S] negative [A] kamar mandi [O] kurang bersih,ruang tamu selalu macet .,"[('ruang tamu', 'selalu macet', 'positive')]",[S] positive [A] ruang tamu [O] selalu macet,True
OAS,kamar mandi kurang bersih .,"[('kamar mandi', 'kurang bersih', 'negative')]",[O] kurang bersih [A] kamar mandi [S] negative,ruang tamu selalu macet .,"[('ruang tamu', 'selalu macet', 'positive')]",[O] selalu macet [A] ruang tamu [S] positive,True
OSA,kamar mandi kurang bersih .,"[('kamar mandi', 'kurang bersih', 'negative')]",[O] kurang bersih [S] negative [A] kamar mandi,ruang tamu selalu macet .,"[('ruang tamu', 'selalu macet', 'positive')]",[O] selalu macet [S] positive [A] ruang tamu,True
AOS,pelayanan baik . terimakasih .,"[('pelayanan', 'baik', 'positive')]",[A] pelayanan [O] baik [S] positive,bunga nya keras . terimakasih .,"[('bunga nya', 'keras', 'negative')]",[A] bunga nya [O] keras [S] negative,True
ASO,pelayanan baik . terimakasih .,"[('pelayanan', 'baik', 'positive')]",[A] pelayanan [S] positive [O] baik,bunga nya keras . terimakasih .,"[('bunga nya', 'keras', 'negative')]",[A] bunga nya [S] negative [O] keras,True
SAO,pelayanan baik . terimakasih .,"[('pelayanan', 'baik', 'positive')]",[S] positive [A] pelayanan [O] baik,bunga nya keras . terimakasih .,"[('bunga nya', 'keras', 'negative')]",[S] negative [A] bunga nya [O] keras,True
OAS,pelayanan baik . terimakasih .,"[('pelayanan', 'baik', 'positive')]",[O] baik [A] pelayanan [S] positive,bunga nya keras . terimakasih .,"[('bunga nya', 'keras', 'negative')]",[O] keras [A] bunga nya [S] negative,True
OSA,pelayanan baik . terimakasih .,"[('pelayanan', 'baik', 'positive')]",[O] baik [S] positive [A] pelayanan,bunga nya keras . terimakasih .,"[('bunga nya', 'keras', 'negative')]",[O] keras [S] negative [A] bunga nya,True
AOS,hotel sangat nyaman .,"[('hotel', 'sangat nyaman', 'positive')]",[A] hotel [O] sangat nyaman [S] positive,foto tidak ramah .,"[('foto', 'tidak ramah', 'negative')]",[A] foto [O] tidak ramah [S] negative,True
ASO,hotel sangat nyaman .,"[('hotel', 'sangat nyaman', 'positive')]",[A] hotel [S] positive [O] sangat nyaman,foto tidak ramah .,"[('foto', 'tidak ramah', 'negative')]",[A] foto [S] negative [O] tidak ramah,True
SAO,hotel sangat nyaman .,"[('hotel', 'sangat nyaman', 'positive')]",[S] positive [A] hotel [O] sangat nyaman,foto tidak ramah .,"[('foto', 'tidak ramah', 'negative')]",[S] negative [A] foto [O] tidak ramah,True
OAS,hotel sangat nyaman .,"[('hotel', 'sangat nyaman', 'positive')]",[O] sangat nyaman [A] hotel [S] positive,foto tidak ramah .,"[('foto', 'tidak ramah', 'negative')]",[O] tidak ramah [A] foto [S] negative,True
OSA,hotel sangat nyaman .,"[('hotel', 'sangat nyaman', 'positive')]",[O] sangat nyaman [S] positive [A] hotel,foto tidak ramah .,"[('foto', 'tidak ramah', 'negative')]",[O] tidak ramah [S] negative [A] foto,True
AOS,bagus sekali semuanya .,"[('semuanya', 'bagus sekali', 'positive')]",[A] semuanya [O] bagus sekali [S] positive,bising terus lemarinya .,"[('lemarinya', 'bising terus', 'negative')]",[A] lemarinya [O] bising terus [S] negative,True
ASO,bagus sekali semuanya .,"[('semuanya', 'bagus sekali', 'positive')]",[A] semuanya [S] positive [O] bagus sekali,bising terus lemarinya .,"[('lemarinya', 'bising terus', 'negative')]",[A] lemarinya [S] negative [O] bising terus,True
SAO,bagus sekali semuanya .,"[('semuanya', 'bagus sekali', 'positive')]",[S] positive [A] semuanya [O] bagus sekali,bising terus lemarinya .,"[('lemarinya', 'bising terus', 'negative')]",[S] negative [A] lemarinya [O] bising terus,True
OAS,bagus sekali semuanya .,"[('semuanya', 'bagus sekali', 'positive')]",[O] bagus sekali [A] semuanya [S] positive,bising terus lemarinya .,"[('lemarinya', 'bising terus', 'negative')]",[O] bising terus [A] lemarinya [S] negative,True
OSA,bagus sekali semuanya .,"[('semuanya', 'bagus sekali', 'positive')]",[O] bagus sekali [S] positive [A] semuanya,bising terus lemarinya .,"[('lemarinya', 'bising terus', 'negative')]",[O] bising terus [S] negative [A] lemarinya,True
AOS,resepsionis friendly ke customernya .,"[('resepsionis', 'friendly', 'positive')]",[A] resepsionis [O] friendly [S] positive,pegawai fotocopy keras ke customernya .,"[('pegawai fotocopy', 'keras', 'negative')]",[A] pegawai fotocopy [O] keras [S] negative,True
ASO,resepsionis friendly ke customernya .,"[('resepsionis', 'friendly', 'positive')]",[A] resepsionis [S] positive [O] friendly,pegawai fotocopy keras ke customernya .,"[('pegawai fotocopy', 'keras', 'negative')]",[A] pegawai fotocopy [S] negative [O] keras,True
SAO,resepsionis friendly ke customernya .,"[('resepsionis', 'friendly', 'positive')]",[S] positive [A] resepsionis [O] friendly,pegawai fotocopy keras ke customernya .,"[('pegawai fotocopy', 'keras', 'negative')]",[S] negative [A] pegawai fotocopy [O] keras,True
OAS,resepsionis friendly ke customernya .,"[('resepsionis', 'friendly', 'positive')]",[O] friendly [A] resepsionis [S] positive,pegawai fotocopy keras ke customernya .,"[('pegawai fotocopy', 'keras', 'negative')]",[O] keras [A] pegawai fotocopy [S] negative,True
OSA,resepsionis friendly ke customernya .,"[('resepsionis', 'friendly', 'positive')]",[O] friendly [S] positive [A] resepsionis,pegawai fotocopy keras ke customernya .,"[('pegawai fotocopy', 'keras', 'negative')]",[O] keras [S] negative [A] pegawai fotocopy,True
AOS,kamar kotor .,"[('kamar', 'kotor', 'negative')]",[A] kamar [O] kotor [S] negative,meja strategis .,"[('meja', 'strategis', 'positive')]",[A] meja [O] strategis [S] positive,True
ASO,kamar kotor .,"[('kamar', 'kotor', 'negative')]",[A] kamar [S] negative [O] kotor,meja strategis .,"[('meja', 'strategis', 'positive')]",[A] meja [S] positive [O] strategis,True
SAO,kamar kotor .,"[('kamar', 'kotor', 'negative')]",[S] negative [A] kamar [O] kotor,meja strategis .,"[('meja', 'strategis', 'positive')]",[S] positive [A] meja [O] strategis,True
OAS,kamar kotor .,"[('kamar', 'kotor', 'negative')]",[O] kotor [A] kamar [S] negative,meja strategis .,"[('meja', 'strategis', 'positive')]",[O] strategis [A] meja [S] positive,True
OSA,kamar kotor .,"[('kamar', 'kotor', 'negative')]",[O] kotor [S] negative [A] kamar,meja strategis .,"[('meja', 'strategis', 'positive')]",[O] strategis [S] positive [A] meja,True
AOS,"lokasi bagus , dekat stasiun mangga besar .","[('lokasi', 'bagus', 'positive')]",[A] lokasi [O] bagus [S] positive,"kertas panas , dekat stasiun mangga besar .","[('kertas', 'panas', 'negative')]",[A] kertas [O] panas [S] negative,True
ASO,"lokasi bagus , dekat stasiun mangga besar .","[('lokasi', 'bagus', 'positive')]",[A] lokasi [S] positive [O] bagus,"kertas panas , dekat stasiun mangga besar .","[('kertas', 'panas', 'negative')]",[A] kertas [S] negative [O] panas,True
SAO,"lokasi bagus , dekat stasiun mangga besar .","[('lokasi', 'bagus', 'positive')]",[S] positive [A] lokasi [O] bagus,"kertas panas , dekat stasiun mangga besar .","[('kertas', 'panas', 'negative')]",[S] negative [A] kertas [O] panas,True
OAS,"lokasi bagus , dekat stasiun mangga besar .","[('lokasi', 'bagus', 'positive')]",[O] bagus [A] lokasi [S] positive,"kertas panas , dekat stasiun mangga besar .","[('kertas', 'panas', 'negative')]",[O] panas [A] kertas [S] negative,True
OSA,"lokasi bagus , dekat stasiun mangga besar .","[('lokasi', 'bagus', 'positive')]",[O] bagus [S] positive [A] lokasi,"kertas panas , dekat stasiun mangga besar .","[('kertas', 'panas', 'negative')]",[O] panas [S] negative [A] kertas,True
AOS,pelayanan baik selama 24jam .,"[('pelayanan', 'baik', 'positive')]",[A] pelayanan [O] baik [S] positive,gelasnya keras selama 24jam .,"[('gelasnya', 'keras', 'negative')]",[A] gelasnya [O] keras [S] negative,True
ASO,pelayanan baik selama 24jam .,"[('pelayanan', 'baik', 'positive')]",[A] pelayanan [S] positive [O] baik,gelasnya keras selama 24jam .,"[('gelasnya', 'keras', 'negative')]",[A] gelasnya [S] negative [O] keras,True
SAO,pelayanan baik selama 24jam .,"[('pelayanan', 'baik', 'positive')]",[S] positive [A] pelayanan [O] baik,gelasnya keras selama 24jam .,"[('gelasnya', 'keras', 'negative')]",[S] negative [A] gelasnya [O] keras,True
OAS,pelayanan baik selama 24jam .,"[('pelayanan', 'baik', 'positive')]",[O] baik [A] pelayanan [S] positive,gelasnya keras selama 24jam .,"[('gelasnya', 'keras', 'negative')]",[O] keras [A] gelasnya [S] negative,True
OSA,pelayanan baik selama 24jam .,"[('pelayanan', 'baik', 'positive')]",[O] baik [S] positive [A] pelayanan,gelasnya keras selama 24jam .,"[('gelasnya', 'keras', 'negative')]",[O] keras [S] negative [A] gelasnya,True
AOS,kasurnya keras : ( .,"[('kasurnya', 'keras', 'negative')]",[A] kasurnya [O] keras [S] negative,anginnya baik : ( .,"[('tempatnya', 'baik', 'positive')]",[A] tempatnya [O] baik [S] positive,True
ASO,kasurnya keras : ( .,"[('kasurnya', 'keras', 'negative')]",[A] kasurnya [S] negative [O] keras,anginnya baik : ( .,"[('tempatnya', 'baik', 'positive')]",[A] tempatnya [S] positive [O] baik,True
SAO,kasurnya keras : ( .,"[('kasurnya', 'keras', 'negative')]",[S] negative [A] kasurnya [O] keras,anginnya baik : ( .,"[('tempatnya', 'baik', 'positive')]",[S] positive [A] tempatnya [O] baik,True
OAS,kasurnya keras : ( .,"[('kasurnya', 'keras', 'negative')]",[O] keras [A] kasurnya [S] negative,anginnya baik : ( .,"[('tempatnya', 'baik', 'positive')]",[O] baik [A] tempatnya [S] positive,True
OSA,kasurnya keras : ( .,"[('kasurnya', 'keras', 'negative')]",[O] keras [S] negative [A] kasurnya,anginnya baik : ( .,"[('tempatnya', 'baik', 'positive')]",[O] baik [S] positive [A] tempatnya,True
AOS,penjaganya kurang ramah .,"[('penjaganya', 'kurang ramah', 'negative')]",[A] penjaganya [O] kurang ramah [S] negative,pelajaran kimia sangat terjaga .,"[('pelajaran kimia', 'sangat terjaga', 'positive')]",[A] pelajaran kimia [O] sangat terjaga [S] positive,True
ASO,penjaganya kurang ramah .,"[('penjaganya', 'kurang ramah', 'negative')]",[A] penjaganya [S] negative [O] kurang ramah,pelajaran kimia sangat terjaga .,"[('pelajaran kimia', 'sangat terjaga', 'positive')]",[A] pelajaran kimia [S] positive [O] sangat terjaga,True
SAO,penjaganya kurang ramah .,"[('penjaganya', 'kurang ramah', 'negative')]",[S] negative [A] penjaganya [O] kurang ramah,pelajaran kimia sangat terjaga .,"[('pelajaran kimia', 'sangat terjaga', 'positive')]",[S] positive [A] pelajaran kimia [O] sangat terjaga,True
OAS,penjaganya kurang ramah .,"[('penjaganya', 'kurang ramah', 'negative')]",[O] kurang ramah [A] penjaganya [S] negative,pelajaran kimia sangat terjaga .,"[('pelajaran kimia', 'sangat terjaga', 'positive')]",[O] sangat terjaga [A] pelajaran kimia [S] positive,True
OSA,penjaganya kurang ramah .,"[('penjaganya', 'kurang ramah', 'negative')]",[O] kurang ramah [S] negative [A] penjaganya,pelajaran kimia sangat terjaga .,"[('pelajaran kimia', 'sangat terjaga', 'positive')]",[O] sangat terjaga [S] positive [A] pelajaran kimia,True
AOS,menu breakfast kurang lengkap .,"[('menu breakfast', 'kurang lengkap', 'negative')]",[A] menu breakfast [O] kurang lengkap [S] negative,angin cukup strategis .,"[('angin', 'cukup strategis', 'positive')]",[A] angin [O] cukup strategis [S] positive,True
ASO,menu breakfast kurang lengkap .,"[('menu breakfast', 'kurang lengkap', 'negative')]",[A] menu breakfast [S] negative [O] kurang lengkap,angin cukup strategis .,"[('angin', 'cukup strategis', 'positive')]",[A] angin [S] positive [O] cukup strategis,True
SAO,menu breakfast kurang lengkap .,"[('menu breakfast', 'kurang lengkap', 'negative')]",[S] negative [A] menu breakfast [O] kurang lengkap,angin cukup strategis .,"[('angin', 'cukup strategis', 'positive')]",[S] positive [A] angin [O] cukup strategis,True
OAS,menu breakfast kurang lengkap .,"[('menu breakfast', 'kurang lengkap', 'negative')]",[O] kurang lengkap [A] menu breakfast [S] negative,angin cukup strategis .,"[('angin', 'cukup strategis', 'positive')]",[O] cukup strategis [A] angin [S] positive,True
OSA,menu breakfast kurang lengkap .,"[('menu breakfast', 'kurang lengkap', 'negative')]",[O] kurang lengkap [S] negative [A] menu breakfast,angin cukup strategis .,"[('angin', 'cukup strategis', 'positive')]",[O] cukup strategis [S] positive [A] angin,True
AOS,wifi tidak hidup nya .,"[('wifi', 'tidak hidup', 'negative')]",[A] wifi [O] tidak hidup [S] negative,hp sangat dingin nya .,"[('hp', 'sangat dingin', 'positive')]",[A] hp [O] sangat dingin [S] positive,True
ASO,wifi tidak hidup nya .,"[('wifi', 'tidak hidup', 'negative')]",[A] wifi [S] negative [O] tidak hidup,hp sangat dingin nya .,"[('hp', 'sangat dingin', 'positive')]",[A] hp [S] positive [O] sangat dingin,True
SAO,wifi tidak hidup nya .,"[('wifi', 'tidak hidup', 'negative')]",[S] negative [A] wifi [O] tidak hidup,hp sangat dingin nya .,"[('hp', 'sangat dingin', 'positive')]",[S] positive [A] hp [O] sangat dingin,True
OAS,wifi tidak hidup nya .,"[('wifi', 'tidak hidup', 'negative')]",[O] tidak hidup [A] wifi [S] negative,hp sangat dingin nya .,"[('hp', 'sangat dingin', 'positive')]",[O] sangat dingin [A] hp [S] positive,True
OSA,wifi tidak hidup nya .,"[('wifi', 'tidak hidup', 'negative')]",[O] tidak hidup [S] negative [A] wifi,hp sangat dingin nya .,"[('hp', 'sangat dingin', 'positive')]",[O] sangat dingin [S] positive [A] hp,True
AOS,kamarnya kecil banget .,"[('kamarnya', 'kecil banget', 'negative')]",[A] kamarnya [O] kecil banget [S] negative,astronomi nya cukup tenang .,"[('astronomi nya', 'cukup tenang', 'positive')]",[A] astronomi nya [O] cukup tenang [S] positive,True
ASO,kamarnya kecil banget .,"[('kamarnya', 'kecil banget', 'negative')]",[A] kamarnya [S] negative [O] kecil banget,astronomi nya cukup tenang .,"[('astronomi nya', 'cukup tenang', 'positive')]",[A] astronomi nya [S] positive [O] cukup tenang,True
SAO,kamarnya kecil banget .,"[('kamarnya', 'kecil banget', 'negative')]",[S] negative [A] kamarnya [O] kecil banget,astronomi nya cukup tenang .,"[('astronomi nya', 'cukup tenang', 'positive')]",[S] positive [A] astronomi nya [O] cukup tenang,True
OAS,kamarnya kecil banget .,"[('kamarnya', 'kecil banget', 'negative')]",[O] kecil banget [A] kamarnya [S] negative,astronomi nya cukup tenang .,"[('astronomi nya', 'cukup tenang', 'positive')]",[O] cukup tenang [A] astronomi nya [S] positive,True
OSA,kamarnya kecil banget .,"[('kamarnya', 'kecil banget', 'negative')]",[O] kecil banget [S] negative [A] kamarnya,astronomi nya cukup tenang .,"[('astronomi nya', 'cukup tenang', 'positive')]",[O] cukup tenang [S] positive [A] astronomi nya,True
AOS,secara keseluruhan sangat memuaskan .,"[('secara keseluruhan', 'sangat memuaskan', 'positive')]",[A] secara keseluruhan [O] sangat memuaskan [S] positive,sabun cuci nya menyedihkan .,"[('sabun cuci nya', 'menyedihkan', 'negative')]",[A] sabun cuci nya [O] menyedihkan [S] negative,True
ASO,secara keseluruhan sangat memuaskan .,"[('secara keseluruhan', 'sangat memuaskan', 'positive')]",[A] secara keseluruhan [S] positive [O] sangat memuaskan,sabun cuci nya menyedihkan .,"[('sabun cuci nya', 'menyedihkan', 'negative')]",[A] sabun cuci nya [S] negative [O] menyedihkan,True
SAO,secara keseluruhan sangat memuaskan .,"[('secara keseluruhan', 'sangat memuaskan', 'positive')]",[S] positive [A] secara keseluruhan [O] sangat memuaskan,sabun cuci nya menyedihkan .,"[('sabun cuci nya', 'menyedihkan', 'negative')]",[S] negative [A] sabun cuci nya [O] menyedihkan,True
OAS,secara keseluruhan sangat memuaskan .,"[('secara keseluruhan', 'sangat memuaskan', 'positive')]",[O] sangat memuaskan [A] secara keseluruhan [S] positive,sabun cuci nya menyedihkan .,"[('sabun cuci nya', 'menyedihkan', 'negative')]",[O] menyedihkan [A] sabun cuci nya [S] negative,True
OSA,secara keseluruhan sangat memuaskan .,"[('secara keseluruhan', 'sangat memuaskan', 'positive')]",[O] sangat memuaskan [S] positive [A] secara keseluruhan,sabun cuci nya menyedihkan .,"[('sabun cuci nya', 'menyedihkan', 'negative')]",[O] menyedihkan [S] negative [A] sabun cuci nya,True
AOS,untuk inap yang kemarin tempat tidur kurang bersih .,"[('tempat tidur', 'kurang bersih', 'negative')]",[A] tempat tidur [O] kurang bersih [S] negative,untuk inap yang kemarin kucing betina cukup dingin .,"[('kucing dingin', 'cukup bersih', 'positive')]",[A] kucing dingin [O] cukup bersih [S] positive,True
ASO,untuk inap yang kemarin tempat tidur kurang bersih .,"[('tempat tidur', 'kurang bersih', 'negative')]",[A] tempat tidur [S] negative [O] kurang bersih,untuk inap yang kemarin kucing betina cukup dingin .,"[('kucing dingin', 'cukup bersih', 'positive')]",[A] kucing dingin [S] positive [O] cukup bersih,True
SAO,untuk inap yang kemarin tempat tidur kurang bersih .,"[('tempat tidur', 'kurang bersih', 'negative')]",[S] negative [A] tempat tidur [O] kurang bersih,untuk inap yang kemarin kucing betina cukup dingin .,"[('kucing dingin', 'cukup bersih', 'positive')]",[S] positive [A] kucing dingin [O] cukup bersih,True
OAS,untuk inap yang kemarin tempat tidur kurang bersih .,"[('tempat tidur', 'kurang bersih', 'negative')]",[O] kurang bersih [A] tempat tidur [S] negative,untuk inap yang kemarin kucing betina cukup dingin .,"[('kucing dingin', 'cukup bersih', 'positive')]",[O] cukup bersih [A] kucing dingin [S] positive,True
OSA,untuk inap yang kemarin tempat tidur kurang bersih .,"[('tempat tidur', 'kurang bersih', 'negative')]",[O] kurang bersih [S] negative [A] tempat tidur,untuk inap yang kemarin kucing betina cukup dingin .,"[('kucing dingin', 'cukup bersih', 'positive')]",[O] cukup bersih [S] positive [A] kucing dingin,True
AOS,"handuknya cuma satu , sementara kami berdua .","[('handuknya', 'cuma satu', 'negative')]",[A] handuknya [O] cuma satu [S] negative,"tiangnya gurih , sementara kami berdua .","[('tiangnya', 'gurih', 'positive')]",[A] tiangnya [O] gurih [S] positive,True
ASO,"handuknya cuma satu , sementara kami berdua .","[('handuknya', 'cuma satu', 'negative')]",[A] handuknya [S] negative [O] cuma satu,"tiangnya gurih , sementara kami berdua .","[('tiangnya', 'gurih', 'positive')]",[A] tiangnya [S] positive [O] gurih,True
SAO,"handuknya cuma satu , sementara kami berdua .","[('handuknya', 'cuma satu', 'negative')]",[S] negative [A] handuknya [O] cuma satu,"tiangnya gurih , sementara kami berdua .","[('tiangnya', 'gurih', 'positive')]",[S] positive [A] tiangnya [O] gurih,True
OAS,"handuknya cuma satu , sementara kami berdua .","[('handuknya', 'cuma satu', 'negative')]",[O] cuma satu [A] handuknya [S] negative,"tiangnya gurih , sementara kami berdua .","[('tiangnya', 'gurih', 'positive')]",[O] gurih [A] tiangnya [S] positive,True
OSA,"handuknya cuma satu , sementara kami berdua .","[('handuknya', 'cuma satu', 'negative')]",[O] cuma satu [S] negative [A] handuknya,"tiangnya gurih , sementara kami berdua .","[('tiangnya', 'gurih', 'positive')]",[O] gurih [S] positive [A] tiangnya,True
AOS,wifi kurang baik .,"[('wifi', 'kurang baik', 'negative')]",[A] wifi [O] kurang baik [S] negative,tas sangat ramah .,"[('tas', 'sangat ramah', 'positive')]",[A] tas [O] sangat ramah [S] positive,True
ASO,wifi kurang baik .,"[('wifi', 'kurang baik', 'negative')]",[A] wifi [S] negative [O] kurang baik,tas sangat ramah .,"[('tas', 'sangat ramah', 'positive')]",[A] tas [S] positive [O] sangat ramah,True
SAO,wifi kurang baik .,"[('wifi', 'kurang baik', 'negative')]",[S] negative [A] wifi [O] kurang baik,tas sangat ramah .,"[('tas', 'sangat ramah', 'positive')]",[S] positive [A] tas [O] sangat ramah,True
OAS,wifi kurang baik .,"[('wifi', 'kurang baik', 'negative')]",[O] kurang baik [A] wifi [S] negative,tas sangat ramah .,"[('tas', 'sangat ramah', 'positive')]",[O] sangat ramah [A] tas [S] positive,True
OSA,wifi kurang baik .,"[('wifi', 'kurang baik', 'negative')]",[O] kurang baik [S] negative [A] wifi,tas sangat ramah .,"[('tas', 'sangat ramah', 'positive')]",[O] sangat ramah [S] positive [A] tas,True
AOS,tempat tdr kurang nyaman .,"[('tempat tdr', 'kurang nyaman', 'negative')]",[A] tempat tdr [O] kurang nyaman [S] negative,konstruksi sangat lezat .,"[('konstruksi', 'sangat lezat', 'positive')]",[A] konstruksi [O] sangat lezat [S] positive,True
ASO,tempat tdr kurang nyaman .,"[('tempat tdr', 'kurang nyaman', 'negative')]",[A] tempat tdr [S] negative [O] kurang nyaman,konstruksi sangat lezat .,"[('konstruksi', 'sangat lezat', 'positive')]",[A] konstruksi [S] positive [O] sangat lezat,True
SAO,tempat tdr kurang nyaman .,"[('tempat tdr', 'kurang nyaman', 'negative')]",[S] negative [A] tempat tdr [O] kurang nyaman,konstruksi sangat lezat .,"[('konstruksi', 'sangat lezat', 'positive')]",[S] positive [A] konstruksi [O] sangat lezat,True
OAS,tempat tdr kurang nyaman .,"[('tempat tdr', 'kurang nyaman', 'negative')]",[O] kurang nyaman [A] tempat tdr [S] negative,konstruksi sangat lezat .,"[('konstruksi', 'sangat lezat', 'positive')]",[O] sangat lezat [A] konstruksi [S] positive,True
OSA,tempat tdr kurang nyaman .,"[('tempat tdr', 'kurang nyaman', 'negative')]",[O] kurang nyaman [S] negative [A] tempat tdr,konstruksi sangat lezat .,"[('konstruksi', 'sangat lezat', 'positive')]",[O] sangat lezat [S] positive [A] konstruksi,True
AOS,pelayanan bagus . terimakasih airy !,"[('pelayanan', 'bagus', 'positive')]",[A] pelayanan [O] bagus [S] positive,teropong busuk . terimakasih airy !,"[('teropong', 'busuk', 'negative')]",[A] teropong [O] busuk [S] negative,True
ASO,pelayanan bagus . terimakasih airy !,"[('pelayanan', 'bagus', 'positive')]",[A] pelayanan [S] positive [O] bagus,teropong busuk . terimakasih airy !,"[('teropong', 'busuk', 'negative')]",[A] teropong [S] negative [O] busuk,True
SAO,pelayanan bagus . terimakasih airy !,"[('pelayanan', 'bagus', 'positive')]",[S] positive [A] pelayanan [O] bagus,teropong busuk . terimakasih airy !,"[('teropong', 'busuk', 'negative')]",[S] negative [A] teropong [O] busuk,True
OAS,pelayanan bagus . terimakasih airy !,"[('pelayanan', 'bagus', 'positive')]",[O] bagus [A] pelayanan [S] positive,teropong busuk . terimakasih airy !,"[('teropong', 'busuk', 'negative')]",[O] busuk [A] teropong [S] negative,True
OSA,pelayanan bagus . terimakasih airy !,"[('pelayanan', 'bagus', 'positive')]",[O] bagus [S] positive [A] pelayanan,teropong busuk . terimakasih airy !,"[('teropong', 'busuk', 'negative')]",[O] busuk [S] negative [A] teropong,True
AOS,semua lengkap .,"[('semua', 'lengkap', 'positive')]",[A] semua [O] lengkap [S] positive,safari sulit .,"[('safari', 'sulit', 'negative')]",[A] safari [O] sulit [S] negative,True
ASO,semua lengkap .,"[('semua', 'lengkap', 'positive')]",[A] semua [S] positive [O] lengkap,safari sulit .,"[('safari', 'sulit', 'negative')]",[A] safari [S] negative [O] sulit,True
SAO,semua lengkap .,"[('semua', 'lengkap', 'positive')]",[S] positive [A] semua [O] lengkap,safari sulit .,"[('safari', 'sulit', 'negative')]",[S] negative [A] safari [O] sulit,True
OAS,semua lengkap .,"[('semua', 'lengkap', 'positive')]",[O] lengkap [A] semua [S] positive,safari sulit .,"[('safari', 'sulit', 'negative')]",[O] sulit [A] safari [S] negative,True
OSA,semua lengkap .,"[('semua', 'lengkap', 'positive')]",[O] lengkap [S] positive [A] semua,safari sulit .,"[('safari', 'sulit', 'negative')]",[O] sulit [S] negative [A] safari,True
AOS,kamar sempit banget .,"[('kamar', 'sempit banget', 'negative')]",[A] kamar [O] sempit banget [S] negative,tanah senang sekali .,"[('tanah', 'senang sekali', 'positive')]",[A] tanah [O] senang sekali [S] positive,True
ASO,kamar sempit banget .,"[('kamar', 'sempit banget', 'negative')]",[A] kamar [S] negative [O] sempit banget,tanah senang sekali .,"[('tanah', 'senang sekali', 'positive')]",[A] tanah [S] positive [O] senang sekali,True
SAO,kamar sempit banget .,"[('kamar', 'sempit banget', 'negative')]",[S] negative [A] kamar [O] sempit banget,tanah senang sekali .,"[('tanah', 'senang sekali', 'positive')]",[S] positive [A] tanah [O] senang sekali,True
OAS,kamar sempit banget .,"[('kamar', 'sempit banget', 'negative')]",[O] sempit banget [A] kamar [S] negative,tanah senang sekali .,"[('tanah', 'senang sekali', 'positive')]",[O] senang sekali [A] tanah [S] positive,True
OSA,kamar sempit banget .,"[('kamar', 'sempit banget', 'negative')]",[O] sempit banget [S] negative [A] kamar,tanah senang sekali .,"[('tanah', 'senang sekali', 'positive')]",[O] senang sekali [S] positive [A] tanah,True
AOS,kamar luas dekat stasiun balapan .,"[('kamar', 'luas', 'positive')]",[A] kamar [O] luas [S] positive,aspal seram dekat stasiun balapan .,"[('aspal', 'seram', 'negative')]",[A] aspal [O] seram [S] negative,True
ASO,kamar luas dekat stasiun balapan .,"[('kamar', 'luas', 'positive')]",[A] kamar [S] positive [O] luas,aspal seram dekat stasiun balapan .,"[('aspal', 'seram', 'negative')]",[A] aspal [S] negative [O] seram,True
SAO,kamar luas dekat stasiun balapan .,"[('kamar', 'luas', 'positive')]",[S] positive [A] kamar [O] luas,aspal seram dekat stasiun balapan .,"[('aspal', 'seram', 'negative')]",[S] negative [A] aspal [O] seram,True
OAS,kamar luas dekat stasiun balapan .,"[('kamar', 'luas', 'positive')]",[O] luas [A] kamar [S] positive,aspal seram dekat stasiun balapan .,"[('aspal', 'seram', 'negative')]",[O] seram [A] aspal [S] negative,True
OSA,kamar luas dekat stasiun balapan .,"[('kamar', 'luas', 'positive')]",[O] luas [S] positive [A] kamar,aspal seram dekat stasiun balapan .,"[('aspal', 'seram', 'negative')]",[O] seram [S] negative [A] aspal,True
AOS,wastafel macet .,"[('wastafel', 'macet', 'negative')]",[A] wastafel [O] macet [S] negative,teknisi nya meriah .,"[('teknisi nya', 'meriah', 'negative')]",[A] teknisi nya [O] meriah [S] negative,True
ASO,wastafel macet .,"[('wastafel', 'macet', 'negative')]",[A] wastafel [S] negative [O] macet,teknisi nya meriah .,"[('teknisi nya', 'meriah', 'negative')]",[A] teknisi nya [S] negative [O] meriah,True
SAO,wastafel macet .,"[('wastafel', 'macet', 'negative')]",[S] negative [A] wastafel [O] macet,teknisi nya meriah .,"[('teknisi nya', 'meriah', 'negative')]",[S] negative [A] teknisi nya [O] meriah,True
OAS,wastafel macet .,"[('wastafel', 'macet', 'negative')]",[O] macet [A] wastafel [S] negative,teknisi nya meriah .,"[('teknisi nya', 'meriah', 'negative')]",[O] meriah [A] teknisi nya [S] negative,True
OSA,wastafel macet .,"[('wastafel', 'macet', 'negative')]",[O] macet [S] negative [A] wastafel,teknisi nya meriah .,"[('teknisi nya', 'meriah', 'negative')]",[O] meriah [S] negative [A] teknisi nya,True
AOS,tetapi tidak disediakan air mineral di dalam kamar .,"[('air mineral', 'tidak disediakan', 'negative')]",[A] air mineral [O] tidak disediakan [S] negative,tetapi dompet terasa empuk di dalam kamar .,"[('dompet', 'terasa empuk', 'positive')]",[A] dompet [O] terasa empuk [S] positive,True
ASO,tetapi tidak disediakan air mineral di dalam kamar .,"[('air mineral', 'tidak disediakan', 'negative')]",[A] air mineral [S] negative [O] tidak disediakan,tetapi dompet terasa empuk di dalam kamar .,"[('dompet', 'terasa empuk', 'positive')]",[A] dompet [S] positive [O] terasa empuk,True
SAO,tetapi tidak disediakan air mineral di dalam kamar .,"[('air mineral', 'tidak disediakan', 'negative')]",[S] negative [A] air mineral [O] tidak disediakan,tetapi dompet terasa empuk di dalam kamar .,"[('dompet', 'terasa empuk', 'positive')]",[S] positive [A] dompet [O] terasa empuk,True
OAS,tetapi tidak disediakan air mineral di dalam kamar .,"[('air mineral', 'tidak disediakan', 'negative')]",[O] tidak disediakan [A] air mineral [S] negative,tetapi dompet terasa empuk di dalam kamar .,"[('dompet', 'terasa empuk', 'positive')]",[O] terasa empuk [A] dompet [S] positive,True
OSA,tetapi tidak disediakan air mineral di dalam kamar .,"[('air mineral', 'tidak disediakan', 'negative')]",[O] tidak disediakan [S] negative [A] air mineral,tetapi dompet terasa empuk di dalam kamar .,"[('dompet', 'terasa empuk', 'positive')]",[O] terasa empuk [S] positive [A] dompet,True
AOS,pelayanan resepsionis cepat .,"[('pelayanan resepsionis', 'cepat', 'positive')]",[A] pelayanan resepsionis [O] cepat [S] positive,suara kendaraan di luar bising .,"[('suara kendaraan di luar', 'bising', 'negative')]",[A] suara kendaraan di luar [O] bising [S] negative,True
ASO,pelayanan resepsionis cepat .,"[('pelayanan resepsionis', 'cepat', 'positive')]",[A] pelayanan resepsionis [S] positive [O] cepat,suara kendaraan di luar bising .,"[('suara kendaraan di luar', 'bising', 'negative')]",[A] suara kendaraan di luar [S] negative [O] bising,True
SAO,pelayanan resepsionis cepat .,"[('pelayanan resepsionis', 'cepat', 'positive')]",[S] positive [A] pelayanan resepsionis [O] cepat,suara kendaraan di luar bising .,"[('suara kendaraan di luar', 'bising', 'negative')]",[S] negative [A] suara kendaraan di luar [O] bising,True
OAS,pelayanan resepsionis cepat .,"[('pelayanan resepsionis', 'cepat', 'positive')]",[O] cepat [A] pelayanan resepsionis [S] positive,suara kendaraan di luar bising .,"[('suara kendaraan di luar', 'bising', 'negative')]",[O] bising [A] suara kendaraan di luar [S] negative,True
OSA,pelayanan resepsionis cepat .,"[('pelayanan resepsionis', 'cepat', 'positive')]",[O] cepat [S] positive [A] pelayanan resepsionis,suara kendaraan di luar bising .,"[('suara kendaraan di luar', 'bising', 'negative')]",[O] bising [S] negative [A] suara kendaraan di luar,True
AOS,sayang sekali tidak ada sarapan apaapa .,"[('sarapan', 'tidak ada', 'negative')]",[A] sarapan [O] tidak ada [S] negative,sayang sekali ramah botol apaapa .,"[('botol', 'ramah', 'positive')]",[A] botol [O] ramah [S] positive,True
ASO,sayang sekali tidak ada sarapan apaapa .,"[('sarapan', 'tidak ada', 'negative')]",[A] sarapan [S] negative [O] tidak ada,sayang sekali ramah botol apaapa .,"[('botol', 'ramah', 'positive')]",[A] botol [S] positive [O] ramah,True
SAO,sayang sekali tidak ada sarapan apaapa .,"[('sarapan', 'tidak ada', 'negative')]",[S] negative [A] sarapan [O] tidak ada,sayang sekali ramah botol apaapa .,"[('botol', 'ramah', 'positive')]",[S] positive [A] botol [O] ramah,True
OAS,sayang sekali tidak ada sarapan apaapa .,"[('sarapan', 'tidak ada', 'negative')]",[O] tidak ada [A] sarapan [S] negative,sayang sekali ramah botol apaapa .,"[('botol', 'ramah', 'positive')]",[O] ramah [A] botol [S] positive,True
OSA,sayang sekali tidak ada sarapan apaapa .,"[('sarapan', 'tidak ada', 'negative')]",[O] tidak ada [S] negative [A] sarapan,sayang sekali ramah botol apaapa .,"[('botol', 'ramah', 'positive')]",[O] ramah [S] positive [A] botol,True
AOS,untuk sarapan kurang memuaskan .,"[('sarapan', 'kurang memuaskan', 'negative')]",[A] sarapan [O] kurang memuaskan [S] negative,untuk sekop cukup menyegarkan .,"[('sekop', 'cukup menyegarkan', 'positive')]",[A] sekop [O] cukup menyegarkan [S] positive,True
ASO,untuk sarapan kurang memuaskan .,"[('sarapan', 'kurang memuaskan', 'negative')]",[A] sarapan [S] negative [O] kurang memuaskan,untuk sekop cukup menyegarkan .,"[('sekop', 'cukup menyegarkan', 'positive')]",[A] sekop [S] positive [O] cukup menyegarkan,True
SAO,untuk sarapan kurang memuaskan .,"[('sarapan', 'kurang memuaskan', 'negative')]",[S] negative [A] sarapan [O] kurang memuaskan,untuk sekop cukup menyegarkan .,"[('sekop', 'cukup menyegarkan', 'positive')]",[S] positive [A] sekop [O] cukup menyegarkan,True
OAS,untuk sarapan kurang memuaskan .,"[('sarapan', 'kurang memuaskan', 'negative')]",[O] kurang memuaskan [A] sarapan [S] negative,untuk sekop cukup menyegarkan .,"[('sekop', 'cukup menyegarkan', 'positive')]",[O] cukup menyegarkan [A] sekop [S] positive,True
OSA,untuk sarapan kurang memuaskan .,"[('sarapan', 'kurang memuaskan', 'negative')]",[O] kurang memuaskan [S] negative [A] sarapan,untuk sekop cukup menyegarkan .,"[('sekop', 'cukup menyegarkan', 'positive')]",[O] cukup menyegarkan [S] positive [A] sekop,True
AOS,hotel nyaman . terimakasih airy .,"[('hotel', 'nyaman', 'positive')]",[A] hotel [O] nyaman [S] positive,kas lemot . terimakasih airy .,"[('kas', 'lemot', 'negative')]",[A] kas [O] lemot [S] negative,True
ASO,hotel nyaman . terimakasih airy .,"[('hotel', 'nyaman', 'positive')]",[A] hotel [S] positive [O] nyaman,kas lemot . terimakasih airy .,"[('kas', 'lemot', 'negative')]",[A] kas [S] negative [O] lemot,True
SAO,hotel nyaman . terimakasih airy .,"[('hotel', 'nyaman', 'positive')]",[S] positive [A] hotel [O] nyaman,kas lemot . terimakasih airy .,"[('kas', 'lemot', 'negative')]",[S] negative [A] kas [O] lemot,True
OAS,hotel nyaman . terimakasih airy .,"[('hotel', 'nyaman', 'positive')]",[O] nyaman [A] hotel [S] positive,kas lemot . terimakasih airy .,"[('kas', 'lemot', 'negative')]",[O] lemot [A] kas [S] negative,True
OSA,hotel nyaman . terimakasih airy .,"[('hotel', 'nyaman', 'positive')]",[O] nyaman [S] positive [A] hotel,kas lemot . terimakasih airy .,"[('kas', 'lemot', 'negative')]",[O] lemot [S] negative [A] kas,True
AOS,shower nya rusak .,"[('shower nya', 'rusak', 'negative')]",[A] shower nya [O] rusak [S] negative,mobil nya peduli .,"[('mobil nya', 'peduli', 'positive')]",[A] mobil nya [O] peduli [S] positive,True
ASO,shower nya rusak .,"[('shower nya', 'rusak', 'negative')]",[A] shower nya [S] negative [O] rusak,mobil nya peduli .,"[('mobil nya', 'peduli', 'positive')]",[A] mobil nya [S] positive [O] peduli,True
SAO,shower nya rusak .,"[('shower nya', 'rusak', 'negative')]",[S] negative [A] shower nya [O] rusak,mobil nya peduli .,"[('mobil nya', 'peduli', 'positive')]",[S] positive [A] mobil nya [O] peduli,True
OAS,shower nya rusak .,"[('shower nya', 'rusak', 'negative')]",[O] rusak [A] shower nya [S] negative,mobil nya peduli .,"[('mobil nya', 'peduli', 'positive')]",[O] peduli [A] mobil nya [S] positive,True
OSA,shower nya rusak .,"[('shower nya', 'rusak', 'negative')]",[O] rusak [S] negative [A] shower nya,mobil nya peduli .,"[('mobil nya', 'peduli', 'positive')]",[O] peduli [S] positive [A] mobil nya,True
AOS,sudah 2 kali menginap disana dan pelayanannya memuaskan .,"[('pelayanannya', 'memuaskan', 'positive')]",[A] pelayanannya [O] memuaskan [S] positive,sudah 2 kali menginap disana dan tiang listrik tidak enak .,"[('tiang listrik', 'tidak enak', 'negative')]",[A] tiang listrik [O] tidak enak [S] negative,True
ASO,sudah 2 kali menginap disana dan pelayanannya memuaskan .,"[('pelayanannya', 'memuaskan', 'positive')]",[A] pelayanannya [S] positive [O] memuaskan,sudah 2 kali menginap disana dan tiang listrik tidak enak .,"[('tiang listrik', 'tidak enak', 'negative')]",[A] tiang listrik [S] negative [O] tidak enak,True
SAO,sudah 2 kali menginap disana dan pelayanannya memuaskan .,"[('pelayanannya', 'memuaskan', 'positive')]",[S] positive [A] pelayanannya [O] memuaskan,sudah 2 kali menginap disana dan tiang listrik tidak enak .,"[('tiang listrik', 'tidak enak', 'negative')]",[S] negative [A] tiang listrik [O] tidak enak,True
OAS,sudah 2 kali menginap disana dan pelayanannya memuaskan .,"[('pelayanannya', 'memuaskan', 'positive')]",[O] memuaskan [A] pelayanannya [S] positive,sudah 2 kali menginap disana dan tiang listrik tidak enak .,"[('tiang listrik', 'tidak enak', 'negative')]",[O] tidak enak [A] tiang listrik [S] negative,True
OSA,sudah 2 kali menginap disana dan pelayanannya memuaskan .,"[('pelayanannya', 'memuaskan', 'positive')]",[O] memuaskan [S] positive [A] pelayanannya,sudah 2 kali menginap disana dan tiang listrik tidak enak .,"[('tiang listrik', 'tidak enak', 'negative')]",[O] tidak enak [S] negative [A] tiang listrik,True
AOS,handuk cuma 1 .,"[('handuk', 'cuma 1', 'negative')]",[A] handuk [O] cuma 1 [S] negative,tanah cukup enak .,"[('tanah', 'cukup enak', 'positive')]",[A] tanah [O] cukup enak [S] positive,True
ASO,handuk cuma 1 .,"[('handuk', 'cuma 1', 'negative')]",[A] handuk [S] negative [O] cuma 1,tanah cukup enak .,"[('tanah', 'cukup enak', 'positive')]",[A] tanah [S] positive [O] cukup enak,True
SAO,handuk cuma 1 .,"[('handuk', 'cuma 1', 'negative')]",[S] negative [A] handuk [O] cuma 1,tanah cukup enak .,"[('tanah', 'cukup enak', 'positive')]",[S] positive [A] tanah [O] cukup enak,True
OAS,handuk cuma 1 .,"[('handuk', 'cuma 1', 'negative')]",[O] cuma 1 [A] handuk [S] negative,tanah cukup enak .,"[('tanah', 'cukup enak', 'positive')]",[O] cukup enak [A] tanah [S] positive,True
OSA,handuk cuma 1 .,"[('handuk', 'cuma 1', 'negative')]",[O] cuma 1 [S] negative [A] handuk,tanah cukup enak .,"[('tanah', 'cukup enak', 'positive')]",[O] cukup enak [S] positive [A] tanah,True
AOS,"proses check in nya lama , padahal sudah mau istirahat .","[('proses check in nya', 'lama', 'negative')]",[A] proses check in nya [O] lama [S] negative,"taman rumahnya cepat , padahal sudah mau istirahat .","[('taman rumahnya', 'cepat', 'positive')]",[A] taman rumahnya [O] cepat [S] positive,True
ASO,"proses check in nya lama , padahal sudah mau istirahat .","[('proses check in nya', 'lama', 'negative')]",[A] proses check in nya [S] negative [O] lama,"taman rumahnya cepat , padahal sudah mau istirahat .","[('taman rumahnya', 'cepat', 'positive')]",[A] taman rumahnya [S] positive [O] cepat,True
SAO,"proses check in nya lama , padahal sudah mau istirahat .","[('proses check in nya', 'lama', 'negative')]",[S] negative [A] proses check in nya [O] lama,"taman rumahnya cepat , padahal sudah mau istirahat .","[('taman rumahnya', 'cepat', 'positive')]",[S] positive [A] taman rumahnya [O] cepat,True
OAS,"proses check in nya lama , padahal sudah mau istirahat .","[('proses check in nya', 'lama', 'negative')]",[O] lama [A] proses check in nya [S] negative,"taman rumahnya cepat , padahal sudah mau istirahat .","[('taman rumahnya', 'cepat', 'positive')]",[O] cepat [A] taman rumahnya [S] positive,True
OSA,"proses check in nya lama , padahal sudah mau istirahat .","[('proses check in nya', 'lama', 'negative')]",[O] lama [S] negative [A] proses check in nya,"taman rumahnya cepat , padahal sudah mau istirahat .","[('taman rumahnya', 'cepat', 'positive')]",[O] cepat [S] positive [A] taman rumahnya,True
AOS,kamar mandi sempit .,"[('kamar mandi', 'sempit', 'negative')]",[A] kamar mandi [O] sempit [S] negative,pertambangannya sopan .,"[('pertambangannya', 'sopan', 'positive')]",[A] pertambangannya [O] sopan [S] positive,True
ASO,kamar mandi sempit .,"[('kamar mandi', 'sempit', 'negative')]",[A] kamar mandi [S] negative [O] sempit,pertambangannya sopan .,"[('pertambangannya', 'sopan', 'positive')]",[A] pertambangannya [S] positive [O] sopan,True
SAO,kamar mandi sempit .,"[('kamar mandi', 'sempit', 'negative')]",[S] negative [A] kamar mandi [O] sempit,pertambangannya sopan .,"[('pertambangannya', 'sopan', 'positive')]",[S] positive [A] pertambangannya [O] sopan,True
OAS,kamar mandi sempit .,"[('kamar mandi', 'sempit', 'negative')]",[O] sempit [A] kamar mandi [S] negative,pertambangannya sopan .,"[('pertambangannya', 'sopan', 'positive')]",[O] sopan [A] pertambangannya [S] positive,True
OSA,kamar mandi sempit .,"[('kamar mandi', 'sempit', 'negative')]",[O] sempit [S] negative [A] kamar mandi,pertambangannya sopan .,"[('pertambangannya', 'sopan', 'positive')]",[O] sopan [S] positive [A] pertambangannya,True
AOS,ac kurang dingin .,"[('ac', 'kurang dingin', 'negative')]",[A] ac [O] kurang dingin [S] negative,api lumayan wangi .,"[('api', 'lumayan wangi', 'positive')]",[A] api [O] lumayan wangi [S] positive,True
ASO,ac kurang dingin .,"[('ac', 'kurang dingin', 'negative')]",[A] ac [S] negative [O] kurang dingin,api lumayan wangi .,"[('api', 'lumayan wangi', 'positive')]",[A] api [S] positive [O] lumayan wangi,True
SAO,ac kurang dingin .,"[('ac', 'kurang dingin', 'negative')]",[S] negative [A] ac [O] kurang dingin,api lumayan wangi .,"[('api', 'lumayan wangi', 'positive')]",[S] positive [A] api [O] lumayan wangi,True
OAS,ac kurang dingin .,"[('ac', 'kurang dingin', 'negative')]",[O] kurang dingin [A] ac [S] negative,api lumayan wangi .,"[('api', 'lumayan wangi', 'positive')]",[O] lumayan wangi [A] api [S] positive,True
OSA,ac kurang dingin .,"[('ac', 'kurang dingin', 'negative')]",[O] kurang dingin [S] negative [A] ac,api lumayan wangi .,"[('api', 'lumayan wangi', 'positive')]",[O] lumayan wangi [S] positive [A] api,True
AOS,"setiap mau check in pasti dihotel ini , karena pelayanannya sangat baik .","[('pelayanannya', 'sangat baik', 'positive')]",[A] pelayanannya [O] sangat baik [S] positive,"setiap mau check in pasti dihotel ini , karena peliharaan sangat keras .","[('peliharaan', 'sangat keras', 'negative')]",[A] peliharaan [O] sangat keras [S] negative,True
ASO,"setiap mau check in pasti dihotel ini , karena pelayanannya sangat baik .","[('pelayanannya', 'sangat baik', 'positive')]",[A] pelayanannya [S] positive [O] sangat baik,"setiap mau check in pasti dihotel ini , karena peliharaan sangat keras .","[('peliharaan', 'sangat keras', 'negative')]",[A] peliharaan [S] negative [O] sangat keras,True
SAO,"setiap mau check in pasti dihotel ini , karena pelayanannya sangat baik .","[('pelayanannya', 'sangat baik', 'positive')]",[S] positive [A] pelayanannya [O] sangat baik,"setiap mau check in pasti dihotel ini , karena peliharaan sangat keras .","[('peliharaan', 'sangat keras', 'negative')]",[S] negative [A] peliharaan [O] sangat keras,True
OAS,"setiap mau check in pasti dihotel ini , karena pelayanannya sangat baik .","[('pelayanannya', 'sangat baik', 'positive')]",[O] sangat baik [A] pelayanannya [S] positive,"setiap mau check in pasti dihotel ini , karena peliharaan sangat keras .","[('peliharaan', 'sangat keras', 'negative')]",[O] sangat keras [A] peliharaan [S] negative,True
OSA,"setiap mau check in pasti dihotel ini , karena pelayanannya sangat baik .","[('pelayanannya', 'sangat baik', 'positive')]",[O] sangat baik [S] positive [A] pelayanannya,"setiap mau check in pasti dihotel ini , karena peliharaan sangat keras .","[('peliharaan', 'sangat keras', 'negative')]",[O] sangat keras [S] negative [A] peliharaan,True
AOS,hanya saja ruangan terlalu sempit .,"[('ruangan', 'terlalu sempit', 'negative')]",[A] ruangan [O] terlalu sempit [S] negative,hanya saja amplop lincah sekali .,"[('amplop', 'lincah sekali', 'positive')]",[A] amplop [O] lincah sekali [S] positive,True
ASO,hanya saja ruangan terlalu sempit .,"[('ruangan', 'terlalu sempit', 'negative')]",[A] ruangan [S] negative [O] terlalu sempit,hanya saja amplop lincah sekali .,"[('amplop', 'lincah sekali', 'positive')]",[A] amplop [S] positive [O] lincah sekali,True
SAO,hanya saja ruangan terlalu sempit .,"[('ruangan', 'terlalu sempit', 'negative')]",[S] negative [A] ruangan [O] terlalu sempit,hanya saja amplop lincah sekali .,"[('amplop', 'lincah sekali', 'positive')]",[S] positive [A] amplop [O] lincah sekali,True
OAS,hanya saja ruangan terlalu sempit .,"[('ruangan', 'terlalu sempit', 'negative')]",[O] terlalu sempit [A] ruangan [S] negative,hanya saja amplop lincah sekali .,"[('amplop', 'lincah sekali', 'positive')]",[O] lincah sekali [A] amplop [S] positive,True
OSA,hanya saja ruangan terlalu sempit .,"[('ruangan', 'terlalu sempit', 'negative')]",[O] terlalu sempit [S] negative [A] ruangan,hanya saja amplop lincah sekali .,"[('amplop', 'lincah sekali', 'positive')]",[O] lincah sekali [S] positive [A] amplop,True
AOS,"bagus tempatnya , dekat rumah makan .","[('tempatnya', 'bagus', 'positive')]",[A] tempatnya [O] bagus [S] positive,"sedih emasnya , dekat rumah makan .","[('emasnya', 'sedih', 'negative')]",[A] emasnya [O] sedih [S] negative,True
ASO,"bagus tempatnya , dekat rumah makan .","[('tempatnya', 'bagus', 'positive')]",[A] tempatnya [S] positive [O] bagus,"sedih emasnya , dekat rumah makan .","[('emasnya', 'sedih', 'negative')]",[A] emasnya [S] negative [O] sedih,True
SAO,"bagus tempatnya , dekat rumah makan .","[('tempatnya', 'bagus', 'positive')]",[S] positive [A] tempatnya [O] bagus,"sedih emasnya , dekat rumah makan .","[('emasnya', 'sedih', 'negative')]",[S] negative [A] emasnya [O] sedih,True
OAS,"bagus tempatnya , dekat rumah makan .","[('tempatnya', 'bagus', 'positive')]",[O] bagus [A] tempatnya [S] positive,"sedih emasnya , dekat rumah makan .","[('emasnya', 'sedih', 'negative')]",[O] sedih [A] emasnya [S] negative,True
OSA,"bagus tempatnya , dekat rumah makan .","[('tempatnya', 'bagus', 'positive')]",[O] bagus [S] positive [A] tempatnya,"sedih emasnya , dekat rumah makan .","[('emasnya', 'sedih', 'negative')]",[O] sedih [S] negative [A] emasnya,True
AOS,"kamar tidak sesuai gambar , tidak bersih .","[('kamar', 'tidak sesuai gambar', 'negative'), ('kamar', 'tidak bersih', 'negative')]",[A] kamar [O] tidak sesuai gambar [S] negative [SSEP] [A] kamar [O] tidak bersih [S] negative,"kopi cerdik sekali , sangat modis .","[('kopi', 'cerdik sekali', 'positive'), ('kopi', 'sangat modis', 'positive')]",[A] kopi [O] cerdik sekali [S] positive [SSEP] [A] kopi [O] sangat modis [S] positive,True
ASO,"kamar tidak sesuai gambar , tidak bersih .","[('kamar', 'tidak sesuai gambar', 'negative'), ('kamar', 'tidak bersih', 'negative')]",[A] kamar [S] negative [O] tidak sesuai gambar [SSEP] [A] kamar [S] negative [O] tidak bersih,"kopi cerdik sekali , sangat modis .","[('kopi', 'cerdik sekali', 'positive'), ('kopi', 'sangat modis', 'positive')]",[A] kopi [S] positive [O] cerdik sekali [SSEP] [A] kopi [S] positive [O] sangat modis,True
SAO,"kamar tidak sesuai gambar , tidak bersih .","[('kamar', 'tidak sesuai gambar', 'negative'), ('kamar', 'tidak bersih', 'negative')]",[S] negative [A] kamar [O] tidak sesuai gambar [SSEP] [S] negative [A] kamar [O] tidak bersih,"kopi cerdik sekali , sangat modis .","[('kopi', 'cerdik sekali', 'positive'), ('kopi', 'sangat modis', 'positive')]",[S] positive [A] kopi [O] cerdik sekali [SSEP] [S] positive [A] kopi [O] sangat modis,True
OAS,"kamar tidak sesuai gambar , tidak bersih .","[('kamar', 'tidak sesuai gambar', 'negative'), ('kamar', 'tidak bersih', 'negative')]",[O] tidak sesuai gambar [A] kamar [S] negative [SSEP] [O] tidak bersih [A] kamar [S] negative,"kopi cerdik sekali , sangat modis .","[('kopi', 'cerdik sekali', 'positive'), ('kopi', 'sangat modis', 'positive')]",[O] cerdik sekali [A] kopi [S] positive [SSEP] [O] sangat modis [A] kopi [S] positive,True
OSA,"kamar tidak sesuai gambar , tidak bersih .","[('kamar', 'tidak sesuai gambar', 'negative'), ('kamar', 'tidak bersih', 'negative')]",[O] tidak sesuai gambar [S] negative [A] kamar [SSEP] [O] tidak bersih [S] negative [A] kamar,"kopi cerdik sekali , sangat modis .","[('kopi', 'cerdik sekali', 'positive'), ('kopi', 'sangat modis', 'positive')]",[O] cerdik sekali [S] positive [A] kopi [SSEP] [O] sangat modis [S] positive [A] kopi,True
AOS,kamar bersih . ac kurang dingin .,"[('kamar', 'bersih', 'positive'), ('ac', 'kurang dingin', 'negative')]",[A] kamar [O] bersih [S] positive [SSEP] [A] ac [O] kurang dingin [S] negative,pohon gelap . motor cukup matang .,"[('pohon', 'gelap', 'negative'), ('motor', 'cukup matang', 'positive')]",[A] pohon [O] gelap [S] negative [SSEP] [A] motor [O] cukup matang [S] positive,True
ASO,kamar bersih . ac kurang dingin .,"[('kamar', 'bersih', 'positive'), ('ac', 'kurang dingin', 'negative')]",[A] kamar [S] positive [O] bersih [SSEP] [A] ac [S] negative [O] kurang dingin,pohon gelap . motor cukup matang .,"[('pohon', 'gelap', 'negative'), ('motor', 'cukup matang', 'positive')]",[A] pohon [S] negative [O] gelap [SSEP] [A] motor [S] positive [O] cukup matang,True
SAO,kamar bersih . ac kurang dingin .,"[('kamar', 'bersih', 'positive'), ('ac', 'kurang dingin', 'negative')]",[S] positive [A] kamar [O] bersih [SSEP] [S] negative [A] ac [O] kurang dingin,pohon gelap . motor cukup matang .,"[('pohon', 'gelap', 'negative'), ('motor', 'cukup matang', 'positive')]",[S] negative [A] pohon [O] gelap [SSEP] [S] positive [A] motor [O] cukup matang,True
OAS,kamar bersih . ac kurang dingin .,"[('kamar', 'bersih', 'positive'), ('ac', 'kurang dingin', 'negative')]",[O] bersih [A] kamar [S] positive [SSEP] [O] kurang dingin [A] ac [S] negative,pohon gelap . motor cukup matang .,"[('pohon', 'gelap', 'negative'), ('motor', 'cukup matang', 'positive')]",[O] gelap [A] pohon [S] negative [SSEP] [O] cukup matang [A] motor [S] positive,True
OSA,kamar bersih . ac kurang dingin .,"[('kamar', 'bersih', 'positive'), ('ac', 'kurang dingin', 'negative')]",[O] bersih [S] positive [A] kamar [SSEP] [O] kurang dingin [S] negative [A] ac,pohon gelap . motor cukup matang .,"[('pohon', 'gelap', 'negative'), ('motor', 'cukup matang', 'positive')]",[O] gelap [S] negative [A] pohon [SSEP] [O] cukup matang [S] positive [A] motor,True
AOS,tempatnya nyaman bersih .,"[('tempatnya', 'nyaman', 'positive'), ('tempatnya', 'bersih', 'positive')]",[A] tempatnya [O] nyaman [S] positive [SSEP] [A] tempatnya [O] bersih [S] positive,pakarnya lapuk rapuh .,"[('pakarnya', 'lapuk', 'negative'), ('pakarnya', 'rapuh', 'negative')]",[A] pakarnya [O] lapuk [S] negative [SSEP] [A] pakarnya [O] rapuh [S] negative,True
ASO,tempatnya nyaman bersih .,"[('tempatnya', 'nyaman', 'positive'), ('tempatnya', 'bersih', 'positive')]",[A] tempatnya [S] positive [O] nyaman [SSEP] [A] tempatnya [S] positive [O] bersih,pakarnya lapuk rapuh .,"[('pakarnya', 'lapuk', 'negative'), ('pakarnya', 'rapuh', 'negative')]",[A] pakarnya [S] negative [O] lapuk [SSEP] [A] pakarnya [S] negative [O] rapuh,True
SAO,tempatnya nyaman bersih .,"[('tempatnya', 'nyaman', 'positive'), ('tempatnya', 'bersih', 'positive')]",[S] positive [A] tempatnya [O] nyaman [SSEP] [S] positive [A] tempatnya [O] bersih,pakarnya lapuk rapuh .,"[('pakarnya', 'lapuk', 'negative'), ('pakarnya', 'rapuh', 'negative')]",[S] negative [A] pakarnya [O] lapuk [SSEP] [S] negative [A] pakarnya [O] rapuh,True
OAS,tempatnya nyaman bersih .,"[('tempatnya', 'nyaman', 'positive'), ('tempatnya', 'bersih', 'positive')]",[O] nyaman [A] tempatnya [S] positive [SSEP] [O] bersih [A] tempatnya [S] positive,pakarnya lapuk rapuh .,"[('pakarnya', 'lapuk', 'negative'), ('pakarnya', 'rapuh', 'negative')]",[O] lapuk [A] pakarnya [S] negative [SSEP] [O] rapuh [A] pakarnya [S] negative,True
OSA,tempatnya nyaman bersih .,"[('tempatnya', 'nyaman', 'positive'), ('tempatnya', 'bersih', 'positive')]",[O] nyaman [S] positive [A] tempatnya [SSEP] [O] bersih [S] positive [A] tempatnya,pakarnya lapuk rapuh .,"[('pakarnya', 'lapuk', 'negative'), ('pakarnya', 'rapuh', 'negative')]",[O] lapuk [S] negative [A] pakarnya [SSEP] [O] rapuh [S] negative [A] pakarnya,True
AOS,"tempatnya strategis , kamarnya sangat bagus .","[('tempatnya', 'strategis', 'positive'), ('kamarnya', 'sangat bagus', 'positive')]",[A] tempatnya [O] strategis [S] positive [SSEP] [A] kamarnya [O] sangat bagus [S] positive,"pasaknya busuk , tisunya sangat pelit .","[('pasaknya', 'busuk', 'negative'), ('tisunya', 'sangat pelit', 'positive')]",[A] pasaknya [O] busuk [S] negative [SSEP] [A] tisunya [O] sangat pelit [S] positive,True
ASO,"tempatnya strategis , kamarnya sangat bagus .","[('tempatnya', 'strategis', 'positive'), ('kamarnya', 'sangat bagus', 'positive')]",[A] tempatnya [S] positive [O] strategis [SSEP] [A] kamarnya [S] positive [O] sangat bagus,"pasaknya busuk , tisunya sangat pelit .","[('pasaknya', 'busuk', 'negative'), ('tisunya', 'sangat pelit', 'positive')]",[A] pasaknya [S] negative [O] busuk [SSEP] [A] tisunya [S] positive [O] sangat pelit,True
SAO,"tempatnya strategis , kamarnya sangat bagus .","[('tempatnya', 'strategis', 'positive'), ('kamarnya', 'sangat bagus', 'positive')]",[S] positive [A] tempatnya [O] strategis [SSEP] [S] positive [A] kamarnya [O] sangat bagus,"pasaknya busuk , tisunya sangat pelit .","[('pasaknya', 'busuk', 'negative'), ('tisunya', 'sangat pelit', 'positive')]",[S] negative [A] pasaknya [O] busuk [SSEP] [S] positive [A] tisunya [O] sangat pelit,True
OAS,"tempatnya strategis , kamarnya sangat bagus .","[('tempatnya', 'strategis', 'positive'), ('kamarnya', 'sangat bagus', 'positive')]",[O] strategis [A] tempatnya [S] positive [SSEP] [O] sangat bagus [A] kamarnya [S] positive,"pasaknya busuk , tisunya sangat pelit .","[('pasaknya', 'busuk', 'negative'), ('tisunya', 'sangat pelit', 'positive')]",[O] busuk [A] pasaknya [S] negative [SSEP] [O] sangat pelit [A] tisunya [S] positive,True
OSA,"tempatnya strategis , kamarnya sangat bagus .","[('tempatnya', 'strategis', 'positive'), ('kamarnya', 'sangat bagus', 'positive')]",[O] strategis [S] positive [A] tempatnya [SSEP] [O] sangat bagus [S] positive [A] kamarnya,"pasaknya busuk , tisunya sangat pelit .","[('pasaknya', 'busuk', 'negative'), ('tisunya', 'sangat pelit', 'positive')]",[O] busuk [S] negative [A] pasaknya [SSEP] [O] sangat pelit [S] positive [A] tisunya,True
AOS,"kamar bersih , kamar mandi bersih .","[('kamar', 'bersih', 'positive'), ('kamar mandi', 'bersih', 'positive')]",[A] kamar [O] bersih [S] positive [SSEP] [A] kamar mandi [O] bersih [S] positive,"kabel malas , sepatu bola galak .","[('kabel', 'malas', 'negative'), ('sepatu bola', 'galak', 'negative')]",[A] kabel [O] malas [S] negative [SSEP] [A] sepatu bola [O] galak [S] negative,True
ASO,"kamar bersih , kamar mandi bersih .","[('kamar', 'bersih', 'positive'), ('kamar mandi', 'bersih', 'positive')]",[A] kamar [S] positive [O] bersih [SSEP] [A] kamar mandi [S] positive [O] bersih,"kabel malas , sepatu bola galak .","[('kabel', 'malas', 'negative'), ('sepatu bola', 'galak', 'negative')]",[A] kabel [S] negative [O] malas [SSEP] [A] sepatu bola [S] negative [O] galak,True
SAO,"kamar bersih , kamar mandi bersih .","[('kamar', 'bersih', 'positive'), ('kamar mandi', 'bersih', 'positive')]",[S] positive [A] kamar [O] bersih [SSEP] [S] positive [A] kamar mandi [O] bersih,"kabel malas , sepatu bola galak .","[('kabel', 'malas', 'negative'), ('sepatu bola', 'galak', 'negative')]",[S] negative [A] kabel [O] malas [SSEP] [S] negative [A] sepatu bola [O] galak,True
OAS,"kamar bersih , kamar mandi bersih .","[('kamar', 'bersih', 'positive'), ('kamar mandi', 'bersih', 'positive')]",[O] bersih [A] kamar [S] positive [SSEP] [O] bersih [A] kamar mandi [S] positive,"kabel malas , sepatu bola galak .","[('kabel', 'malas', 'negative'), ('sepatu bola', 'galak', 'negative')]",[O] malas [A] kabel [S] negative [SSEP] [O] galak [A] sepatu bola [S] negative,True
OSA,"kamar bersih , kamar mandi bersih .","[('kamar', 'bersih', 'positive'), ('kamar mandi', 'bersih', 'positive')]",[O] bersih [S] positive [A] kamar [SSEP] [O] bersih [S] positive [A] kamar mandi,"kabel malas , sepatu bola galak .","[('kabel', 'malas', 'negative'), ('sepatu bola', 'galak', 'negative')]",[O] malas [S] negative [A] kabel [SSEP] [O] galak [S] negative [A] sepatu bola,True
AOS,pelayanannya sangat baik dan memuaskan .,"[('pelayanannya', 'sangat baik', 'positive'), ('pelayanannya', 'memuaskan', 'positive')]",[A] pelayanannya [O] sangat baik [S] positive [SSEP] [A] pelayanannya [O] memuaskan [S] positive,perindustrian basi dan sombong .,"[('perindustrian', 'basi', 'negative'), ('perindustrian', 'sombong', 'negative')]",[A] perindustrian [O] basi [S] negative [SSEP] [A] perindustrian [O] sombong [S] negative,True
ASO,pelayanannya sangat baik dan memuaskan .,"[('pelayanannya', 'sangat baik', 'positive'), ('pelayanannya', 'memuaskan', 'positive')]",[A] pelayanannya [S] positive [O] sangat baik [SSEP] [A] pelayanannya [S] positive [O] memuaskan,perindustrian basi dan sombong .,"[('perindustrian', 'basi', 'negative'), ('perindustrian', 'sombong', 'negative')]",[A] perindustrian [S] negative [O] basi [SSEP] [A] perindustrian [S] negative [O] sombong,True
SAO,pelayanannya sangat baik dan memuaskan .,"[('pelayanannya', 'sangat baik', 'positive'), ('pelayanannya', 'memuaskan', 'positive')]",[S] positive [A] pelayanannya [O] sangat baik [SSEP] [S] positive [A] pelayanannya [O] memuaskan,perindustrian basi dan sombong .,"[('perindustrian', 'basi', 'negative'), ('perindustrian', 'sombong', 'negative')]",[S] negative [A] perindustrian [O] basi [SSEP] [S] negative [A] perindustrian [O] sombong,True
OAS,pelayanannya sangat baik dan memuaskan .,"[('pelayanannya', 'sangat baik', 'positive'), ('pelayanannya', 'memuaskan', 'positive')]",[O] sangat baik [A] pelayanannya [S] positive [SSEP] [O] memuaskan [A] pelayanannya [S] positive,perindustrian basi dan sombong .,"[('perindustrian', 'basi', 'negative'), ('perindustrian', 'sombong', 'negative')]",[O] basi [A] perindustrian [S] negative [SSEP] [O] sombong [A] perindustrian [S] negative,True
OSA,pelayanannya sangat baik dan memuaskan .,"[('pelayanannya', 'sangat baik', 'positive'), ('pelayanannya', 'memuaskan', 'positive')]",[O] sangat baik [S] positive [A] pelayanannya [SSEP] [O] memuaskan [S] positive [A] pelayanannya,perindustrian basi dan sombong .,"[('perindustrian', 'basi', 'negative'), ('perindustrian', 'sombong', 'negative')]",[O] basi [S] negative [A] perindustrian [SSEP] [O] sombong [S] negative [A] perindustrian,True
AOS,kamarnya bersih pelayanannya ramah .,"[('kamarnya', 'bersih', 'positive'), ('pelayanannya', 'ramah', 'positive')]",[A] kamarnya [O] bersih [S] positive [SSEP] [A] pelayanannya [O] ramah [S] positive,pembangunan kotor kemejanya lelet .,"[('pembangunan', 'kotor', 'negative'), ('kemejanya', 'lelet', 'negative')]",[A] pembangunan [O] kotor [S] negative [SSEP] [A] kemejanya [O] lelet [S] negative,True
ASO,kamarnya bersih pelayanannya ramah .,"[('kamarnya', 'bersih', 'positive'), ('pelayanannya', 'ramah', 'positive')]",[A] kamarnya [S] positive [O] bersih [SSEP] [A] pelayanannya [S] positive [O] ramah,pembangunan kotor kemejanya lelet .,"[('pembangunan', 'kotor', 'negative'), ('kemejanya', 'lelet', 'negative')]",[A] pembangunan [S] negative [O] kotor [SSEP] [A] kemejanya [S] negative [O] lelet,True
SAO,kamarnya bersih pelayanannya ramah .,"[('kamarnya', 'bersih', 'positive'), ('pelayanannya', 'ramah', 'positive')]",[S] positive [A] kamarnya [O] bersih [SSEP] [S] positive [A] pelayanannya [O] ramah,pembangunan kotor kemejanya lelet .,"[('pembangunan', 'kotor', 'negative'), ('kemejanya', 'lelet', 'negative')]",[S] negative [A] pembangunan [O] kotor [SSEP] [S] negative [A] kemejanya [O] lelet,True
OAS,kamarnya bersih pelayanannya ramah .,"[('kamarnya', 'bersih', 'positive'), ('pelayanannya', 'ramah', 'positive')]",[O] bersih [A] kamarnya [S] positive [SSEP] [O] ramah [A] pelayanannya [S] positive,pembangunan kotor kemejanya lelet .,"[('pembangunan', 'kotor', 'negative'), ('kemejanya', 'lelet', 'negative')]",[O] kotor [A] pembangunan [S] negative [SSEP] [O] lelet [A] kemejanya [S] negative,True
OSA,kamarnya bersih pelayanannya ramah .,"[('kamarnya', 'bersih', 'positive'), ('pelayanannya', 'ramah', 'positive')]",[O] bersih [S] positive [A] kamarnya [SSEP] [O] ramah [S] positive [A] pelayanannya,pembangunan kotor kemejanya lelet .,"[('pembangunan', 'kotor', 'negative'), ('kemejanya', 'lelet', 'negative')]",[O] kotor [S] negative [A] pembangunan [SSEP] [O] lelet [S] negative [A] kemejanya,True
AOS,"pelayanan ramah dan kamar bersih , selalu airy jadi pilihan saya .","[('pelayanan', 'ramah', 'positive'), ('kamar', 'bersih', 'positive')]",[A] pelayanan [O] ramah [S] positive [SSEP] [A] kamar [O] bersih [S] positive,"penggaris lemot dan supir rapuh , selalu airy jadi pilihan saya .","[('penggaris', 'lemot', 'negative'), ('supir', 'rapuh', 'negative')]",[A] penggaris [O] lemot [S] negative [SSEP] [A] supir [O] rapuh [S] negative,True
ASO,"pelayanan ramah dan kamar bersih , selalu airy jadi pilihan saya .","[('pelayanan', 'ramah', 'positive'), ('kamar', 'bersih', 'positive')]",[A] pelayanan [S] positive [O] ramah [SSEP] [A] kamar [S] positive [O] bersih,"penggaris lemot dan supir rapuh , selalu airy jadi pilihan saya .","[('penggaris', 'lemot', 'negative'), ('supir', 'rapuh', 'negative')]",[A] penggaris [S] negative [O] lemot [SSEP] [A] supir [S] negative [O] rapuh,True
SAO,"pelayanan ramah dan kamar bersih , selalu airy jadi pilihan saya .","[('pelayanan', 'ramah', 'positive'), ('kamar', 'bersih', 'positive')]",[S] positive [A] pelayanan [O] ramah [SSEP] [S] positive [A] kamar [O] bersih,"penggaris lemot dan supir rapuh , selalu airy jadi pilihan saya .","[('penggaris', 'lemot', 'negative'), ('supir', 'rapuh', 'negative')]",[S] negative [A] penggaris [O] lemot [SSEP] [S] negative [A] supir [O] rapuh,True
OAS,"pelayanan ramah dan kamar bersih , selalu airy jadi pilihan saya .","[('pelayanan', 'ramah', 'positive'), ('kamar', 'bersih', 'positive')]",[O] ramah [A] pelayanan [S] positive [SSEP] [O] bersih [A] kamar [S] positive,"penggaris lemot dan supir rapuh , selalu airy jadi pilihan saya .","[('penggaris', 'lemot', 'negative'), ('supir', 'rapuh', 'negative')]",[O] lemot [A] penggaris [S] negative [SSEP] [O] rapuh [A] supir [S] negative,True
OSA,"pelayanan ramah dan kamar bersih , selalu airy jadi pilihan saya .","[('pelayanan', 'ramah', 'positive'), ('kamar', 'bersih', 'positive')]",[O] ramah [S] positive [A] pelayanan [SSEP] [O] bersih [S] positive [A] kamar,"penggaris lemot dan supir rapuh , selalu airy jadi pilihan saya .","[('penggaris', 'lemot', 'negative'), ('supir', 'rapuh', 'negative')]",[O] lemot [S] negative [A] penggaris [SSEP] [O] rapuh [S] negative [A] supir,True
AOS,"kamarnya kurang nyaman , kurang bersih .","[('kamarnya', 'kurang nyaman', 'negative'), ('kamarnya', 'kurang bersih', 'negative')]",[A] kamarnya [O] kurang nyaman [S] negative [SSEP] [A] kamarnya [O] kurang bersih [S] negative,"mobil balap sangat lezat , cukup berani .","[('mobil balap', 'sangat lezat', 'positive'), ('mobil balap', 'cukup berani', 'positive')]",[A] mobil balap [O] sangat lezat [S] positive [SSEP] [A] mobil balap [O] cukup berani [S] positive,True
ASO,"kamarnya kurang nyaman , kurang bersih .","[('kamarnya', 'kurang nyaman', 'negative'), ('kamarnya', 'kurang bersih', 'negative')]",[A] kamarnya [S] negative [O] kurang nyaman [SSEP] [A] kamarnya [S] negative [O] kurang bersih,"mobil balap sangat lezat , cukup berani .","[('mobil balap', 'sangat lezat', 'positive'), ('mobil balap', 'cukup berani', 'positive')]",[A] mobil balap [S] positive [O] sangat lezat [SSEP] [A] mobil balap [S] positive [O] cukup berani,True
SAO,"kamarnya kurang nyaman , kurang bersih .","[('kamarnya', 'kurang nyaman', 'negative'), ('kamarnya', 'kurang bersih', 'negative')]",[S] negative [A] kamarnya [O] kurang nyaman [SSEP] [S] negative [A] kamarnya [O] kurang bersih,"mobil balap sangat lezat , cukup berani .","[('mobil balap', 'sangat lezat', 'positive'), ('mobil balap', 'cukup berani', 'positive')]",[S] positive [A] mobil balap [O] sangat lezat [SSEP] [S] positive [A] mobil balap [O] cukup berani,True
OAS,"kamarnya kurang nyaman , kurang bersih .","[('kamarnya', 'kurang nyaman', 'negative'), ('kamarnya', 'kurang bersih', 'negative')]",[O] kurang nyaman [A] kamarnya [S] negative [SSEP] [O] kurang bersih [A] kamarnya [S] negative,"mobil balap sangat lezat , cukup berani .","[('mobil balap', 'sangat lezat', 'positive'), ('mobil balap', 'cukup berani', 'positive')]",[O] sangat lezat [A] mobil balap [S] positive [SSEP] [O] cukup berani [A] mobil balap [S] positive,True
OSA,"kamarnya kurang nyaman , kurang bersih .","[('kamarnya', 'kurang nyaman', 'negative'), ('kamarnya', 'kurang bersih', 'negative')]",[O] kurang nyaman [S] negative [A] kamarnya [SSEP] [O] kurang bersih [S] negative [A] kamarnya,"mobil balap sangat lezat , cukup berani .","[('mobil balap', 'sangat lezat', 'positive'), ('mobil balap', 'cukup berani', 'positive')]",[O] sangat lezat [S] positive [A] mobil balap [SSEP] [O] cukup berani [S] positive [A] mobil balap,True
AOS,"air panas tidak berfungsi , kebersihan kamar kurang .","[('air panas', 'tidak berfungsi', 'negative'), ('kebersihan kamar', 'kurang', 'negative')]",[A] air panas [O] tidak berfungsi [S] negative [SSEP] [A] kebersihan kamar [O] kurang [S] negative,"mesinnya ramah sekali , gedung kuliahnya cepat .","[('mesinnya', 'ramah sekali', 'positive'), ('gedung kuliahnya', 'cepat', 'positive')]",[A] mesinnya [O] ramah sekali [S] positive [SSEP] [A] gedung kuliahnya [O] cepat [S] positive,True
ASO,"air panas tidak berfungsi , kebersihan kamar kurang .","[('air panas', 'tidak berfungsi', 'negative'), ('kebersihan kamar', 'kurang', 'negative')]",[A] air panas [S] negative [O] tidak berfungsi [SSEP] [A] kebersihan kamar [S] negative [O] kurang,"mesinnya ramah sekali , gedung kuliahnya cepat .","[('mesinnya', 'ramah sekali', 'positive'), ('gedung kuliahnya', 'cepat', 'positive')]",[A] mesinnya [S] positive [O] ramah sekali [SSEP] [A] gedung kuliahnya [S] positive [O] cepat,True
SAO,"air panas tidak berfungsi , kebersihan kamar kurang .","[('air panas', 'tidak berfungsi', 'negative'), ('kebersihan kamar', 'kurang', 'negative')]",[S] negative [A] air panas [O] tidak berfungsi [SSEP] [S] negative [A] kebersihan kamar [O] kurang,"mesinnya ramah sekali , gedung kuliahnya cepat .","[('mesinnya', 'ramah sekali', 'positive'), ('gedung kuliahnya', 'cepat', 'positive')]",[S] positive [A] mesinnya [O] ramah sekali [SSEP] [S] positive [A] gedung kuliahnya [O] cepat,True
OAS,"air panas tidak berfungsi , kebersihan kamar kurang .","[('air panas', 'tidak berfungsi', 'negative'), ('kebersihan kamar', 'kurang', 'negative')]",[O] tidak berfungsi [A] air panas [S] negative [SSEP] [O] kurang [A] kebersihan kamar [S] negative,"mesinnya ramah sekali , gedung kuliahnya cepat .","[('mesinnya', 'ramah sekali', 'positive'), ('gedung kuliahnya', 'cepat', 'positive')]",[O] ramah sekali [A] mesinnya [S] positive [SSEP] [O] cepat [A] gedung kuliahnya [S] positive,True
OSA,"air panas tidak berfungsi , kebersihan kamar kurang .","[('air panas', 'tidak berfungsi', 'negative'), ('kebersihan kamar', 'kurang', 'negative')]",[O] tidak berfungsi [S] negative [A] air panas [SSEP] [O] kurang [S] negative [A] kebersihan kamar,"mesinnya ramah sekali , gedung kuliahnya cepat .","[('mesinnya', 'ramah sekali', 'positive'), ('gedung kuliahnya', 'cepat', 'positive')]",[O] ramah sekali [S] positive [A] mesinnya [SSEP] [O] cepat [S] positive [A] gedung kuliahnya,True
AOS,suasana tenang dan nyaman .,"[('suasana', 'tenang', 'positive'), ('suasana', 'nyaman', 'positive')]",[A] suasana [O] tenang [S] positive [SSEP] [A] suasana [O] nyaman [S] positive,mobilnya beku dan gerah .,"[('mobilnya', 'beku', 'negative'), ('mobilnya', 'gerah', 'negative')]",[A] mobilnya [O] beku [S] negative [SSEP] [A] mobilnya [O] gerah [S] negative,True
ASO,suasana tenang dan nyaman .,"[('suasana', 'tenang', 'positive'), ('suasana', 'nyaman', 'positive')]",[A] suasana [S] positive [O] tenang [SSEP] [A] suasana [S] positive [O] nyaman,mobilnya beku dan gerah .,"[('mobilnya', 'beku', 'negative'), ('mobilnya', 'gerah', 'negative')]",[A] mobilnya [S] negative [O] beku [SSEP] [A] mobilnya [S] negative [O] gerah,True
SAO,suasana tenang dan nyaman .,"[('suasana', 'tenang', 'positive'), ('suasana', 'nyaman', 'positive')]",[S] positive [A] suasana [O] tenang [SSEP] [S] positive [A] suasana [O] nyaman,mobilnya beku dan gerah .,"[('mobilnya', 'beku', 'negative'), ('mobilnya', 'gerah', 'negative')]",[S] negative [A] mobilnya [O] beku [SSEP] [S] negative [A] mobilnya [O] gerah,True
OAS,suasana tenang dan nyaman .,"[('suasana', 'tenang', 'positive'), ('suasana', 'nyaman', 'positive')]",[O] tenang [A] suasana [S] positive [SSEP] [O] nyaman [A] suasana [S] positive,mobilnya beku dan gerah .,"[('mobilnya', 'beku', 'negative'), ('mobilnya', 'gerah', 'negative')]",[O] beku [A] mobilnya [S] negative [SSEP] [O] gerah [A] mobilnya [S] negative,True
OSA,suasana tenang dan nyaman .,"[('suasana', 'tenang', 'positive'), ('suasana', 'nyaman', 'positive')]",[O] tenang [S] positive [A] suasana [SSEP] [O] nyaman [S] positive [A] suasana,mobilnya beku dan gerah .,"[('mobilnya', 'beku', 'negative'), ('mobilnya', 'gerah', 'negative')]",[O] beku [S] negative [A] mobilnya [SSEP] [O] gerah [S] negative [A] mobilnya,True
AOS,"ac kurang dingin . tetapi overall oke , akan stay disini lagi .","[('ac', 'kurang dingin', 'negative'), ('overall', 'oke', 'positive')]",[A] ac [O] kurang dingin [S] negative [SSEP] [A] overall [O] oke [S] positive,"tas sangat gurih . tetapi planet sakit , akan stay disini lagi .","[('tas', 'sangat gurih', 'positive'), ('planet', 'sakit', 'negative')]",[A] tas [O] sangat gurih [S] positive [SSEP] [A] planet [O] sakit [S] negative,True
ASO,"ac kurang dingin . tetapi overall oke , akan stay disini lagi .","[('ac', 'kurang dingin', 'negative'), ('overall', 'oke', 'positive')]",[A] ac [S] negative [O] kurang dingin [SSEP] [A] overall [S] positive [O] oke,"tas sangat gurih . tetapi planet sakit , akan stay disini lagi .","[('tas', 'sangat gurih', 'positive'), ('planet', 'sakit', 'negative')]",[A] tas [S] positive [O] sangat gurih [SSEP] [A] planet [S] negative [O] sakit,True
SAO,"ac kurang dingin . tetapi overall oke , akan stay disini lagi .","[('ac', 'kurang dingin', 'negative'), ('overall', 'oke', 'positive')]",[S] negative [A] ac [O] kurang dingin [SSEP] [S] positive [A] overall [O] oke,"tas sangat gurih . tetapi planet sakit , akan stay disini lagi .","[('tas', 'sangat gurih', 'positive'), ('planet', 'sakit', 'negative')]",[S] positive [A] tas [O] sangat gurih [SSEP] [S] negative [A] planet [O] sakit,True
OAS,"ac kurang dingin . tetapi overall oke , akan stay disini lagi .","[('ac', 'kurang dingin', 'negative'), ('overall', 'oke', 'positive')]",[O] kurang dingin [A] ac [S] negative [SSEP] [O] oke [A] overall [S] positive,"tas sangat gurih . tetapi planet sakit , akan stay disini lagi .","[('tas', 'sangat gurih', 'positive'), ('planet', 'sakit', 'negative')]",[O] sangat gurih [A] tas [S] positive [SSEP] [O] sakit [A] planet [S] negative,True
OSA,"ac kurang dingin . tetapi overall oke , akan stay disini lagi .","[('ac', 'kurang dingin', 'negative'), ('overall', 'oke', 'positive')]",[O] kurang dingin [S] negative [A] ac [SSEP] [O] oke [S] positive [A] overall,"tas sangat gurih . tetapi planet sakit , akan stay disini lagi .","[('tas', 'sangat gurih', 'positive'), ('planet', 'sakit', 'negative')]",[O] sangat gurih [S] positive [A] tas [SSEP] [O] sakit [S] negative [A] planet,True
AOS,"tempat tidur nyaman , kamar mandi oke .","[('tempat tidur', 'nyaman', 'positive'), ('kamar mandi', 'oke', 'positive')]",[A] tempat tidur [O] nyaman [S] positive [SSEP] [A] kamar mandi [O] oke [S] positive,"gula pasir sumbang , biologisnya pelit .","[('gula pasir', 'sumbang', 'negative'), ('biologisnya', 'pelit', 'negative')]",[A] gula pasir [O] sumbang [S] negative [SSEP] [A] biologisnya [O] pelit [S] negative,True
ASO,"tempat tidur nyaman , kamar mandi oke .","[('tempat tidur', 'nyaman', 'positive'), ('kamar mandi', 'oke', 'positive')]",[A] tempat tidur [S] positive [O] nyaman [SSEP] [A] kamar mandi [S] positive [O] oke,"gula pasir sumbang , biologisnya pelit .","[('gula pasir', 'sumbang', 'negative'), ('biologisnya', 'pelit', 'negative')]",[A] gula pasir [S] negative [O] sumbang [SSEP] [A] biologisnya [S] negative [O] pelit,True
SAO,"tempat tidur nyaman , kamar mandi oke .","[('tempat tidur', 'nyaman', 'positive'), ('kamar mandi', 'oke', 'positive')]",[S] positive [A] tempat tidur [O] nyaman [SSEP] [S] positive [A] kamar mandi [O] oke,"gula pasir sumbang , biologisnya pelit .","[('gula pasir', 'sumbang', 'negative'), ('biologisnya', 'pelit', 'negative')]",[S] negative [A] gula pasir [O] sumbang [SSEP] [S] negative [A] biologisnya [O] pelit,True
OAS,"tempat tidur nyaman , kamar mandi oke .","[('tempat tidur', 'nyaman', 'positive'), ('kamar mandi', 'oke', 'positive')]",[O] nyaman [A] tempat tidur [S] positive [SSEP] [O] oke [A] kamar mandi [S] positive,"gula pasir sumbang , biologisnya pelit .","[('gula pasir', 'sumbang', 'negative'), ('biologisnya', 'pelit', 'negative')]",[O] sumbang [A] gula pasir [S] negative [SSEP] [O] pelit [A] biologisnya [S] negative,True
OSA,"tempat tidur nyaman , kamar mandi oke .","[('tempat tidur', 'nyaman', 'positive'), ('kamar mandi', 'oke', 'positive')]",[O] nyaman [S] positive [A] tempat tidur [SSEP] [O] oke [S] positive [A] kamar mandi,"gula pasir sumbang , biologisnya pelit .","[('gula pasir', 'sumbang', 'negative'), ('biologisnya', 'pelit', 'negative')]",[O] sumbang [S] negative [A] gula pasir [SSEP] [O] pelit [S] negative [A] biologisnya,True
AOS,pelayanan resepsionis kurang . selebihnya oke .,"[('pelayanan resepsionis', 'kurang', 'negative'), ('selebihnya', 'oke', 'positive')]",[A] pelayanan resepsionis [O] kurang [S] negative [SSEP] [A] selebihnya [O] oke [S] positive,pesawat ulang aliknya manis . roketnya mual .,"[('pesawat ulang aliknya', 'manis', 'positive'), ('roketnya', 'mual', 'negative')]",[A] pesawat ulang aliknya [O] manis [S] positive [SSEP] [A] roketnya [O] mual [S] negative,True
ASO,pelayanan resepsionis kurang . selebihnya oke .,"[('pelayanan resepsionis', 'kurang', 'negative'), ('selebihnya', 'oke', 'positive')]",[A] pelayanan resepsionis [S] negative [O] kurang [SSEP] [A] selebihnya [S] positive [O] oke,pesawat ulang aliknya manis . roketnya mual .,"[('pesawat ulang aliknya', 'manis', 'positive'), ('roketnya', 'mual', 'negative')]",[A] pesawat ulang aliknya [S] positive [O] manis [SSEP] [A] roketnya [S] negative [O] mual,True
SAO,pelayanan resepsionis kurang . selebihnya oke .,"[('pelayanan resepsionis', 'kurang', 'negative'), ('selebihnya', 'oke', 'positive')]",[S] negative [A] pelayanan resepsionis [O] kurang [SSEP] [S] positive [A] selebihnya [O] oke,pesawat ulang aliknya manis . roketnya mual .,"[('pesawat ulang aliknya', 'manis', 'positive'), ('roketnya', 'mual', 'negative')]",[S] positive [A] pesawat ulang aliknya [O] manis [SSEP] [S] negative [A] roketnya [O] mual,True
OAS,pelayanan resepsionis kurang . selebihnya oke .,"[('pelayanan resepsionis', 'kurang', 'negative'), ('selebihnya', 'oke', 'positive')]",[O] kurang [A] pelayanan resepsionis [S] negative [SSEP] [O] oke [A] selebihnya [S] positive,pesawat ulang aliknya manis . roketnya mual .,"[('pesawat ulang aliknya', 'manis', 'positive'), ('roketnya', 'mual', 'negative')]",[O] manis [A] pesawat ulang aliknya [S] positive [SSEP] [O] mual [A] roketnya [S] negative,True
OSA,pelayanan resepsionis kurang . selebihnya oke .,"[('pelayanan resepsionis', 'kurang', 'negative'), ('selebihnya', 'oke', 'positive')]",[O] kurang [S] negative [A] pelayanan resepsionis [SSEP] [O] oke [S] positive [A] selebihnya,pesawat ulang aliknya manis . roketnya mual .,"[('pesawat ulang aliknya', 'manis', 'positive'), ('roketnya', 'mual', 'negative')]",[O] manis [S] positive [A] pesawat ulang aliknya [SSEP] [O] mual [S] negative [A] roketnya,True
AOS,"kamar tidak terawat , kamar mandi kurang bersih .","[('kamar', 'tidak terawat', 'negative'), ('kamar mandi', 'kurang bersih', 'negative')]",[A] kamar [O] tidak terawat [S] negative [SSEP] [A] kamar mandi [O] kurang bersih [S] negative,"kereta sangat gurih , kapal pesiar rendah hati .","[('kereta', 'sangat gurih', 'positive'), ('kapal pesiar', 'rendah hati', 'positive')]",[A] kereta [O] sangat gurih [S] positive [SSEP] [A] kapal pesiar [O] rendah hati [S] positive,True
ASO,"kamar tidak terawat , kamar mandi kurang bersih .","[('kamar', 'tidak terawat', 'negative'), ('kamar mandi', 'kurang bersih', 'negative')]",[A] kamar [S] negative [O] tidak terawat [SSEP] [A] kamar mandi [S] negative [O] kurang bersih,"kereta sangat gurih , kapal pesiar rendah hati .","[('kereta', 'sangat gurih', 'positive'), ('kapal pesiar', 'rendah hati', 'positive')]",[A] kereta [S] positive [O] sangat gurih [SSEP] [A] kapal pesiar [S] positive [O] rendah hati,True
SAO,"kamar tidak terawat , kamar mandi kurang bersih .","[('kamar', 'tidak terawat', 'negative'), ('kamar mandi', 'kurang bersih', 'negative')]",[S] negative [A] kamar [O] tidak terawat [SSEP] [S] negative [A] kamar mandi [O] kurang bersih,"kereta sangat gurih , kapal pesiar rendah hati .","[('kereta', 'sangat gurih', 'positive'), ('kapal pesiar', 'rendah hati', 'positive')]",[S] positive [A] kereta [O] sangat gurih [SSEP] [S] positive [A] kapal pesiar [O] rendah hati,True
OAS,"kamar tidak terawat , kamar mandi kurang bersih .","[('kamar', 'tidak terawat', 'negative'), ('kamar mandi', 'kurang bersih', 'negative')]",[O] tidak terawat [A] kamar [S] negative [SSEP] [O] kurang bersih [A] kamar mandi [S] negative,"kereta sangat gurih , kapal pesiar rendah hati .","[('kereta', 'sangat gurih', 'positive'), ('kapal pesiar', 'rendah hati', 'positive')]",[O] sangat gurih [A] kereta [S] positive [SSEP] [O] rendah hati [A] kapal pesiar [S] positive,True
OSA,"kamar tidak terawat , kamar mandi kurang bersih .","[('kamar', 'tidak terawat', 'negative'), ('kamar mandi', 'kurang bersih', 'negative')]",[O] tidak terawat [S] negative [A] kamar [SSEP] [O] kurang bersih [S] negative [A] kamar mandi,"kereta sangat gurih , kapal pesiar rendah hati .","[('kereta', 'sangat gurih', 'positive'), ('kapal pesiar', 'rendah hati', 'positive')]",[O] sangat gurih [S] positive [A] kereta [SSEP] [O] rendah hati [S] positive [A] kapal pesiar,True
AOS,hotelnya bagus bersih nyaman .,"[('hotelnya', 'bagus', 'positive'), ('hotelnya', 'bersih', 'positive'), ('hotelnya', 'nyaman', 'positive')]",[A] hotelnya [O] bagus [S] positive [SSEP] [A] hotelnya [O] bersih [S] positive [SSEP] [A] hotelnya [O] nyaman [S] positive,kapal galak malu kasar .,"[('kapal', 'galak', 'negative'), ('hotelnya', 'malu', 'negative'), ('hotelnya', 'kasar', 'negative')]",[A] kapal [O] galak [S] negative [SSEP] [A] hotelnya [O] malu [S] negative [SSEP] [A] hotelnya [O] kasar [S] negative,True
ASO,hotelnya bagus bersih nyaman .,"[('hotelnya', 'bagus', 'positive'), ('hotelnya', 'bersih', 'positive'), ('hotelnya', 'nyaman', 'positive')]",[A] hotelnya [S] positive [O] bagus [SSEP] [A] hotelnya [S] positive [O] bersih [SSEP] [A] hotelnya [S] positive [O] nyaman,kapal galak malu kasar .,"[('kapal', 'galak', 'negative'), ('hotelnya', 'malu', 'negative'), ('hotelnya', 'kasar', 'negative')]",[A] kapal [S] negative [O] galak [SSEP] [A] hotelnya [S] negative [O] malu [SSEP] [A] hotelnya [S] negative [O] kasar,True
SAO,hotelnya bagus bersih nyaman .,"[('hotelnya', 'bagus', 'positive'), ('hotelnya', 'bersih', 'positive'), ('hotelnya', 'nyaman', 'positive')]",[S] positive [A] hotelnya [O] bagus [SSEP] [S] positive [A] hotelnya [O] bersih [SSEP] [S] positive [A] hotelnya [O] nyaman,kapal galak malu kasar .,"[('kapal', 'galak', 'negative'), ('hotelnya', 'malu', 'negative'), ('hotelnya', 'kasar', 'negative')]",[S] negative [A] kapal [O] galak [SSEP] [S] negative [A] hotelnya [O] malu [SSEP] [S] negative [A] hotelnya [O] kasar,True
OAS,hotelnya bagus bersih nyaman .,"[('hotelnya', 'bagus', 'positive'), ('hotelnya', 'bersih', 'positive'), ('hotelnya', 'nyaman', 'positive')]",[O] bagus [A] hotelnya [S] positive [SSEP] [O] bersih [A] hotelnya [S] positive [SSEP] [O] nyaman [A] hotelnya [S] positive,kapal galak malu kasar .,"[('kapal', 'galak', 'negative'), ('hotelnya', 'malu', 'negative'), ('hotelnya', 'kasar', 'negative')]",[O] galak [A] kapal [S] negative [SSEP] [O] malu [A] hotelnya [S] negative [SSEP] [O] kasar [A] hotelnya [S] negative,True
OSA,hotelnya bagus bersih nyaman .,"[('hotelnya', 'bagus', 'positive'), ('hotelnya', 'bersih', 'positive'), ('hotelnya', 'nyaman', 'positive')]",[O] bagus [S] positive [A] hotelnya [SSEP] [O] bersih [S] positive [A] hotelnya [SSEP] [O] nyaman [S] positive [A] hotelnya,kapal galak malu kasar .,"[('kapal', 'galak', 'negative'), ('hotelnya', 'malu', 'negative'), ('hotelnya', 'kasar', 'negative')]",[O] galak [S] negative [A] kapal [SSEP] [O] malu [S] negative [A] hotelnya [SSEP] [O] kasar [S] negative [A] hotelnya,True
AOS,tempatnya bersih dan nyaman . staf nya ramah .,"[('tempatnya', 'bersih', 'positive'), ('tempatnya', 'nyaman', 'positive'), ('staf nya', 'ramah', 'positive')]",[A] tempatnya [O] bersih [S] positive [SSEP] [A] tempatnya [O] nyaman [S] positive [SSEP] [A] staf nya [O] ramah [S] positive,kantong gelap dan curang . tombolnya lama .,"[('kantong', 'gelap', 'negative'), ('kantong', 'curang', 'negative'), ('tombolnya', 'lama', 'negative')]",[A] kantong [O] gelap [S] negative [SSEP] [A] kantong [O] curang [S] negative [SSEP] [A] tombolnya [O] lama [S] negative,True
ASO,tempatnya bersih dan nyaman . staf nya ramah .,"[('tempatnya', 'bersih', 'positive'), ('tempatnya', 'nyaman', 'positive'), ('staf nya', 'ramah', 'positive')]",[A] tempatnya [S] positive [O] bersih [SSEP] [A] tempatnya [S] positive [O] nyaman [SSEP] [A] staf nya [S] positive [O] ramah,kantong gelap dan curang . tombolnya lama .,"[('kantong', 'gelap', 'negative'), ('kantong', 'curang', 'negative'), ('tombolnya', 'lama', 'negative')]",[A] kantong [S] negative [O] gelap [SSEP] [A] kantong [S] negative [O] curang [SSEP] [A] tombolnya [S] negative [O] lama,True
SAO,tempatnya bersih dan nyaman . staf nya ramah .,"[('tempatnya', 'bersih', 'positive'), ('tempatnya', 'nyaman', 'positive'), ('staf nya', 'ramah', 'positive')]",[S] positive [A] tempatnya [O] bersih [SSEP] [S] positive [A] tempatnya [O] nyaman [SSEP] [S] positive [A] staf nya [O] ramah,kantong gelap dan curang . tombolnya lama .,"[('kantong', 'gelap', 'negative'), ('kantong', 'curang', 'negative'), ('tombolnya', 'lama', 'negative')]",[S] negative [A] kantong [O] gelap [SSEP] [S] negative [A] kantong [O] curang [SSEP] [S] negative [A] tombolnya [O] lama,True
OAS,tempatnya bersih dan nyaman . staf nya ramah .,"[('tempatnya', 'bersih', 'positive'), ('tempatnya', 'nyaman', 'positive'), ('staf nya', 'ramah', 'positive')]",[O] bersih [A] tempatnya [S] positive [SSEP] [O] nyaman [A] tempatnya [S] positive [SSEP] [O] ramah [A] staf nya [S] positive,kantong gelap dan curang . tombolnya lama .,"[('kantong', 'gelap', 'negative'), ('kantong', 'curang', 'negative'), ('tombolnya', 'lama', 'negative')]",[O] gelap [A] kantong [S] negative [SSEP] [O] curang [A] kantong [S] negative [SSEP] [O] lama [A] tombolnya [S] negative,True
OSA,tempatnya bersih dan nyaman . staf nya ramah .,"[('tempatnya', 'bersih', 'positive'), ('tempatnya', 'nyaman', 'positive'), ('staf nya', 'ramah', 'positive')]",[O] bersih [S] positive [A] tempatnya [SSEP] [O] nyaman [S] positive [A] tempatnya [SSEP] [O] ramah [S] positive [A] staf nya,kantong gelap dan curang . tombolnya lama .,"[('kantong', 'gelap', 'negative'), ('kantong', 'curang', 'negative'), ('tombolnya', 'lama', 'negative')]",[O] gelap [S] negative [A] kantong [SSEP] [O] curang [S] negative [A] kantong [SSEP] [O] lama [S] negative [A] tombolnya,True
AOS,kamar bagus dan bersih tetapi kurang besar .,"[('kamar', 'bagus', 'positive'), ('kamar', 'bersih', 'positive'), ('kamar', 'kurang besar', 'negative')]",[A] kamar [O] bagus [S] positive [SSEP] [A] kamar [O] bersih [S] positive [SSEP] [A] kamar [O] kurang besar [S] negative,buku galak dan judes tetapi sangat kuat .,"[('buku', 'galak', 'negative'), ('buku', 'judes', 'negative'), ('buku', 'sangat kuat', 'positive')]",[A] buku [O] galak [S] negative [SSEP] [A] buku [O] judes [S] negative [SSEP] [A] buku [O] sangat kuat [S] positive,True
ASO,kamar bagus dan bersih tetapi kurang besar .,"[('kamar', 'bagus', 'positive'), ('kamar', 'bersih', 'positive'), ('kamar', 'kurang besar', 'negative')]",[A] kamar [S] positive [O] bagus [SSEP] [A] kamar [S] positive [O] bersih [SSEP] [A] kamar [S] negative [O] kurang besar,buku galak dan judes tetapi sangat kuat .,"[('buku', 'galak', 'negative'), ('buku', 'judes', 'negative'), ('buku', 'sangat kuat', 'positive')]",[A] buku [S] negative [O] galak [SSEP] [A] buku [S] negative [O] judes [SSEP] [A] buku [S] positive [O] sangat kuat,True
SAO,kamar bagus dan bersih tetapi kurang besar .,"[('kamar', 'bagus', 'positive'), ('kamar', 'bersih', 'positive'), ('kamar', 'kurang besar', 'negative')]",[S] positive [A] kamar [O] bagus [SSEP] [S] positive [A] kamar [O] bersih [SSEP] [S] negative [A] kamar [O] kurang besar,buku galak dan judes tetapi sangat kuat .,"[('buku', 'galak', 'negative'), ('buku', 'judes', 'negative'), ('buku', 'sangat kuat', 'positive')]",[S] negative [A] buku [O] galak [SSEP] [S] negative [A] buku [O] judes [SSEP] [S] positive [A] buku [O] sangat kuat,True
OAS,kamar bagus dan bersih tetapi kurang besar .,"[('kamar', 'bagus', 'positive'), ('kamar', 'bersih', 'positive'), ('kamar', 'kurang besar', 'negative')]",[O] bagus [A] kamar [S] positive [SSEP] [O] bersih [A] kamar [S] positive [SSEP] [O] kurang besar [A] kamar [S] negative,buku galak dan judes tetapi sangat kuat .,"[('buku', 'galak', 'negative'), ('buku', 'judes', 'negative'), ('buku', 'sangat kuat', 'positive')]",[O] galak [A] buku [S] negative [SSEP] [O] judes [A] buku [S] negative [SSEP] [O] sangat kuat [A] buku [S] positive,True
OSA,kamar bagus dan bersih tetapi kurang besar .,"[('kamar', 'bagus', 'positive'), ('kamar', 'bersih', 'positive'), ('kamar', 'kurang besar', 'negative')]",[O] bagus [S] positive [A] kamar [SSEP] [O] bersih [S] positive [A] kamar [SSEP] [O] kurang besar [S] negative [A] kamar,buku galak dan judes tetapi sangat kuat .,"[('buku', 'galak', 'negative'), ('buku', 'judes', 'negative'), ('buku', 'sangat kuat', 'positive')]",[O] galak [S] negative [A] buku [SSEP] [O] judes [S] negative [A] buku [SSEP] [O] sangat kuat [S] positive [A] buku,True
AOS,"staf kurang ramah , sarung bantal kotor , pintu kamar mandi rusak .","[('staf', 'kurang ramah', 'negative'), ('sarung bantal', 'kotor', 'negative'), ('pintu kamar mandi', 'rusak', 'negative')]",[A] staf [O] kurang ramah [S] negative [SSEP] [A] sarung bantal [O] kotor [S] negative [SSEP] [A] pintu kamar mandi [O] rusak [S] negative,"penghapus manis sekali , papan tulis gagah , tenaga kependidikan segar .","[('penghapus', 'manis sekali', 'positive'), ('papan tulis', 'gagah', 'positive'), ('tenaga kependidikan', 'segar', 'positive')]",[A] penghapus [O] manis sekali [S] positive [SSEP] [A] papan tulis [O] gagah [S] positive [SSEP] [A] tenaga kependidikan [O] segar [S] positive,True
ASO,"staf kurang ramah , sarung bantal kotor , pintu kamar mandi rusak .","[('staf', 'kurang ramah', 'negative'), ('sarung bantal', 'kotor', 'negative'), ('pintu kamar mandi', 'rusak', 'negative')]",[A] staf [S] negative [O] kurang ramah [SSEP] [A] sarung bantal [S] negative [O] kotor [SSEP] [A] pintu kamar mandi [S] negative [O] rusak,"penghapus manis sekali , papan tulis gagah , tenaga kependidikan segar .","[('penghapus', 'manis sekali', 'positive'), ('papan tulis', 'gagah', 'positive'), ('tenaga kependidikan', 'segar', 'positive')]",[A] penghapus [S] positive [O] manis sekali [SSEP] [A] papan tulis [S] positive [O] gagah [SSEP] [A] tenaga kependidikan [S] positive [O] segar,True
SAO,"staf kurang ramah , sarung bantal kotor , pintu kamar mandi rusak .","[('staf', 'kurang ramah', 'negative'), ('sarung bantal', 'kotor', 'negative'), ('pintu kamar mandi', 'rusak', 'negative')]",[S] negative [A] staf [O] kurang ramah [SSEP] [S] negative [A] sarung bantal [O] kotor [SSEP] [S] negative [A] pintu kamar mandi [O] rusak,"penghapus manis sekali , papan tulis gagah , tenaga kependidikan segar .","[('penghapus', 'manis sekali', 'positive'), ('papan tulis', 'gagah', 'positive'), ('tenaga kependidikan', 'segar', 'positive')]",[S] positive [A] penghapus [O] manis sekali [SSEP] [S] positive [A] papan tulis [O] gagah [SSEP] [S] positive [A] tenaga kependidikan [O] segar,True
OAS,"staf kurang ramah , sarung bantal kotor , pintu kamar mandi rusak .","[('staf', 'kurang ramah', 'negative'), ('sarung bantal', 'kotor', 'negative'), ('pintu kamar mandi', 'rusak', 'negative')]",[O] kurang ramah [A] staf [S] negative [SSEP] [O] kotor [A] sarung bantal [S] negative [SSEP] [O] rusak [A] pintu kamar mandi [S] negative,"penghapus manis sekali , papan tulis gagah , tenaga kependidikan segar .","[('penghapus', 'manis sekali', 'positive'), ('papan tulis', 'gagah', 'positive'), ('tenaga kependidikan', 'segar', 'positive')]",[O] manis sekali [A] penghapus [S] positive [SSEP] [O] gagah [A] papan tulis [S] positive [SSEP] [O] segar [A] tenaga kependidikan [S] positive,True
OSA,"staf kurang ramah , sarung bantal kotor , pintu kamar mandi rusak .","[('staf', 'kurang ramah', 'negative'), ('sarung bantal', 'kotor', 'negative'), ('pintu kamar mandi', 'rusak', 'negative')]",[O] kurang ramah [S] negative [A] staf [SSEP] [O] kotor [S] negative [A] sarung bantal [SSEP] [O] rusak [S] negative [A] pintu kamar mandi,"penghapus manis sekali , papan tulis gagah , tenaga kependidikan segar .","[('penghapus', 'manis sekali', 'positive'), ('papan tulis', 'gagah', 'positive'), ('tenaga kependidikan', 'segar', 'positive')]",[O] manis sekali [S] positive [A] penghapus [SSEP] [O] gagah [S] positive [A] papan tulis [SSEP] [O] segar [S] positive [A] tenaga kependidikan,True
AOS,"pelayanan sangat baik , kamar bersih , tetapi tidak ada sarapan .","[('pelayanan', 'sangat baik', 'positive'), ('kamar', 'bersih', 'positive'), ('sarapan', 'tidak ada', 'negative')]",[A] pelayanan [O] sangat baik [S] positive [SSEP] [A] kamar [O] bersih [S] positive [SSEP] [A] sarapan [O] tidak ada [S] negative,"coklat rapuh , gelas kecut , tetapi ramah galon .","[('coklat', 'rapuh', 'negative'), ('gelas', 'kecut', 'negative'), ('galon', 'ramah', 'positive')]",[A] coklat [O] rapuh [S] negative [SSEP] [A] gelas [O] kecut [S] negative [SSEP] [A] galon [O] ramah [S] positive,True
ASO,"pelayanan sangat baik , kamar bersih , tetapi tidak ada sarapan .","[('pelayanan', 'sangat baik', 'positive'), ('kamar', 'bersih', 'positive'), ('sarapan', 'tidak ada', 'negative')]",[A] pelayanan [S] positive [O] sangat baik [SSEP] [A] kamar [S] positive [O] bersih [SSEP] [A] sarapan [S] negative [O] tidak ada,"coklat rapuh , gelas kecut , tetapi ramah galon .","[('coklat', 'rapuh', 'negative'), ('gelas', 'kecut', 'negative'), ('galon', 'ramah', 'positive')]",[A] coklat [S] negative [O] rapuh [SSEP] [A] gelas [S] negative [O] kecut [SSEP] [A] galon [S] positive [O] ramah,True
SAO,"pelayanan sangat baik , kamar bersih , tetapi tidak ada sarapan .","[('pelayanan', 'sangat baik', 'positive'), ('kamar', 'bersih', 'positive'), ('sarapan', 'tidak ada', 'negative')]",[S] positive [A] pelayanan [O] sangat baik [SSEP] [S] positive [A] kamar [O] bersih [SSEP] [S] negative [A] sarapan [O] tidak ada,"coklat rapuh , gelas kecut , tetapi ramah galon .","[('coklat', 'rapuh', 'negative'), ('gelas', 'kecut', 'negative'), ('galon', 'ramah', 'positive')]",[S] negative [A] coklat [O] rapuh [SSEP] [S] negative [A] gelas [O] kecut [SSEP] [S] positive [A] galon [O] ramah,True
OAS,"pelayanan sangat baik , kamar bersih , tetapi tidak ada sarapan .","[('pelayanan', 'sangat baik', 'positive'), ('kamar', 'bersih', 'positive'), ('sarapan', 'tidak ada', 'negative')]",[O] sangat baik [A] pelayanan [S] positive [SSEP] [O] bersih [A] kamar [S] positive [SSEP] [O] tidak ada [A] sarapan [S] negative,"coklat rapuh , gelas kecut , tetapi ramah galon .","[('coklat', 'rapuh', 'negative'), ('gelas', 'kecut', 'negative'), ('galon', 'ramah', 'positive')]",[O] rapuh [A] coklat [S] negative [SSEP] [O] kecut [A] gelas [S] negative [SSEP] [O] ramah [A] galon [S] positive,True
OSA,"pelayanan sangat baik , kamar bersih , tetapi tidak ada sarapan .","[('pelayanan', 'sangat baik', 'positive'), ('kamar', 'bersih', 'positive'), ('sarapan', 'tidak ada', 'negative')]",[O] sangat baik [S] positive [A] pelayanan [SSEP] [O] bersih [S] positive [A] kamar [SSEP] [O] tidak ada [S] negative [A] sarapan,"coklat rapuh , gelas kecut , tetapi ramah galon .","[('coklat', 'rapuh', 'negative'), ('gelas', 'kecut', 'negative'), ('galon', 'ramah', 'positive')]",[O] rapuh [S] negative [A] coklat [SSEP] [O] kecut [S] negative [A] gelas [SSEP] [O] ramah [S] positive [A] galon,True
