clean,corrupted,correct_label,incorrect_label,correct_idx,incorrect_idx
the service is quite good . [A] [O] [S],the food is quite bad . [A] [O] [S],[A] service [O] quite good [S] positive,[A] food [O] quite bad [S] negative,"[[508, 32, 60, 2473, 508, 46, 60, 5008, 1661, 508, 50, 60, 6785]]","[[508, 32, 60, 3607, 508, 46, 60, 5008, 3873, 508, 50, 60, 8225]]"
the service is quite good . [A] [S] [O],the food is quite bad . [A] [S] [O],[A] service [S] positive [O] quite good,[A] food [S] negative [O] quite bad,"[[508, 32, 60, 2473, 508, 50, 60, 6785, 508, 46, 60, 5008, 1661]]","[[508, 32, 60, 3607, 508, 50, 60, 8225, 508, 46, 60, 5008, 3873]]"
the service is quite good . [S] [A] [O],the food is quite bad . [S] [A] [O],[S] positive [A] service [O] quite good,[S] negative [A] food [O] quite bad,"[[508, 50, 60, 6785, 508, 32, 60, 2473, 508, 46, 60, 5008, 1661]]","[[508, 50, 60, 8225, 508, 32, 60, 3607, 508, 46, 60, 5008, 3873]]"
the service is quite good . [O] [A] [S],the food is quite bad . [O] [A] [S],[O] quite good [A] service [S] positive,[O] quite bad [A] food [S] negative,"[[508, 46, 60, 5008, 1661, 508, 32, 60, 2473, 508, 50, 60, 6785]]","[[508, 46, 60, 5008, 3873, 508, 32, 60, 3607, 508, 50, 60, 8225]]"
the service is quite good . [O] [S] [A],the food is quite bad . [O] [S] [A],[O] quite good [S] positive [A] service,[O] quite bad [S] negative [A] food,"[[508, 46, 60, 5008, 1661, 508, 50, 60, 6785, 508, 32, 60, 2473]]","[[508, 46, 60, 5008, 3873, 508, 50, 60, 8225, 508, 32, 60, 3607]]"
"the atmosphere is not comfortable . to stay , you have to deposit 300 , 000 , but it can be replaced with a ktp ( identity card ) . [A] [O] [S]","the room is very cozy . to stay , you have to deposit 300 , 000 , but it can be replaced with a ktp ( identity card ) . [A] [O] [S]",[A] atmosphere [O] not comfortable [S] negative,[A] room [O] very cozy [S] positive,"[[508, 32, 60, 16566, 508, 46, 60, 537, 10655, 508, 50, 60, 8225]]","[[508, 32, 60, 3054, 508, 46, 60, 1602, 42435, 508, 50, 60, 6785]]"
"the atmosphere is not comfortable . to stay , you have to deposit 300 , 000 , but it can be replaced with a ktp ( identity card ) . [A] [S] [O]","the room is very cozy . to stay , you have to deposit 300 , 000 , but it can be replaced with a ktp ( identity card ) . [A] [S] [O]",[A] atmosphere [S] negative [O] not comfortable,[A] room [S] positive [O] very cozy,"[[508, 32, 60, 16566, 508, 50, 60, 8225, 508, 46, 60, 537, 10655]]","[[508, 32, 60, 3054, 508, 50, 60, 6785, 508, 46, 60, 1602, 42435]]"
"the atmosphere is not comfortable . to stay , you have to deposit 300 , 000 , but it can be replaced with a ktp ( identity card ) . [S] [A] [O]","the room is very cozy . to stay , you have to deposit 300 , 000 , but it can be replaced with a ktp ( identity card ) . [S] [A] [O]",[S] negative [A] atmosphere [O] not comfortable,[S] positive [A] room [O] very cozy,"[[508, 50, 60, 8225, 508, 32, 60, 16566, 508, 46, 60, 537, 10655]]","[[508, 50, 60, 6785, 508, 32, 60, 3054, 508, 46, 60, 1602, 42435]]"
"the atmosphere is not comfortable . to stay , you have to deposit 300 , 000 , but it can be replaced with a ktp ( identity card ) . [O] [A] [S]","the room is very cozy . to stay , you have to deposit 300 , 000 , but it can be replaced with a ktp ( identity card ) . [O] [A] [S]",[O] not comfortable [A] atmosphere [S] negative,[O] very cozy [A] room [S] positive,"[[508, 46, 60, 537, 10655, 508, 32, 60, 16566, 508, 50, 60, 8225]]","[[508, 46, 60, 1602, 42435, 508, 32, 60, 3054, 508, 50, 60, 6785]]"
"the atmosphere is not comfortable . to stay , you have to deposit 300 , 000 , but it can be replaced with a ktp ( identity card ) . [O] [S] [A]","the room is very cozy . to stay , you have to deposit 300 , 000 , but it can be replaced with a ktp ( identity card ) . [O] [S] [A]",[O] not comfortable [S] negative [A] atmosphere,[O] very cozy [S] positive [A] room,"[[508, 46, 60, 537, 10655, 508, 50, 60, 8225, 508, 32, 60, 16566]]","[[508, 46, 60, 1602, 42435, 508, 50, 60, 6785, 508, 32, 60, 3054]]"
the food was unsatisfactory . [A] [O] [S],the room was nice and cool . [A] [O] [S],[A] food [O] unsatisfactory [S] negative,[A] room [O] nice and cool [S] positive,"[[508, 32, 60, 3607, 508, 46, 60, 6975, 7478, 2919, 508, 50, 60, 8225]]","[[508, 32, 60, 3054, 508, 46, 60, 6419, 323, 7010, 508, 50, 60, 6785]]"
the food was unsatisfactory . [A] [S] [O],the room was nice and cool . [A] [S] [O],[A] food [S] negative [O] unsatisfactory,[A] room [S] positive [O] nice and cool,"[[508, 32, 60, 3607, 508, 50, 60, 8225, 508, 46, 60, 6975, 7478, 2919]]","[[508, 32, 60, 3054, 508, 50, 60, 6785, 508, 46, 60, 6419, 323, 7010]]"
the food was unsatisfactory . [S] [A] [O],the room was nice and cool . [S] [A] [O],[S] negative [A] food [O] unsatisfactory,[S] positive [A] room [O] nice and cool,"[[508, 50, 60, 8225, 508, 32, 60, 3607, 508, 46, 60, 6975, 7478, 2919]]","[[508, 50, 60, 6785, 508, 32, 60, 3054, 508, 46, 60, 6419, 323, 7010]]"
the food was unsatisfactory . [O] [A] [S],the room was nice and cool . [O] [A] [S],[O] unsatisfactory [A] food [S] negative,[O] nice and cool [A] room [S] positive,"[[508, 46, 60, 6975, 7478, 2919, 508, 32, 60, 3607, 508, 50, 60, 8225]]","[[508, 46, 60, 6419, 323, 7010, 508, 32, 60, 3054, 508, 50, 60, 6785]]"
the food was unsatisfactory . [O] [S] [A],the room was nice and cool . [O] [S] [A],[O] unsatisfactory [S] negative [A] food,[O] nice and cool [S] positive [A] room,"[[508, 46, 60, 6975, 7478, 2919, 508, 50, 60, 8225, 508, 32, 60, 3607]]","[[508, 46, 60, 6419, 323, 7010, 508, 50, 60, 6785, 508, 32, 60, 3054]]"
the place is comfortable for resting . [A] [O] [S],the room is troubled for resting . [A] [O] [S],[A] place [O] comfortable [S] positive,[A] room [O] troubled [S] negative,"[[508, 32, 60, 1992, 508, 46, 60, 10655, 508, 50, 60, 6785]]","[[508, 32, 60, 3054, 508, 46, 60, 41032, 508, 50, 60, 8225]]"
the place is comfortable for resting . [A] [S] [O],the room is troubled for resting . [A] [S] [O],[A] place [S] positive [O] comfortable,[A] room [S] negative [O] troubled,"[[508, 32, 60, 1992, 508, 50, 60, 6785, 508, 46, 60, 10655]]","[[508, 32, 60, 3054, 508, 50, 60, 8225, 508, 46, 60, 41032]]"
the place is comfortable for resting . [S] [A] [O],the room is troubled for resting . [S] [A] [O],[S] positive [A] place [O] comfortable,[S] negative [A] room [O] troubled,"[[508, 50, 60, 6785, 508, 32, 60, 1992, 508, 46, 60, 10655]]","[[508, 50, 60, 8225, 508, 32, 60, 3054, 508, 46, 60, 41032]]"
the place is comfortable for resting . [O] [A] [S],the room is troubled for resting . [O] [A] [S],[O] comfortable [A] place [S] positive,[O] troubled [A] room [S] negative,"[[508, 46, 60, 10655, 508, 32, 60, 1992, 508, 50, 60, 6785]]","[[508, 46, 60, 41032, 508, 32, 60, 3054, 508, 50, 60, 8225]]"
the place is comfortable for resting . [O] [S] [A],the room is troubled for resting . [O] [S] [A],[O] comfortable [S] positive [A] place,[O] troubled [S] negative [A] room,"[[508, 46, 60, 10655, 508, 50, 60, 6785, 508, 32, 60, 1992]]","[[508, 46, 60, 41032, 508, 50, 60, 8225, 508, 32, 60, 3054]]"
the room is clean . [A] [O] [S],the floor is dirty . [A] [O] [S],[A] room [O] clean [S] positive,[A] floor [O] dirty [S] negative,"[[508, 32, 60, 3054, 508, 46, 60, 4240, 508, 50, 60, 6785]]","[[508, 32, 60, 6422, 508, 46, 60, 18595, 508, 50, 60, 8225]]"
the room is clean . [A] [S] [O],the floor is dirty . [A] [S] [O],[A] room [S] positive [O] clean,[A] floor [S] negative [O] dirty,"[[508, 32, 60, 3054, 508, 50, 60, 6785, 508, 46, 60, 4240]]","[[508, 32, 60, 6422, 508, 50, 60, 8225, 508, 46, 60, 18595]]"
the room is clean . [S] [A] [O],the floor is dirty . [S] [A] [O],[S] positive [A] room [O] clean,[S] negative [A] floor [O] dirty,"[[508, 50, 60, 6785, 508, 32, 60, 3054, 508, 46, 60, 4240]]","[[508, 50, 60, 8225, 508, 32, 60, 6422, 508, 46, 60, 18595]]"
the room is clean . [O] [A] [S],the floor is dirty . [O] [A] [S],[O] clean [A] room [S] positive,[O] dirty [A] floor [S] negative,"[[508, 46, 60, 4240, 508, 32, 60, 3054, 508, 50, 60, 6785]]","[[508, 46, 60, 18595, 508, 32, 60, 6422, 508, 50, 60, 8225]]"
the room is clean . [O] [S] [A],the floor is dirty . [O] [S] [A],[O] clean [S] positive [A] room,[O] dirty [S] negative [A] floor,"[[508, 46, 60, 4240, 508, 50, 60, 6785, 508, 32, 60, 3054]]","[[508, 46, 60, 18595, 508, 50, 60, 8225, 508, 32, 60, 6422]]"
the price is affordable and it's close to the city center of bandung . [A] [O] [S],the cost is steep and it's close to the city center of bandung . [A] [O] [S],[A] price [O] affordable [S] positive,[A] cost [O] steep [S] negative,"[[508, 32, 60, 3349, 508, 46, 60, 16637, 508, 50, 60, 6785]]","[[508, 32, 60, 2783, 508, 46, 60, 31266, 508, 50, 60, 8225]]"
the price is affordable and it's close to the city center of bandung . [A] [S] [O],the cost is steep and it's close to the city center of bandung . [A] [S] [O],[A] price [S] positive [O] affordable,[A] cost [S] negative [O] steep,"[[508, 32, 60, 3349, 508, 50, 60, 6785, 508, 46, 60, 16637]]","[[508, 32, 60, 2783, 508, 50, 60, 8225, 508, 46, 60, 31266]]"
the price is affordable and it's close to the city center of bandung . [S] [A] [O],the cost is steep and it's close to the city center of bandung . [S] [A] [O],[S] positive [A] price [O] affordable,[S] negative [A] cost [O] steep,"[[508, 50, 60, 6785, 508, 32, 60, 3349, 508, 46, 60, 16637]]","[[508, 50, 60, 8225, 508, 32, 60, 2783, 508, 46, 60, 31266]]"
the price is affordable and it's close to the city center of bandung . [O] [A] [S],the cost is steep and it's close to the city center of bandung . [O] [A] [S],[O] affordable [A] price [S] positive,[O] steep [A] cost [S] negative,"[[508, 46, 60, 16637, 508, 32, 60, 3349, 508, 50, 60, 6785]]","[[508, 46, 60, 31266, 508, 32, 60, 2783, 508, 50, 60, 8225]]"
the price is affordable and it's close to the city center of bandung . [O] [S] [A],the cost is steep and it's close to the city center of bandung . [O] [S] [A],[O] affordable [S] positive [A] price,[O] steep [S] negative [A] cost,"[[508, 46, 60, 16637, 508, 50, 60, 6785, 508, 32, 60, 3349]]","[[508, 46, 60, 31266, 508, 50, 60, 8225, 508, 32, 60, 2783]]"
the room i got wasn't very clean . [A] [O] [S],the book i got wasn't easily predictable . [A] [O] [S],[A] room [O] wasn't very clean [S] negative,[A] book [O] wasn't easily predictable [S] positive,"[[508, 32, 60, 3054, 508, 46, 60, 5710, 944, 1602, 4240, 508, 50, 60, 8225]]","[[508, 32, 60, 2311, 508, 46, 60, 5710, 944, 6707, 44107, 508, 50, 60, 6785]]"
the room i got wasn't very clean . [A] [S] [O],the book i got wasn't easily predictable . [A] [S] [O],[A] room [S] negative [O] wasn't very clean,[A] book [S] positive [O] wasn't easily predictable,"[[508, 32, 60, 3054, 508, 50, 60, 8225, 508, 46, 60, 5710, 944, 1602, 4240]]","[[508, 32, 60, 2311, 508, 50, 60, 6785, 508, 46, 60, 5710, 944, 6707, 44107]]"
the room i got wasn't very clean . [S] [A] [O],the book i got wasn't easily predictable . [S] [A] [O],[S] negative [A] room [O] wasn't very clean,[S] positive [A] book [O] wasn't easily predictable,"[[508, 50, 60, 8225, 508, 32, 60, 3054, 508, 46, 60, 5710, 944, 1602, 4240]]","[[508, 50, 60, 6785, 508, 32, 60, 2311, 508, 46, 60, 5710, 944, 6707, 44107]]"
the room i got wasn't very clean . [O] [A] [S],the book i got wasn't easily predictable . [O] [A] [S],[O] wasn't very clean [A] room [S] negative,[O] wasn't easily predictable [A] book [S] positive,"[[508, 46, 60, 5710, 944, 1602, 4240, 508, 32, 60, 3054, 508, 50, 60, 8225]]","[[508, 46, 60, 5710, 944, 6707, 44107, 508, 32, 60, 2311, 508, 50, 60, 6785]]"
the room i got wasn't very clean . [O] [S] [A],the book i got wasn't easily predictable . [O] [S] [A],[O] wasn't very clean [S] negative [A] room,[O] wasn't easily predictable [S] positive [A] book,"[[508, 46, 60, 5710, 944, 1602, 4240, 508, 50, 60, 8225, 508, 32, 60, 3054]]","[[508, 46, 60, 5710, 944, 6707, 44107, 508, 50, 60, 6785, 508, 32, 60, 2311]]"
the hotel is less comfortable . [A] [O] [S],the room is very warm . [A] [O] [S],[A] hotel [O] less comfortable [S] negative,[A] room [O] very warm [S] positive,"[[508, 32, 60, 9500, 508, 46, 60, 2686, 10655, 508, 50, 60, 8225]]","[[508, 32, 60, 3054, 508, 46, 60, 1602, 8205, 508, 50, 60, 6785]]"
the hotel is less comfortable . [A] [S] [O],the room is very warm . [A] [S] [O],[A] hotel [S] negative [O] less comfortable,[A] room [S] positive [O] very warm,"[[508, 32, 60, 9500, 508, 50, 60, 8225, 508, 46, 60, 2686, 10655]]","[[508, 32, 60, 3054, 508, 50, 60, 6785, 508, 46, 60, 1602, 8205]]"
the hotel is less comfortable . [S] [A] [O],the room is very warm . [S] [A] [O],[S] negative [A] hotel [O] less comfortable,[S] positive [A] room [O] very warm,"[[508, 50, 60, 8225, 508, 32, 60, 9500, 508, 46, 60, 2686, 10655]]","[[508, 50, 60, 6785, 508, 32, 60, 3054, 508, 46, 60, 1602, 8205]]"
the hotel is less comfortable . [O] [A] [S],the room is very warm . [O] [A] [S],[O] less comfortable [A] hotel [S] negative,[O] very warm [A] room [S] positive,"[[508, 46, 60, 2686, 10655, 508, 32, 60, 9500, 508, 50, 60, 8225]]","[[508, 46, 60, 1602, 8205, 508, 32, 60, 3054, 508, 50, 60, 6785]]"
the hotel is less comfortable . [O] [S] [A],the room is very warm . [O] [S] [A],[O] less comfortable [S] negative [A] hotel,[O] very warm [S] positive [A] room,"[[508, 46, 60, 2686, 10655, 508, 50, 60, 8225, 508, 32, 60, 9500]]","[[508, 46, 60, 1602, 8205, 508, 50, 60, 6785, 508, 32, 60, 3054]]"
this place is okay . [A] [O] [S],this store is bad . [A] [O] [S],[A] place [O] okay [S] positive,[A] store [O] bad [S] negative,"[[508, 32, 60, 1992, 508, 46, 60, 16910, 508, 50, 60, 6785]]","[[508, 32, 60, 3553, 508, 46, 60, 3873, 508, 50, 60, 8225]]"
this place is okay . [A] [S] [O],this store is bad . [A] [S] [O],[A] place [S] positive [O] okay,[A] store [S] negative [O] bad,"[[508, 32, 60, 1992, 508, 50, 60, 6785, 508, 46, 60, 16910]]","[[508, 32, 60, 3553, 508, 50, 60, 8225, 508, 46, 60, 3873]]"
this place is okay . [S] [A] [O],this store is bad . [S] [A] [O],[S] positive [A] place [O] okay,[S] negative [A] store [O] bad,"[[508, 50, 60, 6785, 508, 32, 60, 1992, 508, 46, 60, 16910]]","[[508, 50, 60, 8225, 508, 32, 60, 3553, 508, 46, 60, 3873]]"
this place is okay . [O] [A] [S],this store is bad . [O] [A] [S],[O] okay [A] place [S] positive,[O] bad [A] store [S] negative,"[[508, 46, 60, 16910, 508, 32, 60, 1992, 508, 50, 60, 6785]]","[[508, 46, 60, 3873, 508, 32, 60, 3553, 508, 50, 60, 8225]]"
this place is okay . [O] [S] [A],this store is bad . [O] [S] [A],[O] okay [S] positive [A] place,[O] bad [S] negative [A] store,"[[508, 46, 60, 16910, 508, 50, 60, 6785, 508, 32, 60, 1992]]","[[508, 46, 60, 3873, 508, 50, 60, 8225, 508, 32, 60, 3553]]"
the service is okay . [A] [O] [S],the quality is bad . [A] [O] [S],[A] service [O] okay [S] positive,[A] quality [O] bad [S] negative,"[[508, 32, 60, 2473, 508, 46, 60, 16910, 508, 50, 60, 6785]]","[[508, 32, 60, 4271, 508, 46, 60, 3873, 508, 50, 60, 8225]]"
the service is okay . [A] [S] [O],the quality is bad . [A] [S] [O],[A] service [S] positive [O] okay,[A] quality [S] negative [O] bad,"[[508, 32, 60, 2473, 508, 50, 60, 6785, 508, 46, 60, 16910]]","[[508, 32, 60, 4271, 508, 50, 60, 8225, 508, 46, 60, 3873]]"
the service is okay . [S] [A] [O],the quality is bad . [S] [A] [O],[S] positive [A] service [O] okay,[S] negative [A] quality [O] bad,"[[508, 50, 60, 6785, 508, 32, 60, 2473, 508, 46, 60, 16910]]","[[508, 50, 60, 8225, 508, 32, 60, 4271, 508, 46, 60, 3873]]"
the service is okay . [O] [A] [S],the quality is bad . [O] [A] [S],[O] okay [A] service [S] positive,[O] bad [A] quality [S] negative,"[[508, 46, 60, 16910, 508, 32, 60, 2473, 508, 50, 60, 6785]]","[[508, 46, 60, 3873, 508, 32, 60, 4271, 508, 50, 60, 8225]]"
the service is okay . [O] [S] [A],the quality is bad . [O] [S] [A],[O] okay [S] positive [A] service,[O] bad [S] negative [A] quality,"[[508, 46, 60, 16910, 508, 50, 60, 6785, 508, 32, 60, 2473]]","[[508, 46, 60, 3873, 508, 50, 60, 8225, 508, 32, 60, 4271]]"
the bathroom was flooded . [A] [O] [S],the kitchen was clean . [A] [O] [S],[A] bathroom [O] flooded [S] negative,[A] kitchen [O] clean [S] positive,"[[508, 32, 60, 14852, 508, 46, 60, 48786, 508, 50, 60, 8225]]","[[508, 32, 60, 9780, 508, 46, 60, 4240, 508, 50, 60, 6785]]"
the bathroom was flooded . [A] [S] [O],the kitchen was clean . [A] [S] [O],[A] bathroom [S] negative [O] flooded,[A] kitchen [S] positive [O] clean,"[[508, 32, 60, 14852, 508, 50, 60, 8225, 508, 46, 60, 48786]]","[[508, 32, 60, 9780, 508, 50, 60, 6785, 508, 46, 60, 4240]]"
the bathroom was flooded . [S] [A] [O],the kitchen was clean . [S] [A] [O],[S] negative [A] bathroom [O] flooded,[S] positive [A] kitchen [O] clean,"[[508, 50, 60, 8225, 508, 32, 60, 14852, 508, 46, 60, 48786]]","[[508, 50, 60, 6785, 508, 32, 60, 9780, 508, 46, 60, 4240]]"
the bathroom was flooded . [O] [A] [S],the kitchen was clean . [O] [A] [S],[O] flooded [A] bathroom [S] negative,[O] clean [A] kitchen [S] positive,"[[508, 46, 60, 48786, 508, 32, 60, 14852, 508, 50, 60, 8225]]","[[508, 46, 60, 4240, 508, 32, 60, 9780, 508, 50, 60, 6785]]"
the bathroom was flooded . [O] [S] [A],the kitchen was clean . [O] [S] [A],[O] flooded [S] negative [A] bathroom,[O] clean [S] positive [A] kitchen,"[[508, 46, 60, 48786, 508, 50, 60, 8225, 508, 32, 60, 14852]]","[[508, 46, 60, 4240, 508, 50, 60, 6785, 508, 32, 60, 9780]]"
a luxurious hotel solution at a cheap price . [A] [O] [S],a luxurious hotel solution at a low service . [A] [O] [S],[A] price [O] cheap [S] positive,[A] service [O] low [S] negative,"[[508, 32, 60, 3349, 508, 46, 60, 11872, 508, 50, 60, 6785]]","[[508, 32, 60, 2473, 508, 46, 60, 3347, 508, 50, 60, 8225]]"
a luxurious hotel solution at a cheap price . [A] [S] [O],a luxurious hotel solution at a low service . [A] [S] [O],[A] price [S] positive [O] cheap,[A] service [S] negative [O] low,"[[508, 32, 60, 3349, 508, 50, 60, 6785, 508, 46, 60, 11872]]","[[508, 32, 60, 2473, 508, 50, 60, 8225, 508, 46, 60, 3347]]"
a luxurious hotel solution at a cheap price . [S] [A] [O],a luxurious hotel solution at a low service . [S] [A] [O],[S] positive [A] price [O] cheap,[S] negative [A] service [O] low,"[[508, 50, 60, 6785, 508, 32, 60, 3349, 508, 46, 60, 11872]]","[[508, 50, 60, 8225, 508, 32, 60, 2473, 508, 46, 60, 3347]]"
a luxurious hotel solution at a cheap price . [O] [A] [S],a luxurious hotel solution at a low service . [O] [A] [S],[O] cheap [A] price [S] positive,[O] low [A] service [S] negative,"[[508, 46, 60, 11872, 508, 32, 60, 3349, 508, 50, 60, 6785]]","[[508, 46, 60, 3347, 508, 32, 60, 2473, 508, 50, 60, 8225]]"
a luxurious hotel solution at a cheap price . [O] [S] [A],a luxurious hotel solution at a low service . [O] [S] [A],[O] cheap [S] positive [A] price,[O] low [S] negative [A] service,"[[508, 46, 60, 11872, 508, 50, 60, 6785, 508, 32, 60, 3349]]","[[508, 46, 60, 3347, 508, 50, 60, 8225, 508, 32, 60, 2473]]"
the place is comfortable . [A] [O] [S],the space is uncomfortable . [A] [O] [S],[A] place [O] comfortable [S] positive,[A] space [O] uncomfortable [S] negative,"[[508, 32, 60, 1992, 508, 46, 60, 10655, 508, 50, 60, 6785]]","[[508, 32, 60, 3550, 508, 46, 60, 28113, 508, 50, 60, 8225]]"
the place is comfortable . [A] [S] [O],the space is uncomfortable . [A] [S] [O],[A] place [S] positive [O] comfortable,[A] space [S] negative [O] uncomfortable,"[[508, 32, 60, 1992, 508, 50, 60, 6785, 508, 46, 60, 10655]]","[[508, 32, 60, 3550, 508, 50, 60, 8225, 508, 46, 60, 28113]]"
the place is comfortable . [S] [A] [O],the space is uncomfortable . [S] [A] [O],[S] positive [A] place [O] comfortable,[S] negative [A] space [O] uncomfortable,"[[508, 50, 60, 6785, 508, 32, 60, 1992, 508, 46, 60, 10655]]","[[508, 50, 60, 8225, 508, 32, 60, 3550, 508, 46, 60, 28113]]"
the place is comfortable . [O] [A] [S],the space is uncomfortable . [O] [A] [S],[O] comfortable [A] place [S] positive,[O] uncomfortable [A] space [S] negative,"[[508, 46, 60, 10655, 508, 32, 60, 1992, 508, 50, 60, 6785]]","[[508, 46, 60, 28113, 508, 32, 60, 3550, 508, 50, 60, 8225]]"
the place is comfortable . [O] [S] [A],the space is uncomfortable . [O] [S] [A],[O] comfortable [S] positive [A] place,[O] uncomfortable [S] negative [A] space,"[[508, 46, 60, 10655, 508, 50, 60, 6785, 508, 32, 60, 1992]]","[[508, 46, 60, 28113, 508, 50, 60, 8225, 508, 32, 60, 3550]]"
the room is nice . [A] [O] [S],the space is small . [A] [O] [S],[A] room [O] nice [S] positive,[A] space [O] small [S] negative,"[[508, 32, 60, 3054, 508, 46, 60, 6419, 508, 50, 60, 6785]]","[[508, 32, 60, 3550, 508, 46, 60, 2613, 508, 50, 60, 8225]]"
the room is nice . [A] [S] [O],the space is small . [A] [S] [O],[A] room [S] positive [O] nice,[A] space [S] negative [O] small,"[[508, 32, 60, 3054, 508, 50, 60, 6785, 508, 46, 60, 6419]]","[[508, 32, 60, 3550, 508, 50, 60, 8225, 508, 46, 60, 2613]]"
the room is nice . [S] [A] [O],the space is small . [S] [A] [O],[S] positive [A] room [O] nice,[S] negative [A] space [O] small,"[[508, 50, 60, 6785, 508, 32, 60, 3054, 508, 46, 60, 6419]]","[[508, 50, 60, 8225, 508, 32, 60, 3550, 508, 46, 60, 2613]]"
the room is nice . [O] [A] [S],the space is small . [O] [A] [S],[O] nice [A] room [S] positive,[O] small [A] space [S] negative,"[[508, 46, 60, 6419, 508, 32, 60, 3054, 508, 50, 60, 6785]]","[[508, 46, 60, 2613, 508, 32, 60, 3550, 508, 50, 60, 8225]]"
the room is nice . [O] [S] [A],the space is small . [O] [S] [A],[O] nice [S] positive [A] room,[O] small [S] negative [A] space,"[[508, 46, 60, 6419, 508, 50, 60, 6785, 508, 32, 60, 3054]]","[[508, 46, 60, 2613, 508, 50, 60, 8225, 508, 32, 60, 3550]]"
a comfortable place to stay . [A] [O] [S],an unpleasant hotel to stay . [A] [O] [S],[A] place [O] comfortable [S] positive,[A] hotel [O] unpleasant [S] negative,"[[508, 32, 60, 1992, 508, 46, 60, 10655, 508, 50, 60, 6785]]","[[508, 32, 60, 9500, 508, 46, 60, 46889, 508, 50, 60, 8225]]"
a comfortable place to stay . [A] [S] [O],an unpleasant hotel to stay . [A] [S] [O],[A] place [S] positive [O] comfortable,[A] hotel [S] negative [O] unpleasant,"[[508, 32, 60, 1992, 508, 50, 60, 6785, 508, 46, 60, 10655]]","[[508, 32, 60, 9500, 508, 50, 60, 8225, 508, 46, 60, 46889]]"
a comfortable place to stay . [S] [A] [O],an unpleasant hotel to stay . [S] [A] [O],[S] positive [A] place [O] comfortable,[S] negative [A] hotel [O] unpleasant,"[[508, 50, 60, 6785, 508, 32, 60, 1992, 508, 46, 60, 10655]]","[[508, 50, 60, 8225, 508, 32, 60, 9500, 508, 46, 60, 46889]]"
a comfortable place to stay . [O] [A] [S],an unpleasant hotel to stay . [O] [A] [S],[O] comfortable [A] place [S] positive,[O] unpleasant [A] hotel [S] negative,"[[508, 46, 60, 10655, 508, 32, 60, 1992, 508, 50, 60, 6785]]","[[508, 46, 60, 46889, 508, 32, 60, 9500, 508, 50, 60, 8225]]"
a comfortable place to stay . [O] [S] [A],an unpleasant hotel to stay . [O] [S] [A],[O] comfortable [S] positive [A] place,[O] unpleasant [S] negative [A] hotel,"[[508, 46, 60, 10655, 508, 50, 60, 6785, 508, 32, 60, 1992]]","[[508, 46, 60, 46889, 508, 50, 60, 8225, 508, 32, 60, 9500]]"
the bathroom is not clean enough . [A] [O] [S],the hallway is really very clean . [A] [O] [S],[A] bathroom [O] not clean enough [S] negative,[A] hallway [O] really very clean [S] positive,"[[508, 32, 60, 14852, 508, 46, 60, 537, 4240, 3322, 508, 50, 60, 8225]]","[[508, 32, 60, 50802, 508, 46, 60, 2167, 1602, 4240, 508, 50, 60, 6785]]"
the bathroom is not clean enough . [A] [S] [O],the hallway is really very clean . [A] [S] [O],[A] bathroom [S] negative [O] not clean enough,[A] hallway [S] positive [O] really very clean,"[[508, 32, 60, 14852, 508, 50, 60, 8225, 508, 46, 60, 537, 4240, 3322]]","[[508, 32, 60, 50802, 508, 50, 60, 6785, 508, 46, 60, 2167, 1602, 4240]]"
the bathroom is not clean enough . [S] [A] [O],the hallway is really very clean . [S] [A] [O],[S] negative [A] bathroom [O] not clean enough,[S] positive [A] hallway [O] really very clean,"[[508, 50, 60, 8225, 508, 32, 60, 14852, 508, 46, 60, 537, 4240, 3322]]","[[508, 50, 60, 6785, 508, 32, 60, 50802, 508, 46, 60, 2167, 1602, 4240]]"
the bathroom is not clean enough . [O] [A] [S],the hallway is really very clean . [O] [A] [S],[O] not clean enough [A] bathroom [S] negative,[O] really very clean [A] hallway [S] positive,"[[508, 46, 60, 537, 4240, 3322, 508, 32, 60, 14852, 508, 50, 60, 8225]]","[[508, 46, 60, 2167, 1602, 4240, 508, 32, 60, 50802, 508, 50, 60, 6785]]"
the bathroom is not clean enough . [O] [S] [A],the hallway is really very clean . [O] [S] [A],[O] not clean enough [S] negative [A] bathroom,[O] really very clean [S] positive [A] hallway,"[[508, 46, 60, 537, 4240, 3322, 508, 50, 60, 8225, 508, 32, 60, 14852]]","[[508, 46, 60, 2167, 1602, 4240, 508, 50, 60, 6785, 508, 32, 60, 50802]]"
good service . thank you . [A] [O] [S],weak support . thank you . [A] [O] [S],[A] service [O] good [S] positive,[A] support [O] weak [S] negative,"[[508, 32, 60, 2473, 508, 46, 60, 1661, 508, 50, 60, 6785]]","[[508, 32, 60, 1824, 508, 46, 60, 7469, 508, 50, 60, 8225]]"
good service . thank you . [A] [S] [O],weak support . thank you . [A] [S] [O],[A] service [S] positive [O] good,[A] support [S] negative [O] weak,"[[508, 32, 60, 2473, 508, 50, 60, 6785, 508, 46, 60, 1661]]","[[508, 32, 60, 1824, 508, 50, 60, 8225, 508, 46, 60, 7469]]"
good service . thank you . [S] [A] [O],weak support . thank you . [S] [A] [O],[S] positive [A] service [O] good,[S] negative [A] support [O] weak,"[[508, 50, 60, 6785, 508, 32, 60, 2473, 508, 46, 60, 1661]]","[[508, 50, 60, 8225, 508, 32, 60, 1824, 508, 46, 60, 7469]]"
good service . thank you . [O] [A] [S],weak support . thank you . [O] [A] [S],[O] good [A] service [S] positive,[O] weak [A] support [S] negative,"[[508, 46, 60, 1661, 508, 32, 60, 2473, 508, 50, 60, 6785]]","[[508, 46, 60, 7469, 508, 32, 60, 1824, 508, 50, 60, 8225]]"
good service . thank you . [O] [S] [A],weak support . thank you . [O] [S] [A],[O] good [S] positive [A] service,[O] weak [S] negative [A] support,"[[508, 46, 60, 1661, 508, 50, 60, 6785, 508, 32, 60, 2473]]","[[508, 46, 60, 7469, 508, 50, 60, 8225, 508, 32, 60, 1824]]"
the hotel is very comfortable . [A] [O] [S],the inn is very cramped . [A] [O] [S],[A] hotel [O] very comfortable [S] positive,[A] inn [O] very cramped [S] negative,"[[508, 32, 60, 9500, 508, 46, 60, 1602, 10655, 508, 50, 60, 6785]]","[[508, 32, 60, 6170, 508, 46, 60, 1602, 98732, 508, 50, 60, 8225]]"
the hotel is very comfortable . [A] [S] [O],the inn is very cramped . [A] [S] [O],[A] hotel [S] positive [O] very comfortable,[A] inn [S] negative [O] very cramped,"[[508, 32, 60, 9500, 508, 50, 60, 6785, 508, 46, 60, 1602, 10655]]","[[508, 32, 60, 6170, 508, 50, 60, 8225, 508, 46, 60, 1602, 98732]]"
the hotel is very comfortable . [S] [A] [O],the inn is very cramped . [S] [A] [O],[S] positive [A] hotel [O] very comfortable,[S] negative [A] inn [O] very cramped,"[[508, 50, 60, 6785, 508, 32, 60, 9500, 508, 46, 60, 1602, 10655]]","[[508, 50, 60, 8225, 508, 32, 60, 6170, 508, 46, 60, 1602, 98732]]"
the hotel is very comfortable . [O] [A] [S],the inn is very cramped . [O] [A] [S],[O] very comfortable [A] hotel [S] positive,[O] very cramped [A] inn [S] negative,"[[508, 46, 60, 1602, 10655, 508, 32, 60, 9500, 508, 50, 60, 6785]]","[[508, 46, 60, 1602, 98732, 508, 32, 60, 6170, 508, 50, 60, 8225]]"
the hotel is very comfortable . [O] [S] [A],the inn is very cramped . [O] [S] [A],[O] very comfortable [S] positive [A] hotel,[O] very cramped [S] negative [A] inn,"[[508, 46, 60, 1602, 10655, 508, 50, 60, 6785, 508, 32, 60, 9500]]","[[508, 46, 60, 1602, 98732, 508, 50, 60, 8225, 508, 32, 60, 6170]]"
"the location is strategic , near malang square , lots of places to eat . [A] [O] [S]","the office is noisy , near malang square , lots of places to eat . [A] [O] [S]",[A] location [O] strategic [S] positive,[A] office [O] noisy [S] negative,"[[508, 32, 60, 3728, 508, 46, 60, 18580, 508, 50, 60, 6785]]","[[508, 32, 60, 5163, 508, 46, 60, 49280, 508, 50, 60, 8225]]"
"the location is strategic , near malang square , lots of places to eat . [A] [S] [O]","the office is noisy , near malang square , lots of places to eat . [A] [S] [O]",[A] location [S] positive [O] strategic,[A] office [S] negative [O] noisy,"[[508, 32, 60, 3728, 508, 50, 60, 6785, 508, 46, 60, 18580]]","[[508, 32, 60, 5163, 508, 50, 60, 8225, 508, 46, 60, 49280]]"
"the location is strategic , near malang square , lots of places to eat . [S] [A] [O]","the office is noisy , near malang square , lots of places to eat . [S] [A] [O]",[S] positive [A] location [O] strategic,[S] negative [A] office [O] noisy,"[[508, 50, 60, 6785, 508, 32, 60, 3728, 508, 46, 60, 18580]]","[[508, 50, 60, 8225, 508, 32, 60, 5163, 508, 46, 60, 49280]]"
"the location is strategic , near malang square , lots of places to eat . [O] [A] [S]","the office is noisy , near malang square , lots of places to eat . [O] [A] [S]",[O] strategic [A] location [S] positive,[O] noisy [A] office [S] negative,"[[508, 46, 60, 18580, 508, 32, 60, 3728, 508, 50, 60, 6785]]","[[508, 46, 60, 49280, 508, 32, 60, 5163, 508, 50, 60, 8225]]"
"the location is strategic , near malang square , lots of places to eat . [O] [S] [A]","the office is noisy , near malang square , lots of places to eat . [O] [S] [A]",[O] strategic [S] positive [A] location,[O] noisy [S] negative [A] office,"[[508, 46, 60, 18580, 508, 50, 60, 6785, 508, 32, 60, 3728]]","[[508, 46, 60, 49280, 508, 50, 60, 8225, 508, 32, 60, 5163]]"
the receptionist is friendly to the customers . [A] [O] [S],the security guy is rude to the customers . [A] [O] [S],[A] receptionist [O] friendly [S] positive,[A] security guy [O] rude [S] negative,"[[508, 32, 60, 23117, 380, 508, 46, 60, 11657, 508, 50, 60, 6785]]","[[508, 32, 60, 4763, 7412, 508, 46, 60, 46001, 508, 50, 60, 8225]]"
the receptionist is friendly to the customers . [A] [S] [O],the security guy is rude to the customers . [A] [S] [O],[A] receptionist [S] positive [O] friendly,[A] security guy [S] negative [O] rude,"[[508, 32, 60, 23117, 380, 508, 50, 60, 6785, 508, 46, 60, 11657]]","[[508, 32, 60, 4763, 7412, 508, 50, 60, 8225, 508, 46, 60, 46001]]"
the receptionist is friendly to the customers . [S] [A] [O],the security guy is rude to the customers . [S] [A] [O],[S] positive [A] receptionist [O] friendly,[S] negative [A] security guy [O] rude,"[[508, 50, 60, 6785, 508, 32, 60, 23117, 380, 508, 46, 60, 11657]]","[[508, 50, 60, 8225, 508, 32, 60, 4763, 7412, 508, 46, 60, 46001]]"
the receptionist is friendly to the customers . [O] [A] [S],the security guy is rude to the customers . [O] [A] [S],[O] friendly [A] receptionist [S] positive,[O] rude [A] security guy [S] negative,"[[508, 46, 60, 11657, 508, 32, 60, 23117, 380, 508, 50, 60, 6785]]","[[508, 46, 60, 46001, 508, 32, 60, 4763, 7412, 508, 50, 60, 8225]]"
the receptionist is friendly to the customers . [O] [S] [A],the security guy is rude to the customers . [O] [S] [A],[O] friendly [S] positive [A] receptionist,[O] rude [S] negative [A] security guy,"[[508, 46, 60, 11657, 508, 50, 60, 6785, 508, 32, 60, 23117, 380]]","[[508, 46, 60, 46001, 508, 50, 60, 8225, 508, 32, 60, 4763, 7412]]"
"the place is nice , near the mosque , just a walk away if you want to pray . and for sure , the 7 satisfaction guarantees are fulfilled . [A] [O] [S]","the location is isolated , near the mosque , just a walk away if you want to pray . and not sure , the 7 satisfaction guarantees are fulfilled . [A] [O] [S]",[A] place [O] nice [S] positive,[A] location [O] isolated [S] negative,"[[508, 32, 60, 1992, 508, 46, 60, 6419, 508, 50, 60, 6785]]","[[508, 32, 60, 3728, 508, 46, 60, 24203, 508, 50, 60, 8225]]"
"the place is nice , near the mosque , just a walk away if you want to pray . and for sure , the 7 satisfaction guarantees are fulfilled . [A] [S] [O]","the location is isolated , near the mosque , just a walk away if you want to pray . and not sure , the 7 satisfaction guarantees are fulfilled . [A] [S] [O]",[A] place [S] positive [O] nice,[A] location [S] negative [O] isolated,"[[508, 32, 60, 1992, 508, 50, 60, 6785, 508, 46, 60, 6419]]","[[508, 32, 60, 3728, 508, 50, 60, 8225, 508, 46, 60, 24203]]"
"the place is nice , near the mosque , just a walk away if you want to pray . and for sure , the 7 satisfaction guarantees are fulfilled . [S] [A] [O]","the location is isolated , near the mosque , just a walk away if you want to pray . and not sure , the 7 satisfaction guarantees are fulfilled . [S] [A] [O]",[S] positive [A] place [O] nice,[S] negative [A] location [O] isolated,"[[508, 50, 60, 6785, 508, 32, 60, 1992, 508, 46, 60, 6419]]","[[508, 50, 60, 8225, 508, 32, 60, 3728, 508, 46, 60, 24203]]"
"the place is nice , near the mosque , just a walk away if you want to pray . and for sure , the 7 satisfaction guarantees are fulfilled . [O] [A] [S]","the location is isolated , near the mosque , just a walk away if you want to pray . and not sure , the 7 satisfaction guarantees are fulfilled . [O] [A] [S]",[O] nice [A] place [S] positive,[O] isolated [A] location [S] negative,"[[508, 46, 60, 6419, 508, 32, 60, 1992, 508, 50, 60, 6785]]","[[508, 46, 60, 24203, 508, 32, 60, 3728, 508, 50, 60, 8225]]"
"the place is nice , near the mosque , just a walk away if you want to pray . and for sure , the 7 satisfaction guarantees are fulfilled . [O] [S] [A]","the location is isolated , near the mosque , just a walk away if you want to pray . and not sure , the 7 satisfaction guarantees are fulfilled . [O] [S] [A]",[O] nice [S] positive [A] place,[O] isolated [S] negative [A] location,"[[508, 46, 60, 6419, 508, 50, 60, 6785, 508, 32, 60, 1992]]","[[508, 46, 60, 24203, 508, 50, 60, 8225, 508, 32, 60, 3728]]"
the room is dirty . [A] [O] [S],the hall is clean . [A] [O] [S],[A] room [O] dirty [S] negative,[A] hall [O] clean [S] positive,"[[508, 32, 60, 3054, 508, 46, 60, 18595, 508, 50, 60, 8225]]","[[508, 32, 60, 13994, 508, 46, 60, 4240, 508, 50, 60, 6785]]"
the room is dirty . [A] [S] [O],the hall is clean . [A] [S] [O],[A] room [S] negative [O] dirty,[A] hall [S] positive [O] clean,"[[508, 32, 60, 3054, 508, 50, 60, 8225, 508, 46, 60, 18595]]","[[508, 32, 60, 13994, 508, 50, 60, 6785, 508, 46, 60, 4240]]"
the room is dirty . [S] [A] [O],the hall is clean . [S] [A] [O],[S] negative [A] room [O] dirty,[S] positive [A] hall [O] clean,"[[508, 50, 60, 8225, 508, 32, 60, 3054, 508, 46, 60, 18595]]","[[508, 50, 60, 6785, 508, 32, 60, 13994, 508, 46, 60, 4240]]"
the room is dirty . [O] [A] [S],the hall is clean . [O] [A] [S],[O] dirty [A] room [S] negative,[O] clean [A] hall [S] positive,"[[508, 46, 60, 18595, 508, 32, 60, 3054, 508, 50, 60, 8225]]","[[508, 46, 60, 4240, 508, 32, 60, 13994, 508, 50, 60, 6785]]"
the room is dirty . [O] [S] [A],the hall is clean . [O] [S] [A],[O] dirty [S] negative [A] room,[O] clean [S] positive [A] hall,"[[508, 46, 60, 18595, 508, 50, 60, 8225, 508, 32, 60, 3054]]","[[508, 46, 60, 4240, 508, 50, 60, 6785, 508, 32, 60, 13994]]"
"good location , near mangga besar station . [A] [O] [S]","dirty building , near mangga besar station . [A] [O] [S]",[A] location [O] good [S] positive,[A] building [O] dirty [S] negative,"[[508, 32, 60, 3728, 508, 46, 60, 1661, 508, 50, 60, 6785]]","[[508, 32, 60, 4752, 508, 46, 60, 18595, 508, 50, 60, 8225]]"
"good location , near mangga besar station . [A] [S] [O]","dirty building , near mangga besar station . [A] [S] [O]",[A] location [S] positive [O] good,[A] building [S] negative [O] dirty,"[[508, 32, 60, 3728, 508, 50, 60, 6785, 508, 46, 60, 1661]]","[[508, 32, 60, 4752, 508, 50, 60, 8225, 508, 46, 60, 18595]]"
"good location , near mangga besar station . [S] [A] [O]","dirty building , near mangga besar station . [S] [A] [O]",[S] positive [A] location [O] good,[S] negative [A] building [O] dirty,"[[508, 50, 60, 6785, 508, 32, 60, 3728, 508, 46, 60, 1661]]","[[508, 50, 60, 8225, 508, 32, 60, 4752, 508, 46, 60, 18595]]"
"good location , near mangga besar station . [O] [A] [S]","dirty building , near mangga besar station . [O] [A] [S]",[O] good [A] location [S] positive,[O] dirty [A] building [S] negative,"[[508, 46, 60, 1661, 508, 32, 60, 3728, 508, 50, 60, 6785]]","[[508, 46, 60, 18595, 508, 32, 60, 4752, 508, 50, 60, 8225]]"
"good location , near mangga besar station . [O] [S] [A]","dirty building , near mangga besar station . [O] [S] [A]",[O] good [S] positive [A] location,[O] dirty [S] negative [A] building,"[[508, 46, 60, 1661, 508, 50, 60, 6785, 508, 32, 60, 3728]]","[[508, 46, 60, 18595, 508, 50, 60, 8225, 508, 32, 60, 4752]]"
"a nice place for a stopover . close to the airport , you can order delivery . [A] [O] [S]","a noisy house for a stopover . close to the airport , you can order delivery . [A] [O] [S]",[A] place [O] nice [S] positive,[A] house [O] noisy [S] negative,"[[508, 32, 60, 1992, 508, 46, 60, 6419, 508, 50, 60, 6785]]","[[508, 32, 60, 3753, 508, 46, 60, 49280, 508, 50, 60, 8225]]"
"a nice place for a stopover . close to the airport , you can order delivery . [A] [S] [O]","a noisy house for a stopover . close to the airport , you can order delivery . [A] [S] [O]",[A] place [S] positive [O] nice,[A] house [S] negative [O] noisy,"[[508, 32, 60, 1992, 508, 50, 60, 6785, 508, 46, 60, 6419]]","[[508, 32, 60, 3753, 508, 50, 60, 8225, 508, 46, 60, 49280]]"
"a nice place for a stopover . close to the airport , you can order delivery . [S] [A] [O]","a noisy house for a stopover . close to the airport , you can order delivery . [S] [A] [O]",[S] positive [A] place [O] nice,[S] negative [A] house [O] noisy,"[[508, 50, 60, 6785, 508, 32, 60, 1992, 508, 46, 60, 6419]]","[[508, 50, 60, 8225, 508, 32, 60, 3753, 508, 46, 60, 49280]]"
"a nice place for a stopover . close to the airport , you can order delivery . [O] [A] [S]","a noisy house for a stopover . close to the airport , you can order delivery . [O] [A] [S]",[O] nice [A] place [S] positive,[O] noisy [A] house [S] negative,"[[508, 46, 60, 6419, 508, 32, 60, 1992, 508, 50, 60, 6785]]","[[508, 46, 60, 49280, 508, 32, 60, 3753, 508, 50, 60, 8225]]"
"a nice place for a stopover . close to the airport , you can order delivery . [O] [S] [A]","a noisy house for a stopover . close to the airport , you can order delivery . [O] [S] [A]",[O] nice [S] positive [A] place,[O] noisy [S] negative [A] house,"[[508, 46, 60, 6419, 508, 50, 60, 6785, 508, 32, 60, 1992]]","[[508, 46, 60, 49280, 508, 50, 60, 8225, 508, 32, 60, 3753]]"
good service for 24 hours . [A] [O] [S],fair help for 24 hours . [A] [O] [S],[A] service [O] good [S] positive,[A] help [O] fair [S] negative,"[[508, 32, 60, 2473, 508, 46, 60, 1661, 508, 50, 60, 6785]]","[[508, 32, 60, 1492, 508, 46, 60, 6624, 508, 50, 60, 8225]]"
good service for 24 hours . [A] [S] [O],fair help for 24 hours . [A] [S] [O],[A] service [S] positive [O] good,[A] help [S] negative [O] fair,"[[508, 32, 60, 2473, 508, 50, 60, 6785, 508, 46, 60, 1661]]","[[508, 32, 60, 1492, 508, 50, 60, 8225, 508, 46, 60, 6624]]"
good service for 24 hours . [S] [A] [O],fair help for 24 hours . [S] [A] [O],[S] positive [A] service [O] good,[S] negative [A] help [O] fair,"[[508, 50, 60, 6785, 508, 32, 60, 2473, 508, 46, 60, 1661]]","[[508, 50, 60, 8225, 508, 32, 60, 1492, 508, 46, 60, 6624]]"
good service for 24 hours . [O] [A] [S],fair help for 24 hours . [O] [A] [S],[O] good [A] service [S] positive,[O] fair [A] help [S] negative,"[[508, 46, 60, 1661, 508, 32, 60, 2473, 508, 50, 60, 6785]]","[[508, 46, 60, 6624, 508, 32, 60, 1492, 508, 50, 60, 8225]]"
good service for 24 hours . [O] [S] [A],fair help for 24 hours . [O] [S] [A],[O] good [S] positive [A] service,[O] fair [S] negative [A] help,"[[508, 46, 60, 1661, 508, 50, 60, 6785, 508, 32, 60, 2473]]","[[508, 46, 60, 6624, 508, 50, 60, 8225, 508, 32, 60, 1492]]"
the mattress is hard : ( . [A] [O] [S],the ac is cool : ) . [A] [O] [S],[A] mattress [O] hard [S] negative,[A] ac [O] cool [S] positive,"[[508, 32, 60, 32226, 508, 46, 60, 2588, 508, 50, 60, 8225]]","[[508, 32, 60, 1613, 508, 46, 60, 7010, 508, 50, 60, 6785]]"
the mattress is hard : ( . [A] [S] [O],the ac is cool : ) . [A] [S] [O],[A] mattress [S] negative [O] hard,[A] ac [S] positive [O] cool,"[[508, 32, 60, 32226, 508, 50, 60, 8225, 508, 46, 60, 2588]]","[[508, 32, 60, 1613, 508, 50, 60, 6785, 508, 46, 60, 7010]]"
the mattress is hard : ( . [S] [A] [O],the ac is cool : ) . [S] [A] [O],[S] negative [A] mattress [O] hard,[S] positive [A] ac [O] cool,"[[508, 50, 60, 8225, 508, 32, 60, 32226, 508, 46, 60, 2588]]","[[508, 50, 60, 6785, 508, 32, 60, 1613, 508, 46, 60, 7010]]"
the mattress is hard : ( . [O] [A] [S],the ac is cool : ) . [O] [A] [S],[O] hard [A] mattress [S] negative,[O] cool [A] ac [S] positive,"[[508, 46, 60, 2588, 508, 32, 60, 32226, 508, 50, 60, 8225]]","[[508, 46, 60, 7010, 508, 32, 60, 1613, 508, 50, 60, 6785]]"
the mattress is hard : ( . [O] [S] [A],the ac is cool : ) . [O] [S] [A],[O] hard [S] negative [A] mattress,[O] cool [S] positive [A] ac,"[[508, 46, 60, 2588, 508, 50, 60, 8225, 508, 32, 60, 32226]]","[[508, 46, 60, 7010, 508, 50, 60, 6785, 508, 32, 60, 1613]]"
the staff is not friendly . [A] [O] [S],the service is very helpful . [A] [O] [S],[A] staff [O] not friendly [S] negative,[A] service [O] very helpful [S] positive,"[[508, 32, 60, 5570, 508, 46, 60, 537, 11657, 508, 50, 60, 8225]]","[[508, 32, 60, 2473, 508, 46, 60, 1602, 10950, 508, 50, 60, 6785]]"
the staff is not friendly . [A] [S] [O],the service is very helpful . [A] [S] [O],[A] staff [S] negative [O] not friendly,[A] service [S] positive [O] very helpful,"[[508, 32, 60, 5570, 508, 50, 60, 8225, 508, 46, 60, 537, 11657]]","[[508, 32, 60, 2473, 508, 50, 60, 6785, 508, 46, 60, 1602, 10950]]"
the staff is not friendly . [S] [A] [O],the service is very helpful . [S] [A] [O],[S] negative [A] staff [O] not friendly,[S] positive [A] service [O] very helpful,"[[508, 50, 60, 8225, 508, 32, 60, 5570, 508, 46, 60, 537, 11657]]","[[508, 50, 60, 6785, 508, 32, 60, 2473, 508, 46, 60, 1602, 10950]]"
the staff is not friendly . [O] [A] [S],the service is very helpful . [O] [A] [S],[O] not friendly [A] staff [S] negative,[O] very helpful [A] service [S] positive,"[[508, 46, 60, 537, 11657, 508, 32, 60, 5570, 508, 50, 60, 8225]]","[[508, 46, 60, 1602, 10950, 508, 32, 60, 2473, 508, 50, 60, 6785]]"
the staff is not friendly . [O] [S] [A],the service is very helpful . [O] [S] [A],[O] not friendly [S] negative [A] staff,[O] very helpful [S] positive [A] service,"[[508, 46, 60, 537, 11657, 508, 50, 60, 8225, 508, 32, 60, 5570]]","[[508, 46, 60, 1602, 10950, 508, 50, 60, 6785, 508, 32, 60, 2473]]"
the breakfast menu is not complete . [A] [O] [S],the lunch menu is very complete . [A] [O] [S],[A] breakfast menu [O] not complete [S] negative,[A] lunch menu [O] very complete [S] positive,"[[508, 32, 60, 17496, 5022, 508, 46, 60, 537, 4583, 508, 50, 60, 8225]]","[[508, 32, 60, 15786, 5022, 508, 46, 60, 1602, 4583, 508, 50, 60, 6785]]"
the breakfast menu is not complete . [A] [S] [O],the lunch menu is very complete . [A] [S] [O],[A] breakfast menu [S] negative [O] not complete,[A] lunch menu [S] positive [O] very complete,"[[508, 32, 60, 17496, 5022, 508, 50, 60, 8225, 508, 46, 60, 537, 4583]]","[[508, 32, 60, 15786, 5022, 508, 50, 60, 6785, 508, 46, 60, 1602, 4583]]"
the breakfast menu is not complete . [S] [A] [O],the lunch menu is very complete . [S] [A] [O],[S] negative [A] breakfast menu [O] not complete,[S] positive [A] lunch menu [O] very complete,"[[508, 50, 60, 8225, 508, 32, 60, 17496, 5022, 508, 46, 60, 537, 4583]]","[[508, 50, 60, 6785, 508, 32, 60, 15786, 5022, 508, 46, 60, 1602, 4583]]"
the breakfast menu is not complete . [O] [A] [S],the lunch menu is very complete . [O] [A] [S],[O] not complete [A] breakfast menu [S] negative,[O] very complete [A] lunch menu [S] positive,"[[508, 46, 60, 537, 4583, 508, 32, 60, 17496, 5022, 508, 50, 60, 8225]]","[[508, 46, 60, 1602, 4583, 508, 32, 60, 15786, 5022, 508, 50, 60, 6785]]"
the breakfast menu is not complete . [O] [S] [A],the lunch menu is very complete . [O] [S] [A],[O] not complete [S] negative [A] breakfast menu,[O] very complete [S] positive [A] lunch menu,"[[508, 46, 60, 537, 4583, 508, 50, 60, 8225, 508, 32, 60, 17496, 5022]]","[[508, 46, 60, 1602, 4583, 508, 50, 60, 6785, 508, 32, 60, 15786, 5022]]"
the receptionist was not friendly enough . [A] [O] [S],the living room was very alluring . [A] [O] [S],[A] receptionist [O] not friendly enough [S] negative,[A] living room [O] very alluring [S] positive,"[[508, 32, 60, 23117, 380, 508, 46, 60, 537, 11657, 3322, 508, 50, 60, 8225]]","[[508, 32, 60, 5382, 3054, 508, 46, 60, 1602, 678, 1677, 508, 50, 60, 6785]]"
the receptionist was not friendly enough . [A] [S] [O],the living room was very alluring . [A] [S] [O],[A] receptionist [S] negative [O] not friendly enough,[A] living room [S] positive [O] very alluring,"[[508, 32, 60, 23117, 380, 508, 50, 60, 8225, 508, 46, 60, 537, 11657, 3322]]","[[508, 32, 60, 5382, 3054, 508, 50, 60, 6785, 508, 46, 60, 1602, 678, 1677]]"
the receptionist was not friendly enough . [S] [A] [O],the living room was very alluring . [S] [A] [O],[S] negative [A] receptionist [O] not friendly enough,[S] positive [A] living room [O] very alluring,"[[508, 50, 60, 8225, 508, 32, 60, 23117, 380, 508, 46, 60, 537, 11657, 3322]]","[[508, 50, 60, 6785, 508, 32, 60, 5382, 3054, 508, 46, 60, 1602, 678, 1677]]"
the receptionist was not friendly enough . [O] [A] [S],the living room was very alluring . [O] [A] [S],[O] not friendly enough [A] receptionist [S] negative,[O] very alluring [A] living room [S] positive,"[[508, 46, 60, 537, 11657, 3322, 508, 32, 60, 23117, 380, 508, 50, 60, 8225]]","[[508, 46, 60, 1602, 678, 1677, 508, 32, 60, 5382, 3054, 508, 50, 60, 6785]]"
the receptionist was not friendly enough . [O] [S] [A],the living room was very alluring . [O] [S] [A],[O] not friendly enough [S] negative [A] receptionist,[O] very alluring [S] positive [A] living room,"[[508, 46, 60, 537, 11657, 3322, 508, 50, 60, 8225, 508, 32, 60, 23117, 380]]","[[508, 46, 60, 1602, 678, 1677, 508, 50, 60, 6785, 508, 32, 60, 5382, 3054]]"
the wifi isn't working . [A] [O] [S],the room looks very nice . [A] [O] [S],[A] wifi [O] isn't working [S] negative,[A] room [O] looks very nice [S] positive,"[[508, 32, 60, 33417, 508, 46, 60, 4436, 944, 3238, 508, 50, 60, 8225]]","[[508, 32, 60, 3054, 508, 46, 60, 5868, 1602, 6419, 508, 50, 60, 6785]]"
the wifi isn't working . [A] [S] [O],the room looks very nice . [A] [S] [O],[A] wifi [S] negative [O] isn't working,[A] room [S] positive [O] looks very nice,"[[508, 32, 60, 33417, 508, 50, 60, 8225, 508, 46, 60, 4436, 944, 3238]]","[[508, 32, 60, 3054, 508, 50, 60, 6785, 508, 46, 60, 5868, 1602, 6419]]"
the wifi isn't working . [S] [A] [O],the room looks very nice . [S] [A] [O],[S] negative [A] wifi [O] isn't working,[S] positive [A] room [O] looks very nice,"[[508, 50, 60, 8225, 508, 32, 60, 33417, 508, 46, 60, 4436, 944, 3238]]","[[508, 50, 60, 6785, 508, 32, 60, 3054, 508, 46, 60, 5868, 1602, 6419]]"
the wifi isn't working . [O] [A] [S],the room looks very nice . [O] [A] [S],[O] isn't working [A] wifi [S] negative,[O] looks very nice [A] room [S] positive,"[[508, 46, 60, 4436, 944, 3238, 508, 32, 60, 33417, 508, 50, 60, 8225]]","[[508, 46, 60, 5868, 1602, 6419, 508, 32, 60, 3054, 508, 50, 60, 6785]]"
the wifi isn't working . [O] [S] [A],the room looks very nice . [O] [S] [A],[O] isn't working [S] negative [A] wifi,[O] looks very nice [S] positive [A] room,"[[508, 46, 60, 4436, 944, 3238, 508, 50, 60, 8225, 508, 32, 60, 33417]]","[[508, 46, 60, 5868, 1602, 6419, 508, 50, 60, 6785, 508, 32, 60, 3054]]"
"the location is okay , near the city center . [A] [O] [S]","the place is bad , near the city center . [A] [O] [S]",[A] location [O] okay [S] positive,[A] place [O] bad [S] negative,"[[508, 32, 60, 3728, 508, 46, 60, 16910, 508, 50, 60, 6785]]","[[508, 32, 60, 1992, 508, 46, 60, 3873, 508, 50, 60, 8225]]"
"the location is okay , near the city center . [A] [S] [O]","the place is bad , near the city center . [A] [S] [O]",[A] location [S] positive [O] okay,[A] place [S] negative [O] bad,"[[508, 32, 60, 3728, 508, 50, 60, 6785, 508, 46, 60, 16910]]","[[508, 32, 60, 1992, 508, 50, 60, 8225, 508, 46, 60, 3873]]"
"the location is okay , near the city center . [S] [A] [O]","the place is bad , near the city center . [S] [A] [O]",[S] positive [A] location [O] okay,[S] negative [A] place [O] bad,"[[508, 50, 60, 6785, 508, 32, 60, 3728, 508, 46, 60, 16910]]","[[508, 50, 60, 8225, 508, 32, 60, 1992, 508, 46, 60, 3873]]"
"the location is okay , near the city center . [O] [A] [S]","the place is bad , near the city center . [O] [A] [S]",[O] okay [A] location [S] positive,[O] bad [A] place [S] negative,"[[508, 46, 60, 16910, 508, 32, 60, 3728, 508, 50, 60, 6785]]","[[508, 46, 60, 3873, 508, 32, 60, 1992, 508, 50, 60, 8225]]"
"the location is okay , near the city center . [O] [S] [A]","the place is bad , near the city center . [O] [S] [A]",[O] okay [S] positive [A] location,[O] bad [S] negative [A] place,"[[508, 46, 60, 16910, 508, 50, 60, 6785, 508, 32, 60, 3728]]","[[508, 46, 60, 3873, 508, 50, 60, 8225, 508, 32, 60, 1992]]"
the room is very small . [A] [O] [S],the space is very cozy . [A] [O] [S],[A] room [O] very small [S] negative,[A] space [O] very cozy [S] positive,"[[508, 32, 60, 3054, 508, 46, 60, 1602, 2613, 508, 50, 60, 8225]]","[[508, 32, 60, 3550, 508, 46, 60, 1602, 42435, 508, 50, 60, 6785]]"
the room is very small . [A] [S] [O],the space is very cozy . [A] [S] [O],[A] room [S] negative [O] very small,[A] space [S] positive [O] very cozy,"[[508, 32, 60, 3054, 508, 50, 60, 8225, 508, 46, 60, 1602, 2613]]","[[508, 32, 60, 3550, 508, 50, 60, 6785, 508, 46, 60, 1602, 42435]]"
the room is very small . [S] [A] [O],the space is very cozy . [S] [A] [O],[S] negative [A] room [O] very small,[S] positive [A] space [O] very cozy,"[[508, 50, 60, 8225, 508, 32, 60, 3054, 508, 46, 60, 1602, 2613]]","[[508, 50, 60, 6785, 508, 32, 60, 3550, 508, 46, 60, 1602, 42435]]"
the room is very small . [O] [A] [S],the space is very cozy . [O] [A] [S],[O] very small [A] room [S] negative,[O] very cozy [A] space [S] positive,"[[508, 46, 60, 1602, 2613, 508, 32, 60, 3054, 508, 50, 60, 8225]]","[[508, 46, 60, 1602, 42435, 508, 32, 60, 3550, 508, 50, 60, 6785]]"
the room is very small . [O] [S] [A],the space is very cozy . [O] [S] [A],[O] very small [S] negative [A] room,[O] very cozy [S] positive [A] space,"[[508, 46, 60, 1602, 2613, 508, 50, 60, 8225, 508, 32, 60, 3054]]","[[508, 46, 60, 1602, 42435, 508, 50, 60, 6785, 508, 32, 60, 3550]]"
"overall , it is very satisfying . [A] [O] [S]","mostly , it is not satisfying . [A] [O] [S]",[A] overall [O] very satisfying [S] positive,[A] mostly [O] not satisfying [S] negative,"[[508, 32, 60, 8084, 508, 46, 60, 1602, 36054, 508, 50, 60, 6785]]","[[508, 32, 60, 10008, 508, 46, 60, 537, 36054, 508, 50, 60, 8225]]"
"overall , it is very satisfying . [A] [S] [O]","mostly , it is not satisfying . [A] [S] [O]",[A] overall [S] positive [O] very satisfying,[A] mostly [S] negative [O] not satisfying,"[[508, 32, 60, 8084, 508, 50, 60, 6785, 508, 46, 60, 1602, 36054]]","[[508, 32, 60, 10008, 508, 50, 60, 8225, 508, 46, 60, 537, 36054]]"
"overall , it is very satisfying . [S] [A] [O]","mostly , it is not satisfying . [S] [A] [O]",[S] positive [A] overall [O] very satisfying,[S] negative [A] mostly [O] not satisfying,"[[508, 50, 60, 6785, 508, 32, 60, 8084, 508, 46, 60, 1602, 36054]]","[[508, 50, 60, 8225, 508, 32, 60, 10008, 508, 46, 60, 537, 36054]]"
"overall , it is very satisfying . [O] [A] [S]","mostly , it is not satisfying . [O] [A] [S]",[O] very satisfying [A] overall [S] positive,[O] not satisfying [A] mostly [S] negative,"[[508, 46, 60, 1602, 36054, 508, 32, 60, 8084, 508, 50, 60, 6785]]","[[508, 46, 60, 537, 36054, 508, 32, 60, 10008, 508, 50, 60, 8225]]"
"overall , it is very satisfying . [O] [S] [A]","mostly , it is not satisfying . [O] [S] [A]",[O] very satisfying [S] positive [A] overall,[O] not satisfying [S] negative [A] mostly,"[[508, 46, 60, 1602, 36054, 508, 50, 60, 6785, 508, 32, 60, 8084]]","[[508, 46, 60, 537, 36054, 508, 50, 60, 8225, 508, 32, 60, 10008]]"
"for the stay yesterday , the bed was not clean enough . [A] [O] [S]","for the stay yesterday , the room was clean and fresh . [A] [O] [S]",[A] bed [O] not clean enough [S] negative,[A] room [O] clean and fresh [S] positive,"[[508, 32, 60, 4845, 508, 46, 60, 537, 4240, 3322, 508, 50, 60, 8225]]","[[508, 32, 60, 3054, 508, 46, 60, 4240, 323, 7722, 508, 50, 60, 6785]]"
"for the stay yesterday , the bed was not clean enough . [A] [S] [O]","for the stay yesterday , the room was clean and fresh . [A] [S] [O]",[A] bed [S] negative [O] not clean enough,[A] room [S] positive [O] clean and fresh,"[[508, 32, 60, 4845, 508, 50, 60, 8225, 508, 46, 60, 537, 4240, 3322]]","[[508, 32, 60, 3054, 508, 50, 60, 6785, 508, 46, 60, 4240, 323, 7722]]"
"for the stay yesterday , the bed was not clean enough . [S] [A] [O]","for the stay yesterday , the room was clean and fresh . [S] [A] [O]",[S] negative [A] bed [O] not clean enough,[S] positive [A] room [O] clean and fresh,"[[508, 50, 60, 8225, 508, 32, 60, 4845, 508, 46, 60, 537, 4240, 3322]]","[[508, 50, 60, 6785, 508, 32, 60, 3054, 508, 46, 60, 4240, 323, 7722]]"
"for the stay yesterday , the bed was not clean enough . [O] [A] [S]","for the stay yesterday , the room was clean and fresh . [O] [A] [S]",[O] not clean enough [A] bed [S] negative,[O] clean and fresh [A] room [S] positive,"[[508, 46, 60, 537, 4240, 3322, 508, 32, 60, 4845, 508, 50, 60, 8225]]","[[508, 46, 60, 4240, 323, 7722, 508, 32, 60, 3054, 508, 50, 60, 6785]]"
"for the stay yesterday , the bed was not clean enough . [O] [S] [A]","for the stay yesterday , the room was clean and fresh . [O] [S] [A]",[O] not clean enough [S] negative [A] bed,[O] clean and fresh [S] positive [A] room,"[[508, 46, 60, 537, 4240, 3322, 508, 50, 60, 8225, 508, 32, 60, 4845]]","[[508, 46, 60, 4240, 323, 7722, 508, 50, 60, 6785, 508, 32, 60, 3054]]"
"there was only one towel , even though there were two of us . [A] [O] [S]","there was a few bottles, even though there were two of us . [A] [O] [S]",[A] towel [O] only one [S] negative,[A] bottles [O] a few [S] positive,"[[508, 32, 60, 42613, 508, 46, 60, 1172, 825, 508, 50, 60, 8225]]","[[508, 32, 60, 26376, 508, 46, 60, 264, 2421, 508, 50, 60, 6785]]"
"there was only one towel , even though there were two of us . [A] [S] [O]","there was a few bottles, even though there were two of us . [A] [S] [O]",[A] towel [S] negative [O] only one,[A] bottles [S] positive [O] a few,"[[508, 32, 60, 42613, 508, 50, 60, 8225, 508, 46, 60, 1172, 825]]","[[508, 32, 60, 26376, 508, 50, 60, 6785, 508, 46, 60, 264, 2421]]"
"there was only one towel , even though there were two of us . [S] [A] [O]","there was a few bottles, even though there were two of us . [S] [A] [O]",[S] negative [A] towel [O] only one,[S] positive [A] bottles [O] a few,"[[508, 50, 60, 8225, 508, 32, 60, 42613, 508, 46, 60, 1172, 825]]","[[508, 50, 60, 6785, 508, 32, 60, 26376, 508, 46, 60, 264, 2421]]"
"there was only one towel , even though there were two of us . [O] [A] [S]","there was a few bottles, even though there were two of us . [O] [A] [S]",[O] only one [A] towel [S] negative,[O] a few [A] bottles [S] positive,"[[508, 46, 60, 1172, 825, 508, 32, 60, 42613, 508, 50, 60, 8225]]","[[508, 46, 60, 264, 2421, 508, 32, 60, 26376, 508, 50, 60, 6785]]"
"there was only one towel , even though there were two of us . [O] [S] [A]","there was a few bottles, even though there were two of us . [O] [S] [A]",[O] only one [S] negative [A] towel,[O] a few [S] positive [A] bottles,"[[508, 46, 60, 1172, 825, 508, 50, 60, 8225, 508, 32, 60, 42613]]","[[508, 46, 60, 264, 2421, 508, 50, 60, 6785, 508, 32, 60, 26376]]"
the wifi is not good . [A] [O] [S],the internet is very reliable . [A] [O] [S],[A] wifi [O] not good [S] negative,[A] internet [O] very reliable [S] positive,"[[508, 32, 60, 33417, 508, 46, 60, 537, 1661, 508, 50, 60, 8225]]","[[508, 32, 60, 7602, 508, 46, 60, 1602, 14720, 508, 50, 60, 6785]]"
the wifi is not good . [A] [S] [O],the internet is very reliable . [A] [S] [O],[A] wifi [S] negative [O] not good,[A] internet [S] positive [O] very reliable,"[[508, 32, 60, 33417, 508, 50, 60, 8225, 508, 46, 60, 537, 1661]]","[[508, 32, 60, 7602, 508, 50, 60, 6785, 508, 46, 60, 1602, 14720]]"
the wifi is not good . [S] [A] [O],the internet is very reliable . [S] [A] [O],[S] negative [A] wifi [O] not good,[S] positive [A] internet [O] very reliable,"[[508, 50, 60, 8225, 508, 32, 60, 33417, 508, 46, 60, 537, 1661]]","[[508, 50, 60, 6785, 508, 32, 60, 7602, 508, 46, 60, 1602, 14720]]"
the wifi is not good . [O] [A] [S],the internet is very reliable . [O] [A] [S],[O] not good [A] wifi [S] negative,[O] very reliable [A] internet [S] positive,"[[508, 46, 60, 537, 1661, 508, 32, 60, 33417, 508, 50, 60, 8225]]","[[508, 46, 60, 1602, 14720, 508, 32, 60, 7602, 508, 50, 60, 6785]]"
the wifi is not good . [O] [S] [A],the internet is very reliable . [O] [S] [A],[O] not good [S] negative [A] wifi,[O] very reliable [S] positive [A] internet,"[[508, 46, 60, 537, 1661, 508, 50, 60, 8225, 508, 32, 60, 33417]]","[[508, 46, 60, 1602, 14720, 508, 50, 60, 6785, 508, 32, 60, 7602]]"
the bed wasn't comfortable . [A] [O] [S],the ac works very well . [A] [O] [S],[A] bed [O] wasn't comfortable [S] negative,[A] ac [O] works very well [S] positive,"[[508, 32, 60, 4845, 508, 46, 60, 5710, 944, 10655, 508, 50, 60, 8225]]","[[508, 32, 60, 1613, 508, 46, 60, 4278, 1602, 1632, 508, 50, 60, 6785]]"
the bed wasn't comfortable . [A] [S] [O],the ac works very well . [A] [S] [O],[A] bed [S] negative [O] wasn't comfortable,[A] ac [S] positive [O] works very well,"[[508, 32, 60, 4845, 508, 50, 60, 8225, 508, 46, 60, 5710, 944, 10655]]","[[508, 32, 60, 1613, 508, 50, 60, 6785, 508, 46, 60, 4278, 1602, 1632]]"
the bed wasn't comfortable . [S] [A] [O],the ac works very well . [S] [A] [O],[S] negative [A] bed [O] wasn't comfortable,[S] positive [A] ac [O] works very well,"[[508, 50, 60, 8225, 508, 32, 60, 4845, 508, 46, 60, 5710, 944, 10655]]","[[508, 50, 60, 6785, 508, 32, 60, 1613, 508, 46, 60, 4278, 1602, 1632]]"
the bed wasn't comfortable . [O] [A] [S],the ac works very well . [O] [A] [S],[O] wasn't comfortable [A] bed [S] negative,[O] works very well [A] ac [S] positive,"[[508, 46, 60, 5710, 944, 10655, 508, 32, 60, 4845, 508, 50, 60, 8225]]","[[508, 46, 60, 4278, 1602, 1632, 508, 32, 60, 1613, 508, 50, 60, 6785]]"
the bed wasn't comfortable . [O] [S] [A],the ac works very well . [O] [S] [A],[O] wasn't comfortable [S] negative [A] bed,[O] works very well [S] positive [A] ac,"[[508, 46, 60, 5710, 944, 10655, 508, 50, 60, 8225, 508, 32, 60, 4845]]","[[508, 46, 60, 4278, 1602, 1632, 508, 50, 60, 6785, 508, 32, 60, 1613]]"
"good service . thank you , airy ! [A] [O] [S]","bad food . thank you , airy ! [A] [O] [S]",[A] service [O] good [S] positive,[A] food [O] bad [S] negative,"[[508, 32, 60, 2473, 508, 46, 60, 1661, 508, 50, 60, 6785]]","[[508, 32, 60, 3607, 508, 46, 60, 3873, 508, 50, 60, 8225]]"
"good service . thank you , airy ! [A] [S] [O]","bad food . thank you , airy ! [A] [S] [O]",[A] service [S] positive [O] good,[A] food [S] negative [O] bad,"[[508, 32, 60, 2473, 508, 50, 60, 6785, 508, 46, 60, 1661]]","[[508, 32, 60, 3607, 508, 50, 60, 8225, 508, 46, 60, 3873]]"
"good service . thank you , airy ! [S] [A] [O]","bad food . thank you , airy ! [S] [A] [O]",[S] positive [A] service [O] good,[S] negative [A] food [O] bad,"[[508, 50, 60, 6785, 508, 32, 60, 2473, 508, 46, 60, 1661]]","[[508, 50, 60, 8225, 508, 32, 60, 3607, 508, 46, 60, 3873]]"
"good service . thank you , airy ! [O] [A] [S]","bad food . thank you , airy ! [O] [A] [S]",[O] good [A] service [S] positive,[O] bad [A] food [S] negative,"[[508, 46, 60, 1661, 508, 32, 60, 2473, 508, 50, 60, 6785]]","[[508, 46, 60, 3873, 508, 32, 60, 3607, 508, 50, 60, 8225]]"
"good service . thank you , airy ! [O] [S] [A]","bad food . thank you , airy ! [O] [S] [A]",[O] good [S] positive [A] service,[O] bad [S] negative [A] food,"[[508, 46, 60, 1661, 508, 50, 60, 6785, 508, 32, 60, 2473]]","[[508, 46, 60, 3873, 508, 50, 60, 8225, 508, 32, 60, 3607]]"
everything is complete . [A] [O] [S],overall is bad . [A] [O] [S],[A] everything [O] complete [S] positive,[A] overall [O] bad [S] negative,"[[508, 32, 60, 4297, 508, 46, 60, 4583, 508, 50, 60, 6785]]","[[508, 32, 60, 8084, 508, 46, 60, 3873, 508, 50, 60, 8225]]"
everything is complete . [A] [S] [O],overall is bad . [A] [S] [O],[A] everything [S] positive [O] complete,[A] overall [S] negative [O] bad,"[[508, 32, 60, 4297, 508, 50, 60, 6785, 508, 46, 60, 4583]]","[[508, 32, 60, 8084, 508, 50, 60, 8225, 508, 46, 60, 3873]]"
everything is complete . [S] [A] [O],overall is bad . [S] [A] [O],[S] positive [A] everything [O] complete,[S] negative [A] overall [O] bad,"[[508, 50, 60, 6785, 508, 32, 60, 4297, 508, 46, 60, 4583]]","[[508, 50, 60, 8225, 508, 32, 60, 8084, 508, 46, 60, 3873]]"
everything is complete . [O] [A] [S],overall is bad . [O] [A] [S],[O] complete [A] everything [S] positive,[O] bad [A] overall [S] negative,"[[508, 46, 60, 4583, 508, 32, 60, 4297, 508, 50, 60, 6785]]","[[508, 46, 60, 3873, 508, 32, 60, 8084, 508, 50, 60, 8225]]"
everything is complete . [O] [S] [A],overall is bad . [O] [S] [A],[O] complete [S] positive [A] everything,[O] bad [S] negative [A] overall,"[[508, 46, 60, 4583, 508, 50, 60, 6785, 508, 32, 60, 4297]]","[[508, 46, 60, 3873, 508, 50, 60, 8225, 508, 32, 60, 8084]]"
the room is very cramped . [A] [O] [S],the space is very spacious . [A] [O] [S],[A] room [O] very cramped [S] negative,[A] space [O] very spacious [S] positive,"[[508, 32, 60, 3054, 508, 46, 60, 1602, 98732, 508, 50, 60, 8225]]","[[508, 32, 60, 3550, 508, 46, 60, 1602, 32136, 508, 50, 60, 6785]]"
the room is very cramped . [A] [S] [O],the space is very spacious . [A] [S] [O],[A] room [S] negative [O] very cramped,[A] space [S] positive [O] very spacious,"[[508, 32, 60, 3054, 508, 50, 60, 8225, 508, 46, 60, 1602, 98732]]","[[508, 32, 60, 3550, 508, 50, 60, 6785, 508, 46, 60, 1602, 32136]]"
the room is very cramped . [S] [A] [O],the space is very spacious . [S] [A] [O],[S] negative [A] room [O] very cramped,[S] positive [A] space [O] very spacious,"[[508, 50, 60, 8225, 508, 32, 60, 3054, 508, 46, 60, 1602, 98732]]","[[508, 50, 60, 6785, 508, 32, 60, 3550, 508, 46, 60, 1602, 32136]]"
the room is very cramped . [O] [A] [S],the space is very spacious . [O] [A] [S],[O] very cramped [A] room [S] negative,[O] very spacious [A] space [S] positive,"[[508, 46, 60, 1602, 98732, 508, 32, 60, 3054, 508, 50, 60, 8225]]","[[508, 46, 60, 1602, 32136, 508, 32, 60, 3550, 508, 50, 60, 6785]]"
the room is very cramped . [O] [S] [A],the space is very spacious . [O] [S] [A],[O] very cramped [S] negative [A] room,[O] very spacious [S] positive [A] space,"[[508, 46, 60, 1602, 98732, 508, 50, 60, 8225, 508, 32, 60, 3054]]","[[508, 46, 60, 1602, 32136, 508, 50, 60, 6785, 508, 32, 60, 3550]]"
the room is spacious and close to balapan station . [A] [O] [S],the hotel is cramped and close to balapan station . [A] [O] [S],[A] room [O] spacious [S] positive,[A] hotel [O] cramped [S] negative,"[[508, 32, 60, 3054, 508, 46, 60, 32136, 508, 50, 60, 6785]]","[[508, 32, 60, 9500, 508, 46, 60, 98732, 508, 50, 60, 8225]]"
the room is spacious and close to balapan station . [A] [S] [O],the hotel is cramped and close to balapan station . [A] [S] [O],[A] room [S] positive [O] spacious,[A] hotel [S] negative [O] cramped,"[[508, 32, 60, 3054, 508, 50, 60, 6785, 508, 46, 60, 32136]]","[[508, 32, 60, 9500, 508, 50, 60, 8225, 508, 46, 60, 98732]]"
the room is spacious and close to balapan station . [S] [A] [O],the hotel is cramped and close to balapan station . [S] [A] [O],[S] positive [A] room [O] spacious,[S] negative [A] hotel [O] cramped,"[[508, 50, 60, 6785, 508, 32, 60, 3054, 508, 46, 60, 32136]]","[[508, 50, 60, 8225, 508, 32, 60, 9500, 508, 46, 60, 98732]]"
the room is spacious and close to balapan station . [O] [A] [S],the hotel is cramped and close to balapan station . [O] [A] [S],[O] spacious [A] room [S] positive,[O] cramped [A] hotel [S] negative,"[[508, 46, 60, 32136, 508, 32, 60, 3054, 508, 50, 60, 6785]]","[[508, 46, 60, 98732, 508, 32, 60, 9500, 508, 50, 60, 8225]]"
the room is spacious and close to balapan station . [O] [S] [A],the hotel is cramped and close to balapan station . [O] [S] [A],[O] spacious [S] positive [A] room,[O] cramped [S] negative [A] hotel,"[[508, 46, 60, 32136, 508, 50, 60, 6785, 508, 32, 60, 3054]]","[[508, 46, 60, 98732, 508, 50, 60, 8225, 508, 32, 60, 9500]]"
the sink is clogged . [A] [O] [S],the food is made well . [A] [O] [S],[A] sink [O] clogged [S] negative,[A] food [O] made well [S] positive,"[[508, 32, 60, 19309, 508, 46, 60, 272, 24867, 508, 50, 60, 8225]]","[[508, 32, 60, 3607, 508, 46, 60, 1865, 1632, 508, 50, 60, 6785]]"
the sink is clogged . [A] [S] [O],the food is made well . [A] [S] [O],[A] sink [S] negative [O] clogged,[A] food [S] positive [O] made well,"[[508, 32, 60, 19309, 508, 50, 60, 8225, 508, 46, 60, 272, 24867]]","[[508, 32, 60, 3607, 508, 50, 60, 6785, 508, 46, 60, 1865, 1632]]"
the sink is clogged . [S] [A] [O],the food is made well . [S] [A] [O],[S] negative [A] sink [O] clogged,[S] positive [A] food [O] made well,"[[508, 50, 60, 8225, 508, 32, 60, 19309, 508, 46, 60, 272, 24867]]","[[508, 50, 60, 6785, 508, 32, 60, 3607, 508, 46, 60, 1865, 1632]]"
the sink is clogged . [O] [A] [S],the food is made well . [O] [A] [S],[O] clogged [A] sink [S] negative,[O] made well [A] food [S] positive,"[[508, 46, 60, 272, 24867, 508, 32, 60, 19309, 508, 50, 60, 8225]]","[[508, 46, 60, 1865, 1632, 508, 32, 60, 3607, 508, 50, 60, 6785]]"
the sink is clogged . [O] [S] [A],the food is made well . [O] [S] [A],[O] clogged [S] negative [A] sink,[O] made well [S] positive [A] food,"[[508, 46, 60, 272, 24867, 508, 50, 60, 8225, 508, 32, 60, 19309]]","[[508, 46, 60, 1865, 1632, 508, 50, 60, 6785, 508, 32, 60, 3607]]"
but mineral water was not provided in the room . [A] [O] [S],but mineral drink was not missing in the room. [A] [O] [S],[A] mineral water [O] not provided [S] negative,[A] mineral drink [O] not missing [S] positive,"[[508, 32, 60, 24136, 3015, 508, 46, 60, 537, 3897, 508, 50, 60, 8225]]","[[508, 32, 60, 24136, 7027, 508, 46, 60, 537, 7402, 508, 50, 60, 6785]]"
but mineral water was not provided in the room . [A] [S] [O],but mineral drink was not missing in the room. [A] [S] [O],[A] mineral water [S] negative [O] not provided,[A] mineral drink [S] positive [O] not missing,"[[508, 32, 60, 24136, 3015, 508, 50, 60, 8225, 508, 46, 60, 537, 3897]]","[[508, 32, 60, 24136, 7027, 508, 50, 60, 6785, 508, 46, 60, 537, 7402]]"
but mineral water was not provided in the room . [S] [A] [O],but mineral drink was not missing in the room. [S] [A] [O],[S] negative [A] mineral water [O] not provided,[S] positive [A] mineral drink [O] not missing,"[[508, 50, 60, 8225, 508, 32, 60, 24136, 3015, 508, 46, 60, 537, 3897]]","[[508, 50, 60, 6785, 508, 32, 60, 24136, 7027, 508, 46, 60, 537, 7402]]"
but mineral water was not provided in the room . [O] [A] [S],but mineral drink was not missing in the room. [O] [A] [S],[O] not provided [A] mineral water [S] negative,[O] not missing [A] mineral drink [S] positive,"[[508, 46, 60, 537, 3897, 508, 32, 60, 24136, 3015, 508, 50, 60, 8225]]","[[508, 46, 60, 537, 7402, 508, 32, 60, 24136, 7027, 508, 50, 60, 6785]]"
but mineral water was not provided in the room . [O] [S] [A],but mineral drink was not missing in the room. [O] [S] [A],[O] not provided [S] negative [A] mineral water,[O] not missing [S] positive [A] mineral drink,"[[508, 46, 60, 537, 3897, 508, 50, 60, 8225, 508, 32, 60, 24136, 3015]]","[[508, 46, 60, 537, 7402, 508, 50, 60, 6785, 508, 32, 60, 24136, 7027]]"
the receptionist service is fast . [A] [O] [S],the cleaning service lady is slow . [A] [O] [S],[A] receptionist service [O] fast [S] positive,[A] cleaning service lady [O] slow [S] negative,"[[508, 32, 60, 23117, 380, 2473, 508, 46, 60, 4937, 508, 50, 60, 6785]]","[[508, 32, 60, 15826, 2473, 16820, 508, 46, 60, 6301, 508, 50, 60, 8225]]"
the receptionist service is fast . [A] [S] [O],the cleaning service lady is slow . [A] [S] [O],[A] receptionist service [S] positive [O] fast,[A] cleaning service lady [S] negative [O] slow,"[[508, 32, 60, 23117, 380, 2473, 508, 50, 60, 6785, 508, 46, 60, 4937]]","[[508, 32, 60, 15826, 2473, 16820, 508, 50, 60, 8225, 508, 46, 60, 6301]]"
the receptionist service is fast . [S] [A] [O],the cleaning service lady is slow . [S] [A] [O],[S] positive [A] receptionist service [O] fast,[S] negative [A] cleaning service lady [O] slow,"[[508, 50, 60, 6785, 508, 32, 60, 23117, 380, 2473, 508, 46, 60, 4937]]","[[508, 50, 60, 8225, 508, 32, 60, 15826, 2473, 16820, 508, 46, 60, 6301]]"
the receptionist service is fast . [O] [A] [S],the cleaning service lady is slow . [O] [A] [S],[O] fast [A] receptionist service [S] positive,[O] slow [A] cleaning service lady [S] negative,"[[508, 46, 60, 4937, 508, 32, 60, 23117, 380, 2473, 508, 50, 60, 6785]]","[[508, 46, 60, 6301, 508, 32, 60, 15826, 2473, 16820, 508, 50, 60, 8225]]"
the receptionist service is fast . [O] [S] [A],the cleaning service lady is slow . [O] [S] [A],[O] fast [S] positive [A] receptionist service,[O] slow [S] negative [A] cleaning service lady,"[[508, 46, 60, 4937, 508, 50, 60, 6785, 508, 32, 60, 23117, 380, 2473]]","[[508, 46, 60, 6301, 508, 50, 60, 8225, 508, 32, 60, 15826, 2473, 16820]]"
the receptionist is friendly . [A] [O] [S],the main room is horrible . [A] [O] [S],[A] receptionist [O] friendly [S] positive,[A] main room [O] horrible [S] negative,"[[508, 32, 60, 23117, 380, 508, 46, 60, 11657, 508, 50, 60, 6785]]","[[508, 32, 60, 1887, 3054, 508, 46, 60, 27102, 508, 50, 60, 8225]]"
the receptionist is friendly . [A] [S] [O],the main room is horrible . [A] [S] [O],[A] receptionist [S] positive [O] friendly,[A] main room [S] negative [O] horrible,"[[508, 32, 60, 23117, 380, 508, 50, 60, 6785, 508, 46, 60, 11657]]","[[508, 32, 60, 1887, 3054, 508, 50, 60, 8225, 508, 46, 60, 27102]]"
the receptionist is friendly . [S] [A] [O],the main room is horrible . [S] [A] [O],[S] positive [A] receptionist [O] friendly,[S] negative [A] main room [O] horrible,"[[508, 50, 60, 6785, 508, 32, 60, 23117, 380, 508, 46, 60, 11657]]","[[508, 50, 60, 8225, 508, 32, 60, 1887, 3054, 508, 46, 60, 27102]]"
the receptionist is friendly . [O] [A] [S],the main room is horrible . [O] [A] [S],[O] friendly [A] receptionist [S] positive,[O] horrible [A] main room [S] negative,"[[508, 46, 60, 11657, 508, 32, 60, 23117, 380, 508, 50, 60, 6785]]","[[508, 46, 60, 27102, 508, 32, 60, 1887, 3054, 508, 50, 60, 8225]]"
the receptionist is friendly . [O] [S] [A],the main room is horrible . [O] [S] [A],[O] friendly [S] positive [A] receptionist,[O] horrible [S] negative [A] main room,"[[508, 46, 60, 11657, 508, 50, 60, 6785, 508, 32, 60, 23117, 380]]","[[508, 46, 60, 27102, 508, 50, 60, 8225, 508, 32, 60, 1887, 3054]]"
it's a shame there's no breakfast at all . [A] [O] [S],it's a good thing there's free dinner today . [A] [O] [S],[A] breakfast [O] no [S] negative,[A] dinner [O] free [S] positive,"[[508, 32, 60, 17496, 508, 46, 60, 902, 508, 50, 60, 8225]]","[[508, 32, 60, 13856, 508, 46, 60, 1910, 508, 50, 60, 6785]]"
it's a shame there's no breakfast at all . [A] [S] [O],it's a good thing there's free dinner today . [A] [S] [O],[A] breakfast [S] negative [O] no,[A] dinner [S] positive [O] free,"[[508, 32, 60, 17496, 508, 50, 60, 8225, 508, 46, 60, 902]]","[[508, 32, 60, 13856, 508, 50, 60, 6785, 508, 46, 60, 1910]]"
it's a shame there's no breakfast at all . [S] [A] [O],it's a good thing there's free dinner today . [S] [A] [O],[S] negative [A] breakfast [O] no,[S] positive [A] dinner [O] free,"[[508, 50, 60, 8225, 508, 32, 60, 17496, 508, 46, 60, 902]]","[[508, 50, 60, 6785, 508, 32, 60, 13856, 508, 46, 60, 1910]]"
it's a shame there's no breakfast at all . [O] [A] [S],it's a good thing there's free dinner today . [O] [A] [S],[O] no [A] breakfast [S] negative,[O] free [A] dinner [S] positive,"[[508, 46, 60, 902, 508, 32, 60, 17496, 508, 50, 60, 8225]]","[[508, 46, 60, 1910, 508, 32, 60, 13856, 508, 50, 60, 6785]]"
it's a shame there's no breakfast at all . [O] [S] [A],it's a good thing there's free dinner today . [O] [S] [A],[O] no [S] negative [A] breakfast,[O] free [S] positive [A] dinner,"[[508, 46, 60, 902, 508, 50, 60, 8225, 508, 32, 60, 17496]]","[[508, 46, 60, 1910, 508, 50, 60, 6785, 508, 32, 60, 13856]]"
breakfast was unsatisfactory . [A] [O] [S],juice was very appetizing . [A] [O] [S],[A] breakfast [O] unsatisfactory [S] negative,[A] juice [O] very appetizing [S] positive,"[[508, 32, 60, 17496, 508, 46, 60, 6975, 7478, 2919, 508, 50, 60, 8225]]","[[508, 32, 60, 22815, 508, 46, 60, 1602, 29068, 4849, 508, 50, 60, 6785]]"
breakfast was unsatisfactory . [A] [S] [O],juice was very appetizing . [A] [S] [O],[A] breakfast [S] negative [O] unsatisfactory,[A] juice [S] positive [O] very appetizing,"[[508, 32, 60, 17496, 508, 50, 60, 8225, 508, 46, 60, 6975, 7478, 2919]]","[[508, 32, 60, 22815, 508, 50, 60, 6785, 508, 46, 60, 1602, 29068, 4849]]"
breakfast was unsatisfactory . [S] [A] [O],juice was very appetizing . [S] [A] [O],[S] negative [A] breakfast [O] unsatisfactory,[S] positive [A] juice [O] very appetizing,"[[508, 50, 60, 8225, 508, 32, 60, 17496, 508, 46, 60, 6975, 7478, 2919]]","[[508, 50, 60, 6785, 508, 32, 60, 22815, 508, 46, 60, 1602, 29068, 4849]]"
breakfast was unsatisfactory . [O] [A] [S],juice was very appetizing . [O] [A] [S],[O] unsatisfactory [A] breakfast [S] negative,[O] very appetizing [A] juice [S] positive,"[[508, 46, 60, 6975, 7478, 2919, 508, 32, 60, 17496, 508, 50, 60, 8225]]","[[508, 46, 60, 1602, 29068, 4849, 508, 32, 60, 22815, 508, 50, 60, 6785]]"
breakfast was unsatisfactory . [O] [S] [A],juice was very appetizing . [O] [S] [A],[O] unsatisfactory [S] negative [A] breakfast,[O] very appetizing [S] positive [A] juice,"[[508, 46, 60, 6975, 7478, 2919, 508, 50, 60, 8225, 508, 32, 60, 17496]]","[[508, 46, 60, 1602, 29068, 4849, 508, 50, 60, 6785, 508, 32, 60, 22815]]"
"the hotel is comfortable . thank you , airy . [A] [O] [S]","the room is cramped . thank you , airy . [A] [O] [S]",[A] hotel [O] comfortable [S] positive,[A] room [O] cramped [S] negative,"[[508, 32, 60, 9500, 508, 46, 60, 10655, 508, 50, 60, 6785]]","[[508, 32, 60, 3054, 508, 46, 60, 98732, 508, 50, 60, 8225]]"
"the hotel is comfortable . thank you , airy . [A] [S] [O]","the room is cramped . thank you , airy . [A] [S] [O]",[A] hotel [S] positive [O] comfortable,[A] room [S] negative [O] cramped,"[[508, 32, 60, 9500, 508, 50, 60, 6785, 508, 46, 60, 10655]]","[[508, 32, 60, 3054, 508, 50, 60, 8225, 508, 46, 60, 98732]]"
"the hotel is comfortable . thank you , airy . [S] [A] [O]","the room is cramped . thank you , airy . [S] [A] [O]",[S] positive [A] hotel [O] comfortable,[S] negative [A] room [O] cramped,"[[508, 50, 60, 6785, 508, 32, 60, 9500, 508, 46, 60, 10655]]","[[508, 50, 60, 8225, 508, 32, 60, 3054, 508, 46, 60, 98732]]"
"the hotel is comfortable . thank you , airy . [O] [A] [S]","the room is cramped . thank you , airy . [O] [A] [S]",[O] comfortable [A] hotel [S] positive,[O] cramped [A] room [S] negative,"[[508, 46, 60, 10655, 508, 32, 60, 9500, 508, 50, 60, 6785]]","[[508, 46, 60, 98732, 508, 32, 60, 3054, 508, 50, 60, 8225]]"
"the hotel is comfortable . thank you , airy . [O] [S] [A]","the room is cramped . thank you , airy . [O] [S] [A]",[O] comfortable [S] positive [A] hotel,[O] cramped [S] negative [A] room,"[[508, 46, 60, 10655, 508, 50, 60, 6785, 508, 32, 60, 9500]]","[[508, 46, 60, 98732, 508, 50, 60, 8225, 508, 32, 60, 3054]]"
the shower is broken . [A] [O] [S],the bathtub is nice . [A] [O] [S],[A] shower [O] broken [S] negative,[A] bathtub [O] nice [S] positive,"[[508, 32, 60, 17196, 508, 46, 60, 10865, 508, 50, 60, 8225]]","[[508, 32, 60, 80088, 508, 46, 60, 6419, 508, 50, 60, 6785]]"
the shower is broken . [A] [S] [O],the bathtub is nice . [A] [S] [O],[A] shower [S] negative [O] broken,[A] bathtub [S] positive [O] nice,"[[508, 32, 60, 17196, 508, 50, 60, 8225, 508, 46, 60, 10865]]","[[508, 32, 60, 80088, 508, 50, 60, 6785, 508, 46, 60, 6419]]"
the shower is broken . [S] [A] [O],the bathtub is nice . [S] [A] [O],[S] negative [A] shower [O] broken,[S] positive [A] bathtub [O] nice,"[[508, 50, 60, 8225, 508, 32, 60, 17196, 508, 46, 60, 10865]]","[[508, 50, 60, 6785, 508, 32, 60, 80088, 508, 46, 60, 6419]]"
the shower is broken . [O] [A] [S],the bathtub is nice . [O] [A] [S],[O] broken [A] shower [S] negative,[O] nice [A] bathtub [S] positive,"[[508, 46, 60, 10865, 508, 32, 60, 17196, 508, 50, 60, 8225]]","[[508, 46, 60, 6419, 508, 32, 60, 80088, 508, 50, 60, 6785]]"
the shower is broken . [O] [S] [A],the bathtub is nice . [O] [S] [A],[O] broken [S] negative [A] shower,[O] nice [S] positive [A] bathtub,"[[508, 46, 60, 10865, 508, 50, 60, 8225, 508, 32, 60, 17196]]","[[508, 46, 60, 6419, 508, 50, 60, 6785, 508, 32, 60, 80088]]"
i have stayed there twice and the service is satisfying . [A] [O] [S],i have stayed there twice and the breakfast is horrible . [A] [O] [S],[A] service [O] satisfying [S] positive,[A] breakfast [O] horrible [S] negative,"[[508, 32, 60, 2473, 508, 46, 60, 36054, 508, 50, 60, 6785]]","[[508, 32, 60, 17496, 508, 46, 60, 27102, 508, 50, 60, 8225]]"
i have stayed there twice and the service is satisfying . [A] [S] [O],i have stayed there twice and the breakfast is horrible . [A] [S] [O],[A] service [S] positive [O] satisfying,[A] breakfast [S] negative [O] horrible,"[[508, 32, 60, 2473, 508, 50, 60, 6785, 508, 46, 60, 36054]]","[[508, 32, 60, 17496, 508, 50, 60, 8225, 508, 46, 60, 27102]]"
i have stayed there twice and the service is satisfying . [S] [A] [O],i have stayed there twice and the breakfast is horrible . [S] [A] [O],[S] positive [A] service [O] satisfying,[S] negative [A] breakfast [O] horrible,"[[508, 50, 60, 6785, 508, 32, 60, 2473, 508, 46, 60, 36054]]","[[508, 50, 60, 8225, 508, 32, 60, 17496, 508, 46, 60, 27102]]"
i have stayed there twice and the service is satisfying . [O] [A] [S],i have stayed there twice and the breakfast is horrible . [O] [A] [S],[O] satisfying [A] service [S] positive,[O] horrible [A] breakfast [S] negative,"[[508, 46, 60, 36054, 508, 32, 60, 2473, 508, 50, 60, 6785]]","[[508, 46, 60, 27102, 508, 32, 60, 17496, 508, 50, 60, 8225]]"
i have stayed there twice and the service is satisfying . [O] [S] [A],i have stayed there twice and the breakfast is horrible . [O] [S] [A],[O] satisfying [S] positive [A] service,[O] horrible [S] negative [A] breakfast,"[[508, 46, 60, 36054, 508, 50, 60, 6785, 508, 32, 60, 2473]]","[[508, 46, 60, 27102, 508, 50, 60, 8225, 508, 32, 60, 17496]]"
there was only 1 towel . [A] [O] [S],there was an appetizing drink . [A] [O] [S],[A] towel [O] only 1 [S] negative,[A] drink [O] an appetizing [S] positive,"[[508, 32, 60, 42613, 508, 46, 60, 1172, 220, 16, 508, 50, 60, 8225]]","[[508, 32, 60, 7027, 508, 46, 60, 458, 29068, 4849, 508, 50, 60, 6785]]"
there was only 1 towel . [A] [S] [O],there was an appetizing drink . [A] [S] [O],[A] towel [S] negative [O] only 1,[A] drink [S] positive [O] an appetizing,"[[508, 32, 60, 42613, 508, 50, 60, 8225, 508, 46, 60, 1172, 220, 16]]","[[508, 32, 60, 7027, 508, 50, 60, 6785, 508, 46, 60, 458, 29068, 4849]]"
there was only 1 towel . [S] [A] [O],there was an appetizing drink . [S] [A] [O],[S] negative [A] towel [O] only 1,[S] positive [A] drink [O] an appetizing,"[[508, 50, 60, 8225, 508, 32, 60, 42613, 508, 46, 60, 1172, 220, 16]]","[[508, 50, 60, 6785, 508, 32, 60, 7027, 508, 46, 60, 458, 29068, 4849]]"
there was only 1 towel . [O] [A] [S],there was an appetizing drink . [O] [A] [S],[O] only 1 [A] towel [S] negative,[O] an appetizing [A] drink [S] positive,"[[508, 46, 60, 1172, 220, 16, 508, 32, 60, 42613, 508, 50, 60, 8225]]","[[508, 46, 60, 458, 29068, 4849, 508, 32, 60, 7027, 508, 50, 60, 6785]]"
there was only 1 towel . [O] [S] [A],there was an appetizing drink . [O] [S] [A],[O] only 1 [S] negative [A] towel,[O] an appetizing [S] positive [A] drink,"[[508, 46, 60, 1172, 220, 16, 508, 50, 60, 8225, 508, 32, 60, 42613]]","[[508, 46, 60, 458, 29068, 4849, 508, 50, 60, 6785, 508, 32, 60, 7027]]"
"the check-in process was slow , even though i wanted to rest . [A] [O] [S]","the check-out process was efficient , even though i wanted to rest . [A] [O] [S]",[A] check-in process [O] slow [S] negative,[A] check-out process [O] efficient [S] positive,"[[508, 32, 60, 1779, 3419, 1882, 508, 46, 60, 6301, 508, 50, 60, 8225]]","[[508, 32, 60, 1779, 9794, 1882, 508, 46, 60, 11050, 508, 50, 60, 6785]]"
"the check-in process was slow , even though i wanted to rest . [A] [S] [O]","the check-out process was efficient , even though i wanted to rest . [A] [S] [O]",[A] check-in process [S] negative [O] slow,[A] check-out process [S] positive [O] efficient,"[[508, 32, 60, 1779, 3419, 1882, 508, 50, 60, 8225, 508, 46, 60, 6301]]","[[508, 32, 60, 1779, 9794, 1882, 508, 50, 60, 6785, 508, 46, 60, 11050]]"
"the check-in process was slow , even though i wanted to rest . [S] [A] [O]","the check-out process was efficient , even though i wanted to rest . [S] [A] [O]",[S] negative [A] check-in process [O] slow,[S] positive [A] check-out process [O] efficient,"[[508, 50, 60, 8225, 508, 32, 60, 1779, 3419, 1882, 508, 46, 60, 6301]]","[[508, 50, 60, 6785, 508, 32, 60, 1779, 9794, 1882, 508, 46, 60, 11050]]"
"the check-in process was slow , even though i wanted to rest . [O] [A] [S]","the check-out process was efficient , even though i wanted to rest . [O] [A] [S]",[O] slow [A] check-in process [S] negative,[O] efficient [A] check-out process [S] positive,"[[508, 46, 60, 6301, 508, 32, 60, 1779, 3419, 1882, 508, 50, 60, 8225]]","[[508, 46, 60, 11050, 508, 32, 60, 1779, 9794, 1882, 508, 50, 60, 6785]]"
"the check-in process was slow , even though i wanted to rest . [O] [S] [A]","the check-out process was efficient , even though i wanted to rest . [O] [S] [A]",[O] slow [S] negative [A] check-in process,[O] efficient [S] positive [A] check-out process,"[[508, 46, 60, 6301, 508, 50, 60, 8225, 508, 32, 60, 1779, 3419, 1882]]","[[508, 46, 60, 11050, 508, 50, 60, 6785, 508, 32, 60, 1779, 9794, 1882]]"
the bathroom is cramped . [A] [O] [S],the kitchen is cozy. [A] [O] [S],[A] bathroom [O] cramped [S] negative,[A] kitchen [O] cozy [S] positive,"[[508, 32, 60, 14852, 508, 46, 60, 98732, 508, 50, 60, 8225]]","[[508, 32, 60, 9780, 508, 46, 60, 42435, 508, 50, 60, 6785]]"
the bathroom is cramped . [A] [S] [O],the kitchen is cozy. [A] [S] [O],[A] bathroom [S] negative [O] cramped,[A] kitchen [S] positive [O] cozy,"[[508, 32, 60, 14852, 508, 50, 60, 8225, 508, 46, 60, 98732]]","[[508, 32, 60, 9780, 508, 50, 60, 6785, 508, 46, 60, 42435]]"
the bathroom is cramped . [S] [A] [O],the kitchen is cozy. [S] [A] [O],[S] negative [A] bathroom [O] cramped,[S] positive [A] kitchen [O] cozy,"[[508, 50, 60, 8225, 508, 32, 60, 14852, 508, 46, 60, 98732]]","[[508, 50, 60, 6785, 508, 32, 60, 9780, 508, 46, 60, 42435]]"
the bathroom is cramped . [O] [A] [S],the kitchen is cozy. [O] [A] [S],[O] cramped [A] bathroom [S] negative,[O] cozy [A] kitchen [S] positive,"[[508, 46, 60, 98732, 508, 32, 60, 14852, 508, 50, 60, 8225]]","[[508, 46, 60, 42435, 508, 32, 60, 9780, 508, 50, 60, 6785]]"
the bathroom is cramped . [O] [S] [A],the kitchen is cozy. [O] [S] [A],[O] cramped [S] negative [A] bathroom,[O] cozy [S] positive [A] kitchen,"[[508, 46, 60, 98732, 508, 50, 60, 8225, 508, 32, 60, 14852]]","[[508, 46, 60, 42435, 508, 50, 60, 6785, 508, 32, 60, 9780]]"
the ac is not cold enough . [A] [O] [S],the fridge is cold and good . [A] [O] [S],[A] ac [O] not cold enough [S] negative,[A] fridge [O] cold and good [S] positive,"[[508, 32, 60, 1613, 508, 46, 60, 537, 9255, 3322, 508, 50, 60, 8225]]","[[508, 32, 60, 37581, 508, 46, 60, 9255, 323, 1661, 508, 50, 60, 6785]]"
the ac is not cold enough . [A] [S] [O],the fridge is cold and good . [A] [S] [O],[A] ac [S] negative [O] not cold enough,[A] fridge [S] positive [O] cold and good,"[[508, 32, 60, 1613, 508, 50, 60, 8225, 508, 46, 60, 537, 9255, 3322]]","[[508, 32, 60, 37581, 508, 50, 60, 6785, 508, 46, 60, 9255, 323, 1661]]"
the ac is not cold enough . [S] [A] [O],the fridge is cold and good . [S] [A] [O],[S] negative [A] ac [O] not cold enough,[S] positive [A] fridge [O] cold and good,"[[508, 50, 60, 8225, 508, 32, 60, 1613, 508, 46, 60, 537, 9255, 3322]]","[[508, 50, 60, 6785, 508, 32, 60, 37581, 508, 46, 60, 9255, 323, 1661]]"
the ac is not cold enough . [O] [A] [S],the fridge is cold and good . [O] [A] [S],[O] not cold enough [A] ac [S] negative,[O] cold and good [A] fridge [S] positive,"[[508, 46, 60, 537, 9255, 3322, 508, 32, 60, 1613, 508, 50, 60, 8225]]","[[508, 46, 60, 9255, 323, 1661, 508, 32, 60, 37581, 508, 50, 60, 6785]]"
the ac is not cold enough . [O] [S] [A],the fridge is cold and good . [O] [S] [A],[O] not cold enough [S] negative [A] ac,[O] cold and good [S] positive [A] fridge,"[[508, 46, 60, 537, 9255, 3322, 508, 50, 60, 8225, 508, 32, 60, 1613]]","[[508, 46, 60, 9255, 323, 1661, 508, 50, 60, 6785, 508, 32, 60, 37581]]"
i always want to check in at this hotel because the service is very good . [A] [O] [S],i always want to check in at this hotel because the staff is very bad . [A] [O] [S],[A] service [O] very good [S] positive,[A] staff [O] very bad [S] negative,"[[508, 32, 60, 2473, 508, 46, 60, 1602, 1661, 508, 50, 60, 6785]]","[[508, 32, 60, 5570, 508, 46, 60, 1602, 3873, 508, 50, 60, 8225]]"
i always want to check in at this hotel because the service is very good . [A] [S] [O],i always want to check in at this hotel because the staff is very bad . [A] [S] [O],[A] service [S] positive [O] very good,[A] staff [S] negative [O] very bad,"[[508, 32, 60, 2473, 508, 50, 60, 6785, 508, 46, 60, 1602, 1661]]","[[508, 32, 60, 5570, 508, 50, 60, 8225, 508, 46, 60, 1602, 3873]]"
i always want to check in at this hotel because the service is very good . [S] [A] [O],i always want to check in at this hotel because the staff is very bad . [S] [A] [O],[S] positive [A] service [O] very good,[S] negative [A] staff [O] very bad,"[[508, 50, 60, 6785, 508, 32, 60, 2473, 508, 46, 60, 1602, 1661]]","[[508, 50, 60, 8225, 508, 32, 60, 5570, 508, 46, 60, 1602, 3873]]"
i always want to check in at this hotel because the service is very good . [O] [A] [S],i always want to check in at this hotel because the staff is very bad . [O] [A] [S],[O] very good [A] service [S] positive,[O] very bad [A] staff [S] negative,"[[508, 46, 60, 1602, 1661, 508, 32, 60, 2473, 508, 50, 60, 6785]]","[[508, 46, 60, 1602, 3873, 508, 32, 60, 5570, 508, 50, 60, 8225]]"
i always want to check in at this hotel because the service is very good . [O] [S] [A],i always want to check in at this hotel because the staff is very bad . [O] [S] [A],[O] very good [S] positive [A] service,[O] very bad [S] negative [A] staff,"[[508, 46, 60, 1602, 1661, 508, 50, 60, 6785, 508, 32, 60, 2473]]","[[508, 46, 60, 1602, 3873, 508, 50, 60, 8225, 508, 32, 60, 5570]]"
it's just that the room is too small . [A] [O] [S],it's just that the service is very nice . [A] [O] [S],[A] room [O] too small [S] negative,[A] service [O] very nice [S] positive,"[[508, 32, 60, 3054, 508, 46, 60, 2238, 2613, 508, 50, 60, 8225]]","[[508, 32, 60, 2473, 508, 46, 60, 1602, 6419, 508, 50, 60, 6785]]"
it's just that the room is too small . [A] [S] [O],it's just that the service is very nice . [A] [S] [O],[A] room [S] negative [O] too small,[A] service [S] positive [O] very nice,"[[508, 32, 60, 3054, 508, 50, 60, 8225, 508, 46, 60, 2238, 2613]]","[[508, 32, 60, 2473, 508, 50, 60, 6785, 508, 46, 60, 1602, 6419]]"
it's just that the room is too small . [S] [A] [O],it's just that the service is very nice . [S] [A] [O],[S] negative [A] room [O] too small,[S] positive [A] service [O] very nice,"[[508, 50, 60, 8225, 508, 32, 60, 3054, 508, 46, 60, 2238, 2613]]","[[508, 50, 60, 6785, 508, 32, 60, 2473, 508, 46, 60, 1602, 6419]]"
it's just that the room is too small . [O] [A] [S],it's just that the service is very nice . [O] [A] [S],[O] too small [A] room [S] negative,[O] very nice [A] service [S] positive,"[[508, 46, 60, 2238, 2613, 508, 32, 60, 3054, 508, 50, 60, 8225]]","[[508, 46, 60, 1602, 6419, 508, 32, 60, 2473, 508, 50, 60, 6785]]"
it's just that the room is too small . [O] [S] [A],it's just that the service is very nice . [O] [S] [A],[O] too small [S] negative [A] room,[O] very nice [S] positive [A] service,"[[508, 46, 60, 2238, 2613, 508, 50, 60, 8225, 508, 32, 60, 3054]]","[[508, 46, 60, 1602, 6419, 508, 50, 60, 6785, 508, 32, 60, 2473]]"
the ac in room 515 wasn't cold enough . [A] [O] [S],the bed in room 515 wasn't too bad . [A] [O] [S],[A] ac [O] wasn't cold enough [S] negative,[A] bed [O] wasn't too bad [S] positive,"[[508, 32, 60, 1613, 508, 46, 60, 5710, 944, 9255, 3322, 508, 50, 60, 8225]]","[[508, 32, 60, 4845, 508, 46, 60, 5710, 944, 2238, 3873, 508, 50, 60, 6785]]"
the ac in room 515 wasn't cold enough . [A] [S] [O],the bed in room 515 wasn't too bad . [A] [S] [O],[A] ac [S] negative [O] wasn't cold enough,[A] bed [S] positive [O] wasn't too bad,"[[508, 32, 60, 1613, 508, 50, 60, 8225, 508, 46, 60, 5710, 944, 9255, 3322]]","[[508, 32, 60, 4845, 508, 50, 60, 6785, 508, 46, 60, 5710, 944, 2238, 3873]]"
the ac in room 515 wasn't cold enough . [S] [A] [O],the bed in room 515 wasn't too bad . [S] [A] [O],[S] negative [A] ac [O] wasn't cold enough,[S] positive [A] bed [O] wasn't too bad,"[[508, 50, 60, 8225, 508, 32, 60, 1613, 508, 46, 60, 5710, 944, 9255, 3322]]","[[508, 50, 60, 6785, 508, 32, 60, 4845, 508, 46, 60, 5710, 944, 2238, 3873]]"
the ac in room 515 wasn't cold enough . [O] [A] [S],the bed in room 515 wasn't too bad . [O] [A] [S],[O] wasn't cold enough [A] ac [S] negative,[O] wasn't too bad [A] bed [S] positive,"[[508, 46, 60, 5710, 944, 9255, 3322, 508, 32, 60, 1613, 508, 50, 60, 8225]]","[[508, 46, 60, 5710, 944, 2238, 3873, 508, 32, 60, 4845, 508, 50, 60, 6785]]"
the ac in room 515 wasn't cold enough . [O] [S] [A],the bed in room 515 wasn't too bad . [O] [S] [A],[O] wasn't cold enough [S] negative [A] ac,[O] wasn't too bad [S] positive [A] bed,"[[508, 46, 60, 5710, 944, 9255, 3322, 508, 50, 60, 8225, 508, 32, 60, 1613]]","[[508, 46, 60, 5710, 944, 2238, 3873, 508, 50, 60, 6785, 508, 32, 60, 4845]]"
"alhamdulillah , the service is good . [A] [O] [S]","alhamdulillah , the room is dirty . [A] [O] [S]",[A] service [O] good [S] positive,[A] room [O] dirty [S] negative,"[[508, 32, 60, 2473, 508, 46, 60, 1661, 508, 50, 60, 6785]]","[[508, 32, 60, 3054, 508, 46, 60, 18595, 508, 50, 60, 8225]]"
"alhamdulillah , the service is good . [A] [S] [O]","alhamdulillah , the room is dirty . [A] [S] [O]",[A] service [S] positive [O] good,[A] room [S] negative [O] dirty,"[[508, 32, 60, 2473, 508, 50, 60, 6785, 508, 46, 60, 1661]]","[[508, 32, 60, 3054, 508, 50, 60, 8225, 508, 46, 60, 18595]]"
"alhamdulillah , the service is good . [S] [A] [O]","alhamdulillah , the room is dirty . [S] [A] [O]",[S] positive [A] service [O] good,[S] negative [A] room [O] dirty,"[[508, 50, 60, 6785, 508, 32, 60, 2473, 508, 46, 60, 1661]]","[[508, 50, 60, 8225, 508, 32, 60, 3054, 508, 46, 60, 18595]]"
"alhamdulillah , the service is good . [O] [A] [S]","alhamdulillah , the room is dirty . [O] [A] [S]",[O] good [A] service [S] positive,[O] dirty [A] room [S] negative,"[[508, 46, 60, 1661, 508, 32, 60, 2473, 508, 50, 60, 6785]]","[[508, 46, 60, 18595, 508, 32, 60, 3054, 508, 50, 60, 8225]]"
"alhamdulillah , the service is good . [O] [S] [A]","alhamdulillah , the room is dirty . [O] [S] [A]",[O] good [S] positive [A] service,[O] dirty [S] negative [A] room,"[[508, 46, 60, 1661, 508, 50, 60, 6785, 508, 32, 60, 2473]]","[[508, 46, 60, 18595, 508, 50, 60, 8225, 508, 32, 60, 3054]]"
the parking area is quite spacious . [A] [O] [S],the parking spot is too small . [A] [O] [S],[A] parking area [O] quite spacious [S] positive,[A] parking spot [O] too small [S] negative,"[[508, 32, 60, 12921, 3082, 508, 46, 60, 5008, 32136, 508, 50, 60, 6785]]","[[508, 32, 60, 12921, 7702, 508, 46, 60, 2238, 2613, 508, 50, 60, 8225]]"
the parking area is quite spacious . [A] [S] [O],the parking spot is too small . [A] [S] [O],[A] parking area [S] positive [O] quite spacious,[A] parking spot [S] negative [O] too small,"[[508, 32, 60, 12921, 3082, 508, 50, 60, 6785, 508, 46, 60, 5008, 32136]]","[[508, 32, 60, 12921, 7702, 508, 50, 60, 8225, 508, 46, 60, 2238, 2613]]"
the parking area is quite spacious . [S] [A] [O],the parking spot is too small . [S] [A] [O],[S] positive [A] parking area [O] quite spacious,[S] negative [A] parking spot [O] too small,"[[508, 50, 60, 6785, 508, 32, 60, 12921, 3082, 508, 46, 60, 5008, 32136]]","[[508, 50, 60, 8225, 508, 32, 60, 12921, 7702, 508, 46, 60, 2238, 2613]]"
the parking area is quite spacious . [O] [A] [S],the parking spot is too small . [O] [A] [S],[O] quite spacious [A] parking area [S] positive,[O] too small [A] parking spot [S] negative,"[[508, 46, 60, 5008, 32136, 508, 32, 60, 12921, 3082, 508, 50, 60, 6785]]","[[508, 46, 60, 2238, 2613, 508, 32, 60, 12921, 7702, 508, 50, 60, 8225]]"
the parking area is quite spacious . [O] [S] [A],the parking spot is too small . [O] [S] [A],[O] quite spacious [S] positive [A] parking area,[O] too small [S] negative [A] parking spot,"[[508, 46, 60, 5008, 32136, 508, 50, 60, 6785, 508, 32, 60, 12921, 3082]]","[[508, 46, 60, 2238, 2613, 508, 50, 60, 8225, 508, 32, 60, 12921, 7702]]"
the ac is not cold . [A] [O] [S],the blanket is quite warm . [A] [O] [S],[A] ac [O] not cold [S] negative,[A] blanket [O] quite warm [S] positive,"[[508, 32, 60, 1613, 508, 46, 60, 537, 9255, 508, 50, 60, 8225]]","[[508, 32, 60, 38039, 508, 46, 60, 5008, 8205, 508, 50, 60, 6785]]"
the ac is not cold . [A] [S] [O],the blanket is quite warm . [A] [S] [O],[A] ac [S] negative [O] not cold,[A] blanket [S] positive [O] quite warm,"[[508, 32, 60, 1613, 508, 50, 60, 8225, 508, 46, 60, 537, 9255]]","[[508, 32, 60, 38039, 508, 50, 60, 6785, 508, 46, 60, 5008, 8205]]"
the ac is not cold . [S] [A] [O],the blanket is quite warm . [S] [A] [O],[S] negative [A] ac [O] not cold,[S] positive [A] blanket [O] quite warm,"[[508, 50, 60, 8225, 508, 32, 60, 1613, 508, 46, 60, 537, 9255]]","[[508, 50, 60, 6785, 508, 32, 60, 38039, 508, 46, 60, 5008, 8205]]"
the ac is not cold . [O] [A] [S],the blanket is quite warm . [O] [A] [S],[O] not cold [A] ac [S] negative,[O] quite warm [A] blanket [S] positive,"[[508, 46, 60, 537, 9255, 508, 32, 60, 1613, 508, 50, 60, 8225]]","[[508, 46, 60, 5008, 8205, 508, 32, 60, 38039, 508, 50, 60, 6785]]"
the ac is not cold . [O] [S] [A],the blanket is quite warm . [O] [S] [A],[O] not cold [S] negative [A] ac,[O] quite warm [S] positive [A] blanket,"[[508, 46, 60, 537, 9255, 508, 50, 60, 8225, 508, 32, 60, 1613]]","[[508, 46, 60, 5008, 8205, 508, 50, 60, 6785, 508, 32, 60, 38039]]"
everything is okay . [A] [O] [S],all is bad . [A] [O] [S],[A] everything [O] okay [S] positive,[A] all [O] bad [S] negative,"[[508, 32, 60, 4297, 508, 46, 60, 16910, 508, 50, 60, 6785]]","[[508, 32, 60, 678, 508, 46, 60, 3873, 508, 50, 60, 8225]]"
everything is okay . [A] [S] [O],all is bad . [A] [S] [O],[A] everything [S] positive [O] okay,[A] all [S] negative [O] bad,"[[508, 32, 60, 4297, 508, 50, 60, 6785, 508, 46, 60, 16910]]","[[508, 32, 60, 678, 508, 50, 60, 8225, 508, 46, 60, 3873]]"
everything is okay . [S] [A] [O],all is bad . [S] [A] [O],[S] positive [A] everything [O] okay,[S] negative [A] all [O] bad,"[[508, 50, 60, 6785, 508, 32, 60, 4297, 508, 46, 60, 16910]]","[[508, 50, 60, 8225, 508, 32, 60, 678, 508, 46, 60, 3873]]"
everything is okay . [O] [A] [S],all is bad . [O] [A] [S],[O] okay [A] everything [S] positive,[O] bad [A] all [S] negative,"[[508, 46, 60, 16910, 508, 32, 60, 4297, 508, 50, 60, 6785]]","[[508, 46, 60, 3873, 508, 32, 60, 678, 508, 50, 60, 8225]]"
everything is okay . [O] [S] [A],all is bad . [O] [S] [A],[O] okay [S] positive [A] everything,[O] bad [S] negative [A] all,"[[508, 46, 60, 16910, 508, 50, 60, 6785, 508, 32, 60, 4297]]","[[508, 46, 60, 3873, 508, 50, 60, 8225, 508, 32, 60, 678]]"
the service is not good . [A] [O] [S],the staff is quite good . [A] [O] [S],[A] service [O] not good [S] negative,[A] staff [O] quite good [S] positive,"[[508, 32, 60, 2473, 508, 46, 60, 537, 1661, 508, 50, 60, 8225]]","[[508, 32, 60, 5570, 508, 46, 60, 5008, 1661, 508, 50, 60, 6785]]"
the service is not good . [A] [S] [O],the staff is quite good . [A] [S] [O],[A] service [S] negative [O] not good,[A] staff [S] positive [O] quite good,"[[508, 32, 60, 2473, 508, 50, 60, 8225, 508, 46, 60, 537, 1661]]","[[508, 32, 60, 5570, 508, 50, 60, 6785, 508, 46, 60, 5008, 1661]]"
the service is not good . [S] [A] [O],the staff is quite good . [S] [A] [O],[S] negative [A] service [O] not good,[S] positive [A] staff [O] quite good,"[[508, 50, 60, 8225, 508, 32, 60, 2473, 508, 46, 60, 537, 1661]]","[[508, 50, 60, 6785, 508, 32, 60, 5570, 508, 46, 60, 5008, 1661]]"
the service is not good . [O] [A] [S],the staff is quite good . [O] [A] [S],[O] not good [A] service [S] negative,[O] quite good [A] staff [S] positive,"[[508, 46, 60, 537, 1661, 508, 32, 60, 2473, 508, 50, 60, 8225]]","[[508, 46, 60, 5008, 1661, 508, 32, 60, 5570, 508, 50, 60, 6785]]"
the service is not good . [O] [S] [A],the staff is quite good . [O] [S] [A],[O] not good [S] negative [A] service,[O] quite good [S] positive [A] staff,"[[508, 46, 60, 537, 1661, 508, 50, 60, 8225, 508, 32, 60, 2473]]","[[508, 46, 60, 5008, 1661, 508, 50, 60, 6785, 508, 32, 60, 5570]]"
the room is too cramped . [A] [O] [S],the lunch is very tasty . [A] [O] [S],[A] room [O] too cramped [S] negative,[A] lunch [O] very tasty [S] positive,"[[508, 32, 60, 3054, 508, 46, 60, 2238, 98732, 508, 50, 60, 8225]]","[[508, 32, 60, 15786, 508, 46, 60, 1602, 38853, 508, 50, 60, 6785]]"
the room is too cramped . [A] [S] [O],the lunch is very tasty . [A] [S] [O],[A] room [S] negative [O] too cramped,[A] lunch [S] positive [O] very tasty,"[[508, 32, 60, 3054, 508, 50, 60, 8225, 508, 46, 60, 2238, 98732]]","[[508, 32, 60, 15786, 508, 50, 60, 6785, 508, 46, 60, 1602, 38853]]"
the room is too cramped . [S] [A] [O],the lunch is very tasty . [S] [A] [O],[S] negative [A] room [O] too cramped,[S] positive [A] lunch [O] very tasty,"[[508, 50, 60, 8225, 508, 32, 60, 3054, 508, 46, 60, 2238, 98732]]","[[508, 50, 60, 6785, 508, 32, 60, 15786, 508, 46, 60, 1602, 38853]]"
the room is too cramped . [O] [A] [S],the lunch is very tasty . [O] [A] [S],[O] too cramped [A] room [S] negative,[O] very tasty [A] lunch [S] positive,"[[508, 46, 60, 2238, 98732, 508, 32, 60, 3054, 508, 50, 60, 8225]]","[[508, 46, 60, 1602, 38853, 508, 32, 60, 15786, 508, 50, 60, 6785]]"
the room is too cramped . [O] [S] [A],the lunch is very tasty . [O] [S] [A],[O] too cramped [S] negative [A] room,[O] very tasty [S] positive [A] lunch,"[[508, 46, 60, 2238, 98732, 508, 50, 60, 8225, 508, 32, 60, 3054]]","[[508, 46, 60, 1602, 38853, 508, 50, 60, 6785, 508, 32, 60, 15786]]"
there are no snacks . [A] [O] [S],there are many drinks . [A] [O] [S],[A] snacks [O] no [S] negative,[A] drinks [O] many [S] positive,"[[508, 32, 60, 42302, 508, 46, 60, 902, 508, 50, 60, 8225]]","[[508, 32, 60, 20987, 508, 46, 60, 1657, 508, 50, 60, 6785]]"
there are no snacks . [A] [S] [O],there are many drinks . [A] [S] [O],[A] snacks [S] negative [O] no,[A] drinks [S] positive [O] many,"[[508, 32, 60, 42302, 508, 50, 60, 8225, 508, 46, 60, 902]]","[[508, 32, 60, 20987, 508, 50, 60, 6785, 508, 46, 60, 1657]]"
there are no snacks . [S] [A] [O],there are many drinks . [S] [A] [O],[S] negative [A] snacks [O] no,[S] positive [A] drinks [O] many,"[[508, 50, 60, 8225, 508, 32, 60, 42302, 508, 46, 60, 902]]","[[508, 50, 60, 6785, 508, 32, 60, 20987, 508, 46, 60, 1657]]"
there are no snacks . [O] [A] [S],there are many drinks . [O] [A] [S],[O] no [A] snacks [S] negative,[O] many [A] drinks [S] positive,"[[508, 46, 60, 902, 508, 32, 60, 42302, 508, 50, 60, 8225]]","[[508, 46, 60, 1657, 508, 32, 60, 20987, 508, 50, 60, 6785]]"
there are no snacks . [O] [S] [A],there are many drinks . [O] [S] [A],[O] no [S] negative [A] snacks,[O] many [S] positive [A] drinks,"[[508, 46, 60, 902, 508, 50, 60, 8225, 508, 32, 60, 42302]]","[[508, 46, 60, 1657, 508, 50, 60, 6785, 508, 32, 60, 20987]]"
the service is lacking . [A] [O] [S],the staff is helpful . [A] [O] [S],[A] service [O] lacking [S] negative,[A] staff [O] helpful [S] positive,"[[508, 32, 60, 2473, 508, 46, 60, 31061, 508, 50, 60, 8225]]","[[508, 32, 60, 5570, 508, 46, 60, 10950, 508, 50, 60, 6785]]"
the service is lacking . [A] [S] [O],the staff is helpful . [A] [S] [O],[A] service [S] negative [O] lacking,[A] staff [S] positive [O] helpful,"[[508, 32, 60, 2473, 508, 50, 60, 8225, 508, 46, 60, 31061]]","[[508, 32, 60, 5570, 508, 50, 60, 6785, 508, 46, 60, 10950]]"
the service is lacking . [S] [A] [O],the staff is helpful . [S] [A] [O],[S] negative [A] service [O] lacking,[S] positive [A] staff [O] helpful,"[[508, 50, 60, 8225, 508, 32, 60, 2473, 508, 46, 60, 31061]]","[[508, 50, 60, 6785, 508, 32, 60, 5570, 508, 46, 60, 10950]]"
the service is lacking . [O] [A] [S],the staff is helpful . [O] [A] [S],[O] lacking [A] service [S] negative,[O] helpful [A] staff [S] positive,"[[508, 46, 60, 31061, 508, 32, 60, 2473, 508, 50, 60, 8225]]","[[508, 46, 60, 10950, 508, 32, 60, 5570, 508, 50, 60, 6785]]"
the service is lacking . [O] [S] [A],the staff is helpful . [O] [S] [A],[O] lacking [S] negative [A] service,[O] helpful [S] positive [A] staff,"[[508, 46, 60, 31061, 508, 50, 60, 8225, 508, 32, 60, 2473]]","[[508, 46, 60, 10950, 508, 50, 60, 6785, 508, 32, 60, 5570]]"
"the service is good , even to the point of being taken to the airport . [A] [O] [S]","the transportation is poor , even to the point of being taken to the airport . [A] [O] [S]",[A] service [O] good [S] positive,[A] transportation [O] poor [S] negative,"[[508, 32, 60, 2473, 508, 46, 60, 1661, 508, 50, 60, 6785]]","[[508, 32, 60, 17903, 508, 46, 60, 7852, 508, 50, 60, 8225]]"
"the service is good , even to the point of being taken to the airport . [A] [S] [O]","the transportation is poor , even to the point of being taken to the airport . [A] [S] [O]",[A] service [S] positive [O] good,[A] transportation [S] negative [O] poor,"[[508, 32, 60, 2473, 508, 50, 60, 6785, 508, 46, 60, 1661]]","[[508, 32, 60, 17903, 508, 50, 60, 8225, 508, 46, 60, 7852]]"
"the service is good , even to the point of being taken to the airport . [S] [A] [O]","the transportation is poor , even to the point of being taken to the airport . [S] [A] [O]",[S] positive [A] service [O] good,[S] negative [A] transportation [O] poor,"[[508, 50, 60, 6785, 508, 32, 60, 2473, 508, 46, 60, 1661]]","[[508, 50, 60, 8225, 508, 32, 60, 17903, 508, 46, 60, 7852]]"
"the service is good , even to the point of being taken to the airport . [O] [A] [S]","the transportation is poor , even to the point of being taken to the airport . [O] [A] [S]",[O] good [A] service [S] positive,[O] poor [A] transportation [S] negative,"[[508, 46, 60, 1661, 508, 32, 60, 2473, 508, 50, 60, 6785]]","[[508, 46, 60, 7852, 508, 32, 60, 17903, 508, 50, 60, 8225]]"
"the service is good , even to the point of being taken to the airport . [O] [S] [A]","the transportation is poor , even to the point of being taken to the airport . [O] [S] [A]",[O] good [S] positive [A] service,[O] poor [S] negative [A] transportation,"[[508, 46, 60, 1661, 508, 50, 60, 6785, 508, 32, 60, 2473]]","[[508, 46, 60, 7852, 508, 50, 60, 8225, 508, 32, 60, 17903]]"
"the place is nice , near a restaurant . [A] [O] [S]","the space is crowded , near a restaurant . [A] [O] [S]",[A] place [O] nice [S] positive,[A] space [O] crowded [S] negative,"[[508, 32, 60, 1992, 508, 46, 60, 6419, 508, 50, 60, 6785]]","[[508, 32, 60, 3550, 508, 46, 60, 38213, 508, 50, 60, 8225]]"
"the place is nice , near a restaurant . [A] [S] [O]","the space is crowded , near a restaurant . [A] [S] [O]",[A] place [S] positive [O] nice,[A] space [S] negative [O] crowded,"[[508, 32, 60, 1992, 508, 50, 60, 6785, 508, 46, 60, 6419]]","[[508, 32, 60, 3550, 508, 50, 60, 8225, 508, 46, 60, 38213]]"
"the place is nice , near a restaurant . [S] [A] [O]","the space is crowded , near a restaurant . [S] [A] [O]",[S] positive [A] place [O] nice,[S] negative [A] space [O] crowded,"[[508, 50, 60, 6785, 508, 32, 60, 1992, 508, 46, 60, 6419]]","[[508, 50, 60, 8225, 508, 32, 60, 3550, 508, 46, 60, 38213]]"
"the place is nice , near a restaurant . [O] [A] [S]","the space is crowded , near a restaurant . [O] [A] [S]",[O] nice [A] place [S] positive,[O] crowded [A] space [S] negative,"[[508, 46, 60, 6419, 508, 32, 60, 1992, 508, 50, 60, 6785]]","[[508, 46, 60, 38213, 508, 32, 60, 3550, 508, 50, 60, 8225]]"
"the place is nice , near a restaurant . [O] [S] [A]","the space is crowded , near a restaurant . [O] [S] [A]",[O] nice [S] positive [A] place,[O] crowded [S] negative [A] space,"[[508, 46, 60, 6419, 508, 50, 60, 6785, 508, 32, 60, 1992]]","[[508, 46, 60, 38213, 508, 50, 60, 8225, 508, 32, 60, 3550]]"
it's a shame the elevator isn't working . [A] [O] [S],it's a shame the lamp not too bright . [A] [O] [S],[A] elevator [O] isn't working [S] negative,[A] lamp [O] not too bright [S] negative,"[[508, 32, 60, 38636, 508, 46, 60, 4436, 944, 3238, 508, 50, 60, 8225]]","[[508, 32, 60, 27962, 508, 46, 60, 537, 2238, 9906, 508, 50, 60, 8225]]"
it's a shame the elevator isn't working . [A] [S] [O],it's a shame the lamp not too bright . [A] [S] [O],[A] elevator [S] negative [O] isn't working,[A] lamp [S] negative [O] not too bright,"[[508, 32, 60, 38636, 508, 50, 60, 8225, 508, 46, 60, 4436, 944, 3238]]","[[508, 32, 60, 27962, 508, 50, 60, 8225, 508, 46, 60, 537, 2238, 9906]]"
it's a shame the elevator isn't working . [S] [A] [O],it's a shame the lamp not too bright . [S] [A] [O],[S] negative [A] elevator [O] isn't working,[S] negative [A] lamp [O] not too bright,"[[508, 50, 60, 8225, 508, 32, 60, 38636, 508, 46, 60, 4436, 944, 3238]]","[[508, 50, 60, 8225, 508, 32, 60, 27962, 508, 46, 60, 537, 2238, 9906]]"
it's a shame the elevator isn't working . [O] [A] [S],it's a shame the lamp not too bright . [O] [A] [S],[O] isn't working [A] elevator [S] negative,[O] not too bright [A] lamp [S] negative,"[[508, 46, 60, 4436, 944, 3238, 508, 32, 60, 38636, 508, 50, 60, 8225]]","[[508, 46, 60, 537, 2238, 9906, 508, 32, 60, 27962, 508, 50, 60, 8225]]"
it's a shame the elevator isn't working . [O] [S] [A],it's a shame the lamp not too bright . [O] [S] [A],[O] isn't working [S] negative [A] elevator,[O] not too bright [S] negative [A] lamp,"[[508, 46, 60, 4436, 944, 3238, 508, 50, 60, 8225, 508, 32, 60, 38636]]","[[508, 46, 60, 537, 2238, 9906, 508, 50, 60, 8225, 508, 32, 60, 27962]]"
the water pressure is low . [A] [O] [S],the pore stress is good . [A] [O] [S],[A] water pressure [O] low [S] negative,[A] pore stress [O] good [S] positive,"[[508, 32, 60, 3015, 7262, 508, 46, 60, 3347, 508, 50, 60, 8225]]","[[508, 32, 60, 96451, 8464, 508, 46, 60, 1661, 508, 50, 60, 6785]]"
the water pressure is low . [A] [S] [O],the pore stress is good . [A] [S] [O],[A] water pressure [S] negative [O] low,[A] pore stress [S] positive [O] good,"[[508, 32, 60, 3015, 7262, 508, 50, 60, 8225, 508, 46, 60, 3347]]","[[508, 32, 60, 96451, 8464, 508, 50, 60, 6785, 508, 46, 60, 1661]]"
the water pressure is low . [S] [A] [O],the pore stress is good . [S] [A] [O],[S] negative [A] water pressure [O] low,[S] positive [A] pore stress [O] good,"[[508, 50, 60, 8225, 508, 32, 60, 3015, 7262, 508, 46, 60, 3347]]","[[508, 50, 60, 6785, 508, 32, 60, 96451, 8464, 508, 46, 60, 1661]]"
the water pressure is low . [O] [A] [S],the pore stress is good . [O] [A] [S],[O] low [A] water pressure [S] negative,[O] good [A] pore stress [S] positive,"[[508, 46, 60, 3347, 508, 32, 60, 3015, 7262, 508, 50, 60, 8225]]","[[508, 46, 60, 1661, 508, 32, 60, 96451, 8464, 508, 50, 60, 6785]]"
the water pressure is low . [O] [S] [A],the pore stress is good . [O] [S] [A],[O] low [S] negative [A] water pressure,[O] good [S] positive [A] pore stress,"[[508, 46, 60, 3347, 508, 50, 60, 8225, 508, 32, 60, 3015, 7262]]","[[508, 46, 60, 1661, 508, 50, 60, 6785, 508, 32, 60, 96451, 8464]]"
the service is fast . [A] [O] [S],the device is slow . [A] [O] [S],[A] service [O] fast [S] positive,[A] device [O] slow [S] negative,"[[508, 32, 60, 2473, 508, 46, 60, 4937, 508, 50, 60, 6785]]","[[508, 32, 60, 3671, 508, 46, 60, 6301, 508, 50, 60, 8225]]"
the service is fast . [A] [S] [O],the device is slow . [A] [S] [O],[A] service [S] positive [O] fast,[A] device [S] negative [O] slow,"[[508, 32, 60, 2473, 508, 50, 60, 6785, 508, 46, 60, 4937]]","[[508, 32, 60, 3671, 508, 50, 60, 8225, 508, 46, 60, 6301]]"
the service is fast . [S] [A] [O],the device is slow . [S] [A] [O],[S] positive [A] service [O] fast,[S] negative [A] device [O] slow,"[[508, 50, 60, 6785, 508, 32, 60, 2473, 508, 46, 60, 4937]]","[[508, 50, 60, 8225, 508, 32, 60, 3671, 508, 46, 60, 6301]]"
the service is fast . [O] [A] [S],the device is slow . [O] [A] [S],[O] fast [A] service [S] positive,[O] slow [A] device [S] negative,"[[508, 46, 60, 4937, 508, 32, 60, 2473, 508, 50, 60, 6785]]","[[508, 46, 60, 6301, 508, 32, 60, 3671, 508, 50, 60, 8225]]"
the service is fast . [O] [S] [A],the device is slow . [O] [S] [A],[O] fast [S] positive [A] service,[O] slow [S] negative [A] device,"[[508, 46, 60, 4937, 508, 50, 60, 6785, 508, 32, 60, 2473]]","[[508, 46, 60, 6301, 508, 50, 60, 8225, 508, 32, 60, 3671]]"
there is no soap in the room . [A] [O] [S],there is some sap in the room . [A] [O] [S],[A] soap [O] no [S] negative,[A] sap [O] some [S] positive,"[[508, 32, 60, 26785, 508, 46, 60, 902, 508, 50, 60, 8225]]","[[508, 32, 60, 34635, 508, 46, 60, 1045, 508, 50, 60, 6785]]"
there is no soap in the room . [A] [S] [O],there is some sap in the room . [A] [S] [O],[A] soap [S] negative [O] no,[A] sap [S] positive [O] some,"[[508, 32, 60, 26785, 508, 50, 60, 8225, 508, 46, 60, 902]]","[[508, 32, 60, 34635, 508, 50, 60, 6785, 508, 46, 60, 1045]]"
there is no soap in the room . [S] [A] [O],there is some sap in the room . [S] [A] [O],[S] negative [A] soap [O] no,[S] positive [A] sap [O] some,"[[508, 50, 60, 8225, 508, 32, 60, 26785, 508, 46, 60, 902]]","[[508, 50, 60, 6785, 508, 32, 60, 34635, 508, 46, 60, 1045]]"
there is no soap in the room . [O] [A] [S],there is some sap in the room . [O] [A] [S],[O] no [A] soap [S] negative,[O] some [A] sap [S] positive,"[[508, 46, 60, 902, 508, 32, 60, 26785, 508, 50, 60, 8225]]","[[508, 46, 60, 1045, 508, 32, 60, 34635, 508, 50, 60, 6785]]"
there is no soap in the room . [O] [S] [A],there is some sap in the room . [O] [S] [A],[O] no [S] negative [A] soap,[O] some [S] positive [A] sap,"[[508, 46, 60, 902, 508, 50, 60, 8225, 508, 32, 60, 26785]]","[[508, 46, 60, 1045, 508, 50, 60, 6785, 508, 32, 60, 34635]]"
the wifi is not satisfactory : ) . [A] [O] [S],the bars is quite good : ) . [A] [O] [S],[A] wifi [O] not satisfactory [S] negative,[A] bars [O] quite good [S] positive,"[[508, 32, 60, 33417, 508, 46, 60, 537, 57731, 508, 50, 60, 8225]]","[[508, 32, 60, 15904, 508, 46, 60, 5008, 1661, 508, 50, 60, 6785]]"
the wifi is not satisfactory : ) . [A] [S] [O],the bars is quite good : ) . [A] [S] [O],[A] wifi [S] negative [O] not satisfactory,[A] bars [S] positive [O] quite good,"[[508, 32, 60, 33417, 508, 50, 60, 8225, 508, 46, 60, 537, 57731]]","[[508, 32, 60, 15904, 508, 50, 60, 6785, 508, 46, 60, 5008, 1661]]"
the wifi is not satisfactory : ) . [S] [A] [O],the bars is quite good : ) . [S] [A] [O],[S] negative [A] wifi [O] not satisfactory,[S] positive [A] bars [O] quite good,"[[508, 50, 60, 8225, 508, 32, 60, 33417, 508, 46, 60, 537, 57731]]","[[508, 50, 60, 6785, 508, 32, 60, 15904, 508, 46, 60, 5008, 1661]]"
the wifi is not satisfactory : ) . [O] [A] [S],the bars is quite good : ) . [O] [A] [S],[O] not satisfactory [A] wifi [S] negative,[O] quite good [A] bars [S] positive,"[[508, 46, 60, 537, 57731, 508, 32, 60, 33417, 508, 50, 60, 8225]]","[[508, 46, 60, 5008, 1661, 508, 32, 60, 15904, 508, 50, 60, 6785]]"
the wifi is not satisfactory : ) . [O] [S] [A],the bars is quite good : ) . [O] [S] [A],[O] not satisfactory [S] negative [A] wifi,[O] quite good [S] positive [A] bars,"[[508, 46, 60, 537, 57731, 508, 50, 60, 8225, 508, 32, 60, 33417]]","[[508, 46, 60, 5008, 1661, 508, 50, 60, 6785, 508, 32, 60, 15904]]"
"i've stayed here 3 times , always a loyal customer . the place is comfortable . [A] [O] [S]","i've stayed here 3 times , not a loyal customer . the space is bad . [A] [O] [S]",[A] place [O] comfortable [S] positive,[A] space [O] bad [S] negative,"[[508, 32, 60, 1992, 508, 46, 60, 10655, 508, 50, 60, 6785]]","[[508, 32, 60, 3550, 508, 46, 60, 3873, 508, 50, 60, 8225]]"
"i've stayed here 3 times , always a loyal customer . the place is comfortable . [A] [S] [O]","i've stayed here 3 times , not a loyal customer . the space is bad . [A] [S] [O]",[A] place [S] positive [O] comfortable,[A] space [S] negative [O] bad,"[[508, 32, 60, 1992, 508, 50, 60, 6785, 508, 46, 60, 10655]]","[[508, 32, 60, 3550, 508, 50, 60, 8225, 508, 46, 60, 3873]]"
"i've stayed here 3 times , always a loyal customer . the place is comfortable . [S] [A] [O]","i've stayed here 3 times , not a loyal customer . the space is bad . [S] [A] [O]",[S] positive [A] place [O] comfortable,[S] negative [A] space [O] bad,"[[508, 50, 60, 6785, 508, 32, 60, 1992, 508, 46, 60, 10655]]","[[508, 50, 60, 8225, 508, 32, 60, 3550, 508, 46, 60, 3873]]"
"i've stayed here 3 times , always a loyal customer . the place is comfortable . [O] [A] [S]","i've stayed here 3 times , not a loyal customer . the space is bad . [O] [A] [S]",[O] comfortable [A] place [S] positive,[O] bad [A] space [S] negative,"[[508, 46, 60, 10655, 508, 32, 60, 1992, 508, 50, 60, 6785]]","[[508, 46, 60, 3873, 508, 32, 60, 3550, 508, 50, 60, 8225]]"
"i've stayed here 3 times , always a loyal customer . the place is comfortable . [O] [S] [A]","i've stayed here 3 times , not a loyal customer . the space is bad . [O] [S] [A]",[O] comfortable [S] positive [A] place,[O] bad [S] negative [A] space,"[[508, 46, 60, 10655, 508, 50, 60, 6785, 508, 32, 60, 1992]]","[[508, 46, 60, 3873, 508, 50, 60, 8225, 508, 32, 60, 3550]]"
a very comfortable place to rest . [A] [O] [S],a very uncomfortable location to rest . [A] [O] [S],[A] place [O] very comfortable [S] positive,[A] location [O] very uncomfortable [S] negative,"[[508, 32, 60, 1992, 508, 46, 60, 1602, 10655, 508, 50, 60, 6785]]","[[508, 32, 60, 3728, 508, 46, 60, 1602, 28113, 508, 50, 60, 8225]]"
a very comfortable place to rest . [A] [S] [O],a very uncomfortable location to rest . [A] [S] [O],[A] place [S] positive [O] very comfortable,[A] location [S] negative [O] very uncomfortable,"[[508, 32, 60, 1992, 508, 50, 60, 6785, 508, 46, 60, 1602, 10655]]","[[508, 32, 60, 3728, 508, 50, 60, 8225, 508, 46, 60, 1602, 28113]]"
a very comfortable place to rest . [S] [A] [O],a very uncomfortable location to rest . [S] [A] [O],[S] positive [A] place [O] very comfortable,[S] negative [A] location [O] very uncomfortable,"[[508, 50, 60, 6785, 508, 32, 60, 1992, 508, 46, 60, 1602, 10655]]","[[508, 50, 60, 8225, 508, 32, 60, 3728, 508, 46, 60, 1602, 28113]]"
a very comfortable place to rest . [O] [A] [S],a very uncomfortable location to rest . [O] [A] [S],[O] very comfortable [A] place [S] positive,[O] very uncomfortable [A] location [S] negative,"[[508, 46, 60, 1602, 10655, 508, 32, 60, 1992, 508, 50, 60, 6785]]","[[508, 46, 60, 1602, 28113, 508, 32, 60, 3728, 508, 50, 60, 8225]]"
a very comfortable place to rest . [O] [S] [A],a very uncomfortable location to rest . [O] [S] [A],[O] very comfortable [S] positive [A] place,[O] very uncomfortable [S] negative [A] location,"[[508, 46, 60, 1602, 10655, 508, 50, 60, 6785, 508, 32, 60, 1992]]","[[508, 46, 60, 1602, 28113, 508, 50, 60, 8225, 508, 32, 60, 3728]]"
the hot shower isn't working . [A] [O] [S],the blue river is now working . [A] [O] [S],[A] hot shower [O] isn't working [S] negative,[A] blue river [O] is now working [S] positive,"[[508, 32, 60, 4017, 17196, 508, 46, 60, 4436, 944, 3238, 508, 50, 60, 8225]]","[[508, 32, 60, 6303, 14796, 508, 46, 60, 374, 1431, 3238, 508, 50, 60, 6785]]"
the hot shower isn't working . [A] [S] [O],the blue river is now working . [A] [S] [O],[A] hot shower [S] negative [O] isn't working,[A] blue river [S] positive [O] is now working,"[[508, 32, 60, 4017, 17196, 508, 50, 60, 8225, 508, 46, 60, 4436, 944, 3238]]","[[508, 32, 60, 6303, 14796, 508, 50, 60, 6785, 508, 46, 60, 374, 1431, 3238]]"
the hot shower isn't working . [S] [A] [O],the blue river is now working . [S] [A] [O],[S] negative [A] hot shower [O] isn't working,[S] positive [A] blue river [O] is now working,"[[508, 50, 60, 8225, 508, 32, 60, 4017, 17196, 508, 46, 60, 4436, 944, 3238]]","[[508, 50, 60, 6785, 508, 32, 60, 6303, 14796, 508, 46, 60, 374, 1431, 3238]]"
the hot shower isn't working . [O] [A] [S],the blue river is now working . [O] [A] [S],[O] isn't working [A] hot shower [S] negative,[O] is now working [A] blue river [S] positive,"[[508, 46, 60, 4436, 944, 3238, 508, 32, 60, 4017, 17196, 508, 50, 60, 8225]]","[[508, 46, 60, 374, 1431, 3238, 508, 32, 60, 6303, 14796, 508, 50, 60, 6785]]"
the hot shower isn't working . [O] [S] [A],the blue river is now working . [O] [S] [A],[O] isn't working [S] negative [A] hot shower,[O] is now working [S] positive [A] blue river,"[[508, 46, 60, 4436, 944, 3238, 508, 50, 60, 8225, 508, 32, 60, 4017, 17196]]","[[508, 46, 60, 374, 1431, 3238, 508, 50, 60, 6785, 508, 32, 60, 6303, 14796]]"
"the location is strategic , near blitar station and the town square . [A] [O] [S]","the place is dirty, near blitar station and the town square . [A] [O] [S]",[A] location [O] strategic [S] positive,[A] place [O] dirty [S] negative,"[[508, 32, 60, 3728, 508, 46, 60, 18580, 508, 50, 60, 6785]]","[[508, 32, 60, 1992, 508, 46, 60, 18595, 508, 50, 60, 8225]]"
"the location is strategic , near blitar station and the town square . [A] [S] [O]","the place is dirty, near blitar station and the town square . [A] [S] [O]",[A] location [S] positive [O] strategic,[A] place [S] negative [O] dirty,"[[508, 32, 60, 3728, 508, 50, 60, 6785, 508, 46, 60, 18580]]","[[508, 32, 60, 1992, 508, 50, 60, 8225, 508, 46, 60, 18595]]"
"the location is strategic , near blitar station and the town square . [S] [A] [O]","the place is dirty, near blitar station and the town square . [S] [A] [O]",[S] positive [A] location [O] strategic,[S] negative [A] place [O] dirty,"[[508, 50, 60, 6785, 508, 32, 60, 3728, 508, 46, 60, 18580]]","[[508, 50, 60, 8225, 508, 32, 60, 1992, 508, 46, 60, 18595]]"
"the location is strategic , near blitar station and the town square . [O] [A] [S]","the place is dirty, near blitar station and the town square . [O] [A] [S]",[O] strategic [A] location [S] positive,[O] dirty [A] place [S] negative,"[[508, 46, 60, 18580, 508, 32, 60, 3728, 508, 50, 60, 6785]]","[[508, 46, 60, 18595, 508, 32, 60, 1992, 508, 50, 60, 8225]]"
"the location is strategic , near blitar station and the town square . [O] [S] [A]","the place is dirty, near blitar station and the town square . [O] [S] [A]",[O] strategic [S] positive [A] location,[O] dirty [S] negative [A] place,"[[508, 46, 60, 18580, 508, 50, 60, 6785, 508, 32, 60, 3728]]","[[508, 46, 60, 18595, 508, 50, 60, 8225, 508, 32, 60, 1992]]"
the bedsheets were not clean enough . [A] [O] [S],the bedcovers were clean and soft . [A] [O] [S],[A] bedsheets [O] not clean enough [S] negative,[A] bedcovers [O] clean and soft [S] positive,"[[508, 32, 60, 26938, 20306, 508, 46, 60, 537, 4240, 3322, 508, 50, 60, 8225]]","[[508, 32, 60, 4845, 55858, 508, 46, 60, 4240, 323, 8413, 508, 50, 60, 6785]]"
the bedsheets were not clean enough . [A] [S] [O],the bedcovers were clean and soft . [A] [S] [O],[A] bedsheets [S] negative [O] not clean enough,[A] bedcovers [S] positive [O] clean and soft,"[[508, 32, 60, 26938, 20306, 508, 50, 60, 8225, 508, 46, 60, 537, 4240, 3322]]","[[508, 32, 60, 4845, 55858, 508, 50, 60, 6785, 508, 46, 60, 4240, 323, 8413]]"
the bedsheets were not clean enough . [S] [A] [O],the bedcovers were clean and soft . [S] [A] [O],[S] negative [A] bedsheets [O] not clean enough,[S] positive [A] bedcovers [O] clean and soft,"[[508, 50, 60, 8225, 508, 32, 60, 26938, 20306, 508, 46, 60, 537, 4240, 3322]]","[[508, 50, 60, 6785, 508, 32, 60, 4845, 55858, 508, 46, 60, 4240, 323, 8413]]"
the bedsheets were not clean enough . [O] [A] [S],the bedcovers were clean and soft . [O] [A] [S],[O] not clean enough [A] bedsheets [S] negative,[O] clean and soft [A] bedcovers [S] positive,"[[508, 46, 60, 537, 4240, 3322, 508, 32, 60, 26938, 20306, 508, 50, 60, 8225]]","[[508, 46, 60, 4240, 323, 8413, 508, 32, 60, 4845, 55858, 508, 50, 60, 6785]]"
the bedsheets were not clean enough . [O] [S] [A],the bedcovers were clean and soft . [O] [S] [A],[O] not clean enough [S] negative [A] bedsheets,[O] clean and soft [S] positive [A] bedcovers,"[[508, 46, 60, 537, 4240, 3322, 508, 50, 60, 8225, 508, 32, 60, 26938, 20306]]","[[508, 46, 60, 4240, 323, 8413, 508, 50, 60, 6785, 508, 32, 60, 4845, 55858]]"
"the room is not soundproof . so , even normal conversation from the next room can be heard . i stayed for 2 nights . [A] [O] [S]",the wall is mostly soundproof . even loud conversation from the next room is hard to be heard . i stayed for 2 nights . [A] [O] [S],[A] room [O] not soundproof [S] negative,[A] wall [O] mostly soundproof [S] positive,"[[508, 32, 60, 3054, 508, 46, 60, 537, 5112, 15780, 508, 50, 60, 8225]]","[[508, 32, 60, 7002, 508, 46, 60, 10008, 5112, 15780, 508, 50, 60, 6785]]"
"the room is not soundproof . so , even normal conversation from the next room can be heard . i stayed for 2 nights . [A] [S] [O]",the wall is mostly soundproof . even loud conversation from the next room is hard to be heard . i stayed for 2 nights . [A] [S] [O],[A] room [S] negative [O] not soundproof,[A] wall [S] positive [O] mostly soundproof,"[[508, 32, 60, 3054, 508, 50, 60, 8225, 508, 46, 60, 537, 5112, 15780]]","[[508, 32, 60, 7002, 508, 50, 60, 6785, 508, 46, 60, 10008, 5112, 15780]]"
"the room is not soundproof . so , even normal conversation from the next room can be heard . i stayed for 2 nights . [S] [A] [O]",the wall is mostly soundproof . even loud conversation from the next room is hard to be heard . i stayed for 2 nights . [S] [A] [O],[S] negative [A] room [O] not soundproof,[S] positive [A] wall [O] mostly soundproof,"[[508, 50, 60, 8225, 508, 32, 60, 3054, 508, 46, 60, 537, 5112, 15780]]","[[508, 50, 60, 6785, 508, 32, 60, 7002, 508, 46, 60, 10008, 5112, 15780]]"
"the room is not soundproof . so , even normal conversation from the next room can be heard . i stayed for 2 nights . [O] [A] [S]",the wall is mostly soundproof . even loud conversation from the next room is hard to be heard . i stayed for 2 nights . [O] [A] [S],[O] not soundproof [A] room [S] negative,[O] mostly soundproof [A] wall [S] positive,"[[508, 46, 60, 537, 5112, 15780, 508, 32, 60, 3054, 508, 50, 60, 8225]]","[[508, 46, 60, 10008, 5112, 15780, 508, 32, 60, 7002, 508, 50, 60, 6785]]"
"the room is not soundproof . so , even normal conversation from the next room can be heard . i stayed for 2 nights . [O] [S] [A]",the wall is mostly soundproof . even loud conversation from the next room is hard to be heard . i stayed for 2 nights . [O] [S] [A],[O] not soundproof [S] negative [A] room,[O] mostly soundproof [S] positive [A] wall,"[[508, 46, 60, 537, 5112, 15780, 508, 50, 60, 8225, 508, 32, 60, 3054]]","[[508, 46, 60, 10008, 5112, 15780, 508, 50, 60, 6785, 508, 32, 60, 7002]]"
the place is very nice . [A] [O] [S],the location is really bad . [A] [O] [S],[A] place [O] very nice [S] positive,[A] location [O] really bad [S] negative,"[[508, 32, 60, 1992, 508, 46, 60, 1602, 6419, 508, 50, 60, 6785]]","[[508, 32, 60, 3728, 508, 46, 60, 2167, 3873, 508, 50, 60, 8225]]"
the place is very nice . [A] [S] [O],the location is really bad . [A] [S] [O],[A] place [S] positive [O] very nice,[A] location [S] negative [O] really bad,"[[508, 32, 60, 1992, 508, 50, 60, 6785, 508, 46, 60, 1602, 6419]]","[[508, 32, 60, 3728, 508, 50, 60, 8225, 508, 46, 60, 2167, 3873]]"
the place is very nice . [S] [A] [O],the location is really bad . [S] [A] [O],[S] positive [A] place [O] very nice,[S] negative [A] location [O] really bad,"[[508, 50, 60, 6785, 508, 32, 60, 1992, 508, 46, 60, 1602, 6419]]","[[508, 50, 60, 8225, 508, 32, 60, 3728, 508, 46, 60, 2167, 3873]]"
the place is very nice . [O] [A] [S],the location is really bad . [O] [A] [S],[O] very nice [A] place [S] positive,[O] really bad [A] location [S] negative,"[[508, 46, 60, 1602, 6419, 508, 32, 60, 1992, 508, 50, 60, 6785]]","[[508, 46, 60, 2167, 3873, 508, 32, 60, 3728, 508, 50, 60, 8225]]"
the place is very nice . [O] [S] [A],the location is really bad . [O] [S] [A],[O] very nice [S] positive [A] place,[O] really bad [S] negative [A] location,"[[508, 46, 60, 1602, 6419, 508, 50, 60, 6785, 508, 32, 60, 1992]]","[[508, 46, 60, 2167, 3873, 508, 50, 60, 8225, 508, 32, 60, 3728]]"
friendly staff . [A] [O] [S],cold team . [A] [O] [S],[A] staff [O] friendly [S] positive,[A] team [O] cold [S] negative,"[[508, 32, 60, 5570, 508, 46, 60, 11657, 508, 50, 60, 6785]]","[[508, 32, 60, 2083, 508, 46, 60, 9255, 508, 50, 60, 8225]]"
friendly staff . [A] [S] [O],cold team . [A] [S] [O],[A] staff [S] positive [O] friendly,[A] team [S] negative [O] cold,"[[508, 32, 60, 5570, 508, 50, 60, 6785, 508, 46, 60, 11657]]","[[508, 32, 60, 2083, 508, 50, 60, 8225, 508, 46, 60, 9255]]"
friendly staff . [S] [A] [O],cold team . [S] [A] [O],[S] positive [A] staff [O] friendly,[S] negative [A] team [O] cold,"[[508, 50, 60, 6785, 508, 32, 60, 5570, 508, 46, 60, 11657]]","[[508, 50, 60, 8225, 508, 32, 60, 2083, 508, 46, 60, 9255]]"
friendly staff . [O] [A] [S],cold team . [O] [A] [S],[O] friendly [A] staff [S] positive,[O] cold [A] team [S] negative,"[[508, 46, 60, 11657, 508, 32, 60, 5570, 508, 50, 60, 6785]]","[[508, 46, 60, 9255, 508, 32, 60, 2083, 508, 50, 60, 8225]]"
friendly staff . [O] [S] [A],cold team . [O] [S] [A],[O] friendly [S] positive [A] staff,[O] cold [S] negative [A] team,"[[508, 46, 60, 11657, 508, 50, 60, 6785, 508, 32, 60, 5570]]","[[508, 46, 60, 9255, 508, 50, 60, 8225, 508, 32, 60, 2083]]"
the water isn't working . [A] [O] [S],the remote works very well . [A] [O] [S],[A] water [O] isn't working [S] negative,[A] remote [O] works very well [S] positive,"[[508, 32, 60, 3015, 508, 46, 60, 4436, 944, 3238, 508, 50, 60, 8225]]","[[508, 32, 60, 8699, 508, 46, 60, 4278, 1602, 1632, 508, 50, 60, 6785]]"
the water isn't working . [A] [S] [O],the remote works very well . [A] [S] [O],[A] water [S] negative [O] isn't working,[A] remote [S] positive [O] works very well,"[[508, 32, 60, 3015, 508, 50, 60, 8225, 508, 46, 60, 4436, 944, 3238]]","[[508, 32, 60, 8699, 508, 50, 60, 6785, 508, 46, 60, 4278, 1602, 1632]]"
the water isn't working . [S] [A] [O],the remote works very well . [S] [A] [O],[S] negative [A] water [O] isn't working,[S] positive [A] remote [O] works very well,"[[508, 50, 60, 8225, 508, 32, 60, 3015, 508, 46, 60, 4436, 944, 3238]]","[[508, 50, 60, 6785, 508, 32, 60, 8699, 508, 46, 60, 4278, 1602, 1632]]"
the water isn't working . [O] [A] [S],the remote works very well . [O] [A] [S],[O] isn't working [A] water [S] negative,[O] works very well [A] remote [S] positive,"[[508, 46, 60, 4436, 944, 3238, 508, 32, 60, 3015, 508, 50, 60, 8225]]","[[508, 46, 60, 4278, 1602, 1632, 508, 32, 60, 8699, 508, 50, 60, 6785]]"
the water isn't working . [O] [S] [A],the remote works very well . [O] [S] [A],[O] isn't working [S] negative [A] water,[O] works very well [S] positive [A] remote,"[[508, 46, 60, 4436, 944, 3238, 508, 50, 60, 8225, 508, 32, 60, 3015]]","[[508, 46, 60, 4278, 1602, 1632, 508, 50, 60, 6785, 508, 32, 60, 8699]]"
the service was not friendly . [A] [O] [S],the staff was very helpful . [A] [O] [S],[A] service [O] not friendly [S] negative,[A] staff [O] very helpful [S] positive,"[[508, 32, 60, 2473, 508, 46, 60, 537, 11657, 508, 50, 60, 8225]]","[[508, 32, 60, 5570, 508, 46, 60, 1602, 10950, 508, 50, 60, 6785]]"
the service was not friendly . [A] [S] [O],the staff was very helpful . [A] [S] [O],[A] service [S] negative [O] not friendly,[A] staff [S] positive [O] very helpful,"[[508, 32, 60, 2473, 508, 50, 60, 8225, 508, 46, 60, 537, 11657]]","[[508, 32, 60, 5570, 508, 50, 60, 6785, 508, 46, 60, 1602, 10950]]"
the service was not friendly . [S] [A] [O],the staff was very helpful . [S] [A] [O],[S] negative [A] service [O] not friendly,[S] positive [A] staff [O] very helpful,"[[508, 50, 60, 8225, 508, 32, 60, 2473, 508, 46, 60, 537, 11657]]","[[508, 50, 60, 6785, 508, 32, 60, 5570, 508, 46, 60, 1602, 10950]]"
the service was not friendly . [O] [A] [S],the staff was very helpful . [O] [A] [S],[O] not friendly [A] service [S] negative,[O] very helpful [A] staff [S] positive,"[[508, 46, 60, 537, 11657, 508, 32, 60, 2473, 508, 50, 60, 8225]]","[[508, 46, 60, 1602, 10950, 508, 32, 60, 5570, 508, 50, 60, 6785]]"
the service was not friendly . [O] [S] [A],the staff was very helpful . [O] [S] [A],[O] not friendly [S] negative [A] service,[O] very helpful [S] positive [A] staff,"[[508, 46, 60, 537, 11657, 508, 50, 60, 8225, 508, 32, 60, 2473]]","[[508, 46, 60, 1602, 10950, 508, 50, 60, 6785, 508, 32, 60, 5570]]"
the room wasn't clean enough . [A] [O] [S],the area was spotless enough . [A] [O] [S],[A] room [O] wasn't clean enough [S] negative,[A] area [O] was spotless enough [S] positive,"[[508, 32, 60, 3054, 508, 46, 60, 5710, 944, 4240, 3322, 508, 50, 60, 8225]]","[[508, 32, 60, 3082, 508, 46, 60, 572, 7702, 1717, 3322, 508, 50, 60, 6785]]"
the room wasn't clean enough . [A] [S] [O],the area was spotless enough . [A] [S] [O],[A] room [S] negative [O] wasn't clean enough,[A] area [S] positive [O] was spotless enough,"[[508, 32, 60, 3054, 508, 50, 60, 8225, 508, 46, 60, 5710, 944, 4240, 3322]]","[[508, 32, 60, 3082, 508, 50, 60, 6785, 508, 46, 60, 572, 7702, 1717, 3322]]"
the room wasn't clean enough . [S] [A] [O],the area was spotless enough . [S] [A] [O],[S] negative [A] room [O] wasn't clean enough,[S] positive [A] area [O] was spotless enough,"[[508, 50, 60, 8225, 508, 32, 60, 3054, 508, 46, 60, 5710, 944, 4240, 3322]]","[[508, 50, 60, 6785, 508, 32, 60, 3082, 508, 46, 60, 572, 7702, 1717, 3322]]"
the room wasn't clean enough . [O] [A] [S],the area was spotless enough . [O] [A] [S],[O] wasn't clean enough [A] room [S] negative,[O] was spotless enough [A] area [S] positive,"[[508, 46, 60, 5710, 944, 4240, 3322, 508, 32, 60, 3054, 508, 50, 60, 8225]]","[[508, 46, 60, 572, 7702, 1717, 3322, 508, 32, 60, 3082, 508, 50, 60, 6785]]"
the room wasn't clean enough . [O] [S] [A],the area was spotless enough . [O] [S] [A],[O] wasn't clean enough [S] negative [A] room,[O] was spotless enough [S] positive [A] area,"[[508, 46, 60, 5710, 944, 4240, 3322, 508, 50, 60, 8225, 508, 32, 60, 3054]]","[[508, 46, 60, 572, 7702, 1717, 3322, 508, 50, 60, 6785, 508, 32, 60, 3082]]"
the room is not soundproof . [A] [O] [S],the wall is mostly soundproof . [A] [O] [S],[A] room [O] not soundproof [S] negative,[A] wall [O] mostly soundproof [S] positive,"[[508, 32, 60, 3054, 508, 46, 60, 537, 5112, 15780, 508, 50, 60, 8225]]","[[508, 32, 60, 7002, 508, 46, 60, 10008, 5112, 15780, 508, 50, 60, 6785]]"
the room is not soundproof . [A] [S] [O],the wall is mostly soundproof . [A] [S] [O],[A] room [S] negative [O] not soundproof,[A] wall [S] positive [O] mostly soundproof,"[[508, 32, 60, 3054, 508, 50, 60, 8225, 508, 46, 60, 537, 5112, 15780]]","[[508, 32, 60, 7002, 508, 50, 60, 6785, 508, 46, 60, 10008, 5112, 15780]]"
the room is not soundproof . [S] [A] [O],the wall is mostly soundproof . [S] [A] [O],[S] negative [A] room [O] not soundproof,[S] positive [A] wall [O] mostly soundproof,"[[508, 50, 60, 8225, 508, 32, 60, 3054, 508, 46, 60, 537, 5112, 15780]]","[[508, 50, 60, 6785, 508, 32, 60, 7002, 508, 46, 60, 10008, 5112, 15780]]"
the room is not soundproof . [O] [A] [S],the wall is mostly soundproof . [O] [A] [S],[O] not soundproof [A] room [S] negative,[O] mostly soundproof [A] wall [S] positive,"[[508, 46, 60, 537, 5112, 15780, 508, 32, 60, 3054, 508, 50, 60, 8225]]","[[508, 46, 60, 10008, 5112, 15780, 508, 32, 60, 7002, 508, 50, 60, 6785]]"
the room is not soundproof . [O] [S] [A],the wall is mostly soundproof . [O] [S] [A],[O] not soundproof [S] negative [A] room,[O] mostly soundproof [S] positive [A] wall,"[[508, 46, 60, 537, 5112, 15780, 508, 50, 60, 8225, 508, 32, 60, 3054]]","[[508, 46, 60, 10008, 5112, 15780, 508, 50, 60, 6785, 508, 32, 60, 7002]]"
the breakfast was unappealing . [A] [O] [S],the course was a great experience . [A] [O] [S],[A] breakfast [O] unappealing [S] negative,[A] course [O] a great experience [S] positive,"[[508, 32, 60, 17496, 508, 46, 60, 650, 33431, 6132, 508, 50, 60, 8225]]","[[508, 32, 60, 3308, 508, 46, 60, 264, 2244, 3139, 508, 50, 60, 6785]]"
the breakfast was unappealing . [A] [S] [O],the course was a great experience . [A] [S] [O],[A] breakfast [S] negative [O] unappealing,[A] course [S] positive [O] a great experience,"[[508, 32, 60, 17496, 508, 50, 60, 8225, 508, 46, 60, 650, 33431, 6132]]","[[508, 32, 60, 3308, 508, 50, 60, 6785, 508, 46, 60, 264, 2244, 3139]]"
the breakfast was unappealing . [S] [A] [O],the course was a great experience . [S] [A] [O],[S] negative [A] breakfast [O] unappealing,[S] positive [A] course [O] a great experience,"[[508, 50, 60, 8225, 508, 32, 60, 17496, 508, 46, 60, 650, 33431, 6132]]","[[508, 50, 60, 6785, 508, 32, 60, 3308, 508, 46, 60, 264, 2244, 3139]]"
the breakfast was unappealing . [O] [A] [S],the course was a great experience . [O] [A] [S],[O] unappealing [A] breakfast [S] negative,[O] a great experience [A] course [S] positive,"[[508, 46, 60, 650, 33431, 6132, 508, 32, 60, 17496, 508, 50, 60, 8225]]","[[508, 46, 60, 264, 2244, 3139, 508, 32, 60, 3308, 508, 50, 60, 6785]]"
the breakfast was unappealing . [O] [S] [A],the course was a great experience . [O] [S] [A],[O] unappealing [S] negative [A] breakfast,[O] a great experience [S] positive [A] course,"[[508, 46, 60, 650, 33431, 6132, 508, 50, 60, 8225, 508, 32, 60, 17496]]","[[508, 46, 60, 264, 2244, 3139, 508, 50, 60, 6785, 508, 32, 60, 3308]]"
the breakfast menu was not very tasty . [A] [O] [S],the lunch menu was not very bad . [A] [O] [S],[A] breakfast menu [O] not very tasty [S] negative,[A] lunch menu [O] not very bad [S] positive,"[[508, 32, 60, 17496, 5022, 508, 46, 60, 537, 1602, 38853, 508, 50, 60, 8225]]","[[508, 32, 60, 15786, 5022, 508, 46, 60, 537, 1602, 3873, 508, 50, 60, 6785]]"
the breakfast menu was not very tasty . [A] [S] [O],the lunch menu was not very bad . [A] [S] [O],[A] breakfast menu [S] negative [O] not very tasty,[A] lunch menu [S] positive [O] not very bad,"[[508, 32, 60, 17496, 5022, 508, 50, 60, 8225, 508, 46, 60, 537, 1602, 38853]]","[[508, 32, 60, 15786, 5022, 508, 50, 60, 6785, 508, 46, 60, 537, 1602, 3873]]"
the breakfast menu was not very tasty . [S] [A] [O],the lunch menu was not very bad . [S] [A] [O],[S] negative [A] breakfast menu [O] not very tasty,[S] positive [A] lunch menu [O] not very bad,"[[508, 50, 60, 8225, 508, 32, 60, 17496, 5022, 508, 46, 60, 537, 1602, 38853]]","[[508, 50, 60, 6785, 508, 32, 60, 15786, 5022, 508, 46, 60, 537, 1602, 3873]]"
the breakfast menu was not very tasty . [O] [A] [S],the lunch menu was not very bad . [O] [A] [S],[O] not very tasty [A] breakfast menu [S] negative,[O] not very bad [A] lunch menu [S] positive,"[[508, 46, 60, 537, 1602, 38853, 508, 32, 60, 17496, 5022, 508, 50, 60, 8225]]","[[508, 46, 60, 537, 1602, 3873, 508, 32, 60, 15786, 5022, 508, 50, 60, 6785]]"
the breakfast menu was not very tasty . [O] [S] [A],the lunch menu was not very bad . [O] [S] [A],[O] not very tasty [S] negative [A] breakfast menu,[O] not very bad [S] positive [A] lunch menu,"[[508, 46, 60, 537, 1602, 38853, 508, 50, 60, 8225, 508, 32, 60, 17496, 5022]]","[[508, 46, 60, 537, 1602, 3873, 508, 50, 60, 6785, 508, 32, 60, 15786, 5022]]"
the bathroom is too cramped . [A] [O] [S],the kitchen is roomy . [A] [O] [S],[A] bathroom [O] too cramped [S] negative,[A] kitchen [O] roomy [S] positive,"[[508, 32, 60, 14852, 508, 46, 60, 2238, 98732, 508, 50, 60, 8225]]","[[508, 32, 60, 9780, 508, 46, 60, 3054, 88, 508, 50, 60, 6785]]"
the bathroom is too cramped . [A] [S] [O],the kitchen is roomy . [A] [S] [O],[A] bathroom [S] negative [O] too cramped,[A] kitchen [S] positive [O] roomy,"[[508, 32, 60, 14852, 508, 50, 60, 8225, 508, 46, 60, 2238, 98732]]","[[508, 32, 60, 9780, 508, 50, 60, 6785, 508, 46, 60, 3054, 88]]"
the bathroom is too cramped . [S] [A] [O],the kitchen is roomy . [S] [A] [O],[S] negative [A] bathroom [O] too cramped,[S] positive [A] kitchen [O] roomy,"[[508, 50, 60, 8225, 508, 32, 60, 14852, 508, 46, 60, 2238, 98732]]","[[508, 50, 60, 6785, 508, 32, 60, 9780, 508, 46, 60, 3054, 88]]"
the bathroom is too cramped . [O] [A] [S],the kitchen is roomy . [O] [A] [S],[O] too cramped [A] bathroom [S] negative,[O] roomy [A] kitchen [S] positive,"[[508, 46, 60, 2238, 98732, 508, 32, 60, 14852, 508, 50, 60, 8225]]","[[508, 46, 60, 3054, 88, 508, 32, 60, 9780, 508, 50, 60, 6785]]"
the bathroom is too cramped . [O] [S] [A],the kitchen is roomy . [O] [S] [A],[O] too cramped [S] negative [A] bathroom,[O] roomy [S] positive [A] kitchen,"[[508, 46, 60, 2238, 98732, 508, 50, 60, 8225, 508, 32, 60, 14852]]","[[508, 46, 60, 3054, 88, 508, 50, 60, 6785, 508, 32, 60, 9780]]"
the parking area is spacious . [A] [O] [S],the eating area is cramped . [A] [O] [S],[A] parking area [O] spacious [S] positive,[A] eating area [O] cramped [S] negative,"[[508, 32, 60, 12921, 3082, 508, 46, 60, 32136, 508, 50, 60, 6785]]","[[508, 32, 60, 12182, 3082, 508, 46, 60, 98732, 508, 50, 60, 8225]]"
the parking area is spacious . [A] [S] [O],the eating area is cramped . [A] [S] [O],[A] parking area [S] positive [O] spacious,[A] eating area [S] negative [O] cramped,"[[508, 32, 60, 12921, 3082, 508, 50, 60, 6785, 508, 46, 60, 32136]]","[[508, 32, 60, 12182, 3082, 508, 50, 60, 8225, 508, 46, 60, 98732]]"
the parking area is spacious . [S] [A] [O],the eating area is cramped . [S] [A] [O],[S] positive [A] parking area [O] spacious,[S] negative [A] eating area [O] cramped,"[[508, 50, 60, 6785, 508, 32, 60, 12921, 3082, 508, 46, 60, 32136]]","[[508, 50, 60, 8225, 508, 32, 60, 12182, 3082, 508, 46, 60, 98732]]"
the parking area is spacious . [O] [A] [S],the eating area is cramped . [O] [A] [S],[O] spacious [A] parking area [S] positive,[O] cramped [A] eating area [S] negative,"[[508, 46, 60, 32136, 508, 32, 60, 12921, 3082, 508, 50, 60, 6785]]","[[508, 46, 60, 98732, 508, 32, 60, 12182, 3082, 508, 50, 60, 8225]]"
the parking area is spacious . [O] [S] [A],the eating area is cramped . [O] [S] [A],[O] spacious [S] positive [A] parking area,[O] cramped [S] negative [A] eating area,"[[508, 46, 60, 32136, 508, 50, 60, 6785, 508, 32, 60, 12921, 3082]]","[[508, 46, 60, 98732, 508, 50, 60, 8225, 508, 32, 60, 12182, 3082]]"
the breakfast menu is delicious . [A] [O] [S],the lunch menu is terrible . [A] [O] [S],[A] breakfast menu [O] delicious [S] positive,[A] lunch menu [O] terrible [S] negative,"[[508, 32, 60, 17496, 5022, 508, 46, 60, 17923, 508, 50, 60, 6785]]","[[508, 32, 60, 15786, 5022, 508, 46, 60, 17478, 508, 50, 60, 8225]]"
the breakfast menu is delicious . [A] [S] [O],the lunch menu is terrible . [A] [S] [O],[A] breakfast menu [S] positive [O] delicious,[A] lunch menu [S] negative [O] terrible,"[[508, 32, 60, 17496, 5022, 508, 50, 60, 6785, 508, 46, 60, 17923]]","[[508, 32, 60, 15786, 5022, 508, 50, 60, 8225, 508, 46, 60, 17478]]"
the breakfast menu is delicious . [S] [A] [O],the lunch menu is terrible . [S] [A] [O],[S] positive [A] breakfast menu [O] delicious,[S] negative [A] lunch menu [O] terrible,"[[508, 50, 60, 6785, 508, 32, 60, 17496, 5022, 508, 46, 60, 17923]]","[[508, 50, 60, 8225, 508, 32, 60, 15786, 5022, 508, 46, 60, 17478]]"
the breakfast menu is delicious . [O] [A] [S],the lunch menu is terrible . [O] [A] [S],[O] delicious [A] breakfast menu [S] positive,[O] terrible [A] lunch menu [S] negative,"[[508, 46, 60, 17923, 508, 32, 60, 17496, 5022, 508, 50, 60, 6785]]","[[508, 46, 60, 17478, 508, 32, 60, 15786, 5022, 508, 50, 60, 8225]]"
the breakfast menu is delicious . [O] [S] [A],the lunch menu is terrible . [O] [S] [A],[O] delicious [S] positive [A] breakfast menu,[O] terrible [S] negative [A] lunch menu,"[[508, 46, 60, 17923, 508, 50, 60, 6785, 508, 32, 60, 17496, 5022]]","[[508, 46, 60, 17478, 508, 50, 60, 8225, 508, 32, 60, 15786, 5022]]"
the ac in room number 10 is not cold . [A] [O] [S],the fridge in room number 10 is very cold . [A] [O] [S],[A] ac [O] not cold [S] negative,[A] fridge [O] very cold [S] positive,"[[508, 32, 60, 1613, 508, 46, 60, 537, 9255, 508, 50, 60, 8225]]","[[508, 32, 60, 37581, 508, 46, 60, 1602, 9255, 508, 50, 60, 6785]]"
the ac in room number 10 is not cold . [A] [S] [O],the fridge in room number 10 is very cold . [A] [S] [O],[A] ac [S] negative [O] not cold,[A] fridge [S] positive [O] very cold,"[[508, 32, 60, 1613, 508, 50, 60, 8225, 508, 46, 60, 537, 9255]]","[[508, 32, 60, 37581, 508, 50, 60, 6785, 508, 46, 60, 1602, 9255]]"
the ac in room number 10 is not cold . [S] [A] [O],the fridge in room number 10 is very cold . [S] [A] [O],[S] negative [A] ac [O] not cold,[S] positive [A] fridge [O] very cold,"[[508, 50, 60, 8225, 508, 32, 60, 1613, 508, 46, 60, 537, 9255]]","[[508, 50, 60, 6785, 508, 32, 60, 37581, 508, 46, 60, 1602, 9255]]"
the ac in room number 10 is not cold . [O] [A] [S],the fridge in room number 10 is very cold . [O] [A] [S],[O] not cold [A] ac [S] negative,[O] very cold [A] fridge [S] positive,"[[508, 46, 60, 537, 9255, 508, 32, 60, 1613, 508, 50, 60, 8225]]","[[508, 46, 60, 1602, 9255, 508, 32, 60, 37581, 508, 50, 60, 6785]]"
the ac in room number 10 is not cold . [O] [S] [A],the fridge in room number 10 is very cold . [O] [S] [A],[O] not cold [S] negative [A] ac,[O] very cold [S] positive [A] fridge,"[[508, 46, 60, 537, 9255, 508, 50, 60, 8225, 508, 32, 60, 1613]]","[[508, 46, 60, 1602, 9255, 508, 50, 60, 6785, 508, 32, 60, 37581]]"
the hot water is unstable . [A] [O] [S],the cool breeze is stable . [A] [O] [S],[A] hot water [O] unstable [S] negative,[A] cool breeze [O] stable [S] positive,"[[508, 32, 60, 4017, 3015, 508, 46, 60, 44211, 508, 50, 60, 8225]]","[[508, 32, 60, 7010, 45285, 508, 46, 60, 15175, 508, 50, 60, 6785]]"
the hot water is unstable . [A] [S] [O],the cool breeze is stable . [A] [S] [O],[A] hot water [S] negative [O] unstable,[A] cool breeze [S] positive [O] stable,"[[508, 32, 60, 4017, 3015, 508, 50, 60, 8225, 508, 46, 60, 44211]]","[[508, 32, 60, 7010, 45285, 508, 50, 60, 6785, 508, 46, 60, 15175]]"
the hot water is unstable . [S] [A] [O],the cool breeze is stable . [S] [A] [O],[S] negative [A] hot water [O] unstable,[S] positive [A] cool breeze [O] stable,"[[508, 50, 60, 8225, 508, 32, 60, 4017, 3015, 508, 46, 60, 44211]]","[[508, 50, 60, 6785, 508, 32, 60, 7010, 45285, 508, 46, 60, 15175]]"
the hot water is unstable . [O] [A] [S],the cool breeze is stable . [O] [A] [S],[O] unstable [A] hot water [S] negative,[O] stable [A] cool breeze [S] positive,"[[508, 46, 60, 44211, 508, 32, 60, 4017, 3015, 508, 50, 60, 8225]]","[[508, 46, 60, 15175, 508, 32, 60, 7010, 45285, 508, 50, 60, 6785]]"
the hot water is unstable . [O] [S] [A],the cool breeze is stable . [O] [S] [A],[O] unstable [S] negative [A] hot water,[O] stable [S] positive [A] cool breeze,"[[508, 46, 60, 44211, 508, 50, 60, 8225, 508, 32, 60, 4017, 3015]]","[[508, 46, 60, 15175, 508, 50, 60, 6785, 508, 32, 60, 7010, 45285]]"
the place is in the city center and very quiet . [A] [O] [S],the office is in the city center and so noisy . [A] [O] [S],[A] place [O] very quiet [S] positive,[A] office [O] so noisy [S] negative,"[[508, 32, 60, 1992, 508, 46, 60, 1602, 11340, 508, 50, 60, 6785]]","[[508, 32, 60, 5163, 508, 46, 60, 773, 49280, 508, 50, 60, 8225]]"
the place is in the city center and very quiet . [A] [S] [O],the office is in the city center and so noisy . [A] [S] [O],[A] place [S] positive [O] very quiet,[A] office [S] negative [O] so noisy,"[[508, 32, 60, 1992, 508, 50, 60, 6785, 508, 46, 60, 1602, 11340]]","[[508, 32, 60, 5163, 508, 50, 60, 8225, 508, 46, 60, 773, 49280]]"
the place is in the city center and very quiet . [S] [A] [O],the office is in the city center and so noisy . [S] [A] [O],[S] positive [A] place [O] very quiet,[S] negative [A] office [O] so noisy,"[[508, 50, 60, 6785, 508, 32, 60, 1992, 508, 46, 60, 1602, 11340]]","[[508, 50, 60, 8225, 508, 32, 60, 5163, 508, 46, 60, 773, 49280]]"
the place is in the city center and very quiet . [O] [A] [S],the office is in the city center and so noisy . [O] [A] [S],[O] very quiet [A] place [S] positive,[O] so noisy [A] office [S] negative,"[[508, 46, 60, 1602, 11340, 508, 32, 60, 1992, 508, 50, 60, 6785]]","[[508, 46, 60, 773, 49280, 508, 32, 60, 5163, 508, 50, 60, 8225]]"
the place is in the city center and very quiet . [O] [S] [A],the office is in the city center and so noisy . [O] [S] [A],[O] very quiet [S] positive [A] place,[O] so noisy [S] negative [A] office,"[[508, 46, 60, 1602, 11340, 508, 50, 60, 6785, 508, 32, 60, 1992]]","[[508, 46, 60, 773, 49280, 508, 50, 60, 8225, 508, 32, 60, 5163]]"
there is no tissue . [A] [O] [S],there are many snacks . [A] [O] [S],[A] tissue [O] no [S] negative,[A] snacks [O] many [S] positive,"[[508, 32, 60, 19847, 508, 46, 60, 902, 508, 50, 60, 8225]]","[[508, 32, 60, 42302, 508, 46, 60, 1657, 508, 50, 60, 6785]]"
there is no tissue . [A] [S] [O],there are many snacks . [A] [S] [O],[A] tissue [S] negative [O] no,[A] snacks [S] positive [O] many,"[[508, 32, 60, 19847, 508, 50, 60, 8225, 508, 46, 60, 902]]","[[508, 32, 60, 42302, 508, 50, 60, 6785, 508, 46, 60, 1657]]"
there is no tissue . [S] [A] [O],there are many snacks . [S] [A] [O],[S] negative [A] tissue [O] no,[S] positive [A] snacks [O] many,"[[508, 50, 60, 8225, 508, 32, 60, 19847, 508, 46, 60, 902]]","[[508, 50, 60, 6785, 508, 32, 60, 42302, 508, 46, 60, 1657]]"
there is no tissue . [O] [A] [S],there are many snacks . [O] [A] [S],[O] no [A] tissue [S] negative,[O] many [A] snacks [S] positive,"[[508, 46, 60, 902, 508, 32, 60, 19847, 508, 50, 60, 8225]]","[[508, 46, 60, 1657, 508, 32, 60, 42302, 508, 50, 60, 6785]]"
there is no tissue . [O] [S] [A],there are many snacks . [O] [S] [A],[O] no [S] negative [A] tissue,[O] many [S] positive [A] snacks,"[[508, 46, 60, 902, 508, 50, 60, 8225, 508, 32, 60, 19847]]","[[508, 46, 60, 1657, 508, 50, 60, 6785, 508, 32, 60, 42302]]"
the breakfast was not tasty . [A] [O] [S],the dinner was very tasty . [A] [O] [S],[A] breakfast [O] not tasty [S] negative,[A] dinner [O] very tasty [S] positive,"[[508, 32, 60, 17496, 508, 46, 60, 537, 38853, 508, 50, 60, 8225]]","[[508, 32, 60, 13856, 508, 46, 60, 1602, 38853, 508, 50, 60, 6785]]"
the breakfast was not tasty . [A] [S] [O],the dinner was very tasty . [A] [S] [O],[A] breakfast [S] negative [O] not tasty,[A] dinner [S] positive [O] very tasty,"[[508, 32, 60, 17496, 508, 50, 60, 8225, 508, 46, 60, 537, 38853]]","[[508, 32, 60, 13856, 508, 50, 60, 6785, 508, 46, 60, 1602, 38853]]"
the breakfast was not tasty . [S] [A] [O],the dinner was very tasty . [S] [A] [O],[S] negative [A] breakfast [O] not tasty,[S] positive [A] dinner [O] very tasty,"[[508, 50, 60, 8225, 508, 32, 60, 17496, 508, 46, 60, 537, 38853]]","[[508, 50, 60, 6785, 508, 32, 60, 13856, 508, 46, 60, 1602, 38853]]"
the breakfast was not tasty . [O] [A] [S],the dinner was very tasty . [O] [A] [S],[O] not tasty [A] breakfast [S] negative,[O] very tasty [A] dinner [S] positive,"[[508, 46, 60, 537, 38853, 508, 32, 60, 17496, 508, 50, 60, 8225]]","[[508, 46, 60, 1602, 38853, 508, 32, 60, 13856, 508, 50, 60, 6785]]"
the breakfast was not tasty . [O] [S] [A],the dinner was very tasty . [O] [S] [A],[O] not tasty [S] negative [A] breakfast,[O] very tasty [S] positive [A] dinner,"[[508, 46, 60, 537, 38853, 508, 50, 60, 8225, 508, 32, 60, 17496]]","[[508, 46, 60, 1602, 38853, 508, 50, 60, 6785, 508, 32, 60, 13856]]"
the ac is hot . [A] [O] [S],the fridge is cold . [A] [O] [S],[A] ac [O] hot [S] negative,[A] fridge [O] cold [S] positive,"[[508, 32, 60, 1613, 508, 46, 60, 4017, 508, 50, 60, 8225]]","[[508, 32, 60, 37581, 508, 46, 60, 9255, 508, 50, 60, 6785]]"
the ac is hot . [A] [S] [O],the fridge is cold . [A] [S] [O],[A] ac [S] negative [O] hot,[A] fridge [S] positive [O] cold,"[[508, 32, 60, 1613, 508, 50, 60, 8225, 508, 46, 60, 4017]]","[[508, 32, 60, 37581, 508, 50, 60, 6785, 508, 46, 60, 9255]]"
the ac is hot . [S] [A] [O],the fridge is cold . [S] [A] [O],[S] negative [A] ac [O] hot,[S] positive [A] fridge [O] cold,"[[508, 50, 60, 8225, 508, 32, 60, 1613, 508, 46, 60, 4017]]","[[508, 50, 60, 6785, 508, 32, 60, 37581, 508, 46, 60, 9255]]"
the ac is hot . [O] [A] [S],the fridge is cold . [O] [A] [S],[O] hot [A] ac [S] negative,[O] cold [A] fridge [S] positive,"[[508, 46, 60, 4017, 508, 32, 60, 1613, 508, 50, 60, 8225]]","[[508, 46, 60, 9255, 508, 32, 60, 37581, 508, 50, 60, 6785]]"
the ac is hot . [O] [S] [A],the fridge is cold . [O] [S] [A],[O] hot [S] negative [A] ac,[O] cold [S] positive [A] fridge,"[[508, 46, 60, 4017, 508, 50, 60, 8225, 508, 32, 60, 1613]]","[[508, 46, 60, 9255, 508, 50, 60, 6785, 508, 32, 60, 37581]]"
"the receptionist was very unfriendly . check-in time was supposed to be at 2 pm , but they said we could only check in at 3 pm . [A] [O] [S]","the house keeper was very amicable . check-in time was supposed to be at 2 pm , but they said we could do check in at 1 pm . [A] [O] [S]",[A] receptionist [O] very unfriendly [S] negative,[A] house keeper [O] very amicable [S] positive,"[[508, 32, 60, 23117, 380, 508, 46, 60, 1602, 9474, 17784, 508, 50, 60, 8225]]","[[508, 32, 60, 3753, 53416, 508, 46, 60, 1602, 1079, 74338, 508, 50, 60, 6785]]"
"the receptionist was very unfriendly . check-in time was supposed to be at 2 pm , but they said we could only check in at 3 pm . [A] [S] [O]","the house keeper was very amicable . check-in time was supposed to be at 2 pm , but they said we could do check in at 1 pm . [A] [S] [O]",[A] receptionist [S] negative [O] very unfriendly,[A] house keeper [S] positive [O] very amicable,"[[508, 32, 60, 23117, 380, 508, 50, 60, 8225, 508, 46, 60, 1602, 9474, 17784]]","[[508, 32, 60, 3753, 53416, 508, 50, 60, 6785, 508, 46, 60, 1602, 1079, 74338]]"
"the receptionist was very unfriendly . check-in time was supposed to be at 2 pm , but they said we could only check in at 3 pm . [S] [A] [O]","the house keeper was very amicable . check-in time was supposed to be at 2 pm , but they said we could do check in at 1 pm . [S] [A] [O]",[S] negative [A] receptionist [O] very unfriendly,[S] positive [A] house keeper [O] very amicable,"[[508, 50, 60, 8225, 508, 32, 60, 23117, 380, 508, 46, 60, 1602, 9474, 17784]]","[[508, 50, 60, 6785, 508, 32, 60, 3753, 53416, 508, 46, 60, 1602, 1079, 74338]]"
"the receptionist was very unfriendly . check-in time was supposed to be at 2 pm , but they said we could only check in at 3 pm . [O] [A] [S]","the house keeper was very amicable . check-in time was supposed to be at 2 pm , but they said we could do check in at 1 pm . [O] [A] [S]",[O] very unfriendly [A] receptionist [S] negative,[O] very amicable [A] house keeper [S] positive,"[[508, 46, 60, 1602, 9474, 17784, 508, 32, 60, 23117, 380, 508, 50, 60, 8225]]","[[508, 46, 60, 1602, 1079, 74338, 508, 32, 60, 3753, 53416, 508, 50, 60, 6785]]"
"the receptionist was very unfriendly . check-in time was supposed to be at 2 pm , but they said we could only check in at 3 pm . [O] [S] [A]","the house keeper was very amicable . check-in time was supposed to be at 2 pm , but they said we could do check in at 1 pm . [O] [S] [A]",[O] very unfriendly [S] negative [A] receptionist,[O] very amicable [S] positive [A] house keeper,"[[508, 46, 60, 1602, 9474, 17784, 508, 50, 60, 8225, 508, 32, 60, 23117, 380]]","[[508, 46, 60, 1602, 1079, 74338, 508, 50, 60, 6785, 508, 32, 60, 3753, 53416]]"
the wifi is not fast enough . [A] [O] [S],the life is not slow enough. [A] [O] [S],[A] wifi [O] not fast enough [S] negative,[A] life [O] not slow enough [S] positive,"[[508, 32, 60, 33417, 508, 46, 60, 537, 4937, 3322, 508, 50, 60, 8225]]","[[508, 32, 60, 2272, 508, 46, 60, 537, 6301, 3322, 508, 50, 60, 6785]]"
the wifi is not fast enough . [A] [S] [O],the life is not slow enough. [A] [S] [O],[A] wifi [S] negative [O] not fast enough,[A] life [S] positive [O] not slow enough,"[[508, 32, 60, 33417, 508, 50, 60, 8225, 508, 46, 60, 537, 4937, 3322]]","[[508, 32, 60, 2272, 508, 50, 60, 6785, 508, 46, 60, 537, 6301, 3322]]"
the wifi is not fast enough . [S] [A] [O],the life is not slow enough. [S] [A] [O],[S] negative [A] wifi [O] not fast enough,[S] positive [A] life [O] not slow enough,"[[508, 50, 60, 8225, 508, 32, 60, 33417, 508, 46, 60, 537, 4937, 3322]]","[[508, 50, 60, 6785, 508, 32, 60, 2272, 508, 46, 60, 537, 6301, 3322]]"
the wifi is not fast enough . [O] [A] [S],the life is not slow enough. [O] [A] [S],[O] not fast enough [A] wifi [S] negative,[O] not slow enough [A] life [S] positive,"[[508, 46, 60, 537, 4937, 3322, 508, 32, 60, 33417, 508, 50, 60, 8225]]","[[508, 46, 60, 537, 6301, 3322, 508, 32, 60, 2272, 508, 50, 60, 6785]]"
the wifi is not fast enough . [O] [S] [A],the life is not slow enough. [O] [S] [A],[O] not fast enough [S] negative [A] wifi,[O] not slow enough [S] positive [A] life,"[[508, 46, 60, 537, 4937, 3322, 508, 50, 60, 8225, 508, 32, 60, 33417]]","[[508, 46, 60, 537, 6301, 3322, 508, 50, 60, 6785, 508, 32, 60, 2272]]"
